W
256
119
-372
-167
-40
4
4
151
-36
-29
-26
-74
-138
-76
20
-37
28
-45
43
26
-20
20
26
9
14
20
18
-117
-183
-162
-162
-158
-144
-158
-154
-178
-129
-174
-136
-213
-163
-191
-166
-164
-119
-181
-188
-144
-145
-151
-155
-117
-52
-223
-170
-205
-153
-98
-209
-240
-1857
61
-2
1
14
-104
3
48
32
-223
-140
-447
7
-57
-16
115
11
-1
79
1
-32
-7
-11
11
-27
684
1057
897
729
373
653
610
920
784
732
599
898
751
1931
1401
1788
673
2030
1068
-2030
-2029
-1932
822
1879
1951
-1843
-1795
-2028
423
834
1300
974
684
-26
35
-106
1641
35
37
-48
-28
-17
4
170
-89
-103
-160
-278
-50
-213
-5
219
1
-288
53
509
236
4
-22
107
63
-120
-51
-341
-245
-162
-105
-133
-72
-104
2
-137
96
-133
-348
-161
-81
-10
36
432
-144
-21
-97
57
-34
65
21
477
-124
105
70
105
-107
246
-975
-213
3
-63
71
33
6
1139
-34
332
-135
-484
392
14
188
446
491
-54
213
687
257
20
-6
248
157
-453
-1672
-1236
-1508
-1281
-1407
-1278
-1844
-1571
-1650
-1031
-1293
-1661
-1816
-1227
-1692
-1317
-1702
-1134
-1864
-1499
-1777
-1110
-1569
-1301
1348
698
2030
2031
2031
931
1657
980
119
112
-614
-294
172
-10
69
-27
-304
-219
40
44
-91
-79
-138
103
14
79
123
70
88
-9
64
134
-5
3
38
-6
321
135
183
301
228
165
148
181
133
117
201
61
148
237
289
187
115
58
57
138
262
112
154
85
113
-127
317
54
244
60
7
64
302
-2032
-130
-113
-166
-61
146
232
-684
62
128
-36
265
41
52
44
-61
44
18
-82
103
88
74
58
-134
51
-994
-810
-18
-601
-1231
-923
-86
-802
-1261
2022
2031
1809
-1480
-1372
-901
-1070
-909
1328
-1523
-1580
-961
-1246
-979
1563
2032
1332
-1261
-2029
-1587
-1634
-886
1778
2032
23
23
-159
-173
-58
-38
-138
-49
40
-20
-245
70
-13
-75
492
260
192
213
147
130
226
200
42
120
29
46
-11
10
-54
-97
-112
-26
-143
-108
-133
-95
-170
-201
-107
-190
-123
-4
-106
-123
-159
-97
-175
-115
-103
-128
-141
-137
-201
-96
-29
-80
-115
-92
-90
-126
-108
378
127
-13
123
-43
-60
65
-755
52
-138
38
176
232
263
150
243
317
310
134
214
159
-33
-8
-42
-79
497
1148
863
1240
1063
1336
1083
1332
985
1560
880
1203
1104
1645
1109
1677
1130
-2032
-340
-1988
-729
-1882
-194
-2020
-1103
1780
656
1989
1219
1469
695
1627
1296
68
-46
2
43
53
-41
-29
-65
-15
88
-91
94
79
-34
-72
3
-62
49
17
18
30
10
-43
9
78
-80
-12
-3
82
91
-45
90
10
40
31
75
10
48
43
-30
-92
92
-27
13
-84
82
47
58
-64
-44
54
10
36
25
47
-85
89
-9
45
54
-82
88
-19
-35
85
-69
-82
37
-20
54
-3
-84
75
-35
-85
7
-23
-33
72
1
71
67
-88
-49
19
87
16
4
-87
91
-75
-49
23
4
-77
0
24
-23
13
-82
-26
-83
-16
23
42
42
9
-86
41
-92
-92
19
35
-90
51
-85
-46
-57
13
-7
-21
-1
-52
3
-46
-97
74
1
-99
-4
-78
6
-18
-25
-19
87
-78
-82
82
-50
49
9
60
56
48
40
-9
-5
12
-86
20
80
98
4
-9
98
81
8
-82
-104
94
105
-59
-10
5
-46
-98
-92
2
-92
-81
22
74
-65
-58
78
-96
-49
52
-73
13
44
11
-35
20
-76
14
-20
-4
-97
-13
57
-59
-24
-54
-77
62
-90
81
-100
-39
-77
32
30
-72
5
42
45
-13
48
-11
-17
31
-50
-26
15
48
9
40
40
-18
-71
-28
21
30
-56
-76
-19
63
37
-70
51
13
-26
91
34
-11
-38
-19
6
55
2031
3
-1009
-1692
-863
-2
-324
-304
-57
-216
-221
1653
-108
-110
-116
-117
-116
-113
-110
-110
-112
117
1126
6
4
721
752
775
716
879
405
694
587
327
722
449
737
616
558
618
661
520
490
610
624
491
661
304
646
509
268
835
287
508
774
548
529
440
1901
-133
255
-745
-636
181
211
-673
-45
-195
-203
1116
-151
-160
-159
-159
-162
-158
-158
-161
-166
23
-42
9
1
-303
-308
-314
-335
-289
-295
-413
-321
-239
-272
-278
-289
-301
-313
-329
-327
-312
-303
-256
-327
-364
-326
-290
-308
-325
-328
-234
-340
-317
-321
-354
-307
-361
10
1475
2011
2029
-520
-21
1968
-2028
109
1132
-1361
-9
168
-166
-507
-289
-498
-317
-457
-516
-31
-83
41
-206
-685
-571
-501
163
-67
195
-37
405
45
-338
163
83
300
490
-76
63
-206
299
-91
-20
165
285
-32
-11
96
476
-209
27
59
-337
61
-8
257
135
212
314
-157
1115
20
-408
1498
137
-654
-1474
-595
-7
230
-113
2014
-635
36
-374
87
-418
-269
-42
-169
-276
241
356
435
165
537
-107
-585
-370
23
-240
-679
-521
-284
-540
-321
-211
-98
-90
-241
-31
-190
-89
-403
-229
-318
-520
-403
-209
-393
-581
-227
-479
-303
-190
-404
-514
-406
266
28
1573
-90
3
-88
44
-72
61
19
43
23
54
12
-67
44
-25
12
74
47
-56
52
68
31
-75
-26
8
61
-53
50
-41
-77
60
-78
-55
-51
-12
-3
78
32
77
36
-45
81
-75
30
22
-2
-92
-83
-26
-65
-67
1
31
-85
-78
26
-54
5
-14
-6
84
-72
71
-90
13
8
10
68
-80
70
26
24
-26
66
-77
60
8
73
-71
1
-80
39
89
19
-66
-43
-56
19
-6
-75
69
-75
0
-57
38
56
82
50
-91
63
-74
83
-66
-75
15
63
6
-50
-5
8
87
-80
-28
-70
-85
41
-40
58
-78
13
84
82
18
63
-47
-81
90
17
-11
48
39
68
-56
-6
81
-68
-16
-18
-22
-52
-84
-73
-27
55
22
83
-12
-12
-35
20
-58
-13
28
15
46
53
43
9
-82
-1
14
41
-70
-61
-1
66
-21
84
27
5
-58
32
-17
80
43
-26
-46
-73
65
77
-47
-5
-27
6
-24
5
22
-84
47
80
11
-22
91
-43
-20
31
-52
-31
54
-19
45
83
33
-82
60
-28
60
85
32
18
24
54
-46
50
-89
-79
-4
18
-12
8
-57
91
26
20
-68
-28
-73
34
-57
93
-31
-20
-86
-85
38
-72
-87
-91
2
1362
151
165
-441
1913
589
-707
-166
-28
17
163
-573
251
29
24
147
-81
14
74
-44
-16
-72
-140
24
-44
-1122
-139
-2
-149
-27
-170
-191
-301
-13
-107
-104
-197
-66
-161
-204
-201
-38
-119
-292
-173
-90
-164
-162
-168
-139
-218
-256
-185
78
-246
38
-102
13
1886
5
-29
2032
-137
-442
-1468
-145
-89
145
289
-234
-254
100
11
-90
94
81
-1
5
137
34
49
-222
-36
352
879
860
908
871
720
916
825
805
925
893
858
663
769
756
864
875
771
823
941
902
968
905
842
649
782
891
748
641
879
765
809
762
-108
-578
-1860
2031
-207
-63
-33
-13
-54
-102
-167
-80
-400
1034
578
-1036
1364
-1358
-1502
-1007
-1155
-1346
-1309
-970
26
42
-1291
-644
107
1086
2032
1332
2032
2032
2032
2032
1930
433
369
425
416
570
178
286
201
351
374
353
295
177
293
332
224
338
350
293
285
324
306
272
210
842
-67
13
-11
-38
82
62
-259
-22
764
315
-15
1269
-36
917
1160
1067
728
1128
1184
988
8
3
239
185
-118
-486
-364
-499
-511
-375
-886
-460
-422
-299
-290
-381
-471
-465
-555
-382
-391
-347
-264
-332
-288
-338
-290
-395
-309
-296
-284
-273
-262
-354
-271
-279
-232
-510
126
-163
877
181
-441
-2030
375
-1117
-1348
373
40
1758
1698
-2030
2024
2020
1970
1950
1949
1988
1991
1972
2032
-360
-187
83
6
1356
509
594
514
581
568
425
487
584
573
499
545
555
427
475
594
456
555
671
558
366
440
321
554
559
687
244
565
459
639
429
455
505
-1999
58
-29
61
734
472
907
-2031
30
1306
1211
1976
2032
1985
1986
1952
2028
2012
1993
1992
2027
494
754
-60
23
493
743
827
635
890
748
827
710
936
842
909
777
891
690
810
717
840
609
833
686
831
749
890
732
858
735
814
703
891
744
838
641
832
16
-9
2032
-1315
89
-146
5
26
-46
-37
10
43
-67
16
-412
91
74
136
103
139
94
142
89
102
40
63
61
-22
811
666
701
972
1033
1119
866
754
729
442
641
741
932
859
801
543
552
-1354
-1600
-1154
1168
1997
1622
1833
847
1566
1611
1651
1303
-2026
-2032
-1729
1366
76
-106
12
-4
-8
173
23
-68
-45
9
8
18
194
229
181
222
128
201
149
189
220
2
2
-15
2
-149
-99
-75
-119
-66
-96
-106
-109
-56
-98
-114
-97
-79
-149
-98
-86
-81
-98
-72
-97
-49
-107
-81
-49
-81
-104
-74
-74
-77
-43
-89
-31
-62
3
-3
-32
-2029
-1147
-853
628
985
1790
-2030
-1202
-59
33
122
-2031
364
417
366
396
372
347
321
307
343
302
300
-162
-37
56
2029
1503
2031
1809
1995
1073
1864
1565
2030
1547
2032
1756
1907
1279
1737
1522
1984
1418
1971
1624
1983
1541
2031
1503
2018
1293
1971
1561
1942
1404
2031
1705
-1194
-1131
809
492
-647
1162
924
245
-9
214
147
-1191
258
576
499
510
466
505
529
480
514
-405
-628
-4
11
-1256
-1045
-1074
-1016
-1003
-1066
-1003
-1120
-1030
-1042
-1165
-1047
-1153
-1026
-1038
-1064
-1196
-1083
-1067
-1023
-1157
-1021
-1082
-1068
-1080
-1092
-1130
-1069
-1201
-1115
-1089
-1036
-1084
-180
78
-796
1099
-632
24
177
-892
621
231
476
-64
572
57
-1044
880
-46
270
627
583
-6
-793
-261
-258
155
44
190
134
-1026
-1633
-870
-1086
-1457
-1960
-455
-1485
-2032
-1774
-1197
-1805
-1919
-1616
-1328
-1465
-1566
-1921
-1260
-1411
-1228
-1513
-1084
-1660
-1792
-1605
-910
-1927
-1602
-1500
-1446
-1493
-1138
-1179
-137
238
-1220
-474
207
294
-1972
59
126
285
-1334
-428
606
16
575
753
280
102
99
173
-31
-218
13
28
-713
117
-583
337
-264
-168
-585
236
-60
-230
-552
164
-554
43
-638
131
-525
-273
-450
129
-432
-87
-489
137
-426
-211
-1052
-229
-900
-383
-1347
-571
-978
556
619
-2032
1848
-12
17
9
-82
173
67
159
44
-173
-276
-767
56
-6
17
19
28
490
205
-234
286
-6
-16
-32
22
-45
-350
-258
-68
-542
-573
-565
-27
65
-178
-206
201
-62
-133
-82
-73
-360
253
-116
196
191
347
-79
29
55
566
174
401
96
999
26
128
276
2031
0
-55
53
15
-70
123
-871
62
126
-9
-549
160
-1759
-2031
1288
2030
-1775
107
1459
167
15
33
60
16
-203
-1068
-887
-548
-895
-349
-101
-656
-1855
-620
-1209
513
1756
1634
1535
666
-953
-1427
-1272
-1070
590
423
758
-751
-1369
-601
-418
-981
44
-452
-44
-1030
-394
17
-87
-168
-2032
-219
-107
-582
-445
84
7
-236
-28
338
21
415
107
-252
-118
-257
92
-125
-80
-10
52
47
58
148
126
-562
-870
-958
-972
-987
-845
-1244
-1069
-910
-846
-977
-895
-1125
-1079
-1027
-897
-958
-902
-880
-892
-1005
-997
-907
-885
-987
-875
-1059
-913
-1115
-933
-1023
-904
-966
1068
-34
374
-666
1715
51
-122
914
76
192
165
-1959
-32
56
18
276
-42
24
39
122
70
142
8
-17
-45
-93
171
-41
172
-29
257
60
178
-65
141
103
245
5
83
160
287
51
108
5
231
13
16
24
282
122
336
-157
284
112
462
-20
272
160
-159
167
2032
704
196
29
289
-751
-212
68
665
85
565
-352
1156
-233
1904
2029
199
-2032
1054
150
-1412
-1029
16
11
365
196
-14
1504
1482
1895
1035
623
789
1727
2030
1146
1093
-746
-1871
-1742
-1572
-394
1736
530
234
217
-737
-1063
-490
257
716
26
8
369
405
545
991
1279
943
2030
110
-26
-936
779
172
-121
-2028
4
-148
-119
1556
102
658
756
-288
-599
-71
-440
37
-159
-1
10
87
72
401
680
505
439
229
496
205
395
-43
388
129
381
201
410
295
346
-75
425
73
139
9
153
31
101
554
232
120
361
150
427
-143
295
-211
364
344
2030
2030
975
-1229
134
-973
2012
-2031
-885
-45
63
51
383
-339
-324
-326
-319
-317
-337
-345
-310
-316
517
452
-14
-1
-431
600
709
643
442
813
565
581
451
729
619
884
779
906
534
710
267
920
656
607
516
815
582
788
812
954
746
560
522
791
783
1025
562
1835
135
-1534
-305
577
-164
1796
-89
29
0
-2
236
-331
-270
-295
-272
-265
-300
-300
-291
-291
717
921
-12
6
-73
42
180
72
59
200
138
134
111
96
257
130
230
110
218
95
190
67
120
112
108
100
191
82
45
102
276
108
196
101
192
67
74
-38
-1350
2030
-64
58
-75
-91
19
4
-88
-90
-94
-77
54
11
48
-18
-20
-37
-69
-39
4
1
-18
1
60
37
-53
-86
-50
15
72
-61
40
-30
-26
-3
-81
77
-35
40
25
-18
-91
-10
-88
-44
-80
-56
15
65
43
17
-37
-61
-6
64
13
-27
86
-4
-43
5
-32
-9
-52
32
-93
0
-18
-88
59
-45
-90
33
41
38
-32
84
0
-81
84
-59
34
-55
25
45
-2
27
-90
-37
16
-13
-58
8
-45
8
44
-29
-9
87
76
50
-44
-38
86
-23
39
43
-90
-70
-65
11
-54
-79
-30
-89
76
10
12
-5
-90
-2029
295
-93
-614
-539
-202
233
-2032
-93
1218
-521
822
343
-1124
-527
842
328
-643
-115
-235
147
3
30
329
220
-224
-763
566
-1472
-448
-885
-250
-1935
-1806
240
855
113
-192
-672
593
-689
-6
249
751
790
198
319
158
340
852
-18
552
453
611
289
114
751
703
-1673
-142
0
-246
-470
562
-421
-507
38
-1346
837
-1043
2030
-2030
-858
2002
551
-1967
1657
1405
-1949
83
60
-742
-105
782
758
932
1303
1001
-253
165
338
1200
1654
1194
1125
791
-1083
-645
90
966
640
1033
498
553
-70
-334
-380
117
239
1529
571
99
-172
261
259
480
-42
504
1144
-123
161
36
0
-4
-256
-120
-18
74
72
39
86
42
31
38
-46
93
101
51
64
28
-16
-20
-23
8
135
-14
2
65
13
4
89
85
28
-1
-30
-9
71
55
89
57
-42
7
71
-48
32
111
108
-20
17
55
-3
-59
-53
-89
108
-136
-34
-1921
-214
-30
-40
-14
211
95
-413
83
6
-106
-354
21
66
10
45
18
50
0
65
21
22
2
18
39
-518
-187
-231
-699
-678
-1099
-822
-765
-95
-437
-764
-548
-132
258
-204
226
-104
1904
-321
-1127
-1404
-1572
-851
1462
1705
2032
2032
2032
-788
-497
-616
-718
-977
17
34
-210
-2032
-42
-371
348
-472
-47
51
545
-15
-111
-219
-1647
29
-15
-322
-104
-507
-278
-125
-205
-90
42
83
-47
16
531
87
-233
-51
278
185
299
206
36
-46
13
-4
273
115
482
160
358
158
231
154
317
55
47
46
125
319
213
209
28
216
-170
-24
255
1302
62
-2031
-316
-444
-5
298
-1234
-68
-93
68
2032
203
89
-346
-175
-123
-56
-96
-167
-3
962
747
-175
-160
1953
1609
1301
1661
1124
1844
1520
1981
1452
1666
1430
1534
1486
1438
1537
1304
1352
1273
1399
1181
1033
1308
1089
1419
1218
1750
1109
1767
1539
1823
1320
1619
1340
-37
-135
2027
-2032
-94
-1182
1753
-2024
-11
-1389
-1039
61
-525
411
-1052
339
59
-262
136
-11
219
388
350
360
75
195
-572
-451
1455
-138
529
-304
445
441
108
159
-86
-776
862
221
94
147
235
194
619
250
-61
89
344
-987
464
-101
-142
369
347
165
13
-27
974
-371
340
-2032
-193
-215
-1343
-42
826
1135
1593
8
38
288
2029
1385
-1332
146
-1210
100
-170
83
50
29
705
710
-991
-150
-353
670
1662
834
1267
1515
2029
1336
896
877
1166
443
1472
767
1819
874
1467
880
1917
919
1666
777
1254
413
2008
1294
1978
1266
891
259
1809
991
1661
-679
-860
-454
-18
15
-61
75
-19
36
70
8
36
46
-65
-26
8
-18
82
-30
-31
-19
-21
28
-10
-89
-84
2
81
-10
76
-43
-51
68
-24
83
59
-58
22
3
-85
83
-27
79
51
59
43
29
-54
75
35
4
67
50
47
59
-33
31
6
-65
63
-11
-32
41
65
-29
5
-41
-57
60
30
-47
6
18
21
-64
-14
91
-75
12
-65
-91
-62
47
-18
-79
60
-39
-19
54
-75
22
28
-60
-49
46
-40
44
-90
-27
25
-37
-39
-94
0
-88
3
55
36
-60
4
-40
-90
-46
-5
27
-82
-65
-17
69
-88
-64
-51
52
-14
39
-63
79
12
-21
-1
29
-70
-72
-29
42
92
90
9
68
21
35
-31
83
43
-45
-31
28
71
-40
73
88
-63
-21
79
-35
56
42
-45
-74
-12
-51
0
-8
91
-38
76
61
10
2
-71
9
88
57
53
-81
87
-13
-24
-57
-8
-38
-70
-20
-66
93
-23
6
-78
17
29
66
-9
57
19
-32
39
14
14
59
26
-44
46
61
-52
-72
-62
-11
18
46
51
83
-40
29
-9
21
-6
38
26
-26
-27
-69
62
3
-35
51
65
-90
50
-74
-39
46
-72
61
-70
72
29
43
46
87
-56
7
162
-55
-36
-167
-230
-254
4
-1620
-10
172
165
914
-128
-1974
-651
2021
-896
-1865
-100
393
-1566
64
70
-59
-18
-461
-1083
-1633
-1619
-998
-715
-132
-630
-909
-1443
-1121
-387
291
16
496
-246
-1021
-745
-759
-1083
-203
-4
754
-122
-364
266
60
-256
267
501
1768
841
361
2029
60
12
-247
316
90
70
817
62
397
-71
-138
-108
-584
-86
-87
-458
229
465
255
381
-45
-46
202
314
-104
299
-48
60
-412
-390
-72
-67
100
-24
-333
232
-295
-257
-294
80
-351
176
-28
100
114
-39
18
130
281
298
-154
286
609
611
39
132
-24
35
398
2032
-1168
-30
-31
155
-1010
-555
1879
-642
-49
80
61
602
104
143
57
28
9
44
-65
91
171
246
165
37
-29
424
558
340
888
688
641
651
1059
264
657
484
497
138
316
304
749
443
485
713
733
360
112
500
447
474
914
699
517
-56
486
121
508
632
1229
248
-830
734
1185
300
973
550
-23
116
-39
-1582
-2
26
-59
144
-23
61
108
118
101
-1018
-1780
-170
36
1711
-1008
-1825
-133
-1980
-482
-814
1121
-1261
-693
-221
-1000
-1534
-2032
-1385
-1925
-1273
-1200
-1666
-2031
-2028
-2031
-1589
-1063
-969
245
-941
1350
427
1420
48
1271
-744
-96
1080
2032
2030
-218
-18
-159
191
98
63
406
42
398
15
273
98
1003
575
-415
-163
403
-113
-401
87
5
16
118
127
-534
1380
2032
1261
1643
423
2031
1056
1747
-1228
-1146
-1171
-1506
-1122
-1299
-1113
-1123
-1210
-1112
-999
-1135
-1229
-1263
-1170
-1252
-933
-1094
-1134
-1243
-1214
-1412
-1312
-1233
1765
116
19
-38
-198
-116
-56
316
-88
-48
144
166
8
-257
253
29
-123
272
259
-167
-316
20
4
53
-11
296
433
464
337
567
253
450
245
539
138
135
290
527
416
466
362
210
262
311
290
247
373
337
398
212
438
259
251
260
171
279
259
242
-19
93
104
-51
59
86
24
-88
-63
81
60
56
63
41
-15
1
57
-30
21
-74
-11
57
-19
-12
2
-19
84
47
-45
-31
-35
-1
-56
-69
-27
88
-91
35
-74
-38
-23
-84
-21
-49
91
74
-80
-94
-27
-78
-88
-37
43
13
-88
-29
-23
28
-57
-34
-20
-68
-96
-34
21
29
10
0
11
69
90
89
4
-76
4
30
67
25
38
37
-53
75
-28
17
-3
80
-21
-8
-46
22
74
20
11
19
-19
60
-12
-25
30
-77
27
-36
-61
-84
16
-3
17
-52
-55
-40
-61
30
-6
-71
35
-57
-40
67
-79
28
-16
-47
-2031
301
-179
137
912
-214
160
-1923
-51
352
-395
-846
82
-231
53
112
-124
-126
-266
-181
-3
122
44
336
114
383
48
308
54
180
323
174
310
269
201
838
195
453
270
452
119
392
291
644
113
611
164
633
105
526
244
-9
402
368
76
100
96
367
1534
-9
70
1309
547
85
-438
815
55
266
-151
-1914
52
-400
-277
19
70
-186
318
92
57
-40
-63
191
131
533
932
92
797
821
1210
398
810
529
632
-35
880
1123
821
366
1125
402
501
-182
862
721
834
286
830
707
1010
594
788
822
1173
265
799
841
-200
-1445
-2032
1029
617
-97
1113
-52
-461
733
2031
93
-58
561
-2030
-365
223
553
649
656
-351
-27
-152
-359
-42
-11
82
-326
-427
-570
-551
-250
-210
-149
281
71
-465
-310
-383
-239
398
19
84
-14
-131
-308
-325
-280
191
51
-198
-274
-55
-15
163
-117
-394
-457
-689
-287
9
-2032
-183
-111
-107
-37
1991
195
-448
50
135
155
714
331
-114
456
-185
357
8
21
-35
-157
-1
35
-757
-48
-128
54
-505
-112
-756
74
-679
-317
-744
-273
-709
25
-534
-196
-801
3
-873
-341
-617
-19
-614
65
-474
167
-633
-40
-701
-382
-485
244
-505
72
-617
-1035
-1706
-241
-379
-128
-15
585
-536
-4
-41
-41
-29
309
-42
-1656
-481
2009
-2030
-999
-429
65
-1523
-1018
668
14
23
-345
150
-583
504
2032
803
-757
653
1620
218
-938
-843
-35
-726
-443
-714
-196
-1122
-849
-783
-508
-727
-755
-1016
-816
-902
-718
-763
-630
-546
-481
-1179
-1344
-1146
-597
-1586
83
24
-472
839
-53
-112
2012
42
-428
241
2031
-529
1078
-903
-828
-467
255
-960
-675
686
46
52
-57
74
-74
258
-442
-114
1666
-639
1185
-371
1680
349
99
156
808
13
354
-29
985
-37
-145
373
377
-238
-134
228
240
-245
104
-66
-206
159
-147
184
259
-342
70
150
-4
53
-72
34
-74
-2
-58
-13
-94
-9
7
15
50
85
-62
78
71
23
25
66
17
69
23
53
-51
64
72
-3
21
-42
80
45
41
43
-67
36
80
24
-67
22
-35
71
28
62
28
40
-88
45
-57
-16
78
-66
-14
-60
-25
-39
-10
-94
24
-48
-94
-52
60
-49
-25
-15
-7
-47
-89
89
43
-14
-6
55
-87
-33
-65
-12
49
-82
-70
23
51
10
-5
36
-87
55
43
-31
20
-81
21
31
14
92
90
-65
-54
-43
7
-88
80
88
75
75
0
93
-77
-22
16
-16
-42
-89
-33
-44
-68
77
37
-1263
52
123
1882
-1155
-60
209
98
25
78
-9
-364
-1
-27
-13
-37
-18
-50
-47
-52
-38
-103
-126
-4
24
147
66
152
101
88
86
104
107
97
97
150
60
173
89
144
77
155
89
175
73
148
78
135
67
168
63
99
95
115
51
99
91
104
-1627
-101
-90
-1303
-66
137
678
166
10
40
85
-223
-75
-45
-43
-40
-46
-72
-68
-65
-73
47
-7
10
-11
-86
-94
-47
-71
-26
-55
-36
-81
-50
-66
-46
-72
-61
-77
-32
-99
-49
-70
-47
-89
-40
-62
-46
-85
-68
-55
8
-81
-51
-92
-61
-69
-41
-76
-105
-2032
-26
14
-47
88
-61
-59
-43
70
44
89
75
13
-58
-91
73
-5
-47
66
-32
16
-51
-15
-39
-34
1
32
88
-43
-76
-93
-18
-14
88
18
-6
17
48
-50
86
-78
13
73
81
21
43
-35
-74
-18
62
-10
29
5
-36
66
16
-78
-25
0
-4
-24
-22
-75
64
1
-75
-40
-37
-7
14
-81
85
-28
-14
91
53
47
-60
-72
40
11
19
-49
74
75
72
78
-75
-38
1
53
-30
-15
-67
9
88
88
35
-82
77
55
-79
-11
12
25
-4
-23
46
21
-79
-37
-85
71
36
77
80
-2
-6
-45
-18
1050
34
14
99
2029
-90
-90
448
88
311
-126
-297
93
148
485
334
119
86
871
-14
-525
-11
-15
86
127
-150
-245
-161
-398
262
-95
-288
-800
-474
-10
-324
-361
-22
-383
-406
-420
-326
-354
-53
-167
-39
-254
-43
-221
-340
-747
216
131
121
-173
-165
-66
-678
937
-68
-4
-604
117
75
-145
-274
-53
286
335
200
45
-919
2030
1364
-2029
450
1290
-271
-901
18
15
-99
6
99
643
53
-594
-712
157
496
718
444
395
48
95
-171
457
661
719
533
239
-394
-270
-7
52
68
581
1004
172
-407
-672
-242
-426
47
842
1005
147
601
1889
-2032
6
-182
10
-23
24
6
11
-20
-41
-3
87
117
-37
111
74
69
54
100
103
78
61
91
-26
-14
279
1506
1700
1414
784
-2032
-2032
-1977
599
-160
5
-25
331
1949
1946
1717
112
183
301
271
325
390
353
304
266
395
258
322
373
426
379
449
509
1869
68
2
1
9
-71
39
2
-81
1
5
108
211
140
153
228
196
136
216
197
197
-2
9
2
1
-5
0
-54
-45
-17
12
-33
-44
4
7
-12
-17
33
-12
-18
-14
21
16
-26
-10
-14
-15
-14
1
7
17
32
3
3
18
10
25
-5
-44
-5
-30
2032
-195
-30
41
-173
-867
-642
-1274
60
1096
-679
235
1876
-1324
-878
354
-300
-844
-587
484
-1074
21
59
56
74
1259
-840
242
937
564
-23
38
1158
-298
-1504
-310
507
511
-789
305
475
-861
-1370
-408
283
-75
-822
433
308
132
-114
-45
369
995
39
769
716
713
-2020
-288
-72
-317
-210
195
900
-802
82
-1482
1130
721
-947
1200
907
420
464
2030
-2025
1946
-2031
21
65
-267
-610
-1914
-1698
-301
-708
1206
-383
1002
-371
-840
-53
-422
-985
471
-17
1226
-833
181
56
1186
-512
659
206
82
-1098
440
-34
1349
-710
-555
-1480
-289
-139
1485
-700
84
-794
2032
314
634
1538
-353
39
-69
539
31
41
77
-792
201
154
236
237
220
121
108
129
107
-211
-512
59
-39
-474
9
78
136
54
70
113
71
57
109
91
81
68
121
70
47
91
149
63
115
26
135
59
117
155
170
11
166
29
-25
30
158
-4
-2028
-108
-319
-2032
1772
186
-141
102
1
39
-7
887
159
204
226
146
247
129
124
152
173
-44
341
-30
31
130
278
555
321
616
300
592
273
610
340
580
359
553
410
511
508
675
407
604
546
823
479
634
323
669
367
511
361
531
202
357
273
571
-226
-75
1756
-1251
49
54
-38
-36
-131
-42
396
77
-142
-44
137
175
650
518
70
11
1201
117
-269
9
9
-16
-20
-38
-67
96
268
-58
271
-77
451
-184
127
-257
-30
-29
229
174
389
-75
3
-187
-161
-129
115
-75
37
-55
-48
-129
-50
-158
17
-252
-128
-191
-159
2029
-199
4
11
-45
30
34
122
23
537
-203
220
41
450
454
-832
-467
-69
-411
-632
-248
8
-2
215
217
-423
1151
2012
1218
1769
-35
1991
1217
2032
-1319
-1022
-1002
-1355
-1245
-1356
-1214
-1426
-1270
-1179
-1019
-1047
-1333
-1090
-1012
-1429
-736
-898
-1018
-1154
-1009
-1011
-1193
-1041
275
-67
-25
80
30
-25
37
-50
-21
-98
-55
22
23
2
15
16
-38
38
38
-27
75
50
30
18
-83
79
-24
22
-88
-88
-71
-81
-41
63
15
62
-72
-92
-70
-73
25
-65
55
-68
2
19
-30
-40
34
21
-2
-78
-2
-78
29
-65
55
79
-14
-72
-48
-12
22
-55
-93
-53
64
60
-20
34
77
-55
-27
25
-7
-9
-92
-6
-11
-29
-41
-82
-91
-24
-30
16
-18
68
17
-86
-16
-81
-42
39
51
-56
-48
-10
44
-16
85
-45
-58
-44
-40
-56
-67
51
-18
-52
89
-57
28
-69
72
2
5
41
33
-39
-60
20
2032
-44
178
-2032
-2032
13
3
2032
22
68
-18
2032
452
472
471
457
442
455
443
428
449
-2032
88
42
21
-27
2032
2032
2032
2012
2023
2027
2032
2032
-39
-40
-91
-74
0
76
-45
-69
-74
-64
-88
-80
-97
-76
-62
-29
-93
-62
-52
-67
-133
-103
-100
-66
639
11
271
-1738
-1867
-33
-15
730
-79
42
55
-1142
425
433
428
462
444
412
436
430
427
-480
-10
37
2
79
51
88
51
110
21
114
127
63
58
33
56
84
3
118
134
16
69
70
76
12
60
38
44
59
48
1
87
49
88
60
65
17
0
2015
2031
-2025
-111
-192
2032
-199
94
-928
-36
-47
-12
38
405
-62
1
11
4
25
-37
-19
-23
-18
148
148
9
-20
-46
25
16
68
13
98
59
62
7
15
-12
74
-29
62
-18
73
5
52
-11
81
-12
9
1
66
-13
73
75
103
35
36
51
79
36
-654
49
-390
-516
185
8
-1288
-495
-26
10
82
547
-87
-56
-2
-36
-37
-38
-50
-45
-46
218
281
-28
-8
-117
13
43
39
20
-14
65
88
22
61
99
-3
75
39
73
20
84
34
-2
26
63
79
57
26
56
36
76
71
105
25
104
78
136
0
28
-2019
-117
173
1116
-2032
190
-31
57
533
-24
154
5
-1371
24
-6
43
-2
34
-10
10
0
1
321
-2026
22
54
-209
-215
-185
-242
-190
-220
-228
-185
-188
-244
-133
-278
-218
-281
-145
-196
-155
-293
-224
-236
-184
-227
-169
-255
-240
-235
-206
-244
-186
-180
-102
-249
-157
-2032
-15
45
117
-53
49
-6
49
16
-68
-63
-41
-61
26
-5
-15
-4
42
-6
32
32
-40
-40
-9
1
82
90
1
61
47
110
-5
51
32
29
-10
94
20
80
-18
71
7
77
16
68
3
26
16
102
36
120
-22
61
12
103
-10
63
17
68
21
189
-2031
-232
-74
-32
-19
-43
-96
-142
-89
-303
1174
667
-1236
-1702
-1245
1564
-1575
-1509
-1110
-1360
-1568
31
51
-1309
-655
85
303
290
246
182
349
328
300
256
142
246
325
195
367
356
348
260
533
67
268
193
466
357
404
409
2032
2032
2032
1965
1069
2032
1294
2032
-2032
-64
10
-12
-11
65
71
-295
-20
874
444
-15
1190
1081
927
-311
853
1067
818
566
1044
11
6
260
179
-94
-371
-280
-284
-191
-299
-262
-288
-262
-340
-316
-395
-299
-351
-266
-329
-303
-430
-518
-341
-362
-291
-258
-371
-415
-278
-894
-411
-403
-408
-360
-505
-508
-513
121
-280
-2028
114
-13
-462
259
-427
241
-145
-30
263
72
-1727
-758
317
151
-415
664
139
185
263
432
84
6
213
45
-1213
-1025
-1621
-1446
-949
-856
-1338
-986
-824
-1026
-957
-1225
-797
-1228
-1020
-738
-1028
-1116
-1076
-736
-1007
-1038
-1021
-1077
-796
-1018
-1343
-875
-1306
-1116
-1653
-1612
-950
-2026
170
-254
190
604
284
290
-988
-85
-24
54
2032
274
693
-340
-160
635
-66
-419
-237
45
103
259
-128
-169
-143
968
715
1425
766
718
307
1071
801
1626
1441
1198
1833
1475
1161
1435
1669
467
-55
626
643
737
368
635
467
288
488
898
1534
1145
682
935
842
-360
103
-2032
-806
148
149
-1100
855
-78
468
-174
-56
780
-406
-909
2030
-2032
-2029
-2028
-2027
-1066
-994
-928
-737
-31
-86
376
198
1084
-453
-470
-367
-181
-524
-536
-49
-187
-663
-422
-395
-189
-235
-212
-672
-672
-177
-292
-672
-565
-753
-342
-622
-138
-344
-504
35
-412
-439
-282
-624
-253
-2005
-371
-121
727
-492
751
-1091
2028
82
-594
400
-462
-503
35
89
-306
830
132
270
250
545
24
64
-222
-30
582
263
9
389
152
646
335
317
-85
360
217
589
231
311
174
434
137
369
283
513
160
305
378
500
56
759
485
533
21
448
279
189
149
613
-901
632
-1142
-49
67
-2032
1438
227
75
6
11
-11
-27
-208
51
38
59
39
57
41
50
43
43
-49
-64
-7
5
-209
-25
10
-1
3
-4
20
7
2
-7
18
-6
12
7
8
-7
7
9
16
3
1
-17
16
-6
9
-24
20
16
7
-28
13
-9
3
-1724
-9
-188
1212
-192
32
-546
89
74
-18
-17
-304
15
39
54
38
40
37
49
38
38
129
19
17
3
61
49
36
50
43
90
34
54
36
51
45
72
47
70
55
72
48
74
35
74
52
58
35
76
48
94
25
53
52
52
31
63
53
-40
-47
-1219
2032
777
-614
-955
42
-502
146
-2032
-40
155
-205
-2032
833
-436
-557
-509
-570
-15
-50
-85
-66
-388
-355
162
5
158
210
-117
-28
2
-240
-220
-146
102
331
-141
266
46
99
-476
227
-82
-39
-356
10
139
322
68
310
36
-261
-218
-195
-49
281
-142
60
-48
-2032
-86
1066
-1878
1
546
126
1412
18
620
-247
2030
128
13
122
-85
185
71
-252
-82
-80
659
312
-333
141
78
-346
148
-464
-377
-507
-225
-392
-401
-429
28
-537
-340
-281
-62
-558
-224
-348
-82
-558
-261
-464
55
-429
-245
-546
-339
-522
-419
-265
190
-446
-376
296
26
-1275
276
16
-423
-1228
-2031
-257
-36
449
-6
-1490
-304
-2032
-2031
-1871
28
-1936
-229
-1303
-1270
-1309
-1311
-2030
679
-244
-243
263
1100
1173
756
639
515
1008
812
1342
1070
1231
571
1380
685
1087
641
417
908
1209
653
342
979
1126
552
1363
562
1011
879
1126
744
954
852
617
-2032
-228
651
805
698
75
438
1157
-38
810
-930
-2030
-2018
-1017
-1484
-1091
-1505
-1197
-1291
-1180
-1267
695
-1356
719
738
-1016
-725
-1099
-978
-918
-995
-1376
-944
-716
-969
-1007
-1031
-1180
-1065
-1269
-1042
-827
-1130
-1462
-1131
-1009
-1098
-1260
-1083
-1163
-1223
-1379
-1105
-620
-730
-1068
-1088
-956
226
-1092
610
14
-70
47
-20
-84
62
-36
-22
69
14
-53
-10
9
83
48
-84
-46
-47
75
83
-38
-40
-39
-46
77
47
-52
78
-80
-68
90
28
-2
38
87
-54
-52
68
51
6
30
75
0
13
-22
-55
29
11
18
-62
26
-47
-84
-49
-81
-15
13
-48
47
-45
-27
-38
87
-10
87
-68
58
-16
6
86
35
-31
-84
-79
-43
-9
39
58
-20
-85
-8
28
7
-83
-90
-4
89
32
44
-16
-42
90
36
-25
36
4
-56
-7
81
-21
-46
-12
34
51
-92
-35
-75
66
-86
-55
26
-68
-40
47
17
94
-5
24
-18
1712
70
-29
160
-15
-316
-132
-169
-50
335
-137
-385
464
258
-2032
-1732
2030
-262
-1502
-444
862
79
67
108
-131
251
1620
1804
1699
1226
818
425
627
966
263
983
1579
1860
1364
1214
632
-558
131
498
833
940
1071
344
318
233
218
348
290
233
68
-1151
-726
-42
2030
19
60
-103
744
83
73
-139
85
61
-81
-735
-237
94
-706
57
870
281
318
-45
-235
-61
-76
107
0
-229
-4
-698
-209
-11
-94
-99
-282
201
89
-200
-385
61
236
-458
150
297
-163
142
212
-438
122
122
311
-145
-220
49
401
-368
297
-100
267
189
-35
-349
2032
2032
-62
-387
203
-2031
44
77
-736
-49
83
168
1554
0
145
120
89
86
105
98
31
97
119
236
40
-20
-383
-390
-356
-307
-294
-279
-306
-303
-347
-353
-309
-348
-340
-363
-344
-357
-347
-349
-396
-364
-436
-410
-366
-304
-346
-266
-278
-303
-322
-362
-351
-315
-287
2029
-39
34
-39
291
100
-148
697
75
183
124
-151
182
123
203
138
129
157
179
145
138
-2
-7
43
16
-40
-212
-250
-190
-291
-183
-261
-130
-230
-145
-224
-163
-232
-160
-102
-152
-230
-175
-190
-174
-247
-147
-184
-182
-217
-168
-248
-193
-234
-233
-207
-180
-181
6
-152
-22
67
-92
-15
29
76
-41
-92
-40
-73
18
91
52
79
-83
-76
74
-23
83
-69
-11
87
-32
23
-85
67
93
-83
-28
-87
-43
-66
-25
22
-63
75
40
33
13
14
85
-87
-53
57
37
-52
28
72
34
-27
1
79
61
42
-61
84
89
-21
-4
78
-57
26
47
-47
67
-25
91
19
75
-69
-21
-38
6
17
24
-8
-89
84
-85
-58
-33
-80
-26
28
17
24
-35
-83
-39
58
-14
-59
-87
-50
-15
-50
63
45
-23
-15
69
-20
-44
46
40
-15
13
-35
43
67
2
15
-43
-79
37
69
63
65
68
-45
65
91
-84
90
-55
30
-85
56
8
-23
-90
-93
-37
85
79
69
-80
-31
-62
71
5
-59
-79
-18
79
8
-11
-88
21
74
17
12
83
-16
74
4
-90
-76
13
-74
56
-80
82
4
-4
-68
-53
-18
74
-4
-46
81
85
44
43
53
46
-88
-25
55
12
79
-65
-9
77
76
-80
-75
-38
-57
-53
-58
50
23
-38
-33
13
64
-50
11
-47
-19
92
21
-75
-80
-54
-14
-56
6
57
75
-34
-42
64
-25
-6
-69
-35
-85
12
63
-87
-44
0
47
-83
59
-15
79
-82
63
43
-38
55
-64
13
-85
-30
-2029
103
-85
-71
66
-11
-97
40
16
-79
-75
-306
104
104
23
215
140
40
10
103
46
49
45
101
-2
579
436
702
459
385
366
603
302
367
224
426
282
316
715
910
575
117
-1605
697
1560
1374
1463
622
-1705
-1662
1318
811
-1960
-2032
-1857
882
1242
1704
-351
-108
-47
36
-7
179
17
-22
69
86
49
-86
110
109
122
53
109
128
117
97
94
7
16
13
12
-103
-62
16
-78
-43
-71
-21
-72
-49
-57
-4
-18
-89
-84
-50
-76
-121
-41
-79
-63
-108
-19
-51
-32
-96
-19
-140
-16
-59
-64
0
-38
2
26
1
120
-1
-62
-75
-57
44
-81
-69
-72
49
-66
-98
56
-107
90
-40
-70
99
-67
65
40
64
88
-93
-81
-41
-29
-57
47
84
-40
-56
21
53
49
31
-14
26
34
48
90
25
-75
13
37
12
34
-43
51
58
41
-83
-28
-26
50
-83
32
55
-86
-5
-96
-27
66
25
58
14
-63
52
-23
-27
-32
-59
1
45
15
80
39
-38
48
78
-56
69
44
76
-78
-54
-35
-97
-83
-95
19
77
78
-34
-10
-3
43
-54
51
48
-77
31
21
-94
29
-27
-92
12
62
-49
-30
-54
-8
-47
-17
21
-83
21
-73
40
63
15
-46
-9
36
34
26
-17
-23
-91
64
-24
-31
-32
-56
75
-13
-69
-16
-72
-59
12
-74
-43
18
-51
49
-88
-43
-52
-8
68
60
5
65
-78
-20
84
38
82
64
38
-15
6
51
89
-29
-57
63
1
49
-44
92
-55
2
-49
-18
4
-84
65
83
-80
-21
-66
52
-34
92
29
51
-71
72
-43
-53
73
30
-53
8
-83
-33
-37
-51
-27
-72
-58
3
-70
49
86
85
-5
-54
-71
94
12
-20
94
-75
82
-56
9
67
67
-13
71
-10
30
-42
-66
79
67
-28
0
-76
7
-28
71
48
-34
-44
-1
-50
-59
-36
36
40
24
-24
34
-79
36
-65
-53
83
-43
-47
52
-80
86
8
-89
-62
-30
40
8
17
-61
-37
17
65
12
69
70
-63
52
-33
39
76
7
10
-54
-82
-4
79
-20
36
21
-43
43
69
-65
4
40
-70
63
28
-66
55
-14
-46
14
8
51
55
76
-73
-60
28
-90
28
71
-92
56
50
56
-43
-63
-34
91
-31
-68
15
-64
64
-65
-36
19
56
-92
38
-18
64
84
37
-43
-19
-76
62
65
-91
14
35
-36
47
77
-89
-79
14
-93
89
-70
90
-53
48
-55
61
90
24
59
29
65
-73
81
-16
-68
-69
46
-17
48
-92
-18
-6
-86
-76
8
-58
47
-18
-34
62
-56
-33
70
-65
5
88
-37
-2
79
-62
-32
-2
-27
-1
-5
78
-6
-43
48
76
42
50
-26
-67
-3
-87
35
-80
85
-89
-51
-71
-32
-56
20
-56
-45
-80
-51
-35
-67
-20
41
-4
13
-46
85
-90
65
83
-43
-74
13
37
37
55
-91
92
-31
-56
-45
-58
-82
-72
-57
-29
-27
87
-32
-29
30
39
9
-38
-80
19
67
30
87
-85
-57
70
-7
62
-70
54
12
-37
0
-37
-68
43
-82
69
68
14
2
-49
-2028
532
-633
-27
431
-1611
1956
627
-43
-62
-4
-494
-257
12
-67
54
-137
-57
-62
-73
-47
281
376
-20
4
743
401
297
224
494
94
303
218
417
269
441
311
550
206
460
35
315
242
392
144
242
157
324
289
430
-1
264
228
325
188
232
212
510
-902
515
259
-2032
458
-306
-605
-167
-18
-64
35
-328
-45
-29
67
-93
-89
-71
-138
-253
-217
-130
-195
15
-59
105
317
200
207
68
201
217
334
314
219
224
165
122
230
183
147
221
263
77
134
172
218
188
274
199
286
144
298
149
214
216
302
167
30
125
2031
76
52
-47
-27
22
-84
19
-82
54
33
35
-95
-66
63
39
82
89
-43
28
77
-86
3
-42
-47
-83
-76
76
-4
79
52
-33
67
-25
-21
-77
80
29
-15
59
-31
-44
-8
-41
68
53
56
-21
-78
0
52
28
68
-13
-60
5
32
30
-75
-42
74
-8
-80
43
9
-55
22
1
-21
-16
-88
-30
-71
33
81
24
52
-3
-47
-70
-24
25
25
-65
28
13
55
-64
-1
65
32
45
-50
3
-23
-38
-33
-7
-17
38
4
-13
22
89
50
55
28
-40
86
-47
-37
41
-25
-44
89
11
-15
-43
61
12
1882
217
-2027
-1975
742
315
-2032
1179
50
346
345
-657
1278
1283
1284
1281
1285
1276
1276
1283
1277
196
903
0
1
240
387
412
361
413
390
413
361
454
335
434
366
545
348
517
414
428
344
444
392
432
366
503
368
514
388
371
384
421
423
484
380
382
-1419
122
-693
1284
807
-330
921
430
-30
299
302
-1003
1173
1181
1185
1186
1182
1180
1181
1183
1180
514
-619
5
0
-139
-97
-90
-91
-97
-91
-97
-88
-92
-93
-95
-91
-97
-93
-88
-90
-92
-89
-95
-90
-95
-90
-93
-92
-95
-89
-96
-91
-93
-98
-100
-91
-99
-8
-2032
-513
-2000
239
-151
-10
51
-132
-80
45
-39
-69
0
-320
115
216
156
151
119
168
69
47
135
53
70
31
-31
693
1002
932
488
335
423
815
981
936
-1852
-1994
-1866
1399
1811
1731
1529
1052
715
733
735
538
891
791
807
485
-1718
-2031
-1301
1024
1698
1859
1450
995
-216
-111
-34
11
1
229
59
-29
-17
5
29
-5
206
246
156
139
216
224
137
184
249
8
18
-28
-10
-137
-25
-15
-36
32
-19
21
33
-46
-40
-7
-46
-27
-35
7
-63
-1
-34
-34
-46
8
-24
-64
3
10
-45
4
-9
-35
35
-52
12
-35
-38
-1
51
-1756
234
-260
181
-1391
-450
972
1838
-60
103
-84
-406
174
93
-144
56
-67
-36
-37
62
16
-92
107
-26
46
978
995
1199
875
1293
1043
1440
920
1236
941
1081
1008
1158
877
1151
850
1199
976
1155
978
1258
935
1100
949
1245
1038
1362
1161
1217
909
1132
891
1335
-1353
-155
-363
1200
47
134
-438
213
81
92
-69
-111
191
-150
-31
-138
-173
-185
-74
-82
-79
114
148
-7
26
-390
-575
-231
-754
-380
-673
-425
-792
-511
-705
-561
-655
-556
-650
-430
-557
-501
-573
-344
-440
-356
-610
-415
-645
-360
-605
-450
-743
-745
-632
-428
-670
-500
155
-166
-2032
-1534
69
-279
-1215
803
-199
-117
1989
10
-603
2008
-2025
-2030
2022
-438
2032
-484
-1402
-1365
-1541
-1518
-685
19
-2013
-1262
300
927
-158
4
-263
276
-290
97
318
59
-414
969
80
613
-1284
67
-69
557
-1233
587
-519
-607
-804
1010
230
317
-448
-168
544
983
-206
88
-556
-1525
30
280
1036
-631
1201
-38
-1746
-61
1491
1306
-1093
435
767
-2032
652
-1913
402
150
551
113
-94
-122
-667
-293
-460
-1052
1139
-712
-693
-1638
528
-1489
-1458
-1883
2028
-1617
-1094
-1669
1070
-1560
-1506
-1314
963
-1488
-1477
-1804
1995
-1654
-804
-1904
680
-1730
-1915
-1190
1349
-898
-785
-90
-388
2032
2032
-733
-132
434
-649
-257
-1550
1498
-75
617
70
-396
-846
1318
344
810
549
205
224
129
252
11
75
-148
437
1599
-22
-880
-31
-230
67
-232
-458
-558
399
-497
374
-316
80
-383
61
122
-13
-219
21
60
291
-271
393
-286
141
-61
-490
-633
89
-508
-196
-553
2030
101
211
-1421
365
291
1419
963
-83
-81
513
-887
2031
-2023
-1912
-2028
-2028
-1326
-1347
-1662
-1270
-6
-54
264
-376
272
-514
-466
-541
-387
-431
342
-415
-208
-503
-201
-752
-304
-446
-128
-400
-155
-579
-341
-476
-215
-592
-89
-615
-188
-338
-57
-420
-154
-572
-688
-835
-304
369
-1361
-47
-2030
-4
96
-77
-2032
82
-209
-657
4
194
70
-117
-126
17
29
201
-45
-263
-181
-211
-299
49
-13
-76
-8
159
-82
135
28
58
-116
63
-85
26
160
73
26
-55
-130
-20
-57
107
-71
74
-39
-11
57
76
12
-23
-204
69
-91
34
-69
186
65
-5
-1609
15
-132
-83
46
-59
156
564
-55
-283
72
348
-181
-107
201
66
31
-18
-23
-73
-92
20
62
-129
-115
-177
172
57
57
105
78
145
57
166
211
90
163
55
202
149
207
194
177
45
140
121
184
104
197
140
143
80
56
67
54
37
228
187
-115
-58
1758
-187
238
34
59
-8
-371
-190
-56
60
49
6
-31
78
65
48
36
74
59
32
69
48
-27
-30
29
14
319
123
153
300
300
203
320
146
140
173
121
232
220
157
190
194
178
228
132
163
185
237
315
178
263
129
195
130
134
109
146
251
209
-1689
-106
-151
-168
-17
140
130
-1058
-13
12
-67
-652
-3
85
11
41
15
135
96
66
65
113
66
80
46
-854
-1165
-779
1067
2031
1783
-573
-987
-1274
-1324
-1689
-1633
-591
1431
1954
1855
-441
-1017
-446
-560
-699
1360
1464
925
-1141
2031
-801
-883
-1288
-819
-700
2032
2031
-9
57
-218
2030
-117
-664
1672
-500
-282
-929
1776
83
-346
122
-908
-256
194
-357
-579
-262
20
96
71
-160
-341
-200
676
-82
682
-1480
-866
449
443
23
-755
56
-752
315
-641
-43
-269
328
356
474
250
-162
196
130
240
816
455
168
-41
-230
-478
-489
-785
-1002
-474
-542
-185
2029
-274
-872
-597
1239
-12
1294
-611
-25
374
-489
628
-752
553
978
7
-670
241
-90
-365
-150
723
826
-189
364
-346
244
578
277
641
555
762
676
506
255
289
-281
81
-382
524
-182
757
273
614
105
201
-107
348
183
888
76
69
329
101
-357
452
501
829
267
1049
-2032
-295
-72
-24
-49
-3
110
32
-35
39
56
43
54
61
159
47
53
40
142
145
-15
125
15
15
-25
12
-138
-161
-240
-101
-110
-94
-234
-95
-102
-202
-163
-148
-57
-72
-170
-85
-118
-165
-146
-105
-71
-144
-152
-152
-89
-83
-145
-143
-171
-141
-139
-135
-27
-1964
192
-112
-43
10
-174
5
-138
48
-90
32
-714
81
190
64
23
78
-22
-47
-47
134
52
43
-17
-40
982
1542
1328
1134
1120
-2032
-2031
-1177
1774
1435
1004
1371
1027
1426
1198
1463
1081
1681
1286
1988
1312
1687
1012
1452
1044
-1667
-1921
-1108
1212
2030
1976
1623
742
-47
-19
-143
-81
-34
47
82
46
-93
54
41
-42
-28
32
28
-21
51
21
2
-18
-85
93
-58
-71
-31
-29
67
-93
16
55
-26
-60
-37
-35
50
-13
84
-64
30
14
-43
81
-40
69
-83
-62
-42
55
35
-9
-28
-57
-30
-62
-59
-25
-40
-45
15
71
25
15
-93
46
-74
56
67
38
-78
58
-90
31
36
58
-64
32
-57
80
-32
-2
-23
-47
60
-72
12
-29
23
80
-41
20
26
35
3
-86
47
38
-17
-69
-75
-4
-24
46
-95
-92
-66
-74
-80
64
-68
39
-95
1
57
-26
-20
37
-64
36
-15
46
-18
81
2027
-227
-1303
1388
-2030
-1279
-287
320
-65
93
118
-2032
812
832
811
832
840
807
815
811
815
-203
-8
25
1
879
1186
311
103
-22
-381
-1779
-910
829
361
-42
1311
263
-635
-1318
-414
-312
-858
-1383
-361
1
324
-69
1506
698
-391
-1770
-1119
957
1617
247
381
109
1987
1000
-368
-2017
0
758
-642
478
73
173
147
123
951
881
910
900
906
886
906
910
897
-39
525
36
4
1416
504
148
462
401
359
539
505
499
486
447
540
303
394
216
555
279
490
128
540
525
457
315
459
271
342
590
567
528
619
306
475
416
24
-2032
-2032
-2031
-982
-76
-1645
241
980
1140
-79
-81
-50
102
568
203
238
-58
248
225
-33
-94
-91
-187
127
134
149
-70
-411
-331
-320
-151
-51
-332
-257
-407
-53
-102
-262
-40
1
-247
-13
-276
-55
-228
-76
-261
-153
-239
-241
-116
27
-379
-254
-340
-367
-294
-283
-65
-95
-2028
-880
-712
-152
684
1879
-676
-1155
73
13
-154
-429
-24
291
184
148
1
4
-9
175
-6
301
423
-32
82
-1269
740
1622
414
1183
319
1198
199
1122
536
942
565
815
529
969
513
1157
490
1182
819
1630
989
1632
590
1191
401
811
424
940
276
975
552
1055
53
344
2032
-2030
58
-179
-295
-721
191
1168
-1962
-84
-478
394
-1046
489
-310
-415
-1082
-1518
298
678
46
125
-43
69
154
-94
-2032
617
-938
-378
-505
333
-860
62
331
129
25
775
-432
29
-593
-144
196
971
-685
526
-860
-503
-979
525
-276
208
-1249
154
-767
-52
-832
253
-338
-2028
-545
-530
1134
145
-252
-1181
1104
-89
37
115
-467
-324
406
431
-335
-154
283
125
-166
383
268
474
-434
72
-307
-858
-574
-805
-592
-438
-767
-1157
-780
-555
5
-337
-45
-99
-358
-342
18
-29
-331
-15
-561
-699
-559
-254
-74
-273
-429
-720
-953
-1132
-435
-786
-354
172
-319
2032
0
-40
-24
42
-83
-78
-68
77
74
-26
58
-63
47
-59
64
-72
15
-69
-83
-74
-37
-47
17
56
82
59
-44
-88
-56
-32
-20
-100
50
-48
46
-33
13
-58
-67
70
-3
48
-31
54
79
-48
-27
86
-47
50
-62
72
-92
8
-51
14
80
30
9
-107
-47
4
38
16
19
-14
-76
-65
21
71
-61
16
43
-19
2
-1
85
-46
-15
32
-19
85
-39
-41
-95
52
-88
-18
2
54
54
-43
-41
75
-14
35
-13
44
-29
-8
60
78
-42
67
-38
36
-7
72
-73
40
43
40
39
24
37
-35
-60
-75
-18
-170
450
74
180
-2032
151
-397
-2008
10
262
-639
-1258
936
1812
-91
1288
-1205
-677
-1717
-1321
-1380
-293
51
-55
-446
164
-1043
-1641
316
-626
-515
-1887
-704
-267
-1006
-897
-1407
-539
-919
-1883
-1426
-171
-681
-1792
-1191
-186
-1002
-1111
-1526
126
-882
-2012
-939
-18
-987
-1980
-16
-512
-973
389
216
599
-1910
-52
-238
2014
-4
-317
408
282
315
1382
1657
820
849
-677
-1133
-911
-992
-301
-16
-33
-221
-407
-1409
-589
-351
-779
-1328
281
-786
-1312
-558
-274
-749
-717
-717
-175
-592
-312
-667
-521
-800
-464
-716
-372
-891
-254
-1499
346
-989
-1454
-1303
-206
-373
-428
688
-1335
-2031
-2032
18
-51
1860
819
-49
-116
22
5
87
122
230
-118
-127
-92
-190
-108
-83
-149
-107
-112
44
58
-88
-16
-114
-64
-60
-119
-123
-174
-133
-131
-89
-121
-66
-179
-142
-157
-82
-149
-84
-157
-75
-164
-98
-118
-87
-187
-78
-133
-156
-94
-83
-66
-103
-105
-119
2032
-58
60
-2030
-533
-52
-164
-132
16
106
142
107
-103
-62
-166
-100
-115
-83
-113
-89
-67
-5
-30
-39
10
-44
-187
-198
-124
-153
-148
-219
-154
-127
-169
-193
-194
-181
-172
-198
-211
-111
-170
-142
-196
-149
-174
-173
-193
-166
-142
-232
-124
-186
-194
-215
-167
-212
123
16
-1589
-61
-54
-6
-33
32
-54
-42
57
34
-34
-43
-92
72
-60
-33
-52
0
73
-90
32
17
11
-2
-60
-63
-58
-24
-32
-50
-76
42
33
18
-71
-5
-44
-32
49
5
-91
57
-1
22
72
-89
-103
78
-74
41
53
-29
48
39
19
59
-83
61
-35
-36
-32
27
-52
67
-6
-7
-37
-29
-93
-21
-22
42
-81
62
4
76
-41
0
59
62
-43
70
78
-84
-96
71
3
-61
22
-100
-19
66
73
-15
-31
-87
-2
-3
-57
60
-85
20
0
15
-7
-67
30
-64
-23
-52
-101
26
49
-43
14
-50
-10
-30
-48
-13
2031
29
-512
-1394
-2030
-64
73
2032
-90
354
410
-94
1067
1117
1123
1103
1117
1124
1116
1092
1101
-1940
741
-14
-6
356
751
577
631
498
197
421
689
925
801
761
210
1207
427
742
478
393
500
828
493
404
775
886
176
1272
203
439
693
887
681
691
732
554
-2032
-193
-304
1156
612
232
516
-1358
-57
255
311
358
978
973
969
975
967
965
957
960
954
994
-807
-4
-18
-280
321
329
351
344
252
210
323
318
358
260
323
331
291
312
305
286
276
286
276
272
297
269
281
268
245
325
281
348
288
311
284
352
52
-1981
2032
62
50
36
-55
-44
-82
77
-77
-85
-22
-92
-37
-50
52
-21
-89
-82
-5
46
3
-50
2
-79
-36
52
-21
-45
63
50
41
-26
37
28
92
-43
10
-49
36
66
-20
-23
32
44
25
9
-2
-23
10
-30
-5
63
-11
-72
-48
-7
37
49
-26
52
4
-86
-15
90
87
-6
-67
54
-56
7
53
30
-74
52
-57
48
-60
-76
-1
-19
84
-31
91
-28
-67
-24
-15
19
-31
-26
-82
24
36
-35
45
60
36
2
60
-18
70
88
93
-32
61
13
68
-65
21
70
15
-66
17
58
23
-20
88
68
-63
-21
-212
98
-13
139
-10
-254
-373
-27
-5
112
112
-243
83
59
-3
-5
79
48
103
57
79
-23
-25
26
9
301
97
11
128
-2
104
177
161
128
194
125
66
48
134
118
121
49
138
257
182
67
146
124
102
104
151
216
121
12
138
90
142
127
-2031
76
-66
-173
-69
-21
281
-916
-26
129
68
12
-8
22
-3
76
85
108
53
24
51
83
49
97
33
-1611
-1523
-1504
-1294
-1075
1331
1678
793
-1296
1723
-1804
-1615
-1624
-1329
-1628
2031
2032
1882
2029
1817
-1226
-1549
-1753
-1610
-1217
-1931
-994
-1972
-1417
-1850
-713
-1651
-1588
45
60
-347
-2030
-296
303
-27
-614
577
387
-375
64
-290
216
-187
859
124
-750
-649
-955
-62
578
200
-175
-144
-253
-171
-13
-224
-1123
-712
78
-633
-401
-804
-695
-417
-460
-1374
-278
-978
-480
-1156
-354
-304
-562
-1232
-913
-291
-67
-382
-249
-785
-743
-906
-1475
-950
-1027
241
-938
-1496
-2019
-186
-177
-474
154
-246
31
-453
72
-558
633
-518
-625
279
523
-865
355
360
86
210
335
138
194
-267
-60
357
-477
287
-452
-489
-439
-6
-496
-838
-112
749
-259
-271
-537
232
-797
-186
259
532
-165
16
-469
5
-367
55
-221
230
71
226
140
586
40
128
-103
-195
-2032
-1629
-25
-1233
-2031
1023
181
109
-707
31
253
78
533
-19
-204
21
-77
-9
-80
-56
-33
-112
317
922
59
55
-838
-358
-383
-511
-603
-313
-429
-436
-552
-202
-291
-276
-519
-308
-452
-128
-386
-288
-372
-177
-488
-216
-435
-303
-384
-421
-151
-400
-347
-263
-330
-293
-393
-2032
-107
403
409
-579
111
-269
-66
29
99
256
1554
-153
25
-188
5
-188
7
-83
11
48
49
-63
185
8
70
8
-256
7
-247
124
-302
-151
-33
-165
-346
108
-61
79
-223
55
-129
-79
-314
-37
-108
-90
-293
108
-54
203
-316
48
-3
64
-246
3
-232
-156
347
-2032
-957
-81
64
40
-37
134
37
77
-91
121
123
-132
170
176
184
144
160
251
203
194
157
-27
-29
-33
-10
-150
-184
-36
-100
-20
-156
-4
-42
-55
-122
-95
-113
-56
-83
-35
-92
-174
-123
-126
-103
-29
-93
-44
-129
-75
-90
-215
-133
-208
-187
-126
-175
-187
-629
16
-160
-109
46
-38
-22
398
-51
15
20
-1133
161
72
144
157
125
53
154
187
127
75
4
-73
-3
1129
1466
1450
-807
-1795
-1229
1413
1200
1533
1139
744
1032
852
1230
1042
1445
1072
-2028
1441
1940
2030
1981
1316
-2030
-2032
1614
1006
1464
762
1220
762
1338
1161
-91
14
-164
2032
1369
-663
524
-2031
-1475
-426
327
-55
257
306
81
918
921
919
950
906
898
944
915
892
227
-1989
-5
-12
-292
-472
-422
-363
-119
-37
-194
-225
-401
-389
-251
-382
238
-144
-6
-454
16
-147
-85
-453
-89
-439
-263
-432
127
232
-152
-422
-410
-460
-402
-471
-251
-710
-1168
-2001
-1188
2030
638
58
-1145
91
188
254
92
999
1016
1036
977
1004
985
961
965
963
1001
1323
-12
-19
-1099
192
221
214
246
262
220
266
206
243
234
261
296
245
314
227
266
213
214
203
221
211
255
234
255
231
214
215
198
166
218
214
259
-11
-2032
-2031
-2032
-141
62
-1899
1860
79
-186
-140
-73
56
134
-70
47
117
79
117
129
107
107
99
87
42
-5
-22
-24
62
100
147
158
165
191
73
143
141
120
131
93
155
124
146
99
75
150
132
87
90
89
117
114
150
188
142
133
126
111
200
182
203
2031
-183
-188
1556
250
288
-2031
-454
-38
132
97
283
55
120
70
39
71
57
68
66
93
122
161
-9
23
-253
-131
39
-45
9
-98
35
-91
-58
-63
-2
-131
-87
-70
25
-76
12
-129
-7
-67
65
-27
73
-145
-64
-140
-3
-103
-13
-132
12
-59
28
-19
23
-2031
-70
5
57
2
59
69
43
14
-30
61
74
-72
24
20
-47
-13
-38
-37
-69
0
-13
66
-2
62
-92
84
75
-76
42
61
-43
-10
-21
-6
17
26
66
73
-32
47
51
22
-75
12
-9
22
-59
-69
-40
-89
73
4
73
-3
-69
-66
26
-53
-51
-55
-94
7
43
6
-55
-8
78
-72
43
61
-63
77
62
-22
37
-40
42
55
-42
29
-13
-49
-15
-34
-78
82
-94
-87
7
62
-71
0
44
-78
-72
-72
93
13
60
-55
27
24
27
-87
81
-76
77
-94
10
-91
80
-18
-76
53
19
70
49
78
-50
-569
485
-444
-236
-95
-641
2030
307
-30
82
-143
-841
-148
-306
-209
-293
-163
-327
-323
-291
-282
140
140
144
40
657
646
523
606
510
642
589
566
544
630
515
664
542
564
597
644
461
550
551
631
470
576
511
627
562
546
591
506
477
562
520
566
516
2031
368
-79
-140
33
-254
-650
-6
-71
15
-65
-67
-252
-308
-303
-209
-338
-255
-227
-207
-274
-5
-72
-5
19
80
263
367
236
311
269
312
223
361
212
278
252
362
213
332
240
376
218
324
271
362
264
283
262
387
264
327
241
422
274
406
267
422
54
-312
-2026
1560
-22
-221
-391
38
87
76
393
37
420
-22
-1076
201
148
139
22
-117
131
90
111
63
16
44
2
63
-138
-224
-407
-385
-388
-400
-443
-409
-423
-414
-372
-337
-488
-451
-262
-427
-460
-347
-254
-401
-405
-444
-495
-342
-438
-339
-368
-401
-438
-100
-372
-284
-327
870
3
1994
1459
-588
102
-55
-1674
-39
244
48
-2031
467
-91
-38
-115
76
136
106
60
143
-693
-1724
79
83
-65
-335
-301
-249
-619
-93
-376
-351
-613
-320
-411
-235
-533
-509
-295
-344
-430
-591
-421
-471
-680
-389
-394
-235
-714
-218
-232
-329
-423
-247
-103
-226
-423
474
43
1584
76
24
-55
-71
36
-32
-50
-16
-87
14
71
-74
-35
-80
36
15
-59
5
-35
-83
-57
45
-38
-86
80
19
-68
-31
14
-39
-53
-2
17
-4
75
15
-3
-22
61
24
-57
10
79
15
-5
63
26
29
61
-56
-94
-50
69
-27
-76
-56
-10
-43
74
-30
40
29
47
20
5
23
-79
-40
-4
-12
15
27
-4
-73
-64
-43
-10
85
-4
73
-62
-65
-36
-37
-37
-26
1
62
55
-7
10
51
-87
-54
6
-22
10
-21
83
-55
-31
11
2
60
24
92
-70
-68
-35
75
11
49
41
-31
28
-50
27
50
47
-16
82
-28
-61
-19
19
-89
11
-70
-78
-68
-24
19
-86
-61
-81
-19
33
-1
-46
15
-60
-24
-44
26
4
-51
22
10
43
48
56
50
-5
-56
79
61
-49
49
-65
-12
-44
67
-71
-30
-80
15
-41
-4
80
5
41
15
-37
-88
84
44
12
-47
2
21
21
-67
10
4
-64
-55
17
74
-2
70
-5
-37
-19
-78
-57
58
-42
42
-4
-96
-37
-78
82
70
-19
29
-93
4
31
-98
2
66
61
7
84
-49
-84
83
61
6
-53
16
-74
-43
-19
62
74
-24
6
76
54
66
26
6
45
70
41
14
2032
209
32
1670
-121
-370
-732
527
-7
193
-38
1988
92
51
116
36
174
-22
51
115
159
120
215
142
29
-784
-1025
-1378
-1343
-1227
-1195
-1341
-1214
-1022
-1347
-1195
-1271
-1344
-1397
-1118
-1261
-1318
-1235
-1222
-1171
-1370
-1312
-1310
-1210
-1286
-1179
-1387
-1124
-1372
-1198
-1407
-1297
-1376
2032
-55
-950
-252
-1301
-272
834
286
-81
216
-94
-1602
61
-31
-35
99
-2
107
147
142
211
180
193
-39
74
1177
670
205
464
223
350
423
684
408
603
404
524
307
414
260
503
220
541
215
588
132
534
285
574
395
438
309
785
488
772
186
612
433
101
-74
2032
2032
36
10
149
22
-108
-249
3
-69
67
5
-237
27
-62
70
47
-5
30
35
95
-87
-34
-36
13
24
148
7
84
52
-101
85
-54
74
-31
36
-44
-18
-30
63
-1
87
-42
117
-13
16
113
90
122
3
13
109
22
45
72
55
92
39
86
-2014
-48
-110
-19
7
21
114
-350
52
43
140
123
-47
-100
56
67
-10
36
59
-27
-158
34
64
1
-48
-501
1651
2032
2032
225
-1089
-1875
-1825
-658
-2030
-1491
-2031
-247
-1235
-871
-1477
-425
-846
5
1697
1305
984
-603
-1505
-1400
152
-333
-1903
-1695
-1881
-6
327
408
-45
57
-253
-2031
-226
-9
1108
-1452
158
263
399
-50
676
-623
-372
-177
-622
206
-778
610
-139
-310
-113
294
130
-92
295
232
326
-414
-600
-130
-898
-497
-527
-247
-1335
-883
-694
-585
-1125
-494
-774
-453
-1197
-468
-213
-457
-793
-539
-583
-377
-827
-613
-758
-696
-1363
-553
-1285
-998
-1074
-2032
-121
-286
-1035
734
305
178
1648
82
117
-312
955
-211
265
-688
-289
51
-153
-134
-196
270
184
264
194
39
442
724
365
846
1203
1112
622
703
696
777
129
928
968
798
297
719
-9
1002
819
1054
239
901
119
881
650
730
830
936
402
887
317
455
342
184
38
2032
-1242
-10
-248
-125
-50
60
113
-545
45
-86
-105
381
77
29
7
73
77
-24
58
32
97
115
152
32
12
-656
294
-410
-409
-666
-441
-336
311
109
1879
2032
2032
-807
-1811
-1429
-1844
-835
272
-513
-815
-837
-25
281
1200
158
-1644
-2030
-1880
-431
192
545
467
63
1243
159
1
-18
2
-186
-66
-105
20
-54
-68
299
121
74
110
40
114
73
83
26
133
5
16
3
2
151
125
115
110
127
137
63
120
37
109
134
87
114
98
123
54
64
94
72
43
65
65
64
92
124
75
159
120
144
118
112
110
143
25
34
140
91
-90
-99
79
43
6
-45
20
-24
10
-59
85
-2
-79
-40
42
10
-3
73
53
41
-79
75
7
-84
-84
46
81
2
-54
-61
-7
5
-93
-83
57
33
-91
-61
-15
44
-64
-2
-25
32
64
18
70
-104
70
-77
-68
-35
49
15
15
79
87
72
4
-33
-54
11
86
61
-26
80
-64
-11
-68
-95
-63
-16
-25
2
-45
72
-25
-103
-48
-9
-37
25
87
66
45
-65
29
-86
-95
-67
-52
-66
26
85
-38
30
-75
80
-2
19
-11
20
70
30
-13
-39
23
-81
19
-7
62
-8
77
14
-34
32
76
95
-1000
-92
1
-75
-65
210
149
-32
-66
-85
-46
151
26
-90
-21
-9
117
-11
-1
11
27
15
35
-41
-18
-164
-30
-25
97
84
-8
-5
49
-105
-85
-43
2
77
38
15
16
-66
-79
2
5
-34
-47
108
-41
-22
-38
120
-31
20
-78
80
-96
12
-1910
-130
-107
-67
32
13
-67
619
40
-82
-116
-432
93
24
52
-46
-28
1
-53
18
30
39
32
81
19
1362
-444
1125
1796
1632
1524
967
-390
-973
2031
1474
-2032
-2032
-1898
1783
2032
1884
1564
1415
1756
811
1686
1532
1622
647
-1066
1359
696
741
1050
1559
-734
-1256
18
26
-51
-934
2
5
-58
18
-10
-45
-207
11
2
-71
277
341
260
212
201
245
166
140
270
203
6
8
-21
5
8
37
94
-8
-76
44
-121
-36
-77
59
30
-101
-100
-50
-161
67
9
67
-13
10
-182
-83
-7
39
-63
-11
-79
92
-61
46
45
66
-83
-240
84
-45
175
-73
-47
32
-1211
-53
-89
68
66
198
256
298
327
155
280
439
231
194
-32
4
-52
-45
547
-1913
-395
-2030
-1242
-1969
-480
-2029
-1147
1834
890
1578
1585
1793
1083
1900
1568
1697
1169
1651
1318
1694
1197
1550
1279
1740
1176
2024
1470
1771
967
1715
1320
28
-28
61
1034
83
-111
-136
59
24
-126
150
-13
31
31
-55
182
131
206
226
103
172
200
142
14
74
71
83
0
638
-1688
867
1926
2001
1915
652
-1830
-2030
473
593
976
884
605
41
72
343
1771
1011
-2032
-2030
-1930
634
1633
1525
341
511
832
829
979
640
573
326
688
-120
-24
71
2
221
67
-5
33
110
100
-110
161
218
202
167
177
281
185
149
147
-1
4
-7
8
-251
-143
-85
-139
-170
-156
-111
-171
-92
-116
-98
-80
-132
-178
-104
-141
-191
-157
-209
-128
-141
-161
-147
-164
-166
-111
-207
-166
-168
-167
-155
-181
-96
-10
-3
47
-2029
-13
-209
65
-6
65
-65
345
12
-53
-196
-15
48
-2
124
102
36
-47
106
85
35
56
90
-49
40
609
364
679
439
363
563
782
358
305
1584
1831
1801
848
-1235
-1478
-1454
900
-2032
506
2032
2029
2032
591
-2032
-2029
342
144
672
819
716
286
550
747
361
54
68
18
17
-8
115
74
10
-55
-8
-50
79
81
160
149
38
118
138
152
72
-32
-44
-58
-26
-88
19
-21
14
-82
23
63
15
9
30
20
-3
-8
-64
39
-30
25
33
-16
22
-1
-37
-55
16
3
20
-35
35
-56
7
-22
26
-92
-32
-19
-25
2032
-441
209
-495
2030
-1105
1022
58
-64
333
-60
-1858
426
301
-22
-122
-299
184
-27
-113
27
-43
-122
101
66
-1493
-1217
-984
-1075
-1203
-1317
-1258
-1612
-1192
-1336
-822
-1222
-1203
-1543
-1412
-1874
-1142
-1305
-1397
-1539
-1336
-1577
-1301
-1191
-1201
-868
-1195
-1223
-1259
-907
-1172
-861
-1026
2031
-553
-573
173
-288
-112
-854
1199
77
256
5
2029
280
93
13
-231
153
425
136
125
307
454
627
39
0
1381
-30
-178
-166
-275
63
-610
-87
-253
48
166
8
259
86
126
48
144
-66
-294
-10
-163
-203
-262
41
-312
-119
-262
-61
-75
-114
-74
-133
-256
281
-538
1834
2032
-222
-250
1017
176
55
-213
1140
2
806
441
-927
-239
-416
-146
-84
661
-73
-332
469
297
125
74
319
134
148
-398
-886
-98
-171
14
-112
-6
-164
-395
-853
-43
-292
-183
-504
-192
-257
-468
-787
-150
122
-28
-207
-162
-142
80
-45
213
-113
-257
-594
-256
-188
1663
64
-185
-109
-481
418
229
-1556
-36
-63
117
-2031
363
-559
-1318
-182
-1115
-100
124
506
203
196
148
128
119
-1123
-1619
-1167
-1252
-1743
-1073
-1308
-1520
-1387
-1315
-2003
-1308
-2026
-1601
-1604
-1301
-1651
-1565
-1460
-1042
-991
-1152
-1011
-1308
-1105
-586
-1647
-706
-1438
-952
-1153
-1042
-1284
1183
-36
2032
-1667
68
51
38
-18
7
37
29
-78
-22
-9
-69
-1
1
70
23
17
144
-3
26
12
-32
-41
-12
2
-91
-51
42
-45
-65
18
-60
-75
-23
39
-7
8
7
-5
21
43
-50
35
3
-1
30
64
30
7
16
39
-10
16
-29
-6
-5
-2
41
-1277
-41
-141
-36
1
75
7
189
88
-28
40
-237
59
171
30
48
109
183
37
49
78
50
57
19
-16
300
-1562
-1811
-1680
369
1860
2032
1765
375
-1828
418
750
1023
1272
1106
-1708
-1979
317
489
449
179
728
540
590
68
-175
-68
-310
147
87
356
233
149
-9
0
-58
2030
49
-1947
1911
-1683
44
1022
42
-76
130
123
-1781
6
33
73
96
131
92
64
121
13
32
140
43
41
-385
-872
-973
-555
-1141
-522
-1043
-429
-915
-566
-1030
-538
-1049
-510
-947
-622
-1001
-562
-990
-617
-1045
-616
-1028
-797
-973
-479
-1123
-583
-980
-711
-850
-653
-1133
-2008
120
-310
-2031
14
-243
1986
-2
36
54
178
-661
-118
92
29
58
31
18
-2
5
3
93
105
-84
-6
41
36
-88
-7
-13
-10
-78
-39
-12
17
-71
92
-92
29
-166
64
-141
8
-124
86
-63
-2
-16
79
-79
51
-168
32
-16
28
-121
-50
-33
-124
262
234
47
-57
-87
-11
-46
34
61
-32
11
48
-10
69
-34
58
-55
-30
29
-88
-21
7
-30
13
-27
12
73
-65
-80
-29
-77
-56
88
52
80
69
33
-85
-40
-73
-82
8
-2
-10
61
17
-23
31
81
-5
37
-9
40
48
-48
70
22
-6
-2
-76
-4
34
52
-76
-59
37
-87
50
11
14
-31
16
-12
39
-25
-52
-85
53
-10
44
76
-16
-78
-39
-50
67
-5
61
39
-73
61
54
78
5
-42
-70
-11
-26
31
-82
5
-44
-87
-3
-26
-72
15
36
43
13
79
65
-17
38
-91
-17
-57
-44
48
-58
-57
923
-983
-48
-445
-651
803
2021
-12
-67
265
450
-316
251
649
553
666
468
315
317
303
329
30
-47
1
-47
-1064
-1473
-1307
-1347
-1216
-1568
-1326
-1380
-1196
-1260
-1389
-1486
-1157
-1429
-1343
-1598
-1214
-1373
-1364
-1531
-1244
-1288
-1445
-1475
-1186
-1443
-1285
-1372
-1220
-1434
-1278
-1311
-1189
2029
-696
47
-671
-227
508
-733
-875
65
42
353
2031
216
361
358
274
298
392
341
368
348
84
117
-246
-55
-872
-1193
-873
-1115
-990
-1220
-935
-1164
-873
-1108
-934
-1182
-960
-1108
-934
-1352
-1037
-1117
-1015
-1316
-1094
-1132
-969
-1210
-988
-1284
-844
-1245
-928
-1171
-780
-1156
-946
19
68
1572
831
-252
718
-754
-27
-358
28
-828
-65
-35
637
755
-22
518
69
430
111
179
169
184
131
-170
-373
-70
-147
-891
-1684
-1270
-1385
-1137
-1665
-1145
-1423
-1229
-1372
-1208
-1569
-1089
-1342
-1165
-1694
-1205
-1372
-1254
-1637
-1397
-1302
-1286
-1580
-1275
-1891
-991
-1532
-1098
-1696
-979
-1510
-960
-1067
-1453
-415
-233
-848
1630
2031
469
92
310
315
39
-25
424
484
416
482
141
122
109
198
156
170
-183
-40
-1278
-1921
-1400
-1700
-1110
-1681
-1349
-1873
-1317
-1664
-1496
-1817
-1348
-1865
-1600
-1735
-1335
-1785
-1334
-1692
-1325
-1689
-1406
-1719
-1188
-1694
-1332
-1733
-1424
-2025
-1554
-1774
-1189
-48
-439
-2024
355
-340
67
-82
-62
317
242
-1231
81
499
7
-27
-35
167
265
41
87
162
72
196
278
-41
-65
261
167
-199
-158
-137
-158
-211
-142
203
-366
-143
-92
-319
-234
-141
-344
-274
-244
-45
-407
-262
-247
12
-71
-349
-289
-227
6
-96
-42
-254
-10
-473
-204
-50
-2032
674
596
-1237
-732
-722
-313
1935
50
-519
436
-2032
72
252
-104
302
392
65
55
76
248
313
-345
346
-305
240
460
-23
557
306
102
35
565
279
803
600
402
727
482
401
211
457
413
-2
211
236
562
256
454
177
-162
185
503
456
299
161
347
298
-401
350
1515
35
-53
53
-86
-46
3
73
81
45
-78
-1
-3
-14
46
35
47
90
14
16
-87
-122
-58
-52
7
-25
4
62
37
-38
-35
45
66
72
41
-45
-3
88
-30
-5
-24
23
61
8
-25
-86
69
-36
64
30
83
-94
-1
16
-8
-25
48
47
30
72
-15
-71
51
72
51
-93
94
52
71
-50
61
-92
33
-74
-53
-69
60
-47
-66
-43
-99
-62
56
-58
33
53
-7
-8
89
63
-67
49
-67
-61
-7
-72
51
-98
-28
68
-89
-69
-87
-99
33
-38
45
-53
-35
10
15
-67
52
94
-92
31
-30
-108
71
-99
2032
374
20
-2031
35
194
-64
-1381
14
-31
-52
-16
1129
862
499
437
635
315
94
65
258
-153
-139
180
-143
756
673
3
850
410
814
-1
826
154
599
321
743
108
667
-6
571
326
652
199
581
245
939
265
769
127
761
49
644
-110
398
6
638
167
883
249
-61
761
-163
-233
19
2032
-88
-73
328
389
418
864
1047
953
1174
-196
-184
42
-5
-29
-9
-55
-290
-362
-1030
-299
-784
-210
-876
191
-880
-140
-905
188
-1200
-12
-765
-319
-1100
-153
-985
-78
-1157
-127
-1009
103
-1414
-37
-953
137
-686
-114
-790
-339
-533
-240
339
1829
367
2032
-27
-1985
-2031
2004
193
-903
-918
-31
411
316
1548
1841
1808
1823
1791
1794
1816
1802
1827
1831
1679
1885
79
26
53
68
-160
22
-72
-19
-133
-39
-98
-19
-184
45
-165
-11
-171
27
-194
5
-169
10
-180
-13
-216
66
-156
-40
-82
-44
-121
51
-113
33
-61
-1681
-99
-759
-2031
2030
154
65
5
15
466
468
-334
2018
2010
1994
2031
2013
2015
2028
2012
2026
303
353
22
-4
-110
-25
-2
-7
33
-4
29
-2
28
-48
-30
-62
5
-19
32
-28
-48
-22
52
-10
-49
-40
-22
-68
11
-26
35
-13
59
-51
9
-31
54
-10
-2031
2028
-2032
550
-1320
-235
951
-296
281
2027
54
220
-550
124
-67
-64
-53
-115
-79
-179
-140
-175
-148
593
-2030
295
284
1272
1127
1576
1007
1090
1302
1255
1168
1269
1086
1463
919
1134
960
1356
1109
1422
1003
1084
1069
1310
1220
1368
1041
888
1359
1211
1277
1362
1163
1483
1204
1250
1072
-385
78
473
-20
278
392
-302
-46
-119
-190
-113
-298
-189
-349
-167
-166
-96
-180
16
-46
-115
-100
13
59
48
-115
-298
-272
-253
-147
-441
-250
-255
-306
-339
-265
-208
-301
-407
-385
-297
-361
-441
-387
-360
-308
-395
-245
-267
-153
-383
-145
-108
22
-199
-125
-212
323
65
282
474
220
11
216
-2032
-187
-563
-2032
-41
205
-432
-1714
328
283
512
-371
646
285
274
152
360
-44
-67
185
219
681
-98
538
-279
180
-166
25
-373
149
-210
30
-191
22
-223
-234
64
227
-113
40
-96
43
-417
-69
-230
198
-211
131
-282
143
169
472
-454
4
-1995
-292
-128
1359
77
223
140
2032
-48
1387
-347
2020
186
995
-82
-80
72
1116
453
581
769
67
120
307
420
-542
-578
-575
-1384
-1442
-1591
-1566
-1243
-752
-1064
-555
-902
-997
-1087
-1008
-1033
-1021
-1148
-953
-1052
-1242
-1330
-1203
-1124
-1365
-1678
-1438
-1466
-942
-861
-981
-1720
-1809
761
-1335
-2014
-690
91
-107
-642
425
-57
29
1853
68
103
-212
1951
-353
1468
-145
-420
134
-350
679
249
-577
92
158
222
-5
121
310
-1021
567
846
660
-554
1440
1095
-4
-419
144
321
224
339
464
561
341
137
-170
-107
103
360
359
105
240
-133
340
-336
445
811
-53
-253
2032
62
-22
4
-931
-81
29
2031
-40
16
63
-2031
95
1273
-209
-1580
-62
159
-300
3
655
-53
-152
122
95
-26
-433
249
-290
-105
235
142
-346
-812
586
619
341
160
193
142
-29
133
582
565
506
-165
-185
-460
332
371
323
8
545
539
99
105
126
239
-11
1137
-2032
-6
80
-26
-93
62
21
-84
-58
-25
-75
3
70
8
32
13
-86
34
-11
-24
-9
53
-38
-8
-65
-2
26
-88
16
93
-91
-83
-93
4
54
-56
35
51
58
-41
-48
14
17
68
-93
-76
18
4
71
55
-54
47
-10
-28
50
-60
45
35
49
-93
69
49
55
84
5
-75
49
46
30
67
0
7
-60
78
-78
18
57
1
-39
-23
-43
-51
45
25
-3
27
-41
11
16
-12
7
-90
35
-27
42
78
-76
92
0
-25
15
69
-69
42
-58
89
70
59
10
-62
72
29
-22
49
76
45
-65
79
21
-55
849
162
-83
848
-2031
-313
333
-206
53
355
4
-1280
454
-129
-66
-114
44
82
215
121
295
6
7
209
107
754
286
381
206
106
228
264
239
308
295
375
283
219
112
193
167
301
431
319
200
188
104
182
153
259
285
388
402
494
379
521
367
319
-1757
0
97
-1905
659
329
509
-449
68
249
43
538
457
108
4
-140
225
58
33
29
198
-18
-25
49
83
149
213
107
126
-2
224
-22
121
13
99
47
125
31
132
-82
142
-19
138
19
149
108
140
157
55
-59
356
148
170
131
338
178
45
40
132
405
548
2032
-293
-284
-948
46
565
201
-54
-90
-8
-7
203
185
187
214
127
290
214
196
171
126
165
184
-70
-4
-305
-199
-89
-161
-70
-92
-153
-141
-114
-232
-107
-150
-167
-108
-100
-139
-150
-100
-132
-143
-149
-244
-118
-148
-151
-119
-139
-29
-187
-110
-119
-172
-138
-1496
2024
-1534
1094
42
-2030
477
-2031
48
-264
190
2031
103
-38
29
59
63
71
71
94
16
163
-2032
-41
-140
-1236
1913
1637
1693
1495
1631
1569
1834
1623
1947
1455
1905
1677
1765
1540
1890
1526
1684
1305
1663
1371
1755
1464
1759
1367
1554
1127
1907
1598
1967
1228
1846
1386
-145
-56
-195
-87
25
-31
62
-14
87
4
75
16
66
-40
-50
29
79
-23
20
-16
-73
47
-21
-17
8
-33
4
-47
67
34
-53
-21
-91
12
38
-34
78
2
-43
77
73
-86
-91
-80
49
30
77
51
87
-57
63
-90
-72
13
-43
-39
28
-5
-61
56
-70
-74
64
70
-65
-86
-76
40
-17
42
6
-62
-26
-27
-23
-30
-16
-1
-59
92
54
33
-41
-12
-39
33
88
-38
53
-20
-39
7
-93
-17
-5
53
46
18
-30
74
91
-52
-81
75
-67
56
39
-61
-73
-75
-65
62
-58
35
-50
4
25
76
-16
64
-55
-84
-2031
-28
-23
275
20
-154
-22
71
80
341
232
-1155
654
1288
2030
-1527
-2032
1297
84
-1335
3
-3
-1
-35
-112
-125
-505
-345
-648
45
-314
-98
-273
-299
656
559
-276
-641
-613
-457
-419
665
1426
1559
83
-1243
-1242
-927
685
2026
-283
-347
-942
-1210
-686
-1285
-1122
-880
26
-26
-13
-78
100
141
129
-186
-72
-198
21
400
47
174
358
-600
-325
162
369
18
638
15
24
42
70
-282
245
125
40
40
280
53
66
81
72
41
136
-146
-3
-53
165
39
-130
-141
95
-31
-87
-215
89
31
-188
-73
-71
-193
-274
-410
-251
-173
-147
-136
73
-85
-4
-84
-38
4
84
-63
49
57
-67
-27
92
-81
-2
62
-78
54
44
14
-6
-73
-62
30
27
35
89
-79
-45
7
-58
-43
63
-84
-16
28
69
-85
-21
43
65
19
37
-16
-87
-67
0
-49
-58
69
35
-7
-88
30
-10
-63
40
12
-92
64
77
-22
-89
-49
63
4
-42
10
63
-28
-28
-82
75
-72
-67
-66
1
65
-92
-72
-89
71
80
-12
-68
35
69
-42
-1
86
-27
-74
91
29
4
-71
-67
-70
-94
91
43
-25
-63
-73
64
-16
-4
-11
-43
80
-56
-37
43
68
89
-28
30
26
-35
-21
-2015
-23
-54
74
-32
38
19
112
-11
-5
-22
-231
190
205
205
234
339
214
188
342
225
-5
-4
-95
-1
393
739
448
259
308
355
457
595
674
767
470
431
605
113
29
446
964
1986
157
-697
-359
-650
99
1828
2028
1481
575
-2032
-2032
-1997
785
1405
2032
1760
50
13
-38
-3
-87
50
28
72
51
81
25
210
224
196
192
293
177
145
328
241
-1
-5
-14
-12
36
5
-33
8
-47
19
57
35
-7
18
-18
-2
31
-36
21
19
24
8
18
12
-41
-20
1
-6
-29
-12
69
-27
14
-26
-8
-47
-110
-26
-12
-11
2027
-238
-4
-258
367
164
106
743
-86
324
-68
378
110
-162
-91
645
511
-205
159
455
42
12
22
161
134
-747
-1465
-1627
-1564
-1206
-1106
-1359
-1484
-1381
-1488
-1413
-1287
-1437
-1336
-1339
-1245
-1340
-1555
-1450
-1260
-1350
-1515
-1518
-1556
-1909
1054
1932
1699
2012
1832
2032
1594
1491
-158
141
12
13
-298
-165
-99
230
-89
4
135
76
31
-56
-69
-108
66
-130
-145
221
213
19
3
28
-10
413
223
292
293
189
424
244
366
322
451
366
365
190
310
224
418
429
381
618
386
285
320
258
433
577
334
357
432
493
473
438
404
534
-56
106
384
-376
-76
71
18
-17
170
58
-13
40
32
6
-143
153
139
154
44
46
177
101
69
122
-44
-53
-13
7
-161
-144
-113
-97
-88
-84
-104
-95
-98
-142
-95
-136
-159
-172
-103
-129
-44
-28
-55
-67
-96
-86
-119
-120
-38
-81
-25
95
-81
-39
-72
0
-47
-1475
223
-218
-62
33
-142
-21
134
53
-78
141
-669
108
50
64
114
210
152
102
-52
101
90
65
7
-71
812
785
784
855
843
1164
1338
1111
751
740
458
768
928
906
757
885
914
-1907
-2032
-2031
1044
1432
1547
1427
1070
-2031
1065
1136
1575
1216
1107
-1680
-2021
-55
-21
-102
2031
-221
-781
-578
82
135
-152
-40
-23
141
-6
-2032
167
82
67
154
33
-22
60
71
89
58
182
77
67
26
-32
-116
-67
-76
62
-180
-14
-230
-125
-239
12
-145
-82
-94
-58
-47
-65
-138
-62
34
-83
-197
4
-173
68
-65
-162
-52
94
-17
-25
10
-194
136
172
-929
-1224
80
-523
-100
25
267
15
-878
217
107
-13
106
-111
73
34
-36
-14
1292
-2012
191
115
-259
-569
-287
-421
-229
-130
-381
-571
-428
-395
-361
-487
-382
-620
-292
-464
-175
-444
-215
-512
-341
-451
-316
-306
-240
-236
-289
-523
-403
-727
-287
-492
-191
102
19
-661
33
17
-3
-69
-8
-42
32
88
-68
86
-80
70
15
-93
47
-56
-88
53
72
59
86
-61
34
-50
-4
-19
10
-36
-5
39
-18
74
-90
54
59
-72
-12
-20
-91
-13
50
-64
-68
61
-25
-20
-53
93
47
-92
20
-89
-35
38
-84
85
81
18
34
83
-64
66
85
-81
-50
17
45
87
60
15
19
90
-43
-70
9
19
-73
-48
-65
7
-71
39
76
89
75
44
78
-29
36
-26
44
-82
-48
-87
-69
87
-76
56
-39
-66
84
16
18
-77
28
85
-27
38
17
-27
-53
89
-93
-21
-68
-34
16
52
45
-29
49
55
0
-8
-24
53
22
18
-40
-45
-16
111
151
166
72
142
182
132
98
116
-20
-30
-52
-4
-52
9
48
-83
-52
63
-98
60
-118
47
22
-13
37
-3
-38
58
0
-5
-36
26
-9
-30
28
16
50
-6
-85
-85
17
-56
14
-31
-64
-1760
-65
-40
135
41
53
-52
153
46
-15
-18
-1220
48
71
122
30
83
134
79
55
55
-22
-60
-95
13
1146
2000
1870
2028
916
1529
1361
1332
742
1824
1988
1847
1518
-2030
-2031
-2032
1340
1710
1597
-1125
-1359
-880
1612
1850
1668
823
543
508
909
1370
1338
1605
1137
-24
-20
-50
-51
23
-2
67
45
38
78
-10
44
23
64
93
61
-53
9
-27
-58
89
-52
-88
-80
-87
-70
39
41
58
18
68
68
13
63
-45
38
-47
60
-21
52
20
43
3
14
61
48
-46
-85
-7
35
29
48
-81
-40
80
18
-12
-63
42
-15
-30
82
48
73
-3
-18
80
-70
-87
-46
74
-54
-5
-51
-9
-20
92
52
-69
-73
48
-31
53
21
-43
37
-8
-38
-85
-29
73
-77
15
22
-46
-87
0
-69
18
-4
-19
33
36
-15
23
57
-88
-88
-8
43
-38
-20
21
-31
60
6
-29
-60
53
-30
-18
31
1404
-2014
-177
178
-1212
94
-1965
900
-64
264
496
-799
-767
655
912
427
613
641
482
262
528
-17
20
190
51
978
-1422
-1808
-1511
-2020
-1172
-1325
-1464
-1786
-1614
-1307
-1125
-1484
-1438
-1392
-1153
-1851
-1324
-1279
-1115
-1789
-1632
-1505
-1252
-1486
-1026
-1322
-1832
-1805
-1366
-1837
-1708
-2030
-2031
396
217
-1061
-221
277
1533
-2030
-59
560
224
-200
1353
-242
-162
-93
105
114
159
287
347
31
5
-130
-31
-241
-1476
-176
-1780
-400
-1924
72
-1861
-198
-1540
-77
-1775
-633
-1400
-307
-1511
-236
-1368
-205
-1352
-162
-1383
154
-1711
-582
-1844
92
-1535
-515
-1883
-304
-1714
-496
399
-1070
-1808
-34
61
-74
-81
44
-45
-58
39
51
56
13
69
-14
1
92
35
-80
-59
-31
70
9
56
-70
-1
-45
68
-70
-7
-27
51
-7
-6
-81
24
12
93
-26
-86
72
-58
57
-33
92
25
18
-71
-53
-61
57
-2
-24
42
66
-26
1
-61
22
-37
-1
78
-31
57
-32
-58
55
92
18
-12
48
-53
-46
37
77
65
35
-92
-54
12
50
-4
-54
-54
-25
79
25
-39
50
33
-65
1
17
86
-84
90
44
19
-93
-22
84
-23
-12
-61
61
-76
-90
-60
-63
-61
54
66
-34
23
-7
-33
-1
-75
-14
-85
73
-409
-147
-81
33
13
165
-37
0
-54
-17
16
-125
47
54
39
-73
119
67
57
62
111
22
34
-38
-3
13
28
27
8
22
15
90
5
15
77
18
4
-3
36
-28
50
3
19
76
37
-7
8
5
22
43
151
21
106
-27
83
-16
58
-24
-383
69
-80
-58
19
-125
-9
120
6
-145
-120
-340
19
10
19
-53
97
-18
-35
84
56
45
57
105
-2
541
464
685
563
332
484
709
386
247
338
350
395
550
461
405
471
553
-1985
-2032
-1885
759
1660
1601
1623
686
2030
742
-1467
-2020
-1589
624
2032
1974
13
3
-96
-852
244
-311
1012
-456
-426
-306
2018
-12
2016
-2013
-2031
-1315
462
489
1464
1831
-2022
-1127
-676
-1081
-161
-14
1199
319
79
-1165
-1259
178
487
-577
398
232
-961
-84
-1193
-163
1359
1571
1857
684
-810
325
1030
758
96
964
122
-465
291
-501
700
581
-627
-248
286
768
338
-2032
97
287
-1376
1257
931
349
2022
-91
-1803
485
-1849
-256
-579
126
-27
1609
-445
12
486
695
268
128
-504
-964
-647
1381
-449
1110
303
1785
1848
2030
-1429
1328
421
2027
545
1549
923
2030
-8
1346
1224
1903
330
1546
333
1435
833
2023
1215
2031
-532
2031
-420
969
297
-922
492
1719
-372
609
-351
-523
-197
-520
-19
-1660
25
-98
208
454
-54
10
-19
63
-9
-152
-64
-5
5
341
347
-244
-123
164
772
773
764
786
703
662
636
723
645
602
663
810
609
614
529
723
615
563
575
729
729
603
702
729
624
731
636
917
694
696
803
750
2032
357
-101
-58
236
-457
-718
-318
64
-237
-65
-837
-124
-256
-198
-151
-185
-76
-106
57
-15
84
-14
-104
-43
196
-120
-220
-289
-193
-216
-177
-298
-252
-304
-151
-273
-152
-254
-5
-297
-267
-157
-36
-263
-251
-211
-122
-188
-161
-236
81
-250
-206
-121
22
-213
-176
246
255
-2032
-1989
43
20
-37
-21
-57
-22
19
-8
55
87
-66
84
118
101
80
119
110
99
98
101
0
-9
-22
-20
49
-52
-24
10
125
52
110
-7
67
47
64
16
131
49
92
31
98
35
91
85
50
23
62
2
20
15
12
37
-16
-5
31
-2
-35
-1723
-31
-77
-87
-31
45
74
-394
-26
154
-115
-53
64
-57
119
54
63
-27
93
134
47
44
37
-2
92
26
-837
239
1945
2032
1569
-307
-1051
-1105
-365
-262
2028
2031
2032
-451
-377
-378
-194
54
506
463
178
-119
-440
-215
409
498
460
19
145
116
121
-107
64
2
-45
-1961
31
-626
423
202
-312
67
-898
73
382
419
45
-231
231
-64
-396
865
-182
-409
43
-51
130
250
-11
46
557
-374
-489
242
195
267
-241
112
-319
-169
-407
-126
-243
146
17
-256
-114
-65
44
-176
113
60
-419
-494
-621
282
-41
223
-302
-211
-492
-188
19
-207
-9
809
-2028
-2032
489
559
-1161
58
-200
358
-557
184
-676
-435
-696
49
-27
19
61
226
111
-198
-52
-35
-309
396
-120
213
-165
718
-40
463
15
273
-407
571
51
572
146
643
-81
474
292
600
-145
191
-194
571
110
704
-157
544
12
363
178
368
129
181
119
1905
-79
-30
-46
64
14
-37
-4
38
4
-24
14
84
-9
-25
-47
26
-22
-52
2
-68
-75
-58
-89
-34
30
-8
-10
-20
-78
85
-67
-80
-35
16
28
-32
-1
-90
-2
76
-61
-9
-43
-34
33
10
-11
10
17
-9
-83
-89
75
28
-36
-50
-56
-18
-10
-92
-26
-35
60
77
23
78
-26
80
-84
-82
-68
31
-4
3
4
-58
21
-76
-57
65
-61
84
-58
-82
-62
21
75
-34
78
73
-43
45
58
-1
-29
-9
6
36
15
-92
-11
-9
91
-27
32
-26
-30
-5
21
27
35
-8
-44
-79
36
19
71
-43
70
2032
-494
155
-16
-393
-197
1743
-631
-85
-201
581
-620
-1385
433
73
341
364
239
361
588
439
86
-9
66
-269
-2032
-1413
-906
-1745
-289
-968
-812
-1359
-736
-1998
-511
-1423
-489
-1405
-432
-1718
-394
-1455
-671
-1604
-125
-1673
-409
-1528
-562
-563
-679
-1028
-561
-1039
-854
-1527
-19
1895
-324
-323
-5
941
-1138
-1711
-730
80
91
151
898
384
-322
111
-182
93
133
266
259
193
-15
102
161
223
1590
-977
-291
-561
-410
-584
-151
-5
-621
-304
-164
-887
-692
-908
-400
-1026
-392
-781
-461
-1095
-273
-376
-375
-886
-482
-712
-159
4
-578
-1032
-189
-167
-436
164
-32
1485
-1217
-414
-1636
1745
660
450
609
-441
7
-232
483
-2031
-106
238
520
349
416
40
179
27
-18
-450
114
-425
-153
-1143
-623
-467
-322
-252
-587
-322
-392
-243
-549
-497
-661
-272
-813
-435
-611
-479
-634
-547
-376
-636
-457
-825
-642
-617
-270
-355
-291
-138
-317
-634
-234
-265
2031
-148
1441
1757
-4
-249
-731
2031
-73
197
58
-335
-263
670
232
663
288
216
74
35
83
-238
-628
28
-14
-778
-980
-1568
-423
-1164
-1032
-1496
-827
-1082
-916
-1206
-1019
-900
-829
-1060
-1176
-1157
-880
-1225
-1282
-1310
-1122
-1335
-1118
-1113
-1087
-1286
-999
-865
-745
-1309
-584
-1086
-74
-1
-246
-2032
-107
-376
1828
702
224
-1188
-346
-84
-2
1
412
2
6
29
2
12
26
25
8
8
117
291
-33
6
-223
-144
-73
-100
-37
-110
-75
-108
-27
-102
-47
-148
-69
-96
-111
-80
-44
-129
-120
-108
-87
-101
-44
-107
-45
-124
-61
-114
-63
-90
-56
-105
-22
-2032
6
630
-1778
2032
14
-1795
-55
-51
56
114
-22
-9
-4
-6
37
10
-4
14
36
2
-208
-468
-1
-12
-9
-22
-54
-36
-75
-7
-80
-37
-10
-66
-75
-58
0
5
31
-34
-8
-28
-45
-59
-56
-24
-23
-12
-39
-30
-57
-58
-23
-86
-80
-47
-91
57
71
-508
2032
256
81
-2031
-715
-508
-1700
-78
-45
-76
-20
-106
-109
-24
-127
-82
-80
-77
-58
-42
-28
-104
-119
-40
-4
732
412
402
425
278
391
289
396
370
375
385
443
332
442
366
457
365
422
416
449
312
397
357
474
360
439
286
361
359
484
406
409
332
1823
236
-534
414
2031
-153
1574
116
37
-31
-86
256
33
-84
-41
-44
8
-32
-36
-7
-23
222
295
32
17
280
170
80
185
68
271
204
210
12
135
111
201
11
178
125
191
99
182
128
187
89
133
91
237
52
301
191
187
17
195
108
171
159
2
207
-2032
-2031
190
-98
-2019
529
-172
-181
-57
85
-17
60
117
-46
17
-7
18
4
-10
-12
-12
-22
53
70
-41
-26
115
201
251
181
216
169
229
178
237
187
234
158
228
179
208
157
226
183
215
159
227
167
208
157
231
146
226
174
227
164
239
193
209
-1935
172
137
-939
2032
-306
444
-168
31
-80
-3
75
-87
-6
-7
-50
-23
-27
-48
-47
-37
-25
-39
-6
-14
168
103
140
160
202
167
161
162
151
153
153
165
163
172
167
129
164
159
186
130
160
156
141
152
167
145
176
144
115
82
131
147
153
-55
45
-2023
2032
158
-219
-19
-2032
-85
139
940
-4
178
258
-368
813
840
827
792
824
822
788
810
793
123
154
-73
-26
679
680
248
593
561
1007
-215
919
346
588
181
425
109
471
145
476
418
598
455
602
365
656
172
902
140
1133
-353
736
567
423
346
851
387
2032
151
298
1174
-1595
20
543
2029
30
154
208
-1746
833
895
919
879
902
926
906
882
879
4
-97
-82
-16
-882
-341
-54
-402
-313
-325
-486
-460
-489
-413
-483
-601
-502
-427
-274
-652
-308
-485
2
-518
-782
-332
-464
-363
-251
-222
-675
-340
-563
-256
-294
-278
-497
-83
-2031
-2032
44
45
0
44
51
-52
-30
8
-74
-43
-97
18
67
-96
93
72
40
-46
-30
14
65
22
-28
26
17
-92
-34
-73
57
22
-76
-77
30
-92
78
32
-70
-71
-48
33
-95
43
-22
-89
-82
82
-81
-4
-14
66
-15
-90
-42
79
-4
-51
63
-37
62
43
-47
2
-83
24
-26
18
-22
-86
86
63
11
-13
-76
-94
-41
-66
-91
-20
-30
-65
81
34
68
3
67
-22
38
-62
-82
56
-90
11
-64
14
74
77
76
52
-45
65
-9
86
-80
-75
50
-73
62
25
-37
-81
11
-88
13
43
-34
-52
75
-79
41
-35
-43
16
-77
7
-50
-23
-9
-9
-8
28
65
-40
-31
-40
-45
44
58
3
-74
8
23
-70
3
45
23
-36
-85
24
-85
37
-80
-17
86
-87
-15
-8
10
-53
81
46
-44
-34
-10
66
86
-54
-82
-5
-22
58
65
15
73
78
-7
-77
-42
89
9
20
25
48
-62
62
17
-20
-28
75
0
-20
57
5
-58
-12
-27
41
-17
-44
41
-2
60
-26
-41
34
-86
66
26
-74
-90
-65
55
25
44
85
83
76
65
-41
2
20
-28
4
63
52
68
22
62
-54
-81
60
17
59
77
47
-72
-34
70
-80
2029
-171
12
-111
188
145
81
306
67
370
-34
96
52
292
404
-233
285
623
75
-267
86
0
1
107
137
-725
-1201
-1322
-1253
-1276
-1018
-1172
-1163
-1185
1227
1807
767
2032
1124
1947
656
2031
-1244
-1215
-1066
-1031
-1278
-1093
-1014
-1377
-984
-1189
-1045
-1335
-1245
-1433
-1293
-1332
1363
161
7
-21
-137
-195
-96
274
-18
117
72
197
133
231
383
91
135
169
279
108
111
10
1
130
55
398
429
371
232
312
290
254
298
490
378
402
238
350
406
437
243
265
313
339
347
352
338
309
374
359
409
390
437
406
414
345
420
316
82
94
258
-230
1092
-533
-582
1039
-1567
-1277
0
48
-271
-59
1313
-416
-369
-319
-409
-376
-396
-419
-517
-474
411
431
66
-109
1011
555
487
604
554
809
578
627
641
690
748
809
630
792
686
836
704
711
661
768
605
742
676
819
643
777
640
647
519
715
608
654
665
1100
1181
-387
295
1831
-2028
-2031
181
15
-318
-233
535
-409
-387
-443
-393
-417
-473
-437
-527
-464
104
245
33
-77
2014
1145
1082
1167
872
1221
1033
1213
1012
1312
1196
1303
1082
1310
1077
1377
1286
1260
1076
1313
1113
1267
1174
1298
1020
1302
924
1330
1031
1211
1020
1197
987
-93
76
114
-919
-112
90
-1044
32
181
169
-2029
-77
-932
358
-213
-648
18
127
458
440
172
60
435
510
-56
-101
-403
-499
-172
776
121
880
-19
198
816
298
-582
965
111
696
295
573
249
831
-497
549
487
906
-405
886
47
604
63
152
647
349
-146
954
-416
482
190
-1303
78
-11
-301
-462
-184
8
-412
-45
1427
-641
-114
367
1659
-1209
508
433
-412
-1153
-541
245
131
127
-147
-237
118
-224
450
498
1060
-207
327
-211
318
605
807
499
886
240
550
554
514
574
771
1045
529
716
-5
470
974
-324
812
444
516
133
-214
-119
274
-158
494
-2032
-938
123
-6
76
-100
-56
82
-924
-46
-56
72
-345
426
577
463
286
312
394
370
361
429
-15
-13
-107
-49
673
-1177
2
-2031
-1098
-2031
-367
-1671
-115
1866
1418
1972
1356
1724
1068
1530
1224
1612
1326
1657
1228
1426
1076
1392
1391
1716
690
1612
1276
1935
1203
1947
1594
860
-37
-6
-138
27
-11
-41
-78
74
-74
-127
121
356
469
315
231
273
415
221
241
339
15
17
-29
-3
48
47
47
41
25
-68
59
-65
42
-25
1
-22
-10
-74
-39
-32
-70
-70
-60
-41
-38
-87
-67
-99
-112
-94
-130
-135
-149
-42
-134
-128
-164
71
-39
42
-11
-65
-54
31
10
13
-81
13
-74
93
-67
-23
-21
-3
-21
39
-58
18
-38
-77
-57
3
-76
-59
55
-58
-72
-36
16
-64
-33
-28
-88
-2
5
67
-44
-23
68
39
92
25
-8
72
31
-80
46
-47
92
37
2
81
72
27
89
5
-27
4
92
-79
48
24
64
45
-81
-93
-42
-1
-67
51
91
-46
83
-37
3
-77
-41
-24
38
-74
-44
27
-58
40
58
6
6
74
50
13
-16
-15
-5
-64
17
66
69
-34
70
-82
76
77
-7
-28
-30
-35
-12
3
-55
-76
90
31
63
90
-67
-60
72
-68
72
-938
-2
113
-19
-89
83
114
1016
2
11
-289
1357
-35
-542
280
637
-297
367
-192
-191
209
-51
-72
170
118
-124
294
438
-810
-220
-148
-34
-320
-407
-226
197
-34
-456
81
88
-620
-161
-180
-143
359
9
-118
-607
131
51
31
-591
413
228
-216
-860
520
203
-1834
-7
-151
-22
-6
-163
36
-478
48
-4
46
-227
-110
-2031
2013
1419
-1888
667
1028
-760
-1175
41
71
85
126
113
1196
-315
-46
324
567
682
1398
2032
599
-194
244
447
552
380
931
1294
62
76
-426
-977
-266
214
260
178
-656
-318
-1452
-2030
-1675
211
-487
-337
64
124
-2032
-1592
137
-154
1
217
-85
189
-1413
37
11
-114
271
-146
-358
-105
-174
-75
-169
-276
127
-69
47
58
157
30
192
100
59
220
59
7
222
174
163
74
-57
180
-41
-11
181
74
131
69
61
173
108
143
6
248
161
159
34
403
54
229
-47
243
64
2030
-162
351
-121
-1938
216
-190
-806
16
-280
12
2030
-419
-333
-607
-83
-315
-283
-237
151
57
132
-120
176
-48
631
461
-159
535
-42
676
-140
577
32
394
-272
635
-222
386
-57
524
-266
499
-170
773
20
597
-136
523
31
498
-260
718
-189
277
-226
428
-150
40
147
-2032
-859
-103
305
1565
-439
-471
834
82
-37
-53
81
36
-136
14
-47
29
-13
-127
-137
-41
-56
-252
-272
49
-27
378
-152
-336
-273
43
-230
-104
-247
-185
-239
-291
-169
-203
-178
-167
-166
-81
-247
-194
-121
-147
-218
-242
-44
-203
-139
-144
-266
-247
-214
-406
-255
-131
-1622
528
-2030
2031
2030
-151
634
2028
-48
-215
139
-2032
-15
105
96
6
104
-45
-133
-96
-98
-221
-1815
-530
-118
-275
77
990
699
917
731
958
487
882
409
995
288
1040
573
1078
536
1226
361
1068
601
1150
426
1018
161
965
432
794
367
988
-36
974
185
840
-133
219
1576
-1983
-448
-658
-396
1164
823
473
-184
-55
300
-80
1276
176
-16
-226
-299
-242
-133
-277
-251
-199
204
572
76
83
1034
1020
899
1562
1070
1195
1152
1274
1182
1178
871
982
1278
1254
1068
1079
840
1208
1387
1158
1081
1276
1093
964
1373
1514
1124
1336
1087
1115
834
1459
922
2031
336
-1317
1150
-2027
-409
130
-1229
48
46
-119
368
-166
-506
-507
-527
-660
-171
-52
-246
-219
264
551
253
61
-299
-988
-672
-847
-801
-887
-922
-1027
-751
-828
-872
-1011
-919
-791
-1024
-910
-741
-779
-720
-789
-767
-805
-784
-866
-865
-849
-814
-883
-939
-1017
-863
-828
-937
282
-8
-1880
247
742
-276
-567
236
-892
-1283
-179
77
-41
4
1021
68
-1
-9
38
-32
49
90
78
80
216
253
42
-9
838
621
687
633
653
660
780
630
638
665
727
634
730
640
767
657
644
643
799
607
717
699
749
624
704
630
845
604
679
606
723
624
655
-2022
454
-508
-706
-460
-713
1988
649
-2
-34
-27
1636
-92
-40
8
-56
16
-69
-5
4
6
368
430
98
13
-791
-1983
-1468
-1765
-1309
-1699
-1324
-1986
-1653
-1950
-1432
-1825
-1372
-1633
-1249
-1707
-1426
-1760
-1244
-1739
-1379
-1804
-1319
-1761
-1313
-1829
-1364
-2031
-1590
-2032
-1533
-1894
-1353
-9
-125
-1642
1226
56
-78
175
69
-267
-445
29
-63
41
-10
-326
41
45
101
-31
-178
201
116
-137
-66
-7
3
27
13
459
100
194
261
120
117
197
169
182
107
227
31
142
144
126
237
95
210
153
89
210
268
153
142
241
277
-52
162
68
200
80
107
64
-2030
-107
10
2
-79
19
237
-601
-78
38
-9
-32
-63
-59
56
0
-102
58
186
-239
-109
2
3
-73
31
-1056
-1518
-1409
470
2027
1287
-970
-1280
-1426
2023
2018
1531
-1416
-1757
-1575
-1073
-437
-1875
-872
-400
405
76
-718
-1585
-1113
-1855
-1356
1992
2032
1834
-1328
-1982
-1654
6
74
-298
-1694
-1979
877
-2030
-1603
2032
-293
-265
-92
39
99
-2031
-34
47
14
32
7
-7
13
5
35
726
-2031
-48
-16
-1047
-918
-989
-829
-862
-886
-851
-784
-937
-864
-916
-931
-939
-824
-903
-865
-944
-886
-933
-920
-886
-823
-950
-886
-941
-947
-826
-875
-896
-885
-975
-875
-796
-2032
-469
220
-1867
1359
539
1355
159
-48
62
63
-214
-87
-71
-95
-59
-91
-113
-101
-103
-75
-57
-117
-17
-15
-479
-484
-500
-469
-559
-480
-512
-415
-497
-429
-463
-474
-484
-439
-447
-489
-516
-442
-461
-489
-562
-471
-495
-475
-461
-468
-453
-422
-484
-426
-421
-437
-503
-47
-23
-1423
2032
-74
-53
339
-87
12
-35
-1562
-87
306
-12
-509
-633
-717
-737
280
-1001
-873
-418
-482
-931
-40
2
-189
98
-190
-423
-441
-336
-163
-256
-307
-259
-205
-331
-268
-315
-218
-274
-241
-251
-384
-260
81
-431
-319
-221
-94
-382
-207
742
2031
1292
736
1575
2032
1559
502
2032
33
74
-604
-1353
-41
-65
1129
30
-287
94
151
-619
-395
-553
341
-715
-696
-129
-136
-693
73
46
-19
-60
-23
59
-157
166
147
26
59
-48
-98
-7
17
119
203
132
-55
211
175
-99
166
-6
600
180
87
128
590
-964
1154
-313
1036
276
-213
84
1596
-161
269
355
54
29
-55
71
-18
-33
82
-51
93
-74
70
-47
-95
38
-1
-20
-12
-68
-42
63
25
-5
-21
1
0
-35
6
-55
-24
50
9
45
-20
-40
13
40
27
28
-86
74
42
47
-58
-53
40
13
-30
-33
-80
-69
-49
-15
50
5
37
-84
49
40
84
18
-29
49
37
60
71
69
-79
1
-25
39
-35
-23
-87
23
-7
-19
-18
47
8
50
-96
38
47
-18
-20
-72
90
-78
-64
-45
-27
72
-52
28
17
-75
-47
47
-34
-69
81
65
-93
70
-85
76
63
71
64
5
60
-73
-40
73
-51
-70
-1
79
76
-4
-10
57
-63
-54
9
87
28
-5
29
-38
58
-55
24
-10
69
-51
-49
25
25
-43
8
-81
58
6
-62
-57
87
-62
-15
90
-87
8
-49
-58
51
54
77
24
-15
8
-90
46
36
18
16
5
-73
-62
-50
65
-26
69
-60
74
25
60
-57
78
19
16
-49
-10
56
2
64
-30
-17
16
24
33
88
26
27
-83
-63
-36
-78
-89
40
-41
41
-78
-41
-72
93
28
-41
87
48
3
87
-66
24
-76
23
-79
70
8
-32
55
92
86
-50
71
-58
-8
-52
82
-78
-81
-89
-35
-93
-83
83
9
26
57
1050
-129
-32
117
138
209
61
-438
64
29
-251
-165
242
-93
-44
246
58
278
174
411
101
-19
-3
54
75
-190
-178
-271
-196
-303
-156
-350
-71
-107
-169
-335
-7
-259
-136
-434
-53
-287
-5
-191
-119
-353
-232
-267
-143
-246
-52
-145
-67
-283
-19
-257
-179
-179
-2032
179
-54
117
23
-173
-74
-107
59
-15
593
-165
102
-177
-50
632
288
-454
199
768
363
-2
24
-192
-216
898
1535
1235
1570
1586
1545
1401
1778
1806
-1219
-1801
-533
-2030
-1055
-1811
-1070
-2032
1621
1369
1416
1541
1801
1372
1144
1536
1324
1321
1466
1711
1532
1342
1520
1372
-126
-5
-276
-1747
65
-333
783
1225
4
783
-1545
33
835
666
2009
1290
1319
1119
1090
1019
1130
984
1026
1061
119
250
23
21
-1399
-1093
-791
-1297
-518
-1189
-177
-1032
-582
-1213
-586
-1306
-677
-1121
-473
-1240
-397
-1133
-728
-1030
-451
-902
-688
-1054
-606
-859
-497
-899
-532
-904
-926
-1276
-445
2030
621
85
-2030
-1793
-803
-1233
-79
25
756
392
160
1830
1027
1212
809
1206
1192
1117
1050
1262
-12
-32
148
12
1194
141
176
174
-35
411
-200
84
273
246
243
257
103
214
110
402
156
272
337
354
164
292
112
113
92
453
-94
134
282
305
107
120
-52
305
126
-2022
2031
-192
-82
-11
263
-279
-1959
536
37
120
87
-2031
-22
245
351
-98
299
76
196
110
127
-168
-179
338
100
230
-577
-330
-287
-308
-275
-134
-376
-388
-611
-402
-309
-327
-399
-275
-326
-211
-580
-431
-478
-351
-495
-339
-309
-511
-160
-266
-629
-529
-463
-361
-404
-405
2029
-36
-238
-271
-98
-146
1619
-855
30
-62
229
-834
-540
548
216
173
479
236
134
251
323
205
200
-225
-89
-910
-7
456
145
460
166
306
-105
122
439
489
256
508
394
700
352
487
417
518
572
289
515
160
200
12
128
480
-100
81
-121
411
173
480
28
822
2032
558
41
242
-112
-10
-59
-11
-629
72
179
-115
245
158
-588
352
-449
450
131
-90
-63
-216
-15
-51
421
85
-129
-427
-616
-92
-237
-509
-397
-175
-330
-269
-462
-430
-668
-500
-546
-441
-231
-385
-458
-438
-253
-101
-303
-374
-462
-600
-412
-608
-521
-574
-661
-482
-370
1758
38
-1458
-1388
-209
132
44
-1408
50
-802
321
1493
-1098
-257
-127
-71
-170
-26
206
157
314
361
1332
-162
-80
258
843
598
678
728
638
995
1003
727
443
102
887
528
920
442
1003
312
977
822
898
760
635
697
810
819
1061
546
1014
757
1205
254
561
634
154
319
-1978
135
56
-34
-30
-59
-104
-14
-8
-53
39
66
38
39
-177
-213
29
49
-240
-4
73
52
7
20
-14
-9
179
17
86
67
66
228
185
43
111
71
31
92
144
149
130
152
79
104
72
97
84
123
38
79
88
99
74
114
69
124
24
90
71
-1935
-85
1
-3
19
80
91
-19
32
171
53
-50
60
51
32
13
-11
-53
22
34
-11
-6
-11
46
34
-346
2032
-122
-1630
-199
2032
-228
-1419
-171
-326
-272
-371
-334
-234
-233
-336
-335
-359
-407
-313
-395
-325
-384
-342
-415
-378
-445
-241
-381
-339
-398
-310
-350
22
11
36
1654
-137
-75
292
-638
45
-855
-122
-90
-1035
1204
-1113
-1099
-1455
73
-867
-1526
1055
1607
1226
812
72
72
-737
-284
696
400
3
177
705
1105
1270
1079
449
1696
910
1228
1221
1299
1302
1835
1073
1829
1233
1608
50
942
1040
1481
1541
1205
1299
1315
707
1013
1317
944
1293
2029
347
244
-242
387
-108
116
-767
85
175
-31
-2031
222
760
757
328
473
-512
-980
-218
22
-128
-243
72
-395
-587
-1132
196
-542
368
-1058
133
242
-83
-849
127
-532
-45
-859
261
-504
302
-258
122
-355
649
-437
7
-788
215
-903
-175
-101
246
-940
-137
-536
68
-1161
-362
2032
-634
107
30
-90
-121
-143
-70
325
32
-71
15
165
185
61
238
480
310
-112
295
184
99
16
1
53
-15
151
67
166
165
152
128
105
73
124
111
141
19
189
-106
105
23
240
99
398
19
191
76
283
-22
194
-4
248
77
151
214
155
68
178
2027
-170
22
-101
-1
135
90
39
-88
399
-149
14
236
-158
-47
508
498
-313
103
795
184
7
-6
185
162
-759
-1290
-1090
-1428
-1192
-1132
-1180
-1286
-1628
-1517
-1199
-1058
-1341
-1379
-1167
-1177
-1300
916
1828
1038
2032
1013
1765
487
2030
-1224
-1298
-1338
-1410
-1302
-1371
-1434
-1298
141
-10
-183
465
-286
-61
-20
6
378
69
-26
-76
-51
-82
-187
5
4
-119
30
12
-4
45
1
-70
10
25
50
15
-158
-110
-187
79
-23
-79
39
32
-9
-182
-203
-31
-157
-67
-42
-186
-103
-173
-176
-113
7
-134
-84
-165
-156
-102
-55
-163
-122
-194
-123
-176
-59
-2021
386
-34
-72
46
-330
-81
338
19
-259
71
-288
-55
-67
62
-125
-77
-94
-55
-55
-101
30
21
151
-109
1069
-1756
-2032
-1523
1378
1387
1574
1702
1275
1619
1492
1714
1351
-1844
-2032
-1537
1318
1156
934
1132
1001
1337
1218
1459
1029
1164
827
1111
1090
1211
772
1140
1209
-120
0
-139
-2028
351
-914
707
714
-133
-67
2029
71
264
25
2032
77
-105
244
-17
261
53
84
100
77
601
-1539
190
70
-1269
-879
-829
-883
-1091
-972
-896
-935
-868
-838
-767
-959
-788
-988
-829
-977
-758
-930
-909
-1036
-805
-882
-881
-962
-923
-916
-841
-907
-792
-821
-763
-765
-859
2032
-105
144
191
103
262
-162
1638
-31
-45
189
193
-114
193
-13
226
316
74
44
270
202
-11
-58
-29
-29
-322
-53
-118
-38
-36
-21
-215
-88
-114
-103
-91
57
61
126
20
-64
-12
27
-56
-59
117
-29
-71
51
-49
25
-82
27
135
83
-14
-88
-32
152
-294
477
-2029
-160
471
-377
-1275
1117
-1044
-2032
-17
-1921
1431
-2032
1810
-430
-1715
171
-1998
-1736
-1258
-1476
-980
246
59
-1033
-593
888
900
463
1752
652
1031
183
1227
161
1083
1168
548
943
370
196
512
1524
684
529
834
869
70
515
370
1370
1009
-38
1635
671
757
572
1875
1118
29
930
-611
-311
224
-327
304
-1241
-52
2001
-2007
1921
-585
2029
1955
2028
-39
-1059
-1501
-2031
-1681
-130
58
1913
467
-1611
-1661
-728
-1178
-371
-1906
-188
-1972
-1327
-1277
-499
-1922
-706
-2029
-227
-1751
-853
-1901
-942
-1683
-1166
-1574
-874
-1834
-125
-2018
-460
-2028
-2031
-1996
-1119
-1185
-595
303
558
-2032
-2031
-148
-663
-1132
325
178
-463
-33
41
86
55
171
-285
-277
-275
-333
-365
-217
-273
-282
-256
332
425
-93
8
-283
-267
-177
-253
-212
-279
-236
-256
-190
-229
-199
-235
-219
-259
-250
-237
-236
-209
-232
-260
-213
-234
-226
-238
-180
-259
-182
-285
-152
-253
-183
-239
-155
-1997
-338
1867
-1838
-336
269
-1387
-702
30
384
335
-2032
-101
-145
-212
-153
-191
-134
-138
-157
-127
974
-2031
115
11
-698
-516
-383
-489
-322
-346
-310
-480
-416
-461
-237
-412
-258
-533
-238
-474
-171
-498
-185
-519
-262
-559
-184
-460
-249
-418
-369
-462
-254
-506
-442
-556
-206
1
-115
-1038
-23
-92
-84
81
-38
-4
41
54
-76
63
7
-85
22
-72
38
25
20
64
-68
-80
5
31
70
60
-11
-63
-10
-68
69
7
69
-15
-87
-83
-37
-23
17
75
-16
37
11
12
-64
-38
-6
-63
9
80
26
90
26
-16
-84
90
-67
-6
-78
9
56
-59
-75
79
-30
0
71
69
-48
89
-37
10
-79
20
-75
-75
53
-71
59
-34
-51
2
-60
15
-80
-80
-89
-89
45
50
47
14
66
-83
51
-74
49
-25
16
43
-54
-56
14
-64
14
44
-7
-87
-79
4
-51
93
28
-33
-44
-37
58
-64
52
-77
-6
-978
86
1
31
-12
-134
-73
15
-34
83
101
-65
204
202
60
152
171
107
136
170
204
-2
-3
27
-10
138
71
56
130
174
79
168
74
82
102
68
92
167
60
133
87
120
79
124
85
134
97
128
73
94
73
87
91
84
57
60
76
65
-1862
-129
-7
-105
-43
85
117
-253
-12
84
-91
349
104
22
21
46
77
-41
79
84
131
21
14
63
63
-559
1966
-809
-1643
-1592
-1531
-890
2032
2032
-536
-586
-398
-469
-422
-543
-520
-574
-409
-594
-317
-382
-336
-569
-413
-479
-609
-555
-526
-509
-468
-537
-521
-602
34
32
-12
-1795
77
-151
74
-568
-102
-50
-930
53
-353
-51
687
947
-1836
-987
-1834
-1253
2030
-1671
2029
-2032
42
89
102
27
1005
1739
-327
731
1953
1131
1415
1036
-125
1987
76
481
567
971
1153
643
12
1050
1232
575
117
1893
172
591
608
1613
1674
1105
59
1526
-453
569
1999
-2031
131
-8
-433
71
322
157
526
75
46
-103
-225
83
-835
-436
-297
-692
575
-239
591
-435
-13
2
372
37
-73
262
330
1027
14
-1402
307
1318
-142
-906
-219
1195
105
-1595
-172
442
656
-2011
-387
257
658
-1169
-325
1320
-98
-1478
-254
982
-183
21
263
1315
184
-176
397
677
-390
103
1
100
-12
-189
-152
14
32
-29
-25
-52
129
-40
68
127
18
-14
126
59
153
-7
-18
40
3
152
63
122
100
-36
125
100
-10
-21
75
-17
95
70
93
90
30
-29
-61
25
20
115
91
76
79
-16
1
121
43
80
37
-64
63
73
-1997
-63
-66
-198
-25
9
178
-760
18
79
-16
334
56
77
88
-112
-98
95
162
-49
25
65
65
166
31
-1071
1191
1892
1227
-1567
-1477
-1348
-1640
-1369
-1543
-984
-736
-393
-726
-831
-1707
-1478
-620
-1091
-782
-841
20
-278
443
-578
-1745
-1200
2032
2032
2031
-1583
-1898
-2000
-27
47
-107
9
-77
13
78
87
57
81
-22
81
-81
4
73
-35
-33
-29
-51
85
6
43
10
15
-12
-81
-3
11
-51
-81
86
45
-10
-85
15
-56
40
15
54
-84
-29
-49
-77
-29
-4
-10
84
59
82
73
-24
48
81
64
73
25
-58
17
31
44
-24
89
-10
-66
76
-1
93
-88
-7
-34
53
27
-15
15
45
11
-31
44
26
85
-37
-42
63
24
-38
-35
15
15
86
90
25
-20
-71
32
46
-31
15
-59
-24
-73
-43
65
93
12
64
-87
7
-72
81
72
-18
40
20
-63
42
-42
-44
62
27
37
-3
-30
160
55
15
121
-14
-275
-264
26
-42
35
60
-154
61
12
24
117
265
-25
133
133
46
-34
-37
-14
0
270
-24
15
-63
-85
70
-81
-10
53
40
5
7
31
178
-45
32
-51
52
-33
12
-71
-13
80
-7
-10
98
68
26
-14
-20
67
74
-26
-2032
-41
-70
-20
-45
-13
220
-585
5
21
-14
222
16
85
85
-2
-5
-41
153
76
174
32
55
16
31
-1209
-161
-662
-1147
-1024
-1948
-1583
-1184
251
1223
2032
1514
-1268
-1474
-1123
-1688
-1395
-1636
-871
-1764
-1565
592
2030
805
-1623
1740
2031
1593
-878
-1876
-1691
-1777
-1173
11
71
-208
-1015
-114
-63
-173
-39
80
-20
-206
75
-85
-167
417
245
173
183
76
127
153
137
79
152
42
63
-22
9
-35
-164
-119
-145
-126
-168
-110
-108
-66
-161
-93
-258
-128
-80
-179
-159
-137
-65
-169
-142
-231
-208
-193
-167
-208
-175
-222
-88
-262
-82
-171
-131
-212
-155
177
-79
112
-54
-130
97
-961
53
-120
-84
14
249
176
307
298
161
267
299
233
177
-6
35
-46
-27
606
1341
995
1340
962
1500
1300
1592
1148
-2032
-492
-2031
-504
-1811
-325
-1900
-565
1604
961
1507
1296
2031
1427
1804
1158
1770
866
1740
1361
1627
867
1811
1500
108
-62
0
-1036
-18
6
-10
-2
76
59
-6
46
63
79
-145
103
174
71
125
100
162
68
83
144
-3
-16
-40
-6
-88
-37
51
-30
2
50
-59
-39
4
52
14
13
-17
-5
-16
14
50
-37
-60
-15
-25
-23
-18
-17
-28
-48
-70
-8
-84
-110
-52
-47
-50
-1880
109
-118
-17
22
-61
-31
-67
-19
-37
-8
-487
18
12
133
-13
61
30
63
74
109
45
38
44
-7
665
503
329
763
1095
1095
478
801
818
2032
758
-1952
-1820
-1740
870
2031
1949
368
644
597
985
-1765
-1981
-2031
863
1929
916
1131
650
748
378
1296
1249
-57
-19
9
-69
-45
-33
-74
46
-10
-17
-65
6
-43
-84
52
30
-53
-2
-61
84
73
78
6
52
11
-30
48
-89
-30
73
84
37
-52
29
1
-86
-49
-6
10
-66
-48
-66
27
78
62
81
-19
-20
-74
66
-62
10
-38
-19
88
69
-61
90
-39
-5
-48
-54
-42
69
83
37
-11
-15
81
-76
-68
-31
76
-9
-92
-48
75
-88
-9
13
-49
-3
-93
-52
-80
-45
-53
-36
-59
49
89
-55
-41
25
58
40
23
19
45
-71
-50
-78
-20
35
-92
-80
-22
14
-55
-15
43
8
-62
30
-40
91
11
93
49
68
2
72
-1967
76
-757
-2032
233
-57
-170
-136
88
-122
64
1163
219
327
-23
421
107
27
23
108
-2
508
444
-25
-113
-107
-279
-101
-112
-42
-182
6
-198
-112
-124
-141
-276
-103
-76
-75
-219
-136
-134
-66
-222
-87
-93
-71
-267
-23
-190
-53
-112
-64
-241
-110
-22
-62
-2031
111
1412
1421
1234
-40
-172
1159
-81
505
100
1641
297
-31
55
112
61
-23
10
40
-17
-783
-869
41
122
108
-259
-274
-245
-246
-112
-212
-227
-370
-459
-365
-223
-356
-381
-355
-261
-327
-405
-373
-204
-220
-399
-379
-219
-307
-155
-364
-285
-379
-306
-445
-365
-314
-88
-362
563
-2032
-211
-163
2031
-530
-248
-1765
37
3
57
213
300
-37
118
-22
190
39
66
47
79
14
118
114
-88
-61
-299
-552
-252
-442
-274
-543
-399
-493
-305
-345
-248
-520
-203
-460
-242
-556
-345
-435
-217
-522
-329
-393
-207
-533
-209
-564
-495
-463
-387
-575
-369
-541
-420
-1976
-133
631
313
1821
672
-755
223
-30
154
32
-58
74
27
48
-6
-7
14
51
24
-4
-409
-538
32
31
-1033
-597
-452
-416
-408
-360
-413
-553
-536
-635
-620
-544
-650
-486
-598
-517
-563
-537
-528
-493
-379
-492
-440
-494
-550
-453
-635
-558
-630
-559
-616
-495
-586
-87
-175
-1773
2023
768
8
83
-468
-27
-412
-1887
-62
-807
364
543
80
625
-793
445
-125
-631
109
362
-110
41
-73
-394
-458
916
209
497
1596
817
1164
678
1289
702
1278
153
929
661
1290
680
1550
1108
900
647
1154
1286
1760
1127
1314
1107
771
537
1019
931
935
1367
1014
527
1878
-59
-105
-309
163
-46
404
-1781
45
-332
175
379
-552
1246
-111
-352
651
445
-605
-392
221
106
131
-498
-281
-1186
-222
254
425
-70
-271
-205
-183
-546
1508
1990
793
1560
816
1560
698
1725
-62
-270
107
-404
-173
-664
-133
-276
-994
702
-363
230
-544
623
-202
235
-577
298
2032
-2032
264
-64
-459
-407
-171
268
-1869
-90
245
-201
928
-292
-524
7
-1612
-1579
-791
184
-337
-919
39
64
-60
34
149
891
638
1711
1388
930
1391
1864
1227
559
401
1314
1733
1771
2012
1821
502
-45
577
58
785
1345
1851
626
477
-426
-330
-2030
-1448
-979
971
-2032
-807
-2032
-134
-44
28
-348
316
-446
197
-1
160
1111
-413
1930
2023
1144
-1382
-1806
1983
19
-2030
1835
48
40
-856
-31
794
-287
94
540
214
-241
642
462
-323
-348
-69
-250
-14
261
457
-106
365
-1156
-419
432
1009
1949
1307
946
-12
211
-62
643
2028
1797
1940
1140
1003
-209
206
285
-1600
37
20
348
26
-77
401
29
25
103
107
21
53
68
70
78
52
44
41
49
39
-3
-25
3
-4
-93
-89
-98
-95
-43
-109
-51
-110
-65
-115
-72
-121
-59
-98
-70
-122
-75
-89
-82
-113
-69
-95
-81
-103
-64
-83
-85
-87
-76
-100
-101
-84
-75
2029
30
-136
-2031
261
1
945
79
-91
34
14
12
95
60
93
65
85
70
71
65
62
66
65
11
4
-18
13
-3
4
-2
-27
1
15
34
28
9
-13
3
-10
-16
7
19
13
-3
7
26
36
-5
-2
21
-27
-9
0
18
-1
-22
0
-9
-13
-4
-2032
-1974
656
107
729
88
-1402
-780
-43
-35
163
108
-643
307
-230
-599
-301
-300
-219
-135
-166
-76
-46
-76
354
38
1433
-827
-375
-676
-429
-447
-198
-597
-538
-475
-330
-732
-489
-605
-301
-703
-296
-582
-245
-695
-301
-504
-411
-704
-606
-365
-194
-480
-534
-836
-463
-561
-424
2032
-1183
-80
-250
20
771
1128
-316
-13
-538
543
361
-262
-18
46
38
-39
170
269
139
357
-33
-3
40
-243
-2031
-563
-660
-744
-546
-620
-517
-829
-620
-770
-726
-723
-633
-876
-613
-738
-544
-793
-545
-764
-652
-762
-668
-689
-512
-643
-408
-836
-708
-611
-544
-626
-457
-20
-295
840
-968
-169
-244
-218
-175
59
394
-1619
-7
-84
-19
622
-29
-10
-45
-179
-9
81
113
-23
59
136
173
-4
1
-1277
-1709
-861
1485
2012
1785
-1197
-1577
-1715
1706
-957
-187
-674
-286
-1226
1783
1321
-1308
-1376
1814
2032
1768
-1252
-1364
-934
-1292
-2028
-1291
-907
1738
2004
1959
-550
1736
291
21
47
21
-480
-237
-147
8
-31
-86
219
100
125
59
12
-36
119
95
-83
40
-10
-12
47
16
314
1
17
31
-3
123
24
37
114
24
10
32
114
-10
-5
-3
-12
59
-23
15
-5
-59
-25
-96
-15
106
24
54
109
1
19
50
-5
-36
73
193
2032
-72
7
111
-32
-703
-390
-1853
65
632
-188
506
814
-449
-204
-52
-130
-446
234
-115
158
35
53
-9
-47
952
92
426
-77
476
465
192
-80
287
596
328
-344
662
704
588
-287
773
599
371
-307
723
573
304
-208
727
351
171
-7
387
-24
232
146
659
-1114
-201
-64
-241
65
279
459
338
77
129
267
-319
-2028
2010
2029
1761
1937
-1305
1497
-1562
1190
10
32
-867
-278
-2005
-1332
84
-1631
-1067
-1674
-1299
-1350
-249
-1275
168
-1030
-825
-2031
-1024
-1093
-275
-2031
-860
-961
-108
-877
137
-999
-1031
-1810
-1243
-1529
-134
-985
33
-1736
-1427
-51
-238
-537
616
-51
-56
3
98
134
36
-446
-4
-36
-201
151
139
232
434
-527
-403
566
402
-1170
524
7
25
33
71
-130
314
-253
92
-163
-132
-43
222
-22
-126
-67
84
-224
102
28
-2
-250
-475
-447
-174
-133
293
4
-109
-253
259
-303
-141
-166
-217
-46
-21
-80
291
94
-14
132
41
-38
-81
-142
-17
-371
132
-956
310
1435
1081
-1329
-627
988
377
97
883
-24
-24
-83
-151
751
1020
1203
1481
1387
963
1451
1196
1530
2008
1637
1226
1291
1236
1088
1302
1739
1656
2029
1056
992
849
792
969
1965
-241
-1838
-926
-1769
-570
-2032
-1750
-1946
-107
101
521
-15
46
-82
-58
44
-68
-52
-88
40
-81
-17
-85
66
-45
24
41
24
88
37
13
83
-9
-56
-35
6
10
0
37
32
-91
-77
-22
-46
43
-82
24
73
62
-50
-22
80
-78
25
-61
2
76
70
-71
52
-44
-42
49
-67
-53
-36
-46
85
62
-90
-47
-53
-18
19
58
73
-74
-2
37
24
28
68
-42
40
-13
-78
-61
51
78
-14
-85
-57
-85
82
2
64
21
30
22
84
-31
10
5
-70
76
-12
-85
-63
-25
-18
1
-87
85
-38
10
-11
77
57
-3
42
-84
35
36
64
50
46
-52
-1
27
81
1121
-143
-56
-16
0
131
-19
-28
31
24
14
-49
63
-28
53
17
3
-12
74
11
-17
15
29
8
4
-3
-3
-50
5
-20
-52
11
-15
-80
-42
-33
-1
-59
-5
-68
-28
-89
-9
-46
-6
-69
-12
-15
-35
-36
-23
58
-25
-72
-34
-56
-36
16
-1866
90
-8
-39
17
-104
14
-15
-37
-169
-31
-532
47
60
36
89
23
67
43
99
26
18
-11
69
-33
454
605
709
544
285
306
595
264
280
-1555
878
2032
1715
1931
1028
-1607
-1897
1953
1960
1721
536
-2020
-2030
-2027
795
302
770
312
42
259
739
235
65
-17
11
-109
-1909
-70
-74
3
-41
126
80
-374
-44
-19
-53
-52
139
159
113
205
84
137
133
145
96
26
31
-68
-2
-254
-1132
-97
1030
1521
1310
-206
-1218
-1034
-1822
-108
2031
2031
2032
61
-1988
-1749
-174
-140
386
308
1086
574
559
-202
-2031
224
-277
117
-126
76
-2032
-2026
1549
167
-9
-67
-11
-242
-47
-35
-86
90
121
141
243
176
296
188
188
226
261
208
156
8
6
-5
-15
301
184
165
163
192
198
243
159
164
190
253
181
174
193
210
181
206
190
269
184
140
210
164
227
218
165
197
248
175
217
220
224
163
29
-5
110
2032
3
101
-1949
808
53
114
239
78
397
-1
243
426
84
85
-43
-51
150
123
2
86
-9
-38
6
155
-7
35
23
58
-121
131
44
127
107
87
28
48
-38
75
-166
-10
85
126
-74
-17
-40
-69
-56
44
-28
63
30
28
12
-71
-17
38
-119
-1042
-18
-11
943
-2031
49
77
-888
-90
252
247
-1179
157
125
152
128
113
73
95
72
129
13
3
-6
-14
8
-191
-163
-142
-207
6
-21
-179
-170
22
-6
10
-135
-144
-217
-4
-4
27
-194
33
-104
-51
-30
22
-110
88
15
27
-19
3
-50
14
-118
58
686
13
97
29
-100
-1097
2032
-6
1706
-135
-28
-15
-16
128
-110
-148
-161
-165
-177
-132
-140
-136
-158
17
77
-34
-2
81
100
124
91
78
172
114
122
103
81
126
119
39
119
58
162
135
114
44
185
71
107
97
141
73
164
83
136
81
116
106
82
116
2031
86
398
-1996
-376
-89
-354
-181
-42
-128
-45
558
-198
-147
-134
-151
-130
-154
-177
-167
-162
-153
-264
-16
-23
-55
4
-46
4
-15
-58
-44
19
12
-57
-72
-30
13
35
14
4
20
-41
16
-38
-40
1
-3
4
13
-42
7
17
-41
-74
-70
-41
-2
-8
78
2032
-2032
122
158
354
35
-741
-396
664
-60
107
-195
-823
-210
779
429
651
1133
-324
-1239
-122
-157
1
-49
282
165
-399
-1387
-173
-667
-181
-1308
302
-452
-27
-623
486
-953
-265
-966
301
-790
57
-800
-105
-773
13
-566
66
-1133
-96
-333
195
-1320
-561
-1149
-32
-619
318
-2032
-184
-1
-952
328
62
-840
-615
41
316
-49
-381
651
1429
-2031
-173
2029
116
-110
1151
1438
-54
-52
-73
40
531
645
403
1826
1730
1073
204
481
675
883
744
1610
2032
1497
1043
1399
882
213
557
1327
1312
1146
758
697
153
464
755
1109
1762
1352
594
323
676
219
1211
1842
-2032
-418
84
-846
395
-284
-1635
-271
-85
247
-74
252
652
-123
-6
-385
168
33
-49
-111
192
-164
-147
309
6
2030
-439
-695
-625
-789
-309
-814
-453
-784
-289
-619
-160
-785
-432
-603
-139
-461
-415
-579
-118
-393
-251
-738
-167
-775
-297
-826
-589
-825
-228
-866
-696
-822
-1989
-141
-112
376
1719
-1996
1636
-108
26
-110
490
325
-85
-65
-34
-96
-82
-31
8
82
80
200
210
-81
-116
-1667
-777
-426
-1264
-311
-1231
-414
-1516
-531
-1404
-498
-1056
-652
-1339
-503
-1284
-688
-1176
-462
-1046
-598
-1201
-395
-974
-609
-1182
-271
-1304
-791
-1016
-512
-1026
-314
725
-174
-1185
-20
52
-68
10
72
-85
86
87
64
40
-6
34
-74
-28
35
-57
54
67
44
14
79
-93
-29
-24
-45
-14
-17
24
39
-39
-10
64
-48
-58
43
-70
-1
57
86
-85
-27
10
76
-8
-91
81
12
-8
-83
-73
-3
-59
-85
39
-93
-57
52
-65
-81
74
-24
79
15
0
-43
-79
86
39
47
16
41
76
-12
64
16
13
24
43
71
0
-63
15
-93
92
13
82
78
93
66
72
-64
-33
26
-75
56
-37
65
14
49
55
32
29
89
-87
66
-36
-76
-55
-83
-64
61
88
74
-12
-32
61
20
-28
64
-2032
-211
-105
1165
799
367
-1971
-1237
-71
79
149
-1102
194
184
211
167
176
136
137
102
111
6
28
-81
-27
472
2031
1912
2030
1867
1756
1533
1843
1848
2031
1802
2032
2011
1976
1634
1855
1841
1938
1704
1901
1773
1951
1821
2005
1768
1869
1552
1916
1906
1932
1692
2032
2031
-451
96
74
565
557
77
-1067
102
31
-220
-217
-300
214
235
230
213
227
209
207
189
223
-42
-75
9
6
-83
113
161
27
98
84
132
56
11
61
152
101
113
25
138
142
194
55
96
142
137
56
60
120
27
102
151
114
64
148
100
39
92
-32
-71
323
2029
-157
-15
-130
277
168
85
380
-36
336
21
-68
-6
-235
222
304
459
-262
249
700
58
3
9
112
119
-648
-1133
-1225
-1236
-1035
-849
-1081
-974
-1028
-1169
-963
-944
-1275
-1189
-1179
-1014
-805
1333
1744
927
2032
1547
1792
1056
2031
-1082
-1057
-1159
-1120
-1138
-1210
-1246
-1265
2029
158
39
-31
-197
-197
-91
290
72
79
46
281
-30
-141
115
238
155
-57
48
120
61
5
-12
111
50
386
417
366
371
277
311
318
461
418
289
232
320
282
290
279
334
278
412
506
168
311
377
473
178
397
277
220
283
424
402
365
288
334
30
103
420
858
-112
-80
-31
115
-64
-180
-236
2
86
430
-181
175
379
313
315
306
344
349
323
345
51
45
-81
-96
155
64
32
52
159
80
115
65
126
24
151
226
216
144
100
144
124
118
128
51
127
-50
140
239
188
124
86
46
105
137
44
66
144
-1447
-33
219
-2031
1
-78
-83
-421
-67
139
554
-36
36
85
-43
60
-58
101
102
130
113
669
222
275
-178
-1910
-1605
-2030
-1623
-2030
-1516
-1672
-1587
-1846
-1702
-2028
-1694
-1976
-1622
-2030
-1667
-2032
-1608
-1937
-1646
-2032
-1710
-2026
-1675
-1957
-1535
-1786
-1567
-1828
-1535
-2031
-1583
-1987
-146
-236
-893
-2031
221
-170
112
328
-452
495
-325
-82
53
-19
659
10
37
-67
-67
-40
114
-11
-71
48
42
128
128
44
-296
-227
-837
-1027
-369
-223
-845
-842
-365
-571
-455
-418
-132
-388
-360
-612
-518
-405
-632
-647
-459
-535
-700
-599
-726
-499
-752
-482
-473
-647
-962
-793
-394
-396
415
214
-614
-789
-349
1039
443
-6
173
5
-1405
136
-98
0
20
59
-41
91
101
4
174
-96
100
46
278
298
202
209
240
206
42
81
328
-24
-464
-261
-114
-79
-331
-39
-133
124
232
54
390
377
381
109
459
290
-92
200
307
389
-18
315
187
101
-622
2032
-2032
-207
-183
-611
-328
795
1145
-2026
32
-433
427
-2031
-258
1325
-195
1140
-181
58
-11
74
119
226
119
99
-335
-1484
-347
315
-198
49
-607
13
156
647
-122
73
-553
426
-445
72
-452
485
-728
72
-519
437
-99
283
-680
741
-397
93
-365
609
-348
154
-170
345
-2029
99
-283
288
83
-781
-1137
2030
-28
575
-421
-1985
1043
-238
670
273
272
-224
-158
-225
-270
111
202
-37
-55
890
-481
-477
-897
-53
-502
-12
-474
93
-520
70
-450
-338
-1269
-664
-574
163
-987
-179
-622
-332
-890
57
-480
-326
114
73
-148
129
55
-58
-201
131
-523
-438
2032
-2032
-328
1332
-2007
111
78
-91
292
-77
86
435
2030
59
-144
62
-1
120
77
137
161
127
328
-830
386
-87
-1539
-1671
-2032
-1809
-1938
-1891
-2011
-1857
-1820
-1863
-2028
-1877
-2022
-1991
-2030
-1894
-2029
-1980
-1973
-2012
-2030
-1996
-2026
-1937
-1943
-1797
-1971
-1872
-1980
-1722
-2030
-1745
-1913
764
206
222
305
-9
-194
-483
-7
-82
263
239
-300
180
147
178
150
220
280
271
283
297
-169
-160
21
35
579
504
443
438
258
436
312
398
379
384
403
495
333
508
373
462
418
518
394
463
320
414
435
514
287
402
395
455
420
488
455
496
304
-67
-117
979
-27
4
-85
-33
-88
-59
24
5
32
13
-72
24
5
69
-83
11
79
-88
-21
67
8
-10
32
-39
3
86
-44
-2
-48
58
53
45
-34
37
-43
-39
-61
64
-61
84
-86
93
-26
86
41
16
86
-75
65
58
-43
57
-26
44
13
22
-21
78
-60
32
13
68
-69
-54
87
23
-46
25
-72
61
27
3
-15
89
-70
4
33
16
49
-18
-42
-93
62
-92
-18
-92
-75
77
42
-84
90
10
76
-14
53
13
-67
-93
-64
-86
11
-80
18
12
-15
88
-14
-26
37
8
-37
-25
-39
84
-71
-12
36
-54
-79
-1989
-93
-72
49
10
114
-23
-114
39
-67
-114
-275
66
-26
14
136
30
15
84
58
11
14
10
-43
18
475
1402
403
-186
-335
-115
573
1391
1343
2032
439
-1411
-1204
-1316
395
2032
2032
751
598
258
215
-328
-124
-28
536
-1907
988
893
1304
815
488
-2031
-2030
1481
72
-36
17
18
-57
22
10
-20
-81
-96
-15
43
105
-5
55
39
48
41
41
84
5
12
10
5
72
75
73
92
49
82
69
66
106
86
59
117
96
50
82
100
112
58
63
78
77
63
64
70
27
98
-2
68
27
55
47
49
29
-12
-6
18
-2032
-169
-272
-208
-67
210
134
-472
41
57
-132
951
79
-39
-57
74
70
26
60
120
96
156
206
-15
70
-1204
-1452
-1761
-1493
-1304
1793
2032
1687
-990
-1472
-1457
-1389
-1219
2031
2032
2031
-1237
-1097
-928
-1059
-1072
-910
-795
-948
-1107
-783
-1213
-886
-950
-865
-1005
-636
-589
-1114
211
38
-29
-10
-368
-23
-11
35
54
84
168
102
265
187
96
87
214
55
102
183
-11
-20
-29
-17
182
13
30
-30
62
36
98
-18
26
128
111
59
41
10
119
43
41
115
55
59
30
37
50
78
90
48
54
116
97
85
62
103
52
60
12
81
-76
-68
-86
-64
-22
-64
69
-85
-19
10
50
58
-12
-99
-20
-23
-5
-96
-12
-10
-45
-66
-35
-15
44
70
-1
45
-2
22
40
-43
-66
0
-40
-22
-15
-7
43
78
-36
-74
-86
-43
-13
-43
57
-40
-70
-16
-18
55
-7
-99
9
-97
25
-55
-81
-73
-34
45
-86
78
42
-33
-50
44
-70
27
-95
-63
-72
-55
54
57
75
9
-52
-3
59
-10
15
-5
-37
-90
-50
82
1
-51
89
42
-30
-84
-45
-74
44
-62
37
33
46
-3
-33
-43
-98
28
-100
27
20
18
-91
-62
-4
83
-59
-2
-32
-34
-40
-44
61
-78
13
-30
13
89
77
85
71
-26
43
-68
10
7
4
56
51
-79
-59
5
-91
-65
17
86
90
-9
-91
-12
-24
93
86
-77
-63
-67
34
93
87
-18
29
39
-87
46
85
58
-30
28
11
-39
43
-90
41
-37
-7
-61
36
-2
36
24
-52
-26
1
-85
22
-82
-92
76
19
-22
-81
55
93
-84
-61
60
92
29
-78
23
83
78
57
-2
-75
-47
74
51
9
-86
-59
-13
-78
24
-70
90
12
-71
39
41
32
31
51
-45
66
-1
85
39
-15
-6
16
-14
-78
29
-54
-31
-90
-43
-77
-93
-48
554
-925
846
23
-408
-158
2032
-29
-90
269
-2032
-5
35
185
96
174
148
132
83
118
610
-1759
-142
-82
-623
-25
-51
-93
-247
-214
-289
-129
-212
-145
-231
-336
-227
-421
-403
-344
-155
-230
-451
-304
-340
-276
-437
-324
-359
-191
-229
-136
-230
-163
-178
-49
-257
-2029
-392
277
46
53
646
-231
461
-32
-226
272
-321
-342
193
95
297
176
54
85
144
111
-89
-162
-137
-134
-734
-205
-363
-218
-390
-373
-368
-150
-318
-204
-391
-154
-301
-109
-279
-220
-230
-13
-276
-141
-254
-185
-394
-169
-306
-325
-294
-162
-223
-158
-297
-202
-363
31
-59
-704
1131
-187
-2016
-490
13
134
37
-1
58
-159
-129
404
-248
-175
-235
-165
-296
-204
-266
-465
-268
823
1164
18
-13
1397
1188
1569
1278
1570
1255
1445
1121
1542
1255
1453
1076
1344
1113
1405
1257
1412
580
-1483
847
-1430
866
-1301
686
-1507
927
1832
960
2018
1052
2030
1127
2011
-1638
131
361
52
-34
-170
36
-147
21
-156
-126
450
-363
-387
-319
-344
-372
-325
-442
-250
-421
-116
-150
7
-27
29
69
84
48
94
63
36
142
56
143
68
184
50
115
71
162
46
47
48
36
48
73
119
95
18
23
113
33
59
141
178
105
122
-36
-51
-155
-2031
-16
-509
-556
-261
-51
819
-666
85
21
243
246
-953
-538
-492
-552
-495
-663
-669
-626
-678
400
345
-217
-58
-622
6
425
60
139
53
-38
37
113
201
268
46
155
65
177
19
230
84
358
-25
166
136
313
12
310
-112
107
66
258
16
426
-44
105
2031
605
-218
-98
-935
2028
-2031
-1517
41
-55
258
1549
-872
-351
-470
-477
-428
-526
-620
-611
-579
35
142
-82
-38
-871
397
567
456
458
380
545
661
509
433
554
556
637
753
540
352
531
660
510
458
402
583
446
637
536
342
525
583
529
363
482
481
370
-247
49
-201
2030
-25
-45
48
7
-79
-160
48
54
-166
-158
-149
-55
17
-195
-54
-43
-14
-124
-116
-1
10
17
1
-7
172
-45
14
-73
40
59
-60
11
-116
11
76
-19
-13
62
44
57
19
-45
17
44
66
-18
36
31
24
-6
41
-22
96
28
-53
-12
3
-1194
40
-20
2
-1
-45
117
-391
16
-143
-119
-321
-160
-62
-10
-269
-176
-65
-199
-183
-73
6
6
-139
15
96
-466
-527
-885
-8
877
1570
1236
545
-1952
-2032
-2030
453
1982
2006
2032
512
535
-94
-389
44
193
736
1140
964
147
222
1672
1518
1668
119
143
-94
-28
2
-90
-19
83
-94
69
21
35
-44
-94
6
-90
5
27
2
81
71
-61
-23
83
-92
50
-62
-78
52
-69
24
83
30
-2
86
48
-10
-90
-25
31
-10
53
-84
-32
46
-84
72
-63
-80
4
39
7
-74
-47
-84
-75
-16
9
48
-21
20
-32
-37
-24
36
45
-36
-40
-20
-80
-50
-11
93
-15
30
-55
75
92
-80
30
-20
-42
13
77
63
-95
-21
23
-16
22
33
21
34
-97
81
-42
33
21
-92
-34
79
18
23
44
31
41
-10
-13
45
7
88
49
-39
89
-90
-42
7
44
-48
-5
11
-85
43
-9
-54
-1947
114
-56
47
34
-39
-113
134
71
-135
-59
-410
111
83
122
119
135
120
54
109
128
11
10
0
-27
823
-1765
-2032
-2032
1155
1288
1711
1591
1501
761
849
898
941
800
772
704
806
829
825
811
804
890
870
897
820
730
812
691
846
845
911
788
787
1341
-68
-11
-34
-6
134
64
-3
-59
-61
-46
29
71
98
-54
98
102
55
63
82
84
8
16
-20
-4
-136
-86
-68
-92
-7
-73
-92
-105
-74
-76
-84
-43
-75
-81
-61
-119
-52
-94
-58
-67
-72
-44
-82
-48
-80
-58
-31
-77
-54
-45
-36
-66
-51
-26
-18
-4
-2032
81
675
-616
2030
-121
-588
-2031
-12
323
-177
-1218
-141
-1336
1814
-1980
810
636
838
523
946
-420
-510
304
617
359
320
-716
-256
-587
-117
-358
317
-605
35
110
-591
-286
-340
650
-214
-1153
-167
392
-218
-1215
-194
61
-910
-163
-261
-338
-38
-614
-33
-600
-260
-749
1991
-117
87
-1553
-432
77
370
-934
-9
673
464
2031
-1254
-2032
2032
-2029
2027
-1347
-1700
-1036
-1534
1006
669
-266
365
-1588
-1236
-1908
-1351
94
-1063
-724
-235
2031
-1425
-2030
-1865
-256
-1223
-1156
-1276
297
-937
-1406
-1152
338
-1419
-2032
-1658
21
-991
-927
-283
1865
-870
-1535
-956
74
211
-84
14
77
56
4
-75
-33
64
-61
-27
88
75
9
13
-29
64
80
57
31
-70
-40
48
-63
-57
-16
-51
28
54
69
-64
3
-37
33
88
-14
9
29
-49
23
-31
-54
89
20
77
-53
20
27
7
78
-15
32
46
-20
-7
-29
-1
78
-35
78
81
-5
-1
-27
-38
-90
-27
93
-89
39
-89
-62
67
88
37
20
-32
-88
87
33
-35
53
65
-34
-13
-32
72
-28
48
-46
68
-87
42
-58
10
45
63
41
21
-33
33
-4
25
-86
-71
-8
38
-34
-53
64
-85
-26
47
83
83
49
-83
39
-82
7
-58
-79
2032
-453
-426
1059
-1983
255
254
-21
22
102
-14
429
-123
-104
-175
-134
-210
-154
-101
-175
-126
311
414
191
35
-388
-711
-820
-725
-590
-631
-653
-731
-701
-648
-684
-524
-673
-580
-697
-598
-747
-628
-727
-544
-762
-592
-705
-551
-734
-784
-703
-742
-800
-650
-792
-801
-599
-1970
-481
-141
-1257
129
733
960
-344
18
15
-91
-112
-5
-167
-173
-155
-158
-131
-109
-116
-65
77
121
51
11
-272
17
47
51
-123
-49
-28
18
-77
16
-52
-85
-58
-36
-73
85
36
-107
-66
-70
-125
-34
-20
-76
-135
19
-39
36
15
64
41
65
-26
71
56
-2032
-1182
28
-81
-141
8
12
49
-343
29
-45
-31
154
89
59
35
185
68
21
101
72
1
65
72
56
-14
-434
97
-110
-138
-332
-451
-554
-282
-118
535
-168
225
-199
-239
-527
183
176
2032
2032
2031
-447
-1900
-1823
-1908
-255
-797
-281
-448
8
-1979
-1571
-2031
-448
-346
-5
-12
55
-17
-16
-109
-27
21
77
79
-30
205
154
159
197
113
157
209
175
150
-3
-5
-6
-2
102
66
38
24
48
50
31
50
-18
86
65
35
41
20
63
-25
-2
44
67
12
0
-9
-10
2
54
1
132
19
70
55
68
36
106
22
5
207
75
-36
91
-80
-46
51
86
82
50
13
48
-82
-81
-94
24
26
-84
-51
63
16
-84
-33
-77
-4
-52
71
-53
-15
-87
28
55
77
-21
12
-59
72
78
-42
-68
-13
-73
-1
-13
-89
75
10
40
76
78
53
-23
-74
5
15
-81
-5
-60
8
68
16
15
64
-32
-32
-71
51
77
-18
52
-48
56
90
34
-41
68
-80
-73
67
48
12
12
-3
-60
-42
-40
13
-81
-65
59
49
-21
-87
82
-57
-62
-42
-69
-79
28
-35
-45
11
-49
-87
-74
58
-91
56
79
-9
-68
-69
11
-86
8
-42
35
51
-84
2031
-49
-35
40
-33
46
69
-41
37
-7
-46
-211
18
102
78
65
81
47
24
56
73
-22
-17
58
14
83
69
-4
40
52
28
33
27
-7
17
7
44
11
23
46
31
29
55
8
51
21
18
-25
56
-5
58
39
37
17
71
-3
46
46
2032
167
908
-2032
17
-99
-30
570
-51
20
8
-1967
71
38
44
35
11
57
59
31
47
447
-1994
-79
7
133
62
98
45
81
73
44
51
105
7
96
-6
87
-5
52
-14
92
-20
83
-21
59
16
90
8
70
99
62
118
115
82
70
63
102
17
21
119
2031
26
2032
1060
593
91
-95
1171
75
-30
193
-491
199
-150
-96
-146
24
23
80
83
99
-702
-1828
18
-55
-786
-743
-756
-570
-658
-832
-593
-652
-569
-639
-655
-697
-447
-712
-631
-735
-546
-692
-607
-796
-453
-624
-616
-668
-468
-700
-625
-758
-644
-615
-650
-578
-634
2029
172
-52
2
36
11
-130
1324
-31
166
214
-10
-131
98
84
46
96
166
97
193
140
36
45
-106
-31
-23
46
30
5
154
-48
66
-28
37
-61
85
60
159
108
100
29
113
111
157
65
150
41
113
160
158
27
115
-12
77
82
92
-16
158
20
-277
-1091
-2031
-78
-62
103
439
-237
-14
271
-26
62
-177
15
-69
-63
-63
-97
-82
143
74
96
69
63
-41
154
132
175
-11
160
77
-77
164
-26
86
81
80
-121
168
-22
95
26
65
-139
123
8
65
-102
88
-105
66
58
159
-61
17
17
122
36
70
-87
2020
48
-70
-220
-296
185
196
-926
21
-52
66
229
-162
-28
-422
-5
-367
-50
44
15
160
35
-30
-59
13
-81
124
-52
28
28
-83
-69
39
12
5
-9
115
-88
75
-45
81
-45
-50
24
102
-27
86
-43
73
-88
-53
-46
110
65
274
12
92
-30
25
-32
-1494
26
-82
-75
-49
60
42
-31
-63
-13
63
57
-92
-28
-79
43
-52
-11
82
-43
-21
28
78
33
-9
-12
39
-47
-26
-33
76
-40
-34
-42
-33
-77
62
67
-72
90
-15
57
-1
41
20
-35
-43
2
-25
-16
-62
-27
42
87
23
-39
-84
-22
68
-87
-21
-24
-39
37
-35
-15
28
10
-53
-11
69
58
50
54
14
-25
-61
-77
-61
-5
-26
-89
-47
-41
11
13
-63
69
56
-7
4
35
11
-88
4
46
13
60
-33
86
17
-83
-10
-64
19
73
-32
35
-63
-51
-79
1
58
-14
-76
-59
40
14
38
85
789
103
-17
89
-63
-11
23
-812
-36
-95
122
-365
282
310
250
165
143
252
240
234
266
-17
-10
-60
-84
620
1649
978
1261
954
1158
838
1626
1373
-2032
-331
-2030
-428
-1868
-285
-2032
-598
1602
1319
1241
936
1362
1244
1579
1289
1914
1062
1820
1056
1719
1218
1963
1357
763
-34
-76
-61
31
-27
-86
-123
-6
-81
-113
153
232
204
145
139
155
165
175
78
188
39
55
-27
-2
-47
-101
-133
-89
-93
-118
-24
-142
-156
-141
-97
-130
-66
-211
-85
-205
-167
-160
-173
-149
-182
-182
-182
-193
-198
-230
-143
-188
-185
-174
-154
-216
-146
28
-35
47
-39
-54
28
47
-44
0
40
-89
-48
65
-14
-76
33
-9
-57
-22
4
-82
73
17
-19
65
-48
-25
-29
10
-45
-69
67
44
28
-83
6
-74
-38
24
67
-87
10
35
-21
20
-86
-49
-15
-86
73
-42
-41
-4
7
87
29
45
-6
-73
-56
-83
-81
-37
-9
-83
64
5
-40
18
91
62
68
-81
-52
-46
-28
-9
9
-87
-36
7
29
-20
30
47
-28
-96
9
5
-73
60
-69
-25
0
-48
-91
-73
-104
-76
-29
-92
67
-97
-63
23
-74
85
-62
-6
-29
46
-76
31
8
48
-31
9
-10
-53
36
-88
-92
-23
37
-44
54
71
-50
-36
-47
-76
-14
51
45
67
44
-61
-54
-26
-85
-90
0
-33
-28
-40
-86
79
-76
25
-31
-64
76
-15
91
-33
31
6
-67
-43
-55
-36
-6
38
27
-80
-39
-3
53
-72
-77
92
-1
66
-37
0
85
-87
-92
-48
-15
12
6
-84
-11
-53
-10
-92
-35
-25
53
15
-22
69
-39
77
13
52
-4
-27
58
32
36
-84
-46
-85
4
16
-65
26
0
-23
-79
76
60
-40
75
-62
-86
41
-8
75
-5
-85
59
-46
3
14
82
-93
9
-21
23
15
40
-33
12
87
-86
-20
14
-8
-1
-81
-58
63
7
73
-21
56
-85
-47
-20
-87
41
21
-29
86
61
-87
-13
52
58
-51
-63
14
-73
-26
84
36
94
56
-44
16
45
-75
-48
-59
-92
10
-69
40
-15
78
-22
-73
-25
-22
24
52
32
-5
-41
75
44
60
-13
75
-42
92
87
-45
-75
-88
26
60
4
-56
-37
-6
59
-72
-71
-52
29
24
-35
33
-23
47
78
81
-2
8
81
9
-63
-41
11
-17
67
-18
-84
-17
79
-2
-8
21
-14
-1
48
-71
68
-27
6
77
38
19
-41
82
66
72
6
86
-47
21
43
64
64
-42
66
51
-61
-40
11
-64
-75
71
-54
-23
32
-72
68
-1
15
-74
-56
44
-95
60
30
-85
-1
7
-96
-23
-8
27
-94
83
28
-88
-31
69
66
73
81
74
-61
-37
-17
-64
20
-73
-43
51
2
-41
-53
-2
60
78
-23
7
21
4
-6
-45
37
54
-26
-1
15
49
-34
-50
7
84
13
44
-22
-28
73
-47
-5
-15
-78
-73
89
68
-23
61
-71
-26
27
-54
-69
-15
22
-99
75
-96
-103
-98
-13
-88
-48
16
5
-99
-86
-43
-10
32
84
-79
-64
-71
-36
-100
-40
31
-69
-80
63
71
58
75
24
-70
2027
-133
10
11
-30
162
-135
-64
-12
-57
-39
117
-115
-114
-22
-184
-176
-34
-59
-91
-82
3
-14
-40
7
-43
931
-46
-1631
-405
1168
-290
-1834
-69
-39
56
-151
-129
-162
-207
-15
-6
-89
-70
-108
-236
-159
-127
15
-55
-1812
47
2032
-385
-2031
-332
2029
33
2025
63
-122
-196
13
-56
139
-47
9
-137
-87
124
-171
-348
-329
5
-37
-436
-182
51
-143
72
84
2
-13
68
76
137
43
175
255
196
35
196
83
136
34
137
150
62
76
200
58
63
88
-72
113
-36
101
-5
-29
-41
159
2
115
49
164
97
-32
9
-165
-467
-87
-32
-105
-11
127
34
-90
62
-79
-118
146
27
40
110
110
-93
62
93
76
53
31
36
7
15
-86
-62
-67
-79
-89
-30
-81
-58
-88
-106
-64
-53
-83
-104
-65
-52
-52
-75
-52
-87
-16
-107
-58
-46
-55
-57
-57
-87
-69
-70
-84
-98
-10
-1665
135
-41
52
11
-104
-56
-95
93
-174
-59
-846
74
73
80
49
45
67
70
70
15
13
-1
4
-35
1460
1701
1556
1586
1405
1476
1541
1672
1612
1699
1513
1813
1596
1746
1508
1684
1521
1884
1780
2031
1521
1628
1433
1687
1548
1867
2032
1952
1761
-2032
-2032
-2032
1711
-16
-21
-45
-1985
94
1
-164
90
-62
-86
529
-2
30
57
-194
141
144
11
149
171
-22
89
-42
110
47
17
70
-34
373
1181
1098
-1255
-2031
-1988
415
459
912
283
487
604
278
448
252
101
21
-1826
-1827
-2032
149
1701
1820
1884
197
-1949
-289
-460
548
992
1243
-407
-1682
-1937
-156
-44
121
11
213
-54
91
83
-3
-6
-297
113
82
146
58
172
95
189
99
187
-9
-11
47
3
-54
-18
-36
-64
-55
-22
-39
43
-164
-10
40
-38
-36
-91
23
-100
-124
-19
-7
-50
-135
-96
-94
5
-22
-28
27
69
30
-13
7
66
23
-78
10
197
-2025
-152
43
-65
-37
286
-36
-394
-74
9
76
199
-141
-297
-308
-185
-257
-231
-325
-168
-310
5
-32
6
-11
218
2031
145
-1799
-251
2031
-7
-2031
332
306
191
164
420
318
357
244
217
342
301
230
297
277
187
175
401
1981
175
-1936
288
1991
626
-1913
-27
-1125
74
-172
-244
-37
-35
111
30
-18
-19
72
146
-63
-462
-481
-424
-384
-599
-141
-475
-38
87
112
96
-2
247
172
73
182
246
409
188
92
157
209
112
158
132
186
116
110
133
216
137
108
79
184
100
179
182
405
158
104
75
156
53
229
220
-77
35
-116
-48
-1
-75
-47
1
6
-65
-78
-34
91
15
55
-13
70
-31
49
68
-43
53
-56
-16
56
-18
50
86
-72
92
-82
-7
18
46
32
-57
-86
15
-63
-33
59
-8
-38
85
-38
34
-76
-83
-57
70
43
-68
67
-69
-3
-87
-31
-73
77
72
-8
-46
57
-40
80
66
-5
44
23
82
8
-84
-56
-75
-12
4
-45
64
88
34
-2
-81
-3
-91
-54
-54
17
-90
71
18
-67
48
-86
-30
-41
-47
34
-23
-93
-43
89
-16
76
-44
45
-66
-7
25
63
-52
7
-53
6
28
-36
76
-61
22
-32
-45
25
93
208
-501
-82
2032
-258
377
-363
415
-55
208
67
-658
180
171
92
229
134
169
197
150
169
62
25
131
69
-114
-303
-336
-364
-97
-194
-210
-323
-252
-342
-232
-273
-136
-325
-154
-218
-304
-335
-160
-287
-140
-269
-143
-295
-232
-125
-235
-319
-284
-230
-309
-336
-189
1051
-473
61
-44
-168
913
-652
-192
-85
226
158
980
225
-47
133
-17
191
-14
81
44
49
-83
-23
-11
10
-882
-580
-424
-439
-541
-324
-409
-485
-553
-622
-625
-607
-649
-510
-541
-436
-693
-550
-583
-453
-467
-497
-546
-631
-613
-430
-562
-591
-549
-603
-518
-502
-672
-5
-278
2032
113
193
-174
-1
56
-51
-128
534
76
-24
-55
-421
66
281
238
38
95
154
25
-15
79
74
86
33
0
600
-2032
1129
1440
1701
1599
1177
-2032
-2031
1419
994
-1833
-1709
-1786
1236
1349
1494
748
294
1492
1242
894
-74
240
664
943
1121
834
644
328
405
355
345
120
-35
-10
25
3
109
67
7
-52
14
57
-67
41
34
175
109
91
113
87
97
83
-18
-5
-4
-24
-4
107
94
86
80
130
17
286
-86
151
160
85
80
107
140
63
41
49
114
14
1
83
43
147
76
62
271
113
107
149
143
64
81
-19
-4
127
48
39
-43
58
-79
28
7
-64
90
-83
57
-51
36
80
67
-90
-57
-69
-15
16
5
-59
-63
-92
-45
86
54
29
88
-40
-22
14
-23
88
-70
50
91
-18
-92
8
-22
69
48
8
39
16
47
-50
36
-1
-8
-17
-92
58
53
-70
68
89
2
6
55
53
80
-35
-20
64
-55
-69
-78
74
47
56
10
9
-19
-39
-23
-47
-17
69
-40
30
-68
30
43
-45
-49
85
58
17
21
26
30
-8
-56
-74
-42
58
-55
32
0
37
-68
8
90
40
36
80
32
-89
58
-30
42
-63
-54
39
1
51
-59
988
84
-36
-347
-154
-14
-33
-1214
-2
11
132
192
73
49
-250
-9
-220
-34
-46
-142
-40
36
28
-60
-29
181
143
287
338
318
363
291
247
245
348
317
235
325
278
280
291
287
261
283
191
325
322
314
189
266
240
315
244
236
31
250
220
267
-2032
-10
137
-186
2031
-62
107
355
8
-74
-180
106
-54
-266
-35
-185
-119
-132
-18
-57
-58
-40
-65
-84
-28
-287
18
-124
-108
-55
-217
-106
-135
-265
-148
-337
-140
-174
-7
-207
-33
-247
-217
-161
-60
-29
9
-47
-159
-124
-192
-197
-71
-246
-38
-190
-23
-49
-47
371
-2019
2018
153
-1524
-354
565
934
-2030
1274
89
-112
526
-1531
27
207
-73
661
-80
-52
17
-19
-58
650
503
-680
-334
-86
679
460
865
122
909
-287
1041
376
729
293
716
161
747
156
763
314
767
168
868
246
617
370
762
181
990
-151
870
390
849
602
748
232
-1169
4
-1370
-762
166
-6
-77
231
-69
211
162
1666
130
-39
-92
-428
-211
96
70
31
123
770
1028
14
19
-485
-871
-1667
-1231
-1604
-1232
-1660
-1109
-1486
-1181
-1722
-1051
-1535
-1117
-1295
-955
-1661
-1131
-1363
-1085
-1620
-1268
-1555
-1124
-1460
-1095
-1562
-1083
-1724
-905
-1740
-1242
-1501
-434
140
-1876
64
68
-17
40
-60
-68
78
-81
-17
-42
-80
-52
-72
-51
-30
-88
-24
85
59
67
-70
-89
-89
24
-82
71
67
48
92
-45
90
42
-64
-61
41
6
6
-46
-13
76
2
39
-9
78
0
-48
-62
-9
-56
-28
-35
-14
86
-36
76
0
12
45
40
-46
71
-9
18
-24
-31
-89
55
16
-85
45
-55
59
66
30
87
90
75
-92
50
-57
-85
-75
-9
74
12
71
-12
22
0
31
90
16
19
-5
-82
40
65
-74
-75
-78
29
59
41
54
15
-54
-51
77
-16
20
24
-76
25
71
86
35
-48
17
24
-2030
-20
-84
-1483
-1189
-93
-89
-103
45
-80
84
-44
-149
-62
-75
-79
-7
-103
-36
-43
-60
106
146
-48
-57
213
396
404
422
515
397
379
495
450
441
393
422
469
450
462
392
461
448
441
457
536
471
412
421
447
395
535
539
467
379
402
401
471
-1962
-171
-328
1132
283
516
702
-227
2
-181
-52
331
-62
-110
4
-72
-74
-60
-43
-47
-79
127
237
-94
-40
-241
66
42
17
-29
-40
63
94
-22
69
122
62
-44
-45
22
-26
-26
20
-21
51
42
94
94
96
-46
43
151
69
12
79
186
96
108
-200
22
2032
408
281
-1
-77
-22
-507
-189
-180
-86
-10
-61
372
22
-7
70
-1
11
-3
5
48
139
25
16
-49
15
346
106
209
36
29
154
114
148
-59
64
185
105
109
42
129
97
52
135
182
100
107
121
124
70
133
187
200
88
192
82
222
86
72
-2014
-275
-27
72
-22
278
129
-1131
94
62
-217
-356
-15
-48
-92
30
21
-9
8
-12
69
3
13
15
95
-646
-178
-572
-798
-931
1653
2032
1759
53
1573
1353
1507
-146
-335
-782
-191
-11
-958
-1110
2002
2031
2031
-323
-490
-1007
-1164
-1367
-1406
-644
529
798
752
-302
69
37
-156
-2029
45
-31
-8
-6
0
-126
-249
-87
160
169
-27
-21
12
-170
-31
-147
-101
-96
-143
-73
9
12
61
-11
74
9
57
85
66
116
64
61
58
125
68
118
113
97
121
138
70
52
85
40
103
130
128
73
62
41
117
45
54
-26
87
39
41
-586
2
61
50
-2030
-44
18
-14
-79
30
113
-168
-78
-86
2
-82
-4
-120
-116
-85
-60
-14
-47
-103
-67
-115
-61
-16
-67
-18
-62
43
-81
-51
-65
-90
-58
-61
-58
-29
-10
-17
-72
-14
-35
-4
-70
10
-61
16
-84
-27
-66
-49
-39
-6
-24
31
-85
16
-2032
-1992
-165
-375
141
1515
223
-1782
-234
62
0
16
230
4
45
22
63
36
22
-3
15
9
155
255
-59
-7
-345
-128
-28
-63
-45
-126
-61
-95
-76
-121
-49
-151
-59
-110
-74
-133
-65
-114
-68
-131
-58
-103
-57
-122
-39
-145
-27
-106
-38
-132
-43
-61
-23
-2024
-35
253
-2026
3
63
2032
89
65
89
64
-410
2
-18
19
18
-24
-3
0
6
-25
-68
-211
27
7
66
64
85
66
59
32
61
60
72
63
87
56
41
57
88
54
91
67
91
73
100
87
114
75
79
44
52
73
81
81
86
88
59
-8
-14
2022
-1275
908
-2000
1149
1476
-1126
1519
2030
74
6
-151
-2031
-1213
-1072
-1033
-1160
-1140
-860
-858
-892
-818
-229
338
75
42
253
243
-1544
93
-1744
1248
-1748
544
-1652
287
-1595
318
-1781
486
-1526
530
-1696
13
-1033
188
-1100
149
-1224
62
-1255
654
-1492
266
-1732
901
-1820
-129
-1564
-2032
38
-147
133
-704
-415
-463
-83
94
-125
-273
-485
-1067
-966
-986
-973
-998
-1100
-914
-1147
-935
88
-145
-56
29
923
417
336
396
213
370
335
185
289
333
164
279
254
483
200
473
450
331
207
402
312
343
203
364
240
364
392
236
302
417
389
379
156
307
-65
-909
-1552
25
-289
-235
-29
88
44
-431
52
-10
-24
252
3
99
53
-120
-41
67
64
83
70
168
193
36
28
-334
1114
406
-1371
-1960
-1540
505
1195
1104
-2031
-198
1696
1872
1924
83
-2032
-1891
1517
564
1411
319
-1165
-1951
-1060
475
1947
2031
2031
172
417
-308
65
-528
1445
151
-19
63
19
-141
40
-87
-52
7
20
159
88
185
204
251
87
154
152
108
122
-12
5
24
-7
5
27
-21
26
27
56
-5
150
0
80
86
76
115
8
85
0
10
0
-39
-51
-28
0
-51
29
-59
48
57
-7
68
43
41
-40
44
-56
57
138
-18
14
79
-84
-29
54
-40
87
9
-58
-69
18
-65
-55
-7
69
11
35
33
-75
-69
50
-66
-40
63
82
-4
-14
-6
-13
45
-51
60
-40
-84
-71
-56
-88
-11
29
-3
35
55
68
68
75
28
-84
18
-64
-40
-92
78
-92
-64
48
28
-13
52
-42
-78
37
32
53
3
8
-89
22
93
77
36
-15
84
71
39
4
-56
79
38
-14
14
79
-5
-12
-4
4
-48
78
-61
-28
-73
-57
17
14
-23
-13
72
-93
-13
46
12
-21
-65
-78
-59
-30
-73
-81
-67
73
68
64
-25
-88
64
86
-86
54
21
-48
49
-88
90
84
75
67
-93
-60
73
64
-85
-69
9
-59
-17
-56
46
56
9
34
-83
-40
-14
-69
44
79
44
-43
-21
34
68
26
-89
64
-28
3
-79
-79
77
-45
85
50
42
-83
-2
24
30
63
-37
22
-3
38
29
91
82
-1
-93
-53
59
-78
23
15
62
-92
-78
-61
-83
-9
23
6
87
25
32
47
54
70
-64
52
-44
68
-56
-77
33
-10
-58
-30
14
21
-57
14
42
85
32
-64
-31
88
68
80
18
11
-10
-39
88
-34
-49
-43
29
-25
-66
60
-44
-33
0
79
-92
46
-24
-85
455
-98
64
-467
-526
2031
-376
1442
73
1396
-938
1394
-1246
1118
923
84
868
1143
107
516
489
-101
-128
859
757
-80
-531
-1422
-1293
-627
304
-393
-1050
-1075
-758
-1049
-423
-1116
-678
-364
-582
-825
-1106
-527
-399
-635
-217
-1022
-121
-1128
258
-382
-779
-610
-398
-1213
-759
-801
479
138
155
588
343
-238
344
-1987
79
383
-39
-1921
-1299
1392
-124
371
462
110
-325
-4
-75
135
103
1102
262
-919
220
-71
762
1093
-204
325
714
382
450
342
360
922
575
836
831
341
49
433
575
11
462
278
197
92
-284
364
270
414
316
-111
-43
862
-1413
-854
2032
2032
199
139
-450
13
1651
1294
-2031
-51
91
443
-218
1337
93
400
226
488
161
58
171
3
26
20
-315
64
-1297
-1343
-773
-593
-796
-1294
-246
-947
-754
-92
-497
-963
-623
-513
-679
-671
-531
-391
-576
-817
-710
-150
-553
-921
-969
-1495
-432
-1129
-887
-1580
-851
-730
-889
2032
-324
-321
608
-560
-1255
-1075
2032
82
-181
816
-884
-883
1364
939
1360
1065
354
491
334
536
46
112
-683
-284
885
-319
-143
148
157
744
179
-81
425
-435
-228
253
336
368
-204
-51
-36
128
-466
75
98
-382
-509
316
431
736
20
200
456
78
-259
298
154
-867
-1213
-1601
-352
-309
62
-595
-1034
982
1431
-2032
71
-2032
2032
-761
1440
-1135
316
1068
-619
176
398
1022
-114
96
16
-2030
-1642
-7
568
730
273
-621
2030
-669
225
1604
-3
372
940
1391
-10
-922
937
-299
367
-622
1318
-150
196
571
684
1890
1078
-974
-1078
2032
779
672
959
-238
1202
392
69
606
-1054
688
-1115
-2031
-49
1532
-1870
-1305
2032
-2032
-503
-2029
-536
-1229
-1102
-1257
-1383
-111
-110
170
719
1093
-1215
2031
-154
794
-1854
1482
-1560
-293
-577
1606
-505
-64
-1326
1545
-2030
231
-988
841
-2009
-306
-952
1371
-660
-283
-2032
1418
-1821
-319
-706
1768
-383
-44
473
-1743
674
-66
69
-91
-68
38
-52
-12
29
67
-99
-76
8
-88
51
-34
80
24
-20
-57
68
13
-29
14
16
-6
75
-21
87
60
70
-15
-93
-58
-14
-48
75
-6
-52
-92
-51
-3
22
0
-69
85
-72
77
-95
-38
16
29
-46
-88
-74
26
-35
-41
7
81
11
-39
58
62
73
-91
-91
-20
74
42
-49
-96
77
8
-13
-17
-86
46
-25
-17
-86
24
-72
-67
42
-83
63
-81
-5
-34
-52
-37
50
-96
69
-59
66
33
-81
-37
-60
46
-21
-54
-60
49
1
-52
77
3
-70
-51
-33
84
-2
24
91
-5
-47
44
561
114
-78
164
4
1
25
-683
49
-86
70
-640
328
337
325
342
399
307
331
378
313
-27
1
-46
-67
725
1458
1036
1445
1412
1356
894
1408
1371
1662
1224
1754
1372
1386
989
1251
1263
-1642
-124
-2032
-157
-2032
-461
-2029
168
1450
1065
1618
1170
2021
1408
1924
1066
1205
-2
-30
-113
-22
-37
-87
-100
-62
3
-9
349
325
286
305
255
278
268
300
186
287
35
43
-5
-2
42
13
-53
-55
26
-49
11
-3
-80
-35
-15
-48
-7
-36
-7
-67
-53
-65
16
-96
-92
-38
-34
-45
-32
-88
50
6
-44
-3
-26
-3
-50
35
-20
147
-1812
-26
-270
1473
-343
30
-587
-3
-45
93
74
9
277
284
279
298
289
270
278
279
271
163
113
-3
1
71
116
77
101
93
150
61
115
92
86
67
126
106
108
89
117
95
101
72
125
97
101
87
139
78
139
47
95
76
114
72
95
69
-544
-13
366
-2032
1711
137
-117
16
-68
130
121
-296
274
286
295
306
297
299
298
311
294
-197
-282
-6
2
-82
96
109
81
106
80
115
75
103
68
92
61
94
66
107
60
95
78
112
71
114
77
109
66
118
70
120
62
101
77
91
81
105
-30
-64
1287
-2023
40
-355
-211
-101
-8
218
-1167
-8
96
-30
677
45
260
113
-58
-30
102
169
66
118
195
252
37
48
-1660
-636
-955
-964
-861
-1296
-1483
-819
-685
848
-1544
-1691
-1223
-1351
-1407
1306
1431
-1598
-1186
-1766
-1661
1530
2030
2032
-1596
2032
1810
1386
-1257
-1317
-2025
-685
-816
-249
252
20
-36
3
-382
-170
-135
-14
33
25
454
118
54
46
49
139
41
132
69
36
-1
0
-26
-9
209
63
38
41
39
99
82
152
9
52
109
-14
48
107
141
-88
-23
22
51
-87
-79
14
-8
-34
-72
50
37
48
43
60
103
24
25
66
57
301
84
-39
-88
-16
-20
46
-43
-1
0
-69
18
-43
6
84
74
-42
-79
57
64
64
25
-29
-59
-67
88
-59
-63
-84
25
21
-81
-18
68
-36
-55
-38
19
-15
-54
-46
94
66
-28
-11
-31
-79
92
50
-41
70
80
20
-52
-69
-72
92
-63
74
-36
-54
12
11
10
54
42
-61
38
-65
-91
-62
-83
33
-80
-72
-36
38
-68
52
53
-91
-24
-33
-21
2
7
-89
-45
31
-79
-45
32
57
-80
41
-4
27
78
54
-93
-3
-35
79
67
-49
-34
17
81
51
53
44
46
-14
92
80
32
-52
0
34
-65
B
256
-30
82
26
-70
-55
-57
-106
-13
-55
-45
-15
-34
-287
-62
-3
265
32
94
-85
-95
-36
-83
22
-214
-144
-68
-49
31
1
14
-69
-30
96
-46
-33
-5
-14
-10
-52
96
-60
52
-42
-159
29
35
-34
64
93
11
12
34
-92
10
46
-27
-83
-32
-60
-23
-14
-52
-49
-56
-49
-63
-96
186
232
7
-5
-56
-80
-69
-23
-40
191
-35
-77
34
-82
-166
-51
77
165
36
-77
1
38
-90
-108
91
-81
-23
44
57
-37
12
-35
-92
-97
-42
-56
145
102
-18
84
-62
259
349
-5
-6
-80
-51
-181
57
-49
-22
-88
-172
-86
19
-53
-55
20
-46
77
-81
-98
-85
397
-49
-39
-147
-33
-40
-16
-42
212
232
77
-72
-24
-38
-78
-88
1
-188
58
-100
-90
6
-71
-76
-99
55
47
203
-51
-81
-47
-76
7
70
-63
14
107
52
-68
102
30
135
-17
29
-145
67
-57
69
-78
-50
-57
24
161
-34
-156
1
156
14
154
-73
-61
-26
-17
-18
-15
-28
175
-32
-153
-3
221
42
207
155
-67
-41
50
-64
-73
106
-136
-35
-28
-23
-75
-155
-51
62
34
-43
17
99
-81
-86
-66
-88
-76
-78
-96
10
-153
3
-49
-70
83
-64
-78
-11
127
-44
-57
-23
18
11
61
-29
-76
-42
15
164
35
-21
-94
-20
53
-51
W
64
256
408
1165
129
548
-29
-36
-743
-291
17
30
985
2031
-1432
-901
34
732
58
-487
-217
-143
34
-207
267
468
-106
48
-30
-804
-294
195
49
1077
-124
-2031
62
1117
-8
-1115
-1313
77
-2025
386
42
-1470
179
280
2031
547
-174
2032
222
-344
35
-504
-1074
-21
52
-818
-9
-58
-11
51
-2022
-40
-2031
-1015
852
576
327
-2032
-307
-175
434
37
-681
-681
-631
-2
489
-632
-20
114
30
-129
826
1175
306
-523
-874
60
944
-1248
-1
22
-592
339
-1316
-1218
-8
307
396
-962
-1077
-320
-545
29
173
0
-294
276
-7
-49
564
-2030
-1047
-175
1716
-49
204
1822
-42
-643
-48
-1272
160
212
430
15
-119
-61
178
-38
576
-443
152
135
-1098
-13
-626
338
536
1197
1952
154
44
-70
35
-132
985
-274
-11
1707
412
157
195
259
82
2000
-2030
58
-20
123
1116
-545
1107
15
-274
705
568
-1103
-84
-406
-13
382
-140
375
-5
473
677
227
30
428
531
140
-85
2030
595
-707
145
-428
-15
313
-1049
-1119
-1924
-128
253
32
-55
-197
473
161
-913
-1007
-53
-1247
-1353
24
-4
466
671
594
671
-23
-1483
1020
34
77
-991
59
-675
2028
102
18
-566
-26
-24
-22
-33
874
574
-436
870
-40
584
-747
18
1929
352
-54
-531
214
2031
-2032
-997
-1052
52
37
-473
-116
2028
-28
-590
-2031
-1041
-52
597
184
461
784
40
-20
737
443
-12
-4
-46
-2032
264
317
33
-891
-62
1175
161
-284
11
28
714
-1614
49
33
59
316
-26
-1145
-46
-659
138
-2031
5
-1737
31
198
-110
-275
1296
298
-5
-2032
-809
-136
-1771
-1477
-279
1637
117
-1676
1
593
1552
24
-58
346
-38
8
2
-45
-1675
-46
-2032
257
-394
-92
-130
2027
604
-415
534
-40
2031
402
499
-55
705
146
46
1687
-64
500
-1219
-842
677
2031
1069
31
1479
1401
-59
-65
-69
441
1255
-109
40
281
721
280
272
604
730
978
53
-34
193
-507
1146
-50
753
-1302
-53
98
-17
-49
61
158
19
-265
9
256
-857
954
-158
60
588
-39
-464
-6
585
280
-672
861
-696
15
-601
-131
8
-1203
2031
-939
13
-35
-931
-12
-1122
-5
-45
-300
-778
263
-407
-26
514
-125
-2031
-47
-23
14
-381
1344
-73
-1279
564
544
84
732
-179
-254
37
876
18
367
-31
286
829
905
-50
203
-269
1196
-21
1189
-687
28
-276
181
-22
748
247
-1411
2031
32
102
62
70
-972
-806
1571
794
217
12
354
-64
17
-15
-361
-480
148
631
50
325
74
-10
-422
249
49
1362
-1154
19
-37
-74
7
52
54
-20
-440
1186
-53
-729
-27
1141
320
-7
-1992
53
6
-934
680
-2031
1882
598
242
6
39
-6
223
-1106
-41
-1
-2026
132
-34
-35
25
-28
63
-36
20
-35
-66
-61
-2
-52
4
14
-51
15
-15
34
10
15
36
2
24
-8
23
-5
-48
-33
36
54
52
33
-10
-11
-51
-27
51
-63
60
5
-39
62
-55
38
47
-14
-43
-36
-41
-11
-43
13
16
58
2
-25
58
-6
-19
36
-40
-9
-62
41
-52
0
36
-43
25
19
-25
-46
-10
-17
-26
-4
-38
-30
0
18
-60
42
12
42
46
47
8
25
-14
4
40
-40
-53
-3
52
1
-40
-26
-12
-16
-60
-14
29
-26
-53
26
-30
55
12
24
7
11
50
-42
-9
-14
-68
-18
3
0
0
-2
-35
23
14
-48
-44
-26
-26
-19
42
-18
35
-26
44
-56
25
-56
58
41
8
-33
43
49
40
-50
-38
-56
10
5
62
-56
-11
-9
38
-39
-23
-25
-44
15
-56
2
18
-23
-37
-9
-1
30
52
21
-56
22
55
-23
36
24
-63
-42
-62
-13
-29
50
-14
-5
-11
-46
59
43
-14
27
56
14
-36
29
61
-14
-5
-10
33
2
8
-28
-25
-44
-31
2
-44
45
22
-53
-23
-26
-9
-69
-9
-31
-16
-22
-55
46
34
38
16
-14
-38
-49
-23
13
50
35
-62
-18
-22
-5
19
46
-60
-55
-29
1
8
-55
-60
-9
-24
16
-51
5
-43
-6
-63
41
31
33
-38
-47
-25
537
-1506
442
-339
26
5
150
341
30
-11
-644
2031
212
1540
940
398
-226
1954
728
80
2
287
755
-1545
7
34
-63
339
-80
-1085
51
-2031
206
76
29
-1778
28
-193
2032
104
-347
-1879
26
2004
-600
-2025
2027
-2032
-330
-343
-641
451
-61
710
351
43
28
1600
19
-56
41
32
-26
-53
2032
1420
-119
-1933
-399
552
460
-547
-18
15
1941
849
553
40
964
-340
19
-483
31
469
-1573
-1064
291
-404
-1599
29
-820
1001
-50
-48
986
763
668
1896
26
478
-401
1875
1438
708
996
570
331
30
1655
-1637
239
-18
1783
487
287
400
73
11
1604
2032
22
-382
-6
1717
-719
263
243
46
312
-50
336
37
513
589
-1595
689
105
-27
842
511
-2029
-1129
-782
45
-20
65
-1464
255
-1172
475
-13
-899
-1006
-423
-428
-862
354
-1211
-443
-13
36
-1669
1205
-846
616
-1583
933
-1521
358
335
338
-379
-18
760
-289
595
17
325
120
553
3
2025
-491
-299
142
1911
778
1165
318
-891
23
779
1806
1472
1557
106
-193
-19
184
-833
171
2031
1358
-117
15
1999
1974
27
-8
-284
-851
-683
648
-58
2015
-612
53
-1476
1588
-54
2024
298
-23
-52
655
4
12
47
7
-524
369
957
-809
-16
646
1101
-28
388
339
29
111
485
-130
-267
-402
1827
-11
1
452
-152
-509
33
379
2028
1469
21
1394
790
814
1727
40
-44
-598
388
-1
-14
608
192
1298
-714
-535
1026
812
-285
-741
19
25
-9
1437
-2030
-558
-9
-54
-679
-382
-147
-61
850
200
-989
60
1364
10
-551
-398
115
1819
-267
-53
2031
162
850
-461
-369
-156
2026
-106
1511
-41
-747
233
62
8
-525
-45
61
-26
-41
-1869
45
-911
-643
685
-1181
-132
-952
1014
-191
1108
38
368
64
54
29
98
929
45
-1641
22
1024
33
364
1130
406
-2030
-62
266
1371
-59
-24
-1101
1310
-853
-447
29
1028
1619
-464
-440
-168
366
1219
847
43
1020
-705
-80
0
-216
-2032
-651
1028
1365
-4
-756
2000
-38
-148
30
-690
-480
1281
-11
-6
1033
-49
187
-12
1438
-415
627
1176
-25
-39
-129
415
506
1522
-1342
1393
22
28
-561
-44
604
-1012
8
930
-843
73
351
202
896
-887
-1173
19
-37
-210
1638
-457
1891
-940
-103
-93
1188
-342
137
-446
-52
1824
-358
1114
17
1021
1413
1408
58
-1144
1352
-244
205
-2027
623
-226
134
-212
11
1805
-664
-123
-2032
-104
-360
46
-615
-634
715
362
-403
163
-52
-433
-401
10
-10
381
298
173
1528
-9
-986
426
-38
470
-887
-46
1642
415
121
7
-989
1
23
-23
7
299
1830
-360
449
51
-827
-400
59
1330
383
61
-402
1336
2031
308
-149
-364
-9
56
28
-502
2028
47
-1081
-2032
-351
-19
-1336
-355
-845
-441
17
-19
790
589
50
-51
-576
-2032
119
760
47
-680
221
2027
807
465
56
-130
-1383
134
124
14
25
600
377
-1199
-44
-1915
-837
-1814
-24
-1479
48
1987
1000
-734
-295
835
53
-1798
-1136
-897
-2030
-2031
1091
-2032
-382
-412
11
929
1747
-20
-26
907
8
-11
32
-37
742
-5
-2032
768
-1462
-464
-224
2021
-915
-516
-1247
56
-1020
-1320
1031
34
252
-1039
12
354
-11
-793
-1980
-710
-1166
-2029
-1900
14
-1214
1302
7
3
1324
-1085
1506
698
-41
-931
-472
675
1004
643
701
-1239
252
40
975
-29
751
22
-482
2029
573
-514
-954
-55
1090
1885
56
-1010
-62
927
-842
-1211
-827
3
-644
-16
-504
35
-1166
-48
-1066
-1483
1007
-36
377
294
-235
-1967
1146
-2031
-52
-26
-1178
580
-1153
247
51
-1184
-1355
-21
-363
-1028
-742
1789
-2032
-47
-20
836
-197
377
-665
1622
806
755
-1070
974
110
465
42
-1907
548
-1023
40
-943
-746
-1284
10
242
-1476
2031
-478
34
-699
464
-597
1138
-8
-1293
703
-1390
1200
1248
-158
50
244
-820
-1345
2029
1170
316
-37
914
708
-49
41
-1002
-503
-355
-930
-46
1151
258
40
-1588
864
-2
1975
-1339
-9
-22
-178
40
8
52
-65
-270
-2028
789
-670
15
1391
814
-23
-2029
-493
47
1625
-1125
-2031
-792
-542
647
41
14
474
-81
-763
46
11
2031
524
-41
-100
-1891
-394
-1080
-33
-50
-22
-102
-64
-28
138
-2032
669
-479
66
467
-777
104
397
-343
44
308
-172
-471
-783
63
-60
548
386
1392
-11
-547
450
542
-56
-1635
-29
125
-1029
-118
2029
-1653
-16
1890
-1056
2032
-2031
-1747
-637
2032
632
1487
-46
460
-1333
14
-34
-738
69
-35
21
-55
195
44
2032
-476
-387
-1947
-118
-80
-456
920
-274
55
-2030
116
287
29
688
-737
27
-1564
53
-236
-529
303
-172
-1916
1860
20
-373
57
-7
-32
889
-142
1699
-814
-16
-143
-1462
-594
-671
-329
429
-37
1290
1
-233
1543
-170
71
522
-1315
-660
-56
-1041
16
-468
-1786
-37
622
60
-1052
958
-279
862
-44
-9
-20
29
-19
-30
371
-477
-196
260
-22
-574
-193
-1197
743
1366
49
61
-47
1560
150
-1093
131
17
-2017
-634
-178
208
-545
-223
2030
279
50
-34
-1597
-214
-836
614
-558
894
-2032
-108
-1066
-522
-388
40
-119
-84
-209
-16
-237
-863
-157
7
2028
49
213
170
2000
397
-449
-207
-925
-26
-342
-744
1326
-2031
-318
479
-12
-200
1293
512
1387
488
-664
-57
-1036
-624
-54
21
858
472
385
-254
-43
-463
-577
-12
-771
-672
-6
-2031
634
72
8
54
42
-42
19
52
765
-448
-298
962
44
706
-489
31
-24
570
63
801
-331
186
1088
840
-521
1
58
-290
-1007
2032
-18
195
2023
-473
54
1611
620
1370
1765
-40
-1
-335
1319
-49
40
764
-2032
283
-831
-2018
-138
-921
734
464
-110
6
1029
2031
-203
-2031
-16
28
593
-665
826
62
-1349
-12
-1896
53
-1194
-26
368
-152
246
2032
305
19
1856
-1703
2032
-2031
-1807
-922
2032
-114
1310
18
770
-1065
37
-51
-304
-43
-38
-63
51
233
53
2032
-811
-745
-1444
603
2031
1325
574
1616
-28
-856
-1356
1236
6
645
142
-14
-1589
15
1341
-1950
528
1594
-2015
1030
-1
-49
-524
28
-64
-266
1155
821
24
-18
1154
1157
-258
-305
-101
589
1654
1725
62
-190
-41
-968
17
-370
224
-768
-175
-1372
-41
-394
2028
-23
974
-51
-878
497
1720
69
8
1569
-9
83
-30
1632
120
-744
2030
1438
-10
-647
-917
209
-1641
-172
-552
44
-8
582
-55
-1257
-885
-29
-1304
768
444
919
241
1172
1453
-2032
55
-51
-268
-1066
893
804
-1595
475
-92
1451
-634
-267
-67
-60
2030
-715
1323
8
1123
1241
1647
-35
1504
-210
1949
1204
1371
49
-323
354
17
1
2030
-849
747
-2029
236
442
41
328
619
685
1917
-94
-345
-58
-85
62
-37
-57
731
533
2031
1706
3
-944
-1243
58
-539
-463
-56
-480
678
57
41
-314
-14
59
-64
-64
158
2031
-136
206
-26
2031
-251
-56
1491
-131
-24
-289
1371
2030
1973
1020
198
-34
10
3
-802
813
-43
-747
2021
-194
-40
171
-2
91
223
53
0
309
-583
-54
13
235
-195
338
1910
603
-220
-8
204
223
-168
31
64
126
-243
-295
-32
-17
25
32
506
-51
570
104
282
-38
-2032
11
-441
2031
30
25
38
-41
-2030
-2031
-1980
218
78
130
-944
63
-109
54
385
-752
-1
4
1963
47
-61
-51
12
93
-63
2031
1718
579
-226
2
-479
89
-422
105
16
981
171
533
33
-1815
-2032
-48
-662
63
101
-828
241
84
-51
2032
39
543
73
-15
-26
-11
146
-1303
1964
-47
111
136
1694
1444
121
-72
139
-750
-33
399
179
-62
10
-8
1446
104
-1027
336
41
1663
225
-55
-76
-33
2032
1116
125
122
-18
118
24
-144
-47
147
-115
-525
198
-344
46
15
194
-824
-125
915
2032
-51
3
329
-2032
303
2011
-61
130
-335
-27
-103
-35
99
-2031
-1216
-21
57
-6
-237
465
-685
-219
-8
-37
125
-77
-436
69
20
169
29
103
-62
72
198
154
-3
-245
-1047
-548
128
408
51
946
23
48
62
194
2028
-333
-307
-250
-84
-8
1689
1131
153
-654
-372
1468
-19
2028
1670
-3
42
484
-930
-1970
129
-16
2032
-415
17
-1921
2021
-38
36
87
-84
7
2032
-26
15
4
5
-884
206
1252
-813
-6
1720
1405
-45
348
-92
60
401
117
-268
1055
-524
1244
-58
56
-86
-51
-516
-57
2032
-521
1195
-47
287
-1748
117
-626
-47
64
-436
61
54
5
191
-1748
-182
-132
381
605
-858
-15
-166
91
18
138
266
-651
-682
8
35
52
222
1037
59
1089
386
-831
-44
1411
53
-961
-233
71
161
-1651
-32
2027
146
1689
-1995
-158
-955
2029
308
1949
40
-170
-1401
54
43
-172
40
-35
-8
-19
929
43
2031
-119
59
984
-295
-51
180
473
273
-9
541
891
52
36
1592
55
1
-2031
57
197
882
491
327
2031
-677
-38
-884
-106
-39
-7
-13
151
-492
-59
-46
103
-1187
-102
-234
-601
585
421
1195
-18
-183
667
-1079
-31
618
2031
-580
405
208
61
-446
-658
-58
385
-48
-437
787
265
937
-3
314
-20
64
-51
171
224
-488
428
8
-31
-221
-185
345
269
-562
996
10
-71
673
159
659
508
5
-678
885
-359
277
-53
64
811
558
-4
18
-2024
-879
-777
930
-1176
-112
-2031
84
-618
-437
-377
-34
510
-109
40
-27
39
-108
199
-39
1290
515
-1908
87
2030
566
-3
144
-1242
-9
91
50
1818
-1062
-638
366
-2
35
645
1367
-497
-43
-524
12
-345
253
-42
3
311
180
14
89
2
-288
-726
-10
173
34
27
-2032
859
132
-24
557
11
31
-54
28
489
327
-125
370
-45
-929
-5
6
1737
651
0
-279
-69
2032
2031
350
8
-54
53
-322
-883
1081
-15
470
-2029
180
51
336
91
406
9
-1
8
-934
-208
-1
-23
433
2032
207
-308
-187
30
-294
-19
-98
-368
43
132
529
-112
44
-49
-33
-450
-107
320
20
480
340
-2032
1
546
56
-792
-300
149
1821
-594
-43
-1500
179
2024
2031
376
-113
2032
251
-602
43
-446
-790
46
-46
-281
-72
28
-57
38
1622
-15
-2032
-261
928
669
44
-1445
421
195
451
-15
-262
-431
-505
62
-2020
1017
37
753
-46
380
698
898
389
-2032
2031
60
687
-511
40
2
-598
225
-959
-385
36
232
-13
-303
-323
-528
-594
414
1446
46
-1316
-151
-138
-38
574
-1623
-587
96
393
-14
-1205
650
56
-82
-42
-267
488
421
616
-24
387
62
476
53
347
139
138
682
-521
3
9
-310
2009
-1456
-533
-13
44
52
350
42
839
-53
49
512
852
-124
281
520
304
1961
-2031
-9
30
-434
-226
349
287
-805
-473
-535
303
-879
109
-247
-47
677
-255
419
26
265
160
368
28
1355
530
-860
102
2031
589
-154
217
-648
-13
404
-186
83
-65
-256
416
-47
-61
295
461
-521
-522
-561
-32
-151
-270
-20
61
386
79
233
413
-32
-476
126
-36
1284
-309
61
-905
1277
44
-49
-119
-49
10
-47
59
281
525
-198
307
-50
-397
-268
37
1022
261
-28
-887
455
2030
-786
-121
-231
11
-6
-164
-80
-454
-51
-153
2032
-216
13
-5
23
-25
-4
23
55
-12
-21
-10
12
49
-70
-13
-24
-12
-31
46
-32
29
-28
-4
-51
26
3
44
28
12
-69
-28
-39
9
-42
-50
14
-57
-53
-37
14
-19
1
41
44
-19
-69
-42
42
-5
-63
47
27
51
-43
27
-62
52
32
-26
-64
-34
-56
27
58
-31
38
-39
19
62
38
26
-31
-65
-60
13
-62
-5
7
3
53
-50
43
-1
-26
-9
-71
-10
-13
-48
18
56
25
-16
-29
-60
17
-7
-59
4
-14
-1
-24
34
1
-44
-13
-18
5
20
-12
-6
1
0
0
-33
47
52
-70
-54
28
-42
41
-46
4
63
18
-20
-28
-68
-31
28
-63
-10
40
19
-69
-2
8
3
-15
-5
-55
50
15
-48
-39
-55
-12
-18
-46
-37
38
57
-54
-5
-40
-12
-62
-16
-36
-10
22
22
-2
-27
-3
-39
-44
-24
36
49
25
-44
-50
17
-29
-1
13
48
23
-54
17
-55
-43
-17
-59
-14
-24
-42
-70
-11
-47
-15
-15
-7
-43
42
0
-6
-3
-40
46
-57
7
31
-30
57
-17
20
-31
55
30
47
10
20
-47
-3
-19
9
-46
1
8
-10
-64
30
34
-63
-20
27
-43
28
53
50
-44
26
-14
-27
-48
43
-24
-44
-57
-16
22
21
51
-13
33
64
-46
50
-5
-32
12
-34
-40
3
-11
-1505
-721
-1190
-597
2
4
783
550
56
43
-590
-2031
309
1221
-25
-740
23
2015
790
311
-9
-245
-1571
182
330
-17
-20
716
405
-1091
-13
-1941
-692
-2022
55
-1487
6
1956
884
-706
-311
845
-64
1049
-1121
-1568
-2031
-2031
995
-2032
-568
-329
28
1109
1283
36
23
962
39
39
-50
47
773
1
-2032
1091
-1407
-472
-168
2019
-931
-572
-1408
-7
-390
-1425
1040
-32
147
-1087
-20
277
1
-958
-1969
-728
-1238
-1767
-1525
21
-1327
1367
-49
-65
1300
-1227
1567
811
-43
-1034
-437
924
1011
792
623
-1263
33
-12
971
233
816
48
-524
2030
666
-416
-1060
51
1397
-36
-20
-1039
55
1109
-445
-1165
-817
61
-824
-55
-714
-45
-1246
-102
-1172
-1591
1055
-5
518
310
74
-1831
716
-2031
-51
4
-842
638
-1316
130
-18
-1314
-1408
-99
-172
-982
-1360
1198
-2032
10
15
877
-171
273
-702
1915
838
675
-1144
1058
235
465
-23
-2006
502
-1097
-19
-1180
-1003
-1334
62
190
-1448
2031
-543
1411
-467
871
-591
1078
-40
-1275
1039
-1476
593
1093
-56
-1
216
-416
-1355
2027
1207
174
-45
954
755
21
-61
-1003
-491
-335
-1803
15
1183
337
-19
-1733
1054
57
2025
-1444
-113
45
248
49
-43
43
-22
-667
-2028
1042
-800
-38
1424
880
-9
-2029
-9
-44
1628
-1329
-2031
-455
-480
731
-58
-31
668
-111
42
45
-223
2031
622
-49
216
-506
86
-556
39
-35
783
-270
-10
-62
67
-2032
-30
477
-2032
-769
214
1286
654
-13
-42
-364
500
-109
-414
53
59
700
245
420
33
-1183
429
-2030
-49
-1900
14
1184
-254
-302
2031
271
52
752
-1010
2030
-2032
-2031
-165
-2032
-87
-246
54
1497
-1293
16
56
428
9
-41
-17
-11
1565
-31
-2032
526
-247
-795
-207
-24
29
-157
-4
-63
2032
418
1351
-74
-103
-642
40
246
29
141
-905
-1107
-53
-2001
-2031
-45
517
1073
-34
-11
672
269
2030
301
35
-24
-815
362
426
-93
228
-114
238
5
311
-1078
788
42
-875
-229
-794
1195
-1838
-53
-383
531
4
-79
36
596
846
-54
-847
17
-154
17
-741
20
149
142
-1363
481
709
11
-50
-450
-187
-150
-1687
-1839
-6
35
562
183
-1450
1476
50
-1472
-1652
421
166
-520
196
1547
-2032
-20
4
178
-1833
-389
-744
-107
984
129
101
534
49
118
7
298
-136
80
-32
-6
-604
-27
-58
-2029
-639
2019
646
-1169
-783
217
-544
-8
-27
178
720
1178
2027
718
-385
43
-60
715
-1071
2028
1286
432
54
460
347
31
-9
-72
165
22
58
-63
425
260
-34
-1135
697
34
522
-850
-22
5
1375
10
-20
-30
31
-49
195
389
144
26
891
208
-13
-2029
270
60
381
107
-1785
-861
-434
47
-7
42
-192
-824
1903
23
1049
-2029
267
-25
-353
-99
-135
-86
-59
47
789
-547
-26
33
-78
189
959
764
1464
751
578
-62
86
-620
-48
-292
-525
535
2020
43
10
-336
-83
-527
-39
19
41
343
50
-843
10
474
860
-186
-167
-284
-63
1158
-428
-1270
-194
-199
73
-2032
-678
-860
-29
270
2031
56
-24
552
-26
-17
-47
47
354
-28
-2024
597
116
555
-425
-341
-168
-1206
-611
-2
2014
1374
230
4
-437
331
-17
1026
-22
-173
569
-721
-414
1240
-1146
-1
-1852
249
28
-62
784
-167
1064
708
16
-50
122
363
538
88
307
-405
599
-6
1649
-468
-84
-43
-827
1268
815
-63
460
22
402
-416
61
-668
11
808
10
-448
-18
32
-303
35
-120
-4
-458
-664
-172
-387
-1385
-28
517
343
-1521
-2032
-2025
184
57
-62
-503
-394
-85
892
53
491
-543
-216
-860
-184
-161
-2031
41
-48
-35
-188
393
49
-10
-545
748
-384
-377
1773
124
-407
10
-1
162
-52
-30
-317
110
-284
11
522
603
-78
114
-1127
144
584
-236
50
46
-434
995
-747
200
223
33
52
-674
-181
-255
777
544
153
54
352
805
-20
32
-1575
-655
-1649
-343
-61
855
605
-28
-1755
797
-51
1467
-1820
-33
16
823
47
-20
-63
32
-454
-514
368
-497
-26
221
477
53
-549
552
23
578
-380
-2029
1222
-1029
226
41
37
-260
149
-25
-43
944
2032
662
-20
-9
-37
51
-18
-20
48
-33
-32
-17
54
-6
-37
13
9
51
51
-13
-57
30
5
10
-55
-28
4
11
23
-26
-44
43
27
45
-56
40
38
54
-47
12
-23
28
-61
-48
-51
-35
53
-36
40
61
-41
33
44
-59
-19
-6
-1
-41
62
-26
39
-31
11
-38
-15
-40
-1
-1
28
19
-7
-30
-8
12
-13
45
21
20
-46
10
-55
38
-20
24
-36
-12
-71
-22
-10
18
-24
-59
0
-14
-64
-44
30
-31
-64
-61
47
57
-32
33
-30
8
31
-45
-62
44
63
-10
-24
38
-19
15
-25
5
-35
-50
-37
-10
14
-62
-19
-34
-20
-14
-57
35
49
30
15
-49
53
-63
66
33
-73
-31
-37
51
-54
-30
19
51
15
23
22
-60
-60
-57
-15
58
-58
51
11
-11
-46
15
15
-10
-49
12
-43
-27
27
29
9
-32
-34
-48
-37
40
29
-39
-30
-23
-51
-54
-24
-7
25
5
0
-20
-20
-37
-41
-41
-29
22
-24
24
16
52
9
7
8
13
-51
50
-11
45
11
48
16
48
-46
-15
-15
-10
-55
-34
-66
58
-40
-31
-43
34
30
6
-63
-23
42
43
12
-46
38
-9
-33
-33
15
-29
-61
56
-59
-30
10
1
45
-48
-45
-22
-57
1
-56
-13
-15
0
-27
5
-26
-12
-12
37
-33
-30
-47
-49
-40
-25
-67
63
-64
17
-54
35
7
-11
17
40
-43
-50
-11
3
36
-32
-42
-35
-35
-31
-36
65
19
-28
-56
-5
-50
-9
-56
-24
-49
62
-18
18
1
13
24
-22
-54
57
17
-21
-10
5
19
71
17
-38
-38
11
-27
-33
-55
-4
-50
-30
10
-17
55
-37
16
-37
-36
-4
-45
5
-14
-49
23
-61
62
-33
-38
-10
-44
-38
56
17
22
25
32
10
36
-66
53
-42
-41
9
-13
50
10
-48
-41
-34
-54
-61
-30
-52
-41
46
18
29
-57
-41
37
-31
-6
50
-9
61
31
-58
-16
-4
13
-62
-17
-62
55
1
-45
-42
-28
-49
33
1
-7
-7
-3
39
-61
7
-1
35
38
-41
68
-23
-38
6
-34
21
-27
11
-36
28
-13
-53
25
9
1
-65
-68
-11
26
-61
35
41
-64
-28
-37
-3
-22
47
-78
-65
13
-38
-38
64
18
50
-10
-12
-4
61
-40
-42
18
42
-14
34
-57
38
-8
-9
56
37
45
11
10
-36
-9
-21
45
33
53
27
-4
-57
-55
51
29
-8
-20
-38
-15
52
46
17
22
-23
-14
40
-39
53
3
-37
15
-61
-20
70
56
63
10
49
-50
-47
31
-36
-10
44
-40
25
58
70
-11
-33
13
-63
60
-10
-60
-40
-43
-12
61
-13
-40
-18
36
-37
27
-3
-116
-15
-130
62
-41
16
18
-30
-8
12
-190
157
56
-1
103
-25
130
101
137
-40
31
-33
-11
49
-13
-35
43
-26
157
25
-92
-11
1086
0
-334
-60
0
29
1
174
-135
30
-2031
-192
-292
-228
-277
-31
-2032
49
-2032
37
90
82
-59
-61
48
-60
-20
-41
33
41
-37
-2032
46
-79
-308
-11
-249
-16
3
-29
45
2032
2
17
-11
60
-78
-37
2030
43
3
-201
-72
-17
847
319
64
-114
-37
-6
-55
151
-33
69
18
-53
-8
-105
46
22
105
88
-30
-133
-55
60
-7
119
-14
87
-2030
50
54
-69
-31
155
217
49
-62
-38
80
153
-48
-247
45
10
-63
0
49
-6
53
-143
12
17
19
37
-16
-437
-113
-2030
119
39
-33
165
42
-145
23
58
-165
-135
-260
6
-124
-22
-360
-1225
-18
47
-86
-37
-69
67
45
143
-92
-16
-47
16
49
26
-68
-52
-47
-42
-22
-87
4
-20
231
-35
168
30
-2030
98
40
22
-65
-13
-21
71
-21
46
-41
-9
55
8
183
-58
221
30
-33
59
42
58
-53
-29
16
-45
-14
-19
-22
59
-127
10
-125
59
43
1826
42
12
28
31
36
-32
-14
55
-24
-33
36
-55
35
157
-9
-4
99
-77
4
53
-8
-699
-191
-5
39
-36
54
21
-16
-26
33
35
-2032
37
57
-23
-14
-77
-34
11
-28
-38
20
-8
41
-23
-76
15
-54
-18
-89
-73
15
-91
57
25
-84
-84
-54
-59
58
34
13
18
11
-14
-18
-55
42
57
-96
8
9
-65
-43
-2
-11
-59
-19
-73
15
46
5
-32
28
22
-4
62
-13
35
15
-56
-72
-51
33
-62
-37
-60
10
-93
30
4
-68
-24
16
-62
-10
7
-32
-7
-52
-3
-34
-81
7
-49
-12
54
-22
-1
-17
2
-25
20
55
53
-79
-43
49
-41
-22
-30
-13
-1
-19
-41
-80
-89
4
-50
23
-51
-6
-64
-56
8
19
-57
-45
13
-58
-59
-16
-9
-48
8
11
44
-45
10
-18
-26
45
-62
-15
-80
37
-91
2
-38
25
-57
47
-7
-58
-62
-45
56
-30
61
-4
10
1
-70
-92
11
16
-57
54
-55
-37
33
-83
13
64
5
24
38
16
2
-75
-56
-14
43
40
-32
-69
-58
-4
-93
-21
-30
15
-40
-29
-15
-82
13
-41
-76
-11
-79
24
31
-22
50
-81
-10
21
-36
-6
-21
-19
12
-101
-37
1
-92
-83
-33
-43
10
-41
-12
-46
-29
-49
-24
7
-58
-52
29
20
-53
22
16
-20
-30
-41
-1
46
40
-61
-9
-56
-17
-74
-87
41
19
-29
49
-38
-74
43
-66
-15
-89
-33
30
18
39
-52
-38
18
-43
-52
-39
35
-25
-7
-46
22
-11
52
-1
-63
26
58
-64
-53
-60
-43
-17
44
-56
48
3
-53
-27
-4
15
-29
-6
29
-9
3
-17
3
10
-10
56
-6
4
-9
-32
-48
22
-64
-54
19
-37
-58
-48
-47
20
2
32
-51
-37
-36
-13
-9
13
5
49
20
54
14
-24
24
-12
46
26
-25
-16
-19
40
-53
-11
-19
-22
-41
-2
52
27
-23
9
9
53
-31
-17
0
-53
58
-15
-38
-55
-2
43
-63
-59
49
-58
-38
-25
-30
-13
-50
-42
6
-11
-35
-24
-21
-47
3
-50
-23
-34
45
-10
-1
21
17
-51
24
27
51
22
-1
31
14
-40
-20
32
-32
15
-39
6
-36
-49
36
57
42
-62
51
-3
-37
-41
-3
-50
36
-41
42
47
-58
-39
-44
51
32
-34
5
24
63
-11
19
35
-18
-38
55
56
-52
-17
-29
-29
-66
-40
14
-49
-48
30
17
47
-18
-52
-20
12
32
-34
43
-31
-18
-4
19
-10
34
17
-19
-40
61
24
22
56
46
36
-24
-7
-14
-42
13
40
5
-68
7
45
-38
20
-52
-42
11
-53
-71
17
-26
24
15
-23
-26
-55
58
51
-47
49
-38
-2
56
43
10
-55
-51
-23
-41
-45
5
0
32
-42
42
-65
-55
-64
48
44
-53
-29
45
2
-3
-20
-49
-62
32
-27
-5
19
13
99
103
53
206
1
2
44
-516
-10
38
60
-458
273
1901
605
-247
-31
231
235
-133
-49
24
73
-209
-151
-39
41
21
7
218
12
475
59
-348
-13
1400
1
-366
2032
20
1
116
-61
-2032
13
-2032
-64
263
144
-133
51
-105
36
374
-1140
9
62
1940
-1
3
-21
-7
31
47
-866
1716
548
78
-28
-427
57
-454
78
-19
1522
169
522
0
-700
488
-12
-160
-3
52
-575
152
60
1874
1132
3
390
182
45
12
-172
74
-1232
1948
58
61
128
1676
1444
118
-210
98
-753
52
211
129
16
1
36
2030
146
-1055
378
23
1351
114
-38
-236
14
2032
914
94
64
-37
83
-24
-131
22
81
-121
-762
128
-122
-33
52
190
408
-87
1146
1584
-26
60
61
-2030
383
1972
47
303
-210
9
-8
-32
70
-1606
-2032
-22
-17
65
84
493
-777
-173
-59
58
41
-57
-432
104
52
102
60
59
-41
32
202
111
14
-55
-610
-650
39
-5
11
950
20
72
29
107
2024
-320
-1241
-116
-92
33
1664
842
125
-539
-400
1460
38
2028
1660
-20
-17
420
-927
-1479
62
-43
2032
-235
58
-2032
2024
-29
-206
-11
6
55
2024
-27
2
20
-19
-920
148
1242
-838
-37
57
1406
-10
288
61
-5
436
66
-238
-126
-491
1240
20
3
-68
-24
-174
-49
2028
-116
1190
23
-141
-1447
-143
-1204
-14
51
-300
183
-20
-54
30
2032
563
592
1188
-805
-884
1464
1341
20
-27
34
-355
265
-248
-24
-53
1484
140
1698
-4
-1451
430
2032
-53
-1189
-4
-434
711
146
1068
-780
46
1649
91
-2032
2032
-1783
449
-2032
-647
14
-24
988
-2014
16
-41
685
-60
2
-18
50
1608
16
-2032
774
133
829
309
-2029
-337
326
-255
7
-2030
758
-30
-42
-1194
-2029
-13
110
16
-201
-2030
-351
-371
-2030
-705
41
264
-393
-35
54
752
-109
94
837
12
-257
-804
716
438
-329
109
-292
-102
-42
-164
-452
35
-36
946
707
235
-1848
-1494
1
-737
-2032
-14
1653
-30
726
1299
-375
436
-51
-220
18
521
-18
-262
471
-222
-520
1127
-58
705
-96
-9
-1620
-2031
-1410
16
63
1715
-78
-1166
646
58
-1507
-851
-167
-579
-340
-233
-1937
2032
7
-3
-910
141
-370
374
-42
320
-986
108
-631
-234
-215
59
-149
-64
53
-9
12
-555
-215
33
-1160
-768
1800
34
-1713
459
366
-15
-129
-4
-224
721
2024
1949
-143
-593
-48
231
1922
-3
2031
698
-181
30
658
559
-10
10
568
-260
-137
-182
-55
851
-347
16
-720
677
39
-284
454
0
-29
739
34
-53
-50
55
-241
-321
472
114
53
1645
544
-3
57
296
27
1326
-163
422
472
-195
748
-52
-30
-74
411
-1610
12
934
2032
596
29
1877
611
930
2031
-28
65
-661
77
15
46
968
460
633
-641
-827
279
-381
-501
-677
-423
57
-42
1829
-48
-100
-25
-5
-530
-1185
-79
-16
352
-99
1869
19
1255
-50
-183
-565
215
2031
-901
0
-1199
330
428
1523
35
-401
2032
-21
-270
-54
-761
389
-59
-58
-702
-78
0
-47
14
239
1
-2032
-570
357
-1164
-54
426
1092
351
1768
21
2032
794
102
61
602
957
-46
129
-36
1318
455
770
1664
1983
-2025
35
-116
-489
-21
47
-334
1531
-757
-389
45
1532
1591
-494
-434
7
-400
1726
29
28
-485
327
-421
19
355
1143
-166
919
521
45
418
1490
43
-393
30
-855
-523
1845
217
10
1667
18
175
-57
1781
637
866
1993
-459
-54
32
-475
421
-418
115
2024
13
-65
-394
-163
982
-910
-19
151
1655
742
-82
1151
1015
-209
1074
-32
33
-880
339
-544
593
-2031
-686
-1040
1517
-247
254
-356
-36
2032
-100
1357
-8
1164
2032
1829
29
-65
-317
-1357
182
2031
-400
-148
205
-536
-15
2031
-838
-2032
1413
-109
218
40
-873
-526
1634
-982
-351
-91
-6
-604
-376
-26
39
240
167
878
1719
17
-644
610
33
14
-601
-30
-2028
408
90
35
-761
-64
34
1
29
86
2031
-275
178
35
394
-468
-45
1001
1649
-14
-749
1391
1292
-193
53
-280
-11
-58
261
-218
-278
-8
-742
1283
-245
-40
-5
8
-33
-13
52
15
-943
147
41
-17
239
-39
-309
-1060
-458
67
-44
-177
-185
-2031
1
13
-31
-53
79
-51
4
-107
-4
123
-33
337
53
-2032
-63
-558
-54
-235
-1276
19
-52
-57
-11
-2032
-730
2021
239
-64
-17
-858
24
524
55
-257
987
36
48
-1085
-12
-41
63
-43
-301
-2
2032
-961
-316
855
127
-207
-53
309
-23
-14
-2028
-216
-543
40
-144
1404
12
-119
-43
-38
279
299
-71
-2032
488
6
262
-193
-60
65
-248
-24
-249
-1124
11
-51
23
-912
-818
-123
-163
-30
380
23
-237
114
-19
-17
-42
-2032
-302
-249
91
-37
193
-15
-29
21
1
-1155
-349
-37
32
-7
-19
-38
18
-60
-32
-14
-83
-50
-138
12
13
24
383
-245
-591
106
-16
37
186
240
199
-1118
-19
43
73
17
-16
20
-26
162
-2032
18
-62
-22
-53
-142
85
172
-134
-27
-1
-97
-183
6
-5
4
-40
-23
23
-22
-15
-65
-18
-145
-339
59
-25
1071
-87
-574
65
-43
-38
-42
-1167
156
212
-231
14
-37
-1242
-207
70
-511
-187
-2032
-32
-1165
-968
2
-64
-343
379
135
-32
52
-1354
-2030
10
434
-1186
42
91
439
-50
18
-1276
-6
-62
40
18
561
-68
-714
416
-15
195
-814
-3
389
60
-21
-319
-31
-47
-567
64
-704
-27
-45
6
-5
-119
15
-1289
395
-706
-27
-40
-63
-59
-53
-2
57
-14
47
-28
16
-30
-55
25
36
-35
2
12
-67
-55
51
40
-45
22
34
-5
-43
-3
20
35
-15
-5
35
-21
1
-59
-68
61
-27
-22
-62
39
24
-23
39
-3
-7
-49
31
-52
-22
-2
1
7
-25
36
57
-37
-57
51
-16
-54
50
53
10
-1
-2
44
44
-61
-34
11
38
-23
29
-24
2
-67
-59
48
39
13
-21
-41
35
-54
-59
-28
-5
-55
37
-29
37
54
44
-31
0
34
-18
-2
41
-56
41
-69
30
27
7
-36
30
26
53
3
33
-49
-27
-37
-65
33
-60
-64
36
-41
-22
-4
-27
20
65
-13
-2
6
3
-51
-11
-54
-16
-11
45
48
-37
35
19
-44
-43
46
23
24
-25
-9
28
-31
-64
-2
-67
15
-10
-55
16
0
40
11
41
-61
-30
-15
44
-8
25
-52
-66
-11
-51
-13
-44
50
-26
-28
36
18
-33
-5
46
-24
12
14
-9
21
-11
-12
44
-58
4
58
-67
0
-58
18
-33
-43
48
-51
-25
-67
4
-47
-35
-49
-67
54
25
54
-37
1
-62
-56
21
8
-34
-46
-43
40
-15
39
16
-56
39
-53
-59
-1
55
-40
47
22
36
10
55
35
42
-25
-36
-46
35
50
-58
-5
34
-4
26
52
25
-39
55
3
8
-62
32
0
-26
546
704
383
961
42
-17
-2031
-296
23
-31
61
2031
-252
-1450
-434
112
173
-857
-574
-410
-54
-90
534
21
147
-10
-35
-493
-52
118
64
1426
247
-379
-13
1056
10
-292
-1762
53
385
90
38
2032
-631
1371
2032
883
216
2031
491
-1129
11
-787
-1526
41
61
-1582
-48
-24
63
34
-241
-14
2032
-1289
551
-2030
-16
-88
550
208
704
-45
2032
537
-736
32
238
518
39
1175
31
495
1721
649
610
1933
90
-44
-142
4
16
47
-683
592
-692
-1605
40
504
1049
-1276
-1271
-241
-108
637
521
47
-1047
52
170
47
-110
906
-393
447
794
63
120
327
-40
-79
-20
-1699
-407
709
187
-33
540
-58
269
15
634
-947
150
705
-85
52
-65
45
281
153
2030
1756
1
7
96
163
1272
-1781
7
1227
-96
156
626
965
340
1622
-1298
-55
-32
308
118
-447
-288
-201
-584
405
395
654
172
-19
-63
975
-129
512
6
424
1139
592
64
-1272
791
-398
-269
1991
-103
-845
-31
-75
-43
681
-1722
-1484
-2030
92
31
31
-513
-596
228
-1572
-209
-699
47
-1693
-1451
31
24
-424
791
1029
600
-46
-1895
-1843
52
329
-1726
41
-1548
-289
-62
26
-1979
3
-46
25
59
907
1065
-1093
722
-34
294
-1207
15
-229
456
43
-419
466
-408
-2031
851
-1041
0
-47
67
298
-2030
16
-1966
-2032
-1057
25
-482
-418
-789
87
-54
15
573
860
-9
-6
503
2028
759
768
2028
-531
617
2031
1445
-258
-55
-482
-1224
718
302
40
32
1211
65
-653
-58
-1826
1133
-828
9
-1489
-63
1441
1288
-522
2031
610
-12
1808
-759
-5
1494
-1157
1327
-1803
-2031
-567
29
1299
2031
-37
17
996
-34
-61
47
48
1955
3
2032
1493
-1414
1771
-516
2031
-980
6
-1166
50
-565
1083
1748
-7
699
-31
19
192
56
-689
-1469
-369
-1556
-321
2026
-36
-1854
482
49
-17
865
-202
310
1191
43
-445
151
512
720
320
1758
-1407
-1901
-59
166
385
61
-15
529
2027
-1130
-676
-1842
-23
2030
1724
-14
-211
55
982
-455
-636
-1049
-53
-918
10
-99
25
-1148
322
-809
-1462
1234
32
1233
732
2032
-2030
-2031
-834
-15
54
-1127
403
70
1099
-10
-986
-1235
167
19
-1092
-1045
635
837
-18
47
64
-1146
1188
-404
1088
1141
-586
151
497
-439
745
10
-696
124
-537
8
-181
-274
-1288
-3
2030
-961
918
-22
-2027
2028
1560
-790
360
61
-648
1429
-522
1675
1185
-591
29
458
-819
2013
1451
-140
165
-36
1159
1140
-28
60
-1204
-896
-2031
-888
-27
1023
502
-14
-1648
1271
-17
2028
-145
48
19
1148
-11
-22
-7
14
140
-1950
1497
529
-37
1588
496
-40
-558
537
-39
1347
-275
705
2030
-2030
718
15
0
444
-1449
482
19
1318
2032
1537
13
-43
37
38
5
30
-27
51
13
-7
51
42
-35
-12
-40
-6
-44
-7
-65
-10
46
43
-23
-1
26
-9
-7
-46
17
-35
28
-36
-43
18
-42
34
1
36
-63
14
-63
13
10
46
24
47
-9
-59
-57
-35
-25
-64
-64
-16
-60
10
-47
-19
-33
-36
-28
17
44
-21
35
35
11
-59
-42
-2
37
-9
4
41
46
-23
-27
0
43
33
4
62
24
-39
-53
-33
-24
-43
-61
26
-11
52
-24
-56
25
39
-68
-2
35
-51
0
-11
-62
-23
-50
-57
6
13
-39
-39
4
-56
-23
-39
-49
8
7
-71
-44
-30
47
24
24
55
-19
-28
22
-59
57
31
-11
-5
-58
22
14
12
-11
-44
-18
-74
-13
-19
59
1
55
23
-53
47
37
0
27
9
-65
-37
-43
30
47
-33
-32
-1
-56
-64
38
-37
-57
43
-40
3
-49
-52
-60
-59
40
-46
15
-36
-40
10
-27
39
-22
-53
-7
20
15
-40
23
30
-47
57
-11
61
-44
11
0
-57
-63
23
-7
-23
55
-47
-65
45
-18
-54
8
25
25
60
-33
-14
-72
-54
-4
-2
-23
24
-61
43
33
47
2
21
-61
51
-49
22
53
50
19
-37
-35
-23
-58
48
-70
17
40
9
57
50
-43
-20
-2
54
-25
24
13
9
44
-44
23
4
16
-50
42
-42
-2
-2
-60
-20
61
23
1
-50
-30
-39
-37
-27
46
45
-33
-3
54
-37
61
32
-11
-38
31
40
-25
-45
-12
43
-42
12
-15
49
-36
-49
-34
-24
-82
18
-41
13
47
-45
56
-52
42
27
-22
45
44
32
-58
-43
22
1
46
-21
-29
31
-56
49
57
17
-21
-66
-37
3
-18
53
-27
-43
1
23
-35
-20
20
-29
34
10
-29
35
2
43
-35
-46
20
-18
12
-29
36
-32
20
-9
-8
9
3
26
-15
-50
34
-1
-12
-56
-63
-26
-4
5
-28
-47
12
-9
-22
-2
53
-34
0
-2
45
-64
-49
45
35
-54
-36
-14
55
-13
18
35
34
42
-56
-34
-54
-45
14
-33
-25
41
22
27
-42
-35
9
43
56
39
55
-51
-49
-40
13
-56
10
27
-60
-7
-27
-57
27
-31
0
22
2
-66
-37
61
45
-49
10
9
44
12
16
15
15
-64
43
-30
-58
-11
50
9
4
-48
7
-13
-12
-57
-30
-19
33
-46
-13
4
43
46
34
14
-1
-36
-47
-7
46
19
-40
6
-48
18
56
8
10
-36
-64
0
-48
29
5
-46
10
-45
2
-44
-8
-42
-17
48
5
-13
22
-29
49
46
51
-4
39
0
44
-27
22
44
16
21
-47
-32
-24
-50
-6
-44
-4
-15
30
-36
-13
-30
-5
-24
17
-29
2
10
-39
-7
42
41
-46
50
44
-9
12
9
-52
20
27
-62
-21
-62
-58
-62
57
-43
-7
57
-35
-55
-57
-10
-54
-36
-30
25
-41
-58
-34
59
-62
-30
21
-18
-11
-14
36
-63
47
55
32
-43
-62
-35
33
-63
-55
-56
60
-55
-28
-56
-4
-29
-38
-44
-35
-44
43
43
36
64
1
-64
-13
-2
33
-65
23
-61
-41
31
-28
-44
58
12
-55
-34
14
58
51
-40
24
-19
48
-24
-31
25
-18
55
35
42
-4
5
-39
-1
45
-48
-19
-53
-58
23
50
-16
-45
-54
-34
-24
7
62
-39
61
-50
43
14
-62
-8
-51
-27
-1
-51
-11
26
7
-32
-23
32
-10
36
53
24
42
-61
-6
9
-14
7
6
35
-57
50
-16
10
-44
-23
-28
-13
40
5
28
48
-7
52
63
10
36
5
56
-43
-23
45
28
-52
6
-50
-45
41
24
30
32
23
21
-53
39
-16
-17
51
7
36
-47
25
13
-58
-27
-50
1
-15
-42
63
-31
-50
-20
-38
-33
38
54
-25
-5
-13
-42
-1
43
-30
-15
-29
18
-18
-9
-40
-19
52
59
-27
58
-39
-1
61
-4
54
-26
8
30
8
45
47
5
-27
46
-66
29
-22
38
21
-3
8
46
57
-27
26
56
-39
3
-40
54
34
34
53
-64
-13
-37
-68
-5
63
-32
-12
-11
-2
-18
-65
-40
18
-32
4
-35
-79
29
53
-62
2
-64
-23
-40
23
6
-65
-16
38
23
-73
23
55
50
29
-32
-27
-8
-83
13
-59
-49
-15
-19
-57
-59
37
26
-37
-11
38
-17
-55
-14
61
20
-17
-24
62
-39
63
-48
-43
-33
-79
-36
-19
14
-21
-54
-44
-22
47
28
-20
-53
37
-29
36
41
9
59
-8
-77
-19
16
16
-4
56
13
11
-64
-58
-13
-14
-68
-15
43
13
-17
29
-11
-78
-3
29
-4
45
-43
21
-23
43
31
-30
9
-67
4
-8
51
-70
26
-25
10
-26
-62
-30
-45
-1
-30
12
-28
-52
8
-72
-16
42
-84
-17
-20
-58
34
-36
57
22
-10
33
36
-37
-3
-11
-63
25
6
37
-23
-30
10
-74
60
12
-9
-9
-15
-56
24
-4
-87
-4
-68
-36
-9
18
-5
11
-70
-43
-18
-79
-56
-5
39
35
42
13
11
51
-16
-4
35
2
17
-52
-48
9
-53
4
-81
13
-48
33
-48
-40
-84
-64
39
-11
-43
26
59
0
-5
45
-76
63
-10
-11
-13
3
-52
35
1
29
37
57
-81
55
-38
6
35
-55
23
-64
45
48
-10
30
14
-31
-42
32
-52
-22
-46
-29
5
41
-17
-12
1
22
-31
-10
-23
-62
7
33
-204
367
-234
946
-26
24
515
-68
6
10
146
-1193
-511
-330
1143
-863
413
1140
-12
-1510
-47
-350
-104
-296
-400
11
38
189
83
-2032
-4
-423
-77
-461
54
-4
50
948
-385
-328
-1541
1493
49
968
254
2032
-1074
-1120
-224
-807
-318
-387
4
167
2031
6
-53
-495
-44
14
-49
11
-458
-25
2032
-426
72
1082
226
-1355
-384
-195
-557
17
526
-1098
715
21
-1238
-2028
-7
235
-8
-208
-523
-828
-436
-1980
-319
8
1632
1192
26
30
906
-417
1270
-321
-46
-357
740
-427
-92
682
591
-354
2032
53
513
-820
668
-54
38
1437
81
694
-938
28
-1265
2030
-38
-677
28
-462
-2032
-339
168
29
-669
-54
-1103
-58
-299
-1005
-861
-430
-5
-61
371
393
-2029
678
2029
876
-48
-32
-1950
170
-1189
-1251
-41
-200
-1154
366
-1062
-480
-270
1138
680
-27
-62
1020
-144
1680
-1058
801
284
1418
-230
1602
200
-143
25
-17
403
-141
-42
-381
216
-314
19
878
-873
1468
-634
-2031
-1578
-233
-340
1070
44
-516
-372
1210
2028
994
-220
-30
-135
-2031
-730
567
772
699
2
-191
-246
-50
-21
-1761
-207
303
-474
-37
-225
355
10
-1150
-366
-18
-237
-1286
67
-32
-1500
64
-29
-45
-74
-82
-753
-476
-154
-18
738
-20
-53
-2031
71
22
1968
-742
-1368
612
-525
-133
25
5
162
-344
-1723
-3
-1272
-2031
-168
-49
-789
-311
-1102
691
-54
-13
895
456
33
-22
172
-2032
1108
387
798
-355
853
975
881
-689
27
122
-1737
-78
139
-10
-6
668
257
-115
46
-1756
-309
-2028
-3
-1514
59
1699
1361
-637
-1535
333
15
634
-1277
-1595
-2031
-2031
601
-2032
-1965
247
-8
1217
481
-44
-37
996
11
-52
-16
18
1443
-40
-2032
733
-702
-310
-312
-783
-1020
154
-1276
54
-1934
-1077
612
26
-267
-1300
-27
-559
-57
-1001
-2012
-1123
-1392
-2031
-1329
-22
-2009
481
-22
-1
1164
-868
1367
1443
-66
-655
-196
1018
487
368
714
-1238
-77
-3
977
-449
903
-18
-212
-2028
476
-582
-1135
-62
965
208
-30
-110
5
981
-81
-1293
-738
-29
-1286
-41
-743
15
-1122
-1348
-1095
-1755
-229
-38
781
140
-628
-1868
1289
-2031
8
24
-82
53
-1486
561
-9
-1488
-1380
-233
-654
-724
-1023
629
-2032
61
-31
1033
370
404
-683
1486
816
536
-306
882
-242
461
-27
-1491
524
-917
-61
-691
-1107
-1296
27
774
-914
2032
-197
1266
-1110
783
-747
1534
-6
-1220
649
-446
2015
939
200
-34
559
225
-1052
1982
801
364
29
1164
1366
16
25
-799
-865
-330
-1493
45
663
-888
31
-1305
549
50
1983
-850
-20
-12
236
50
-42
-12
60
-882
-1936
775
-485
-60
1346
851
48
-2028
-402
-40
1696
-1293
-2031
-1857
184
1425
-12
29
118
201
-2025
18
663
2031
1202
0
-58
14
20
-84
33
-9
-35
-68
-36
-49
-8
-35
-43
3
20
-32
-59
33
16
-31
-58
-36
-48
-46
-41
-21
31
-59
-9
-38
-6
-9
-24
-9
-7
-26
9
-25
-29
-12
-1
-26
20
-23
-52
-54
51
38
4
-15
-1
11
-16
36
28
15
-55
-12
-4
13
-6
36
59
41
-16
-16
-40
-34
-59
-80
25
-66
27
-27
-57
-39
-14
27
13
-37
-15
-56
-1
-77
-16
-34
-22
-34
24
-34
-51
12
-17
17
-50
-70
-26
4
48
-3
15
-22
33
-75
33
37
-32
48
-3
-48
4
64
16
17
-29
-11
-22
-29
40
40
-56
-49
-1
-50
20
-49
-10
52
5
-53
-22
16
21
-1
0
41
27
17
-61
14
-17
24
59
19
36
-14
-71
39
-34
25
-13
-62
-9
22
32
-44
43
-81
26
44
41
32
60
-45
43
-8
-16
41
6
-52
-22
3
42
24
7
-53
57
-68
39
-33
19
28
-22
-17
37
-14
-35
-54
-5
47
1
-13
-50
6
28
-49
6
45
-52
-41
3
-3
-74
-38
19
-25
-40
50
20
-63
-63
15
40
17
18
-45
-30
-62
-28
25
59
-59
32
-48
-42
39
49
-29
45
-83
-13
-34
-30
56
-56
23
62
44
47
-18
-65
-31
24
46
-18
-8
-10
-56
-61
41
-46
-55
8
44
5
6
-1436
-946
-904
-1772
18
79
-2031
-201
59
40
-301
-155
-1676
85
32
-192
-57
-195
30
-184
14
-5
-1428
6
-147
-5
-49
132
1143
46
-48
-76
-46
-636
21
531
-10
9
94
-1
470
131
-57
-9
-398
-297
74
-119
67
1495
-47
-1385
-14
70
562
21
-46
96
7
14
-17
58
270
-25
2032
74
-134
-1066
45
-55
-1022
104
-1350
4
-2032
-254
-209
26
-1302
181
-41
-1628
-61
-1017
-21
154
-1252
-2032
-677
6
-246
-296
45
-41
-192
-1177
1
66
33
-1116
-1605
69
66
29
-1453
-1419
187
-21
-189
230
-103
-42
43
5
51
116
-215
53
165
-925
50
41
-36
100
90
-1454
-423
-15
-1251
-36
-9
-52
-1437
-10
-427
-1661
367
51
7
58
657
771
890
-2032
-8
54
41
410
-180
100
-29
-286
107
-938
-195
-1193
-914
30
347
-43
-57
-28
419
133
-370
1447
45
-49
-1173
-10
-123
1452
0
-2031
30
-1093
33
-862
-1889
-1589
-44
226
-37
-52
-41
-1737
96
38
-1
188
13
-1676
87
156
-388
-102
130
-35
-70
164
-2032
650
42
90
-44
111
53
-21
42
36
-113
-17
-1474
-56
103
828
-39
223
59
-14
2032
78
-113
11
113
56
16
35
-37
13
-2019
68
14
59
-844
82
-41
-20
-220
-51
-388
-1206
-648
-578
-69
55
-39
49
7
38
1748
-24
66
-1000
44
-43
-450
-406
-194
-1026
47
-63
105
-144
-34
62
-531
148
-114
300
219
193
-331
1624
353
313
-35
134
-275
-763
146
-6
-53
242
509
-18
-17
470
60
1820
-11
-869
52
254
617
23
-1336
286
-32
1943
-487
282
214
-1714
-214
-2032
690
1409
7
806
-233
-26
-15
418
27
61
-49
-11
491
-37
-2032
316
-131
-825
-52
101
-93
-675
-448
19
-2032
780
-284
45
-1393
-1157
-40
-1326
-12
-255
-567
-1344
-207
-2032
-1357
-5
-617
983
-11
-33
1538
-341
84
575
-55
-360
-787
360
187
210
1005
-366
265
-8
1385
-607
1108
-41
212
-11
-368
-436
391
-53
-611
436
39
493
49
100
73
-445
735
55
-283
-18
218
2
-424
450
-183
-262
175
7
-61
905
350
-682
-1063
-788
-21
21
346
98
-721
459
-58
-241
-1551
271
-727
-1257
-139
1160
1559
9
-39
69
-9
465
-266
656
1144
68
-510
-268
-324
-369
61
-912
54
-443
-27
-121
-1040
-358
34
1979
-553
843
-96
-1447
324
57
50
403
-31
-384
199
900
1100
65
27
-57
421
628
-754
404
382
286
-3
195
375
-33
-32
327
-196
-238
-298
0
497
-85
55
292
528
-31
172
3
-52
51
381
52
11
14
8
-41
-807
273
-31
-10
-471
399
-51
-278
-688
58
331
-335
-1580
-361
-102
225
4
-29
-22
129
959
49
281
2032
236
15
-311
91
-344
495
-48
-3
381
874
-4
48
524
-2031
33
1612
-1850
-1017
-673
1956
895
-1492
-12
-740
-461
-106
1386
-43
-12
763
-54
-2028
-34
-829
-572
-2031
-44
1249
1
640
1358
-340
2020
445
48
2031
43
-2029
-2031
-1909
153
2032
-1677
-583
-28
1725
2031
56
-44
1436
-31
50
-3
37
-285
-36
2032
1674
-1206
1952
-2
1748
-334
-48
-164
-40
-1506
-1341
293
-36
92
-1641
5
482
18
-297
-2031
-376
-473
-2031
-1500
55
-1011
331
47
37
638
-193
166
1365
-30
-300
62
1526
1680
993
-228
-157
2031
-36
769
-271
767
21
-1
-1358
408
77
-304
-24
-1047
752
39
-997
40
2030
-1193
-210
-924
19
-350
-7
-484
53
-377
486
-2031
-219
686
-46
344
-408
2032
1091
-1660
-2030
2
19
-2031
1337
-1135
2003
14
-728
-646
853
-1097
-106
-235
1483
-1782
-70
-41
319
849
2031
-389
-276
483
300
-496
1164
-359
516
15
-346
643
-235
-21
-214
-89
-410
-10
-1908
-1097
962
-601
-412
-897
1107
-379
723
13
-492
1659
-934
2032
105
-942
-63
1018
-1348
-758
1917
257
498
-48
1780
1436
-47
-42
-694
-1350
297
-634
57
1976
1041
43
-1116
2031
-6
-779
-1624
36
61
2019
-24
9
9
-40
-906
-385
1092
-803
-25
1884
1515
-17
-2028
135
-31
1226
-155
-829
2031
-560
1516
-8
-15
-94
293
-1814
72
2032
2032
1331
-27
-557
-779
-473
-1099
-63
-3
-282
37
-40
37
-1469
1307
-340
1240
683
-53
-572
-181
401
483
-23
-28
-659
290
-120
-11
-28
455
-4
-646
23
-863
133
-2028
27
-452
8
164
1344
-32
-1147
-427
-50
-1783
-39
-1067
1553
-1039
-118
-2031
-447
223
30
729
1164
62
17
1214
-50
-11
21
46
-241
-25
2032
1099
-411
-186
21
-477
-563
84
-497
-36
2032
578
188
5
-1638
-326
16
-183
6
-510
-734
130
-509
1837
-2031
19
-639
-833
-25
37
748
-482
234
1252
-58
-482
-1038
1125
1011
435
-251
-724
133
26
790
-581
135
-1
774
-445
268
-19
-169
61
-153
-509
-26
-127
-48
1183
-302
-526
101
-60
-486
-11
-123
43
-606
717
-805
-805
92
-38
518
342
-731
655
-907
1596
-31
37
-817
222
-693
1112
-2
-693
343
125
-407
-744
-479
192
1599
-52
-45
-549
214
-309
17
-253
581
-691
-505
245
54
73
26
-1260
-214
-526
-40
-471
-1122
-588
-24
167
-673
-625
-95
1229
236
628
69
-269
29
-747
1270
1468
590
138
-42
-22
-77
-348
-8
39
623
255
54
1408
1034
1
32
-201
-657
-734
-675
5
1688
-213
40
50
1411
-19
-844
-94
-39
47
1408
-18
0
-17
38
-220
-891
774
-400
-39
-488
969
-23
-160
64
16
403
-484
-1400
-2032
129
987
-33
4
128
352
-1747
32
1366
2032
774
31
92
-50
80
63
-41
-34
-1165
-105
-62
-37
316
454
-2031
118
166
3
-32
-69
90
0
-18
54
124
-97
-34
27
14
101
-6
245
-63
-59
25
296
-20
-204
29
24
117
13
102
-63
32
1846
-460
-133
477
-170
-79
-2032
87
-2032
16
172
-480
-64
-59
110
-10
-43
50
-24
35
-9
-2032
87
88
-444
27
73
90
64
113
-51
-107
56
152
3
-139
243
-60
959
-22
101
-299
76
98
-2030
-13
56
-388
-49
-57
-21
-38
95
71
90
22
71
22
70
50
-31
-5
128
-114
-44
244
11
14
12
63
-124
-38
-1153
-114
-61
32
14
-58
103
39
81
233
98
228
1
90
48
20
-22
101
-55
-47
150
41
-31
-64
-49
-261
15
-891
-466
-40
16
218
-479
-181
173
-10
-210
-55
-3
-41
-4
79
-252
-638
-47
-15
-58
-171
-104
-202
-146
135
-71
72
-74
-31
-31
60
101
-15
73
48
75
65
99
-54
-116
-410
146
59
872
131
21
16
-38
-35
124
88
-23
-13
-36
31
-38
-192
248
52
-89
21
13
-17
109
53
47
59
125
-1
-87
106
-38
165
-910
0
14
103
39
-140
105
-99
33
178
-40
-18
-30
7
5
143
54
48
21
209
64
3
-9
-27
54
-293
113
-354
208
43
40
21
5
-12
-28
913
-58
181
2032
37
19
402
7
268
347
35
5
-561
-157
58
6
544
1788
276
-841
-371
-122
-157
-321
-201
1351
43
47
416
0
-43
32
30
-114
-64
461
52
69
273
525
26
-1596
-60
-136
-1056
65
245
-300
-33
-2032
-1379
2032
2028
-273
-211
-308
138
-20
34
-268
-787
46
-56
-916
-62
19
-1
-15
437
-43
1006
-736
590
-625
39
-387
303
168
388
51
-278
161
-178
18
575
2027
9
-33
25
315
307
449
283
-1161
2032
-26
86
-352
11
26
-228
347
393
-928
34
300
308
-772
-653
-281
-127
409
701
-28
-600
269
-165
-23
135
-908
-375
299
-133
-50
253
157
-34
311
50
-995
76
412
289
43
291
-55
76
-38
396
-12
-135
510
-257
14
-130
-242
1059
-1122
-1755
-87
-25
-22
548
-433
48
-803
-46
-66
132
114
145
347
253
627
-1190
37
57
-215
-435
-317
113
-457
-109
-252
286
-216
2
-107
14
670
-65
334
-50
223
387
360
0
61
-405
163
53
2032
5
-455
43
-221
-16
428
-930
-11
182
-60
177
41
-376
186
368
-301
88
-452
-35
-939
-795
10
39
184
382
145
360
1
-1092
848
0
335
-929
56
-885
325
-17
-1
-961
14
37
-53
14
448
572
-590
351
25
496
-646
28
273
19
-8
-2026
332
414
-1066
42
-584
18
-57
6
-39
-1398
-3
-937
2032
-553
46
-15
-60
41
-43
49
55
41
-47
-30
-34
-41
-68
-32
-3
-44
45
-56
-59
42
3
-9
-39
4
-8
-18
12
-52
-67
40
-11
43
-30
-51
22
-24
10
-39
-79
15
-9
-46
-17
22
-63
19
44
28
31
-28
-62
-12
19
55
-8
35
47
-34
47
-14
-11
-57
31
-41
29
-46
-23
-63
-67
36
-49
-41
-45
10
27
-46
24
8
-48
33
11
-12
5
-61
7
23
2
-47
1
3
55
-9
-58
46
1
14
-55
-29
7
-18
-59
37
37
23
32
3
34
-43
-31
-49
-56
-42
48
14
-39
20
27
-20
57
-35
-64
35
-34
-30
-8
21
-43
26
-17
-53
7
11
-2
-48
-37
16
36
-26
24
-18
32
40
-66
-19
-67
51
-48
-78
-4
41
-35
49
28
38
-28
-59
10
-49
5
39
17
4
-14
-33
-77
18
-59
-62
-53
-37
47
24
-52
-61
18
3
-26
17
12
-5
37
-29
-30
48
4
-45
7
-34
-13
10
36
-48
-64
46
40
33
-49
43
-56
-51
19
-37
-49
13
36
32
-12
-60
53
31
13
-33
20
2
38
0
-33
19
-3
-35
-61
56
-9
23
12
-80
-43
-1
33
33
-78
24
-36
3
23
43
-61
53
8
18
-2
-15
41
-41
-22
-6
-13
-9
11
-38
14
2
0
-66
48
-40
-41
48
-45
-44
-51
-48
-40
-6
-4
54
41
39
-33
12
-15
46
0
9
-3
31
44
9
-59
9
18
-29
-60
-42
17
33
36
1
-56
26
-52
45
-31
0
19
-29
38
31
-16
6
-50
-24
-53
-4
-9
-21
-66
-39
28
-38
-32
-64
-9
-34
-51
-56
-56
-24
-49
22
-57
-48
-35
-23
-25
-10
31
8
54
17
26
11
-29
-16
-10
-42
28
7
-31
6
-50
-51
-25
-59
48
25
-59
12
-57
-27
43
-1
-19
-13
-16
19
-65
-11
-53
33
-50
48
-48
-61
-4
15
0
-12
-59
-23
57
24
51
-55
-15
-47
55
21
10
30
30
49
49
-23
-45
35
-22
-2
-40
-18
-59
-62
21
10
18
40
-4
-10
-37
60
8
-48
-46
45
-7
45
-39
-35
44
5
-26
28
-5
35
-25
9
29
4
-58
22
24
-55
25
-41
20
7
-38
16
-39
20
31
-19
-16
-39
42
-61
1
1
-55
44
-3
-55
45
-62
53
-11
-27
3
29
33
20
-58
-28
-51
-56
-34
-1
-28
-8
-54
-24
-16
-21
-3
-11
53
46
6
-12
41
19
7
6
4
53
-47
40
13
10
42
-13
10
52
-23
-28
-36
-50
-28
45
-27
-47
-33
-48
39
4
-54
-36
47
-15
33
8
-25
26
-4
38
-52
-31
-41
-57
-46
-43
-24
-6
-1318
-423
-707
-1459
52
-42
-238
-181
13
0
-243
472
-2032
1269
565
476
-453
197
274
507
-44
26
-1248
662
4
4
5
107
301
41
-43
1540
-143
-954
-22
2032
57
-532
1425
-10
-196
307
44
2030
1188
-2030
628
718
-165
-2030
-6
878
-37
556
28
28
-21
1212
32
44
-31
58
502
1
-2032
1104
-649
1515
-25
-867
-890
-95
-1110
-10
-1421
-295
-717
33
-345
-795
-48
-773
-48
-943
955
223
-1002
-2032
-880
-44
-301
-644
-42
-19
141
-1071
-1576
1281
-30
-924
-1335
1135
921
346
-117
-1242
-482
14
228
-233
114
0
251
231
358
-570
773
-14
59
-1987
57
105
-8
1362
641
-1293
26
-54
-1008
-46
-53
-39
-1198
97
826
-1323
36
-55
77
490
-170
301
309
-267
-50
39
78
144
576
1667
-13
573
-207
-126
-513
-423
-775
1574
2025
-48
-34
182
394
-139
-559
1068
208
37
-969
-107
-86
313
43
-2000
26
-994
6
-721
-1626
-1316
23
-176
-791
-1395
-3
2030
319
532
48
187
-22
-1486
1208
1845
2029
-231
48
59
717
616
-803
-1073
-492
85
26
1341
1033
60
15
89
-549
-510
-1288
4
1697
201
64
958
1553
-31
393
303
-109
-53
1957
-13
-36
-22
-19
-269
-1765
704
-252
-40
-1192
908
19
-2
-351
-43
797
-1025
386
-630
121
872
32
20
-270
183
-1500
20
1847
2032
705
-57
558
705
467
505
-12
-4
568
305
42
33
182
592
468
-488
24
719
452
1633
-423
87
49
-172
734
-2030
97
61
-32
-311
526
109
-9
533
-43
96
-26
-472
53
-103
-520
-61
2032
504
-53
1862
-768
1126
-98
-2031
-219
2032
954
-998
-57
282
977
-20
22
-362
-12
33
-7
-50
-1062
-55
2032
-381
-396
-1623
209
867
627
-611
589
-61
2029
392
45
-2
397
-154
-52
957
15
523
-1336
-498
717
-520
-2029
18
556
2032
21
45
385
439
179
-421
54
351
474
-368
-297
886
1190
492
-794
34
1610
210
1457
-31
-285
486
-577
-89
1168
-23
-379
2032
4
25
-53
-589
-227
683
359
41
599
-15
-79
-1
566
-1005
253
714
-965
2
-648
394
1793
-888
1365
-322
41
-23
60
-252
-885
-242
-19
266
-2031
-88
-470
-622
560
-231
-2032
56
47
330
-958
911
1258
384
976
780
299
-75
-330
-372
-36
679
-84
405
-5
407
439
705
9
-1626
-55
1860
-24
-2029
95
-359
-45
383
-49
904
-528
-1164
591
-8
-188
40
-460
65
-1121
1381
-30
528
21
-597
-523
34
33
284
237
-94
620
-44
-750
1005
-41
-939
-418
31
2032
-849
-23
43
-514
-40
-4
-49
23
2
718
-194
-22
26
1014
-157
-56
151
-323
-38
88
465
-1460
286
147
-443
41
26
98
34
1327
3
-539
2031
-301
44
-58
38
-20
-51
-8
-30
-34
-66
-60
9
39
49
-1
-53
8
-43
-49
-3
36
-37
-48
-26
38
-63
-58
32
13
21
-8
35
-63
-30
-4
-38
16
-28
-3
55
60
-9
30
-27
-53
-38
-68
-47
5
-70
-36
34
-3
51
62
19
3
-55
19
16
28
64
42
6
-56
17
-26
-23
-38
7
-60
-34
-20
-70
-20
-3
52
-61
-100
-1
27
-29
5
-65
-34
13
20
29
-70
-28
47
45
-8
3
39
-58
-61
-70
-62
5
28
-64
-8
-68
-44
-15
8
-61
27
-16
19
21
12
-35
20
-37
-28
-50
52
63
-23
31
17
-62
-60
29
-58
-44
6
-18
-3
20
-57
-46
23
-20
34
-25
31
33
-4
-55
-36
-11
-51
27
-21
39
-67
28
-80
-44
-46
-19
9
-16
-17
-42
-29
-46
-22
28
-38
38
-48
28
28
-60
-90
44
-39
-71
17
48
-17
17
-20
16
38
-30
-27
-59
4
-45
-79
-17
-53
15
-6
26
-22
22
45
-42
-23
-10
-16
-78
-17
63
-68
9
34
22
-10
-26
49
5
27
-5
-34
60
-35
-67
-11
-1
-10
-24
-11
-23
-33
33
24
-74
-53
-32
21
6
-10
-21
4
20
-40
-44
-18
12
-24
-10
-11
46
27
38
40
12
39
-18
-3
42
26
18
-59
9
-5
-60
-69
17
32
-42
-476
-587
-549
-237
-23
-20
312
744
47
-45
676
2028
578
185
-421
140
60
625
-26
1309
46
183
-817
906
345
28
-36
211
251
1102
45
-1088
-525
1580
1
-1826
-52
715
168
-199
-2032
60
53
1838
-2031
2032
1908
-580
116
2032
-261
-651
-18
161
347
-49
64
249
43
38
-62
53
1107
11
2032
177
-118
-1875
-807
1180
-405
-351
-580
-57
-1645
-348
257
48
1774
-654
8
792
59
-188
-733
-299
-453
-2028
-2032
19
-1751
1191
45
-5
695
-324
666
430
34
-304
-195
310
107
515
581
-408
1274
-38
1051
694
1180
66
1343
501
480
404
-531
12
534
367
1
602
22
665
943
-349
-1638
8
-494
-8
-91
-26
-411
1678
-601
-495
284
-58
-751
-337
-2030
-915
2031
-2030
29
1
1184
247
-741
151
-60
-1100
-74
234
-285
406
-492
-1934
1711
38
-48
315
-1623
-376
144
360
14
232
-413
481
480
303
-56
-955
318
-525
8
-273
-695
-626
-55
-407
-2031
1096
-159
-2031
537
123
-318
746
44
-475
223
-2030
-1489
-390
107
34
-833
1263
-1563
2006
1305
554
-57
33
349
9
51
-729
52
-707
-352
5
156
1220
-50
-1300
157
-33
2031
-1148
39
-40
-82
-19
-20
-31
11
-631
-775
44
-868
-47
1158
339
-24
-2031
1462
-15
703
-528
-834
2032
-76
212
-38
-61
198
-450
-1842
-15
-226
-2032
191
26
-29
58
54
-22
-5
-4
-22
12
1
23
-7
-39
-27
-32
34
12
-6
4
-38
40
-20
-14
-36
-40
22
-53
-43
46
-1
13
42
34
-3
-58
-46
-37
-6
59
-26
7
-38
-9
61
11
-6
-21
-47
-26
44
54
-46
-33
63
-3
-65
37
-16
49
-5
-61
-2
15
37
-47
43
16
-19
-59
-26
33
-35
-9
-46
-33
24
29
40
-25
-14
-13
-53
50
-38
36
-41
-47
5
4
25
-35
-24
-12
-11
33
-25
38
-45
-27
23
-40
-24
44
-53
-14
44
35
7
-11
7
49
-49
-32
46
-36
9
8
-43
11
-42
-5
39
-60
53
-19
51
18
54
-29
9
24
-8
50
48
2
-28
53
55
-9
13
6
-9
-58
-11
47
-27
30
26
-33
-31
24
7
-24
59
-40
-12
40
4
-9
47
58
49
39
21
4
-23
28
24
-54
45
-50
-9
-18
-16
-54
-23
3
24
-11
20
47
20
-62
-3
31
20
-17
27
-29
51
21
54
14
-25
-46
48
-67
-9
-14
-50
-23
-17
37
-64
-58
-24
-47
-45
8
16
-61
56
-65
21
-53
-28
-17
28
-15
33
-63
34
-13
-40
38
26
21
62
53
22
-48
25
-56
26
-46
-16
35
-46
-9
32
58
45
16
22
18
23
51
31
-44
-28
22
-3
62
-37
-24
53
-31
244
-681
303
-317
12
-26
-221
65
-36
-61
207
2032
947
-81
-192
-673
-305
243
841
-172
-46
125
427
-85
-36
22
-1
663
10
1311
-24
-943
225
1962
-54
-708
-50
120
-291
-39
457
-657
-38
2024
-317
226
2032
-1246
211
2032
98
-1872
-32
676
-1533
56
58
-51
29
-7
-60
-27
433
-5
2032
-29
73
340
163
-728
468
204
381
29
169
667
-36
-15
-747
-958
-30
2008
49
368
-1000
-167
352
-1871
-2031
13
909
-587
56
42
10
169
324
-149
49
180
-311
-107
-262
-362
-47
521
-114
29
-474
137
-59
-55
-209
-1432
-41
-762
-850
57
-609
186
64
731
53
-303
1168
245
618
18
503
-5
127
-9
293
198
-14
715
218
-64
256
-255
-2030
-204
-1479
-525
54
15
1560
-45
-337
252
28
-919
-219
25
-54
-41
235
1006
2032
-15
-46
-503
-998
52
286
-722
396
-791
159
-426
-93
-165
33
635
-43
295
-38
118
-219
358
-56
397
-77
960
206
-2031
-16
-117
49
-277
-49
365
-127
535
935
83
483
46
-47
1510
17
1213
319
-417
-5
-232
-134
-37
-3
286
28
64
366
23
-232
-77
9
-233
-169
18
-1197
586
-135
-37
-42
14
44
-3
-62
137
506
-79
193
19
976
-94
37
-312
359
-4
650
286
-367
1786
306
-89
-11
-61
-123
217
932
-49
-17
-2032
-91
-25
-362
-1732
-981
-699
5
7
329
-708
23
-29
-2032
2028
2025
2032
2028
-163
409
1944
2031
1358
19
-353
-1368
-437
-94
60
-36
1258
127
-1285
13
-2028
-672
388
-50
-1821
19
2030
2031
-345
2032
-1680
59
1720
-529
-2031
1942
-1799
1374
-1849
189
146
59
1364
1702
4
50
2031
-44
9
34
-30
1971
30
2032
2031
-849
1809
552
2031
-720
-829
-647
50
1128
510
671
-20
421
-1857
-65
456
60
-531
-1260
82
-805
1211
-2030
54
-689
1076
-60
31
1821
-160
2031
2001
-25
-311
-728
2031
2031
-664
2031
-1058
1619
-51
-253
-882
22
-36
934
1090
511
250
-781
17
2023
1379
33
-1114
4
2031
-567
-715
-104
24
-423
48
-470
4
-487
151
539
-1469
1134
-53
2030
6
2032
-2031
-2027
-974
-26
-38
-771
148
-485
778
-6
-1011
-1999
-341
505
-1439
-1032
763
1580
-30
22
-1252
831
-2031
-367
1385
1207
-1224
171
802
444
-686
8
-1464
263
-486
30
-723
580
-736
-21
814
-986
930
-174
2032
-264
1191
160
-539
56
-259
2031
1722
1675
2017
101
-29
-477
-210
-354
2031
730
-40
-11
2030
2030
12
17
-991
-1244
322
-1219
-57
2032
-2029
-33
-1428
2031
39
2029
-107
48
0
546
-50
2
14
-8
-1289
-878
2028
-1467
-19
1422
1710
64
271
-178
-15
570
-858
-2027
2032
-2028
2032
-47
17
669
507
123
69
978
2032
1499
25
-267
430
-310
682
54
-16
310
-20
22
6
-104
-2032
-676
-524
-230
373
487
-265
-70
-124
-42
-213
-597
329
-262
-9
61
-125
64
-787
40
395
-399
230
-55
-961
53
695
-604
-140
882
863
4
2031
-313
-243
-2032
-430
131
-2032
-106
-508
-11
76
1913
-46
-3
-442
-57
-23
52
9
-397
-32
-2032
-472
-546
487
55
1375
-497
221
-380
-21
-1160
-1583
208
31
-850
-681
-2
811
6
-278
-173
-452
-370
-2028
2023
22
1951
374
30
50
94
-183
600
-490
35
-232
622
-437
-435
323
249
-545
1489
-49
1099
-1353
618
-62
74
2031
20
303
-49
6
1394
503
-62
-486
-40
-259
-732
-330
-404
35
-559
44
-411
2
-424
-452
-24
-566
312
-58
179
165
495
983
-335
-61
-3
-60
-823
-31
-251
-653
38
37
-295
62
149
-23
-364
-2032
675
-31
-53
626
571
604
-309
785
254
876
-155
1475
83
101
-17
-548
153
-266
-51
-142
357
-529
-60
-615
-486
941
-184
-2032
-661
-295
-191
587
-58
-460
-446
-98
-2030
117
-79
15
-28
-1002
-445
553
251
112
-4
-453
-444
-57
-49
-1122
82
-260
-457
-13
-624
-60
7
-710
-562
-5
1048
-1250
-52
-17
-800
35
-35
54
46
325
-664
-318
253
31
1110
-311
-45
-787
98
23
647
-433
-2028
-2032
-355
-297
19
-56
12
-53
646
-20
-748
2032
-324
-11
-65
26
42
44
-11
-42
-60
-13
10
-46
56
51
-9
14
-10
-40
44
-3
-5
46
-22
-35
-4
31
19
46
14
36
-32
-9
48
56
58
25
-35
7
18
-67
13
52
-29
-34
-28
38
-31
-67
-16
-55
-55
-3
47
-6
16
27
-18
-46
47
-30
30
54
49
-55
24
36
35
-14
8
15
47
50
12
23
10
39
7
-3
36
18
2
-65
-31
-36
-40
-30
-50
20
23
12
-64
52
-43
55
31
61
-31
26
2
44
-54
-22
44
27
-10
-30
21
-65
-29
-20
9
-56
2
-7
-3
59
-37
-5
15
-28
42
41
-23
5
-6
-40
26
-25
51
-40
13
-13
-18
-1
-61
-37
29
6
-40
29
-35
-53
-6
-23
-61
-46
42
53
27
-62
-16
27
-45
44
-45
11
-30
-35
36
-14
44
48
-54
-53
-60
-31
-9
-39
15
-67
-15
1
48
-61
21
51
-38
-25
-11
4
-19
-24
1
21
42
-65
11
-32
9
-59
-64
-3
-12
52
45
6
14
-62
-5
5
-10
-34
-34
33
35
37
3
-67
16
20
51
-16
-59
32
36
29
56
35
-23
-57
-54
41
-11
-29
1
-53
-34
-51
33
25
49
-48
-44
-6
-35
30
-2
-32
18
52
-61
32
-2
55
24
58
-30
-36
56
8
-4
-15
-39
13
2
48
39
-39
-23
-51
-33
-24
9
18
11
-66
11
-10
22
60
-44
-49
3
-23
-59
39
18
-58
-49
17
-26
-51
57
37
29
34
-59
-2
0
-50
-57
50
-42
-68
-45
23
23
-27
-14
-51
15
-61
7
-62
-61
-34
-51
-1
6
59
-20
-19
-2
-53
-29
-65
-28
38
51
-54
-62
-59
-25
-34
-47
65
-2
10
-52
-25
-57
3
-24
-8
-17
-40
-41
-62
22
7
-9
5
23
-73
-4
49
-50
-27
-5
-14
42
-39
-53
-21
8
-59
21
-34
16
2
22
-16
-36
4
-58
-4
1
-14
42
-51
1
-23
39
45
-60
-22
-39
8
48
-38
-58
15
-26
40
-3
-45
-69
0
-38
-46
-67
11
-6
-49
-26
36
-62
12
35
-17
55
-11
23
1
-52
-6
-69
-60
25
-14
-55
35
-21
31
38
-10
-67
27
-28
55
12
0
-18
50
-52
-52
41
48
-11
-58
-18
9
-39
9
49
-46
22
42
64
31
-30
22
23
9
-51
-48
12
-67
10
-38
49
6
43
-37
-38
-13
2
15
15
12
-25
12
-48
3
-22
46
52
-32
-63
-32
35
-63
23
-34
-5
8
-75
-58
30
-58
17
29
34
-3
-8
-57
13
8
-25
38
-38
27
-56
29
0
55
26
-15
26
-50
26
54
-38
-35
16
-20
-54
-8
-25
55
-16
-17
-53
-48
-26
25
15
-1
16
6
35
-65
54
-27
-4
-24
-9
14
-5
59
-4
-53
-59
45
-20
21
2
12
10
25
-41
-35
-57
32
10
42
4
10
39
-15
-41
20
-3
-41
37
-17
-4
18
-38
-58
58
-11
48
30
-55
-62
45
28
35
41
19
-49
-51
47
32
28
-62
26
-76
17
49
-64
14
-51
64
-49
-27
14
-2
53
37
-28
-14
44
-43
49
-41
16
-34
-42
-16
50
-59
44
-6
0
35
42
-36
21
-68
-10
-54
13
-18
50
30
37
-20
49
53
-45
13
-4
24
32
29
-3
37
35
-68
-43
56
-34
-34
2
48
-61
-32
-64
15
-49
-65
54
63
22
50
33
-32
27
-67
-52
46
-55
52
28
9
-36
-63
53
-34
22
22
15
-16
-44
-57
26
-73
17
-5
5
-21
42
-20
5
-31
-13
-15
-4
-8
-2
-33
3
27
-55
39
-58
-2
62
-32
-3
-37
-38
14
4
-36
-87
-32
-40
-53
-41
9
-5
-34
41
22
23
36
13
18
-53
22
-64
18
26
44
4
0
53
-31
-30
-16
11
25
-46
-24
-14
51
23
-14
30
-20
35
-24
-46
39
-7
-3
-24
20
-4
-13
-9
-63
35
-38
-33
-40
-65
4
-7
-59
-61
38
-22
-33
42
-35
38
-10
61
-58
-43
-62
-13
39
-72
2
63
-48
49
-12
27
15
-49
35
-74
38
-30
54
-11
-20
-45
-34
20
53
21
-8
6
13
-7
-60
-69
41
-38
37
-4
-59
-13
44
-60
19
37
-32
-62
-48
-49
-55
-9
23
30
-48
-11
9
-28
-2
-23
62
-68
-25
-36
43
-14
-29
32
25
-39
-53
5
-54
-17
24
-3
-55
5
-39
17
37
-43
23
-64
-59
59
-43
34
-7
-31
-50
-12
-43
-24
-29
46
19
-35
-35
-5
-8
59
49
-54
-53
-39
-27
-15
-69
8
49
38
-47
30
-56
-36
-12
-61
-12
49
15
-41
46
38
3
43
-18
-7
8
17
-23
-48
-37
-28
5
33
17
2
-27
2
35
-46
-48
33
-21
-48
-15
17
-6
-12
22
-45
-33
59
46
34
58
-5
-50
34
7
-33
-26
3
26
47
43
41
-62
-62
-39
-49
-24
-35
39
-69
-33
-44
-35
45
2
37
-20
-66
35
-28
-35
-41
-41
-75
-37
-65
-26
27
-38
-51
-44
-61
-10
-13
25
-55
-6
14
16
-64
-33
4
18
-37
27
49
-23
-11
-8
36
-52
-12
-15
27
-49
-62
17
-66
23
55
-2
4
-62
33
-42
-62
46
13
21
-42
-4
45
0
-28
55
-15
-78
-11
15
-31
40
-31
45
45
-2
-46
-23
-2
18
0
49
-47
-8
44
3
-61
32
-25
46
-15
-45
-32
294
681
23
1020
-15
19
-327
-414
-42
62
534
-1478
-1221
-1886
-611
672
466
-1284
-829
-313
-35
39
56
137
7
-53
-23
-581
-43
-251
28
1996
204
-845
-44
1517
3
-637
-2031
-19
-707
142
-17
-2027
1132
369
-148
1325
143
-2030
431
448
-11
-921
-1051
55
25
-1972
-13
-22
-30
7
-1033
7
1207
-1814
635
916
192
-640
71
410
384
-21
1092
-2
-1052
30
-186
938
6
-543
-28
108
2029
697
289
1653
-492
-2
167
86
-33
-4
-1228
257
-945
-2031
28
251
1068
-1791
-1689
-292
-708
143
556
-8
270
-341
72
54
-192
-2031
56
-379
1186
-8
-63
-76
-36
-334
-59
-2031
-915
419
-61
4
107
-29
-155
-32
359
-379
1215
199
-122
59
-280
161
1166
95
-346
1661
-16
42
-371
-251
1527
-1915
-49
1324
317
169
524
826
77
993
-2032
13
-10
360
475
203
80
275
-678
440
168
715
102
93
-58
301
-58
147
-64
154
906
227
-64
-578
669
-1186
40
-1011
-185
-1165
-77
127
-21
214
-2032
-1065
2031
-566
28
-39
-826
-1147
165
-2031
-201
-672
-32
-2029
-1953
9
11
-798
923
357
141
-25
-2032
620
56
659
-2032
37
-783
169
-37
54
-2028
-40
-13
-17
20
1299
573
-1455
1119
1
-871
-1419
37
70
578
-5
-517
202
757
-366
664
-1568
4
37
66
74
581
1
-2030
-1086
-1490
-58
-1452
-901
-900
-1774
-17
51
-1109
-154
-47
33
-287
-351
-2032
-5
14
-155
-37
-137
-22
-73
31
-2
-1446
4
-191
-15
-61
76
1133
7
47
-71
-44
-675
-51
228
44
-93
-26
20
-16
158
-50
-274
-709
-211
53
-100
-16
2031
-28
-2032
13
12
641
28
-29
2
50
26
61
-47
87
42
1162
-12
-132
-1099
53
-15
-1036
162
-1360
60
-370
-369
-215
45
-2021
304
31
-1269
47
-1043
-3
296
-1268
-955
-180
61
56
-264
41
-35
-8
-1196
-33
-33
-37
-1143
-1602
-6
-14
5
-1385
-1452
151
1
-206
246
69
-42
-11
10
30
253
-189
-59
287
-796
-62
-1
-49
-7
31
-1481
-410
-26
-1277
19
7
-14
-1460
23
-392
-1684
370
-14
-9
40
765
610
763
491
-6
-46
13
390
-196
18
-5
-263
61
-976
-206
-1180
-914
-9
-970
1
-55
8
394
43
-1810
1493
-17
10
-1203
-38
-126
1420
-59
-2032
36
-1109
30
-879
-1892
-1619
52
154
94
-54
-45
631
102
-19
26
182
16
-1715
12
24
-542
-159
112
5
-66
85
-2031
407
13
55
38
10
-27
50
20
40
-52
101
-1492
52
-18
-1951
32
208
-45
48
2032
148
-241
-53
1
7
30
16
50
78
-2031
-3
48
37
-672
0
-17
101
-581
28
-579
-1214
-585
-1757
-43
-3
17
41
-10
48
1613
46
-54
-1244
-19
-23
-51
40
-52
45
-16
-61
-56
12
-39
23
-33
3
-31
20
-46
-30
48
-73
42
9
25
41
-23
-27
-61
7
40
43
27
-19
44
-37
32
16
-33
-63
57
-10
48
-42
-3
-50
9
38
-38
-37
-27
15
-45
28
-69
-9
-7
23
-43
6
25
-59
18
-57
55
-27
10
15
18
58
-49
1
-34
-34
-53
21
21
14
44
-16
-10
-29
-12
-58
22
35
-14
28
16
39
51
-37
16
-33
7
13
-45
-37
-60
-66
-5
13
42
-72
52
-18
-50
29
38
-31
-52
-2
-1
-38
-9
37
16
30
-10
-16
-15
-23
-55
20
5
-47
-28
-47
-14
-40
1
-25
51
-17
-53
5
38
-56
-58
-4
-56
14
-23
-57
36
53
46
-37
-57
-47
46
48
29
59
35
-37
-54
36
18
-63
48
-30
-64
-37
-41
-57
45
-51
-54
49
-57
-30
5
-42
-48
6
-26
62
42
51
-48
0
-14
-2
2
62
-1
52
26
-31
-69
-67
-6
-24
39
-68
54
48
25
-38
11
39
-32
-60
-49
36
23
-32
-40
3
-1
56
26
11
-60
-31
-59
55
-39
-30
-54
28
28
20
3
-71
60
47
-60
7
16
-40
-22
-1
15
-63
3
-20
37
-48
-1
46
-72
64
40
6
-50
32
3
-46
-63
1
10
-14
-38
-5
-16
55
-58
28
-41
565
39
117
-10
46
543
589
-56
13
-504
-2032
-517
840
449
462
397
790
-135
-129
37
-93
-57
-19
289
25
48
-400
109
-2032
10
-527
-72
-2032
-3
-1407
62
558
967
117
-868
586
3
-2031
-1104
-1618
-2032
264
-112
960
-542
-121
50
-230
2028
-32
56
695
49
-10
38
-52
-627
-36
2031
796
-627
329
-207
2032
-9
-583
-176
24
1076
831
582
-47
1105
571
14
9
-50
64
37
497
-160
-1995
1676
28
-2028
903
-26
41
768
32
961
920
43
-29
235
631
750
617
633
-189
782
-63
152
1272
174
-56
195
2032
863
579
-16
-25
81
1765
11
-401
-37
918
-1634
-44
-695
-2
-289
-34
-161
7
-262
355
-428
-209
-211
24
-82
174
615
299
-2018
-233
-62
-27
-2030
263
-613
111
-12
328
-875
-38
-216
-521
-19
720
-2032
64
3
325
-182
426
-415
275
143
619
-106
1339
10
157
-33
32
58
90
-34
55
287
-188
27
193
-265
263
-232
2032
1251
471
28
177
32
-55
803
-796
2031
286
-764
-2
187
-1913
-190
898
-31
790
18
806
889
-9
42
-1324
-411
118
-142
8
1039
183
-2
-586
879
39
957
-1300
-33
-20
369
31
62
-29
-10
-642
-159
496
-512
-4
619
626
-11
-720
-524
-11
-5
53
288
595
116
791
11
45
272
-449
-1259
-20
580
2030
675
-27
-49
37
16
51
-1
-59
49
27
17
4
1
-8
-4
-58
-13
8
46
29
28
-60
-13
-44
-6
-56
45
-33
27
47
5
38
-62
35
17
-44
13
-26
33
-52
31
24
12
-64
-26
-19
63
15
-62
39
54
-34
51
-13
40
-48
17
-60
-30
-49
-18
-43
-57
35
5
28
-51
40
2
34
-32
20
19
14
-2
63
-40
8
1
36
-39
6
-43
-11
9
-73
31
1
-37
-8
58
55
6
-37
-34
22
-49
-18
28
46
29
-16
-59
-48
35
1
-15
-8
33
-55
-28
39
-60
49
56
8
-40
-43
-17
-40
15
-50
28
51
20
-1
61
34
40
-24
-15
28
42
19
11
-26
-36
29
-48
21
-39
-34
-16
4
47
-44
-5
-24
-40
-18
47
31
-41
-56
40
-39
-61
-59
53
-30
32
15
-60
-54
29
-26
-49
10
-15
61
-26
8
16
5
-19
-28
-3
-40
61
-7
23
54
20
-65
47
42
-41
-23
-30
48
10
51
-46
42
12
-39
0
36
8
19
-1
33
-22
-28
-60
19
10
14
45
-35
-25
-26
41
-38
-26
41
37
-45
-22
-10
-19
32
-29
-27
-41
-11
-20
-34
-36
45
-5
41
-20
-53
-67
23
-26
-48
-35
-20
-26
1
-71
-12
-60
-63
-51
-9
21
50
-13
48
-1
16
31
45
-33
-34
18
-49
-56
26
-59
55
-15
-44
25
29
-54
22
21
-22
-38
44
36
-42
-18
-9
-9
-17
9
-10
45
46
-14
-20
39
31
47
-80
-38
-7
4
15
-58
-55
18
47
-5
57
-9
30
-20
-21
-13
-25
10
30
1
-39
-13
-22
-24
-54
13
-56
19
13
-53
-5
-53
36
-6
34
-56
17
40
-10
-14
-36
-27
-35
9
50
4
-22
-18
-43
17
-25
-33
7
20
-56
-66
25
-18
-18
-74
9
64
-36
35
-26
-43
-32
-13
36
31
-9
-10
-34
51
-51
-30
48
13
32
-37
25
7
-19
33
30
-72
-36
30
-58
54
-54
-34
5
-17
-10
1
41
-2
10
-30
20
-10
-74
-11
31
-54
-54
-46
-44
37
-49
42
-55
-10
55
-44
-57
44
25
-58
-18
-58
-36
41
-20
-66
-63
70
54
33
-10
-67
44
37
17
43
32
-45
-22
38
-15
4
-59
27
-43
-36
-37
46
-51
-46
-7
-30
-7
10
12
54
-18
-1
-29
59
8
14
-20
46
14
11
29
-73
-35
-32
-54
-66
-7
-41
-66
54
-48
-18
6
-47
-2
-22
-57
-79
-25
-43
10
-35
61
-63
-43
5
38
25
51
-36
-31
52
-65
-5
7
49
41
20
8
-8
43
56
26
3
21
29
31
-50
32
31
19
-37
27
12
11
7
17
17
30
-56
-23
-36
6
-11
56
46
-82
-5
-3
8
39
-32
-11
6
-32
-67
10
-7
32
-62
-43
-42
43
-28
-21
-14
45
-16
37
38
-6
-2
28
-59
-78
-20
-4
48
-26
-8
-24
33
-44
-27
51
-59
-60
-59
-65
53
-50
53
-75
22
24
58
48
46
40
5
22
-28
-33
38
49
27
-49
-58
13
41
-39
-61
-23
-47
7
33
-34
-57
8
-18
-35
5
17
-83
-5
55
-13
-51
-27
15
23
22
62
44
-52
27
-20
-48
5
-77
-42
-26
-66
-35
62
-53
6
-64
34
-67
-7
-24
-32
31
1
-28
35
34
-60
29
-23
43
-56
2
-36
-27
-30
-2
55
21
-37
-76
-34
36
-45
-16
-53
-37
26
-21
-16
-14
-6
31
-33
-22
57
-38
-23
-12
-74
-83
2
41
-42
25
-61
-41
-16
-14
21
38
-28
-1
-47
31
14
-31
-18
-73
-59
-55
22
21
-18
8
-31
-23
-2
12
-4
-7
22
-75
34
-55
53
-62
-24
-26
77
-32
-6
40
38
0
-59
-25
3
23
4
-17
-2
-57
34
54
-15
32
48
-57
37
-19
-40
56
-44
2
-85
-52
7
-19
-53
-34
14
-66
-54
15
3
0
-20
-50
18
14
19
-65
-57
-17
-29
26
47
-11
31
-6
36
55
22
-37
6
21
-5
-81
-56
58
-38
-26
-54
-60
43
-39
8
-41
18
-20
-76
1
62
13
49
31
44
-65
-32
-22
20
-48
46
-55
-57
-59
-2
27
0
39
51
-44
-9
-6
13
-21
56
-47
-67
36
23
-25
-15
-47
-56
-8
38
38
43
-19
-20
-70
-53
41
41
24
38
9
-18
-58
-26
61
53
58
-37
-57
60
-22
35
-28
-7
13
8
-47
-16
-2
61
21
-52
-23
14
-23
39
22
-1
-53
41
11
-1
-2
9
-45
-61
-55
-19
-57
45
48
-73
40
9
-6
-43
-22
-34
47
12
46
-8
-47
-3
67
0
-52
-2
-4
47
59
-29
-66
44
29
-77
50
-42
-44
8
1
47
-44
40
14
-31
6
63
-33
-60
-26
-1
-49
3
32
-59
-42
-64
40
6
16
-28
41
-15
29
5
49
-49
14
37
33
6
-42
28
-49
41
55
-39
-18
-46
-15
48
-62
24
-49
8
-26
-5
-53
15
-60
22
24
-72
9
-65
-27
-10
12
-8
53
46
-29
-15
-40
18
-2
-31
32
-8
-24
-27
15
26
-16
-48
41
-12
-5
-12
-29
33
42
0
-11
6
38
34
19
34
35
32
-28
-13
6
54
34
-44
-39
13
30
-26
-59
59
-16
-62
13
-7
44
-33
28
25
58
-12
-64
-61
-21
-50
-16
-25
-44
14
-33
-51
42
-31
19
-15
-60
-47
-34
9
29
-40
-84
12
-27
60
-48
-44
41
-44
-22
-47
-59
16
37
60
-83
-52
-55
-45
60
-14
10
34
-48
49
-56
-43
-43
-17
-14
-45
-13
-8
-16
3
3
8
-22
15
-40
37
6
-43
-28
-4
46
-10
1
27
-27
11
4
-42
-56
-14
23
-61
-30
-1
57
45
11
-37
-30
10
39
35
-58
21
-28
-30
3
17
6
-68
11
38
-6
-15
-39
41
-18
42
-41
-29
12
-13
-2
31
-57
3
20
-63
-58
-14
-1
12
18
-5
-13
33
-67
-43
-53
-79
-31
-62
-23
17
-48
-28
-20
-11
-38
23
-55
33
8
22
37
55
-8
-36
-45
-33
14
53
15
-60
15
-10
42
35
44
-71
-88
10
-35
-35
31
-6
-61
28
52
-60
3
-75
-29
-23
-30
-70
1
-21
11
-38
-59
-41
40
-63
-8
0
-32
-38
0
17
-46
-49
11
-49
-47
-4
-46
56
-4
-23
-49
-25
50
-59
-64
-15
-26
26
-2
-41
-75
-25
21
-43
-37
-48
11
49
24
-54
-60
31
-18
-5
-76
-56
20
-53
-6
-54
-89
19
56
-68
-8
-67
23
-6
-56
-16
14
0
-45
-55
-18
-21
28
-1
-53
-22
-6
-40
14
-44
-44
-60
-31
61
40
-51
52
-45
-19
45
-16
-83
4
58
-33
-66
-19
-51
10
-84
-80
22
-21
42
-12
-18
964
1228
854
844
-22
-28
-830
-407
-55
39
132
-2031
-408
105
23
893
421
-1289
-1526
77
-50
-374
1239
-509
130
56
17
-1862
-722
-555
-54
1856
-220
-877
36
1863
-33
-1053
73
337
418
-9
-28
-40
769
-1798
-2031
2013
-332
-2032
108
-544
10
-2031
708
-44
-38
109
-42
26
-53
47
916
-6
2032
-61
1180
408
-511
-965
900
-393
1134
18
2032
409
-200
-25
448
2029
43
668
-63
850
2030
898
1225
2032
1584
-30
1461
-514
52
43
-866
775
-2031
-17
-59
797
770
-29
-171
-422
-1005
1070
-201
8
-864
-264
-526
45
-511
1476
157
1268
2031
31
304
2032
-47
-922
18
78
-264
938
764
-26
910
-39
506
-57
862
-213
838
1271
-1865
-8
132
100
1364
505
-1933
1763
39
16
-991
-404
2030
-108
-33
2032
2031
-268
-44
716
790
-1175
-2032
25
-56
-162
1072
-1206
727
-1295
-1538
177
675
96
350
-540
41
1292
-92
874
51
817
1336
1128
16
-1141
1331
-2031
-380
1493
168
-30
253
-738
50
1028
119
-2028
-1898
-267
-121
-17
-7
-980
1188
-2031
-858
112
14
-22
2
-34
5
9
92
72
1272
-5
-200
427
-56
1668
-134
-27
-678
446
218
56
-30
13
61
-53
38
-132
1453
-89
7
-21
-1899
-107
5
2031
168
-44
-1942
914
2022
-2030
89
-173
-41
49
-171
297
-149
-42
49
2032
-107
56
B
64
-94338
-52694
-60431
190647
-76714
71025
212769
-29222
-109158
147368
-855
-13816
77843
54806
-230410
-45571
-60208
4466
-1584
-53030
-132813
7563
89946
59813
-50074
-140334
183644
-79731
-64731
-54403
-8160
104285
86243
-24549
45459
-108936
174454
83818
-5834
25863
-44356
-25002
-115351
-67701
-19193
385202
-62518
-81813
284894
-49331
-41448
-37928
-61108
-46736
29341
82240
-73354
36817
-68721
-36534
-53708
-36673
-26019
-67511
W
1
64
-2.4779694080352783
-2.4932615756988525
-0.11533251404762268
1.9578219652175903
-2.331019163131714
-3.13545560836792
3.310541868209839
2.804929494857788
-29.34236717224121
-3.573809862136841
-6.545415878295898
0.049903735518455505
-3.215606689453125
-2.2863543033599854
-18.352275848388672
0.042979586869478226
-0.01817972958087921
-16.276540756225586
-0.00018780402024276555
0.10649212449789047
30.57476234436035
-2.644718647003174
-4.123142719268799
-49.756649017333984
-0.009957508184015751
-6.986392021179199
1.9107849597930908
0.08618178218603134
0.01637391187250614
0.11108130216598511
-0.05862650275230408
1.9567433595657349
-2.3577587604522705
-0.03368867561221123
-53.44057846069336
-3.806915283203125
2.40449857711792
-4.9478349685668945
-42.09292984008789
21.145235061645508
-0.10312449932098389
0.004808145109564066
6.464669227600098
2.166344165802002
-0.035792719572782516
2.403977155685425
0.11202896386384964
6.956695556640625
1.6089692115783691
-3.633100748062134
0.1101917028427124
0.045125532895326614
0.06252198666334152
0.02298966981470585
5.619839191436768
48.48767852783203
-0.0822722315788269
-3.6179168224334717
-0.10774675756692886
0.06628261506557465
-0.053525567054748535
-0.07902499288320541
-0.09892033040523529
9.659613609313965
B
1
-1.6864194869995117
