W
256
119
-1.984375
0.22843225300312042
-0.5144315361976624
1.4044722318649292
0.05532347038388252
-1.3725591897964478
-0.5529003143310547
-1.7394835948944092
0.0028728567995131016
1.7628164291381836
0.9161627888679504
-0.14703135192394257
-0.34240707755088806
1.8082547187805176
0.8749986290931702
1.7738566398620605
0.9776977896690369
-1.7117632627487183
-1.624548316001892
-1.3876588344573975
-1.6054127216339111
0.0569477304816246
0.28365784883499146
0.4766298532485962
0.01777590438723564
0.7334389686584473
0.3518769443035126
0.5849398970603943
1.374808430671692
1.903064250946045
-0.4542647898197174
1.9716626405715942
1.037002682685852
1.4592030048370361
-1.4827316999435425
-1.60847008228302
-1.65256929397583
-1.4546177387237549
-1.949135422706604
-1.5151138305664062
-1.1484556198120117
-0.6195502281188965
-1.9566450119018555
-1.5193498134613037
-1.2606956958770752
-0.9159965515136719
-1.8759045600891113
-1.8796108961105347
-1.922857642173767
-1.6368451118469238
-0.3484499454498291
1.921112060546875
0.7180843353271484
1.2600305080413818
0.28386643528938293
0.540744960308075
1.0516490936279297
1.6348083019256592
-1.9843323230743408
0.08504549413919449
0.02818784862756729
-1.1928035020828247
-1.9800491333007812
1.968292474746704
1.0620932579040527
-1.9832030534744263
0.02193763479590416
-1.903050184249878
1.959062933921814
-1.9698630571365356
1.8790374994277954
-1.8279556035995483
0.654870331287384
-1.9285788536071777
0.7873085737228394
0.2958652973175049
-1.1211656332015991
0.3671043813228607
-0.9455625414848328
0.08577536791563034
0.07812570035457611
-0.7810036540031433
-0.502647340297699
-0.669886589050293
0.4843926429748535
-0.6410003304481506
1.0498238801956177
-0.08663999289274216
1.360722541809082
0.9165578484535217
0.82549649477005
-0.3567085266113281
1.2818394899368286
-0.6039336919784546
0.9382733702659607
0.924445390701294
1.3033496141433716
0.056257255375385284
0.978803277015686
-0.5204734802246094
1.3678566217422485
-0.07178400456905365
0.9739306569099426
-0.6736713647842407
1.1869901418685913
-0.32559114694595337
0.9636403918266296
0.879767656326294
1.571560025215149
1.011806607246399
0.7408114671707153
-0.48153001070022583
0.4600132703781128
-0.6673794388771057
1.1540814638137817
-0.10820256173610687
-1.5948376655578613
-1.9763742685317993
1.9769172668457031
-1.9836221933364868
-0.030185500159859657
-0.40714016556739807
-0.05909333750605583
-0.0979195386171341
-0.1280686855316162
0.3949642777442932
-1.1331710815429688
-0.014170357957482338
0.5114932656288147
0.5704670548439026
0.4562881886959076
1.7022976875305176
1.7964674234390259
1.9269721508026123
1.717666745185852
1.7800213098526
1.7570385932922363
1.905202865600586
1.9259134531021118
1.7912087440490723
0.18008878827095032
0.218863844871521
-0.03000466711819172
-0.005695001222193241
-0.8627399802207947
1.6038748025894165
1.9836509227752686
1.639366865158081
-0.3672446310520172
-1.581739902496338
-1.9805822372436523
-1.6490397453308105
-0.2096172720193863
1.7008850574493408
1.8027480840682983
1.6188011169433594
0.1267753541469574
-1.2853535413742065
-1.873123288154602
-1.6429725885391235
-0.03970431908965111
1.511154055595398
1.9784022569656372
1.7040172815322876
-0.22930575907230377
-1.8894894123077393
-1.9829654693603516
-1.7876672744750977
0.10375566780567169
1.9517043828964233
1.9769874811172485
1.739094614982605
-0.16043494641780853
-1.3686208724975586
-1.9824597835540771
-1.0372120141983032
0.22494131326675415
0.8889847993850708
0.07555242627859116
0.01060792151838541
0.004651734139770269
0.08967194706201553
-0.2845122516155243
-0.42951294779777527
0.11011113226413727
0.00738106295466423
0.2993667423725128
0.2275162637233734
0.11473506689071655
1.9021865129470825
1.7619503736495972
1.8432135581970215
1.8898690938949585
1.7147393226623535
1.814264178276062
1.9210560321807861
1.8735318183898926
1.810396432876587
0.0061039249412715435
-0.0018652102444320917
0.017597747966647148
0.01978958025574684
0.2556609809398651
-0.03268786519765854
-0.17344020307064056
0.07191100716590881
-0.10419612377882004
-0.04584867134690285
-0.08972686529159546
-0.06657447665929794
-0.08776617795228958
-0.04340649023652077
-0.1845887005329132
-0.030417418107390404
-0.004391784779727459
-0.04231945052742958
-0.10595443099737167
-0.026529045775532722
-0.12440407276153564
-0.05025613680481911
-0.10688915848731995
-0.06769973784685135
-0.08656107634305954
-0.08646813780069351
-0.022495558485388756
-0.1786830723285675
-0.15775446593761444
-0.05711151286959648
-0.07971633970737457
-0.09006794542074203
-0.017678016796708107
-0.11847484856843948
-0.015481478534638882
-0.1141643226146698
-0.04415139928460121
-0.021047789603471756
0.03084595687687397
0.233656108379364
-1.983984112739563
-0.18543140590190887
-0.3903094530105591
0.054816532880067825
-0.098640076816082
-0.11395324021577835
0.5261940360069275
-1.3062690496444702
-0.020682794973254204
0.3366791307926178
0.41846564412117004
0.32128724455833435
1.6900368928909302
1.7934815883636475
1.8194448947906494
1.6712911128997803
1.8245577812194824
1.9402551651000977
1.9307514429092407
1.8133240938186646
1.836260199546814
0.15181010961532593
0.21390783786773682
-0.027908507734537125
-0.008599607273936272
-1.2217984199523926
-1.4674580097198486
-0.8129326105117798
1.456047773361206
1.8501965999603271
1.9669580459594727
0.2182236909866333
-0.4453132152557373
-1.9406195878982544
1.2853169441223145
-0.8429132103919983
-1.9832186698913574
-1.9662004709243774
-1.3518048524856567
0.042771779000759125
1.9807794094085693
1.9700241088867188
-1.439304232597351
-1.927363395690918
-1.9804785251617432
-1.0397884845733643
0.676631510257721
1.975287914276123
1.3227922916412354
0.32742345333099365
-1.0894397497177124
-0.27474549412727356
1.9819512367248535
1.9841670989990234
1.7045398950576782
-0.9438130259513855
-1.6501374244689941
-1.9696753025054932
-0.14288479089736938
0.1515740603208542
0.02436833269894123
0.13541613519191742
0.08539329469203949
-0.4076952338218689
-0.6568649411201477
0.15312597155570984
0.024364808574318886
0.5567158460617065
0.47513723373413086
0.09079292416572571
1.9253956079483032
1.8153294324874878
1.7048790454864502
1.6843299865722656
1.7649604082107544
1.8348042964935303
1.865891695022583
1.7509351968765259
1.9088618755340576
-0.012607776559889317
-0.024837767705321312
0.02079988829791546
0.02021072804927826
0.37842878699302673
-0.1517157256603241
-0.0787053257226944
-0.01224624551832676
-0.015030617825686932
-0.09589166194200516
-0.07427849620580673
-0.059346754103899
-0.00467592291533947
-0.03820943087339401
-0.08522986620664597
-0.07321561872959137
-0.06052063778042793
-0.0588989183306694
-0.16392216086387634
-0.07088848948478699
-0.17859472334384918
-0.00828747358173132
-0.08795928210020065
-0.01882292330265045
-0.1616279035806656
-0.08288813382387161
-0.07882917672395706
-0.20276139676570892
-0.21434618532657623
-0.016224980354309082
-0.1440792679786682
0.0117341885343194
-0.10807954519987106
-0.008423938415944576
-0.09734734147787094
0.017535077407956123
-0.18817462027072906
-0.005952119827270508
0.05317454785108566
0.3660610020160675
0.012251959182322025
0.07430841773748398
-0.05058201029896736
0.009277686476707458
-0.06134818121790886
0.06419723480939865
0.03569815307855606
-0.0948266088962555
-0.053413257002830505
-0.008038674481213093
0.07542138546705246
0.02439202181994915
-0.03904687985777855
-0.056875623762607574
-0.03969819098711014
-0.059928037226200104
-0.052291154861450195
-0.04152451455593109
-0.025091759860515594
0.043683383613824844
-0.07312668114900589
-0.051219116896390915
-0.08606336265802383
-0.013764383271336555
-0.12638145685195923
0.06483880430459976
-0.013356931507587433
-0.12075069546699524
0.004809116013348103
0.044870808720588684
0.03543657436966896
0.015448125079274178
-0.08032291382551193
-0.0734901949763298
0.04624904319643974
-0.03654750809073448
-0.00941483210772276
-0.013478685170412064
-0.03366117179393768
-0.07205713540315628
0.018622588366270065
-0.026771195232868195
-0.05276427045464516
0.04447861760854721
-0.11783115565776825
0.06372783333063126
0.019186485558748245
-0.1005115881562233
-0.0823545828461647
-0.025197986513376236
-0.06714288890361786
0.054589103907346725
-0.04855024069547653
0.02526226080954075
-0.04584158584475517
-0.015591084025800228
0.0017052640905603766
0.007606987841427326
0.039736174046993256
-0.06318125128746033
0.01507712621241808
-0.04402671754360199
-0.0389845184981823
0.027162231504917145
-0.007314897142350674
-0.038331229239702225
0.02196975238621235
-0.06168641522526741
0.03460969403386116
0.04834090173244476
-0.11269161105155945
-0.07901418954133987
0.006039007566869259
-0.08339354395866394
0.07046017795801163
-0.024010086432099342
-0.011159679852426052
-0.05742485821247101
0.003576506394892931
-0.06617976725101471
0.030918581411242485
-0.07372084259986877
-0.04731219634413719
-0.07613877952098846
-0.08431323617696762
-0.023743674159049988
-0.06952431797981262
-0.09101956337690353
0.0022986913099884987
-0.08345367014408112
-0.09222321212291718
0.058420125395059586
-0.05930532142519951
0.066212959587574
0.021436719223856926
-0.02091270126402378
-0.00199963734485209
-0.014020713977515697
0.0398692861199379
0.010214031673967838
0.037011586129665375
0.0718381404876709
-0.0002959136909339577
0.00588712515309453
-0.04146384075284004
-0.039907343685626984
0.022196536883711815
-0.017772730439901352
-0.009526168927550316
0.05976370722055435
-0.003680274123325944
0.05525675788521767
0.0007479069754481316
-0.0725490152835846
0.0858212485909462
-0.07939030230045319
0.0009417895344085991
-0.09315510094165802
-0.049690838903188705
0.5023979544639587
-0.2240382432937622
0.025493716821074486
-0.2582038640975952
-0.295801043510437
-0.33963969349861145
-0.08400040864944458
0.20227974653244019
-0.019437702372670174
-0.10323462635278702
-0.0737200453877449
-0.1083541214466095
-0.0628400668501854
0.03639927878975868
0.07908159494400024
0.06425238400697708
-0.0882391706109047
-0.05344122648239136
-0.03731276094913483
-0.07226286828517914
-0.10734586417675018
-0.41872361302375793
0.04919641837477684
-0.1237763911485672
-0.08930759131908417
-0.2879946827888489
-0.032219838351011276
-0.11721206456422806
0.03453638404607773
0.04906213656067848
-0.054387520998716354
-0.006876575294882059
-0.0217998418956995
-0.026010194793343544
0.044982828199863434
-0.044827453792095184
0.03703673183917999
-0.06747797876596451
-0.09891964495182037
-0.10121283680200577
0.043912600725889206
0.044407106935977936
-0.050400085747241974
-0.04720393568277359
0.048127271234989166
-0.1096295416355133
-0.04618876054883003
-0.04634774476289749
-0.06404528766870499
0.01101660542190075
0.04402225464582443
0.036526843905448914
-0.003990421071648598
-0.09512495249509811
-0.10993542522192001
-0.13280948996543884
0.057666849344968796
-0.044529303908348083
0.5362644791603088
-0.5459088683128357
-0.23941799998283386
-0.4900762140750885
-0.6534010767936707
-0.5187518000602722
-0.16963417828083038
0.09980735182762146
0.05300698056817055
-0.010940540581941605
-0.04615429416298866
-0.08246653527021408
-0.07383577525615692
-0.007494564633816481
-0.02763967029750347
-0.09774012863636017
-0.08001749217510223
-0.03800822049379349
-0.024779601022601128
-0.06805437058210373
-0.08215183764696121
-0.6759974360466003
-0.106630839407444
-0.12617695331573486
0.0006097826408222318
-0.4854937493801117
-0.06557746976613998
0.03865158185362816
0.022886797785758972
-0.015612390823662281
-0.10519105195999146
0.02700955420732498
0.023157287389039993
-0.09704554826021194
-0.01925770938396454
-0.04837257042527199
0.0150747774168849
0.005335881840437651
0.01878792606294155
0.021668165922164917
-0.025050273165106773
0.03353369981050491
0.0046680825762450695
0.02533622644841671
-0.07769404351711273
0.02839772403240204
-0.00999483559280634
-0.11043255776166916
-0.10196510702371597
-0.03860911726951599
-0.0370556004345417
0.02373713254928589
-0.11099482327699661
-0.002284840913489461
-0.04701963812112808
-0.06420829892158508
-0.03414667025208473
0.05111582577228546
-0.011673001572489738
0.059873417019844055
1.7371819019317627
1.8833738565444946
-0.19724427163600922
-0.4439978003501892
0.13068713247776031
0.8004137873649597
0.07804953306913376
-0.1838904321193695
-0.3490031957626343
-0.06053860858082771
1.9306974411010742
1.8930749893188477
-1.2516236305236816
1.507819414138794
1.7472467422485352
1.7841252088546753
1.7569751739501953
1.7624648809432983
1.7339129447937012
1.7741938829421997
1.7535585165023804
1.6577569246292114
0.1662910282611847
0.18549801409244537
0.030214596539735794
0.1014409065246582
0.250635027885437
0.042764030396938324
0.25159552693367004
0.11345715075731277
0.16514822840690613
0.36280426383018494
0.4050644338130951
0.05508891120553017
0.32734325528144836
0.004616171587258577
0.13943465054035187
0.14303457736968994
0.03558977320790291
0.1335497349500656
-0.01150340773165226
0.04169286787509918
0.23233039677143097
0.15514986217021942
0.059109222143888474
0.03039327636361122
0.3124955892562866
-0.07589290291070938
0.24997319281101227
0.1716996133327484
0.22360935807228088
0.18795734643936157
0.3933963477611542
0.0354064516723156
0.14894309639930725
0.12154196947813034
0.16457468271255493
0.16870425641536713
0.2572127878665924
1.8278990983963013
0.2506680190563202
0.37051019072532654
-0.6551396250724792
-1.0628774166107178
-0.4411505162715912
0.18372252583503723
-0.9843841791152954
-0.048590876162052155
-0.43919605016708374
0.5737075805664062
0.6355050802230835
0.42220231890678406
0.4518209397792816
0.5362027883529663
0.540693998336792
0.47943300008773804
0.6620786786079407
0.7755157947540283
0.5898318290710449
0.7029732465744019
0.3090710937976837
0.022458577528595924
0.33816972374916077
-0.3798883557319641
-1.941835641860962
-1.9036961793899536
-1.9260421991348267
-1.9351121187210083
-1.9671318531036377
-1.9504032135009766
-1.571493148803711
-1.6644277572631836
-1.8407342433929443
-1.7664684057235718
-1.980542778968811
-1.9656609296798706
-1.89469313621521
-1.8487064838409424
-1.9661036729812622
-1.9580004215240479
-1.9731205701828003
-1.9365230798721313
-1.8657903671264648
-1.9582699537277222
-1.9839104413986206
-1.7236406803131104
-1.9837086200714111
-1.965883493423462
-1.9724984169006348
-1.9453452825546265
-1.6546211242675781
-1.6686670780181885
-1.9005889892578125
-1.882677435874939
-1.9836304187774658
-1.7845779657363892
-1.9544155597686768
0.3035135269165039
-0.10850958526134491
1.9834955930709839
1.923214316368103
-0.21956633031368256
-0.20943135023117065
-1.1915583610534668
-1.9572829008102417
0.1886313557624817
1.0161194801330566
-0.2858695089817047
0.040532633662223816
1.4392002820968628
1.5011059045791626
-0.6417361497879028
1.8400498628616333
1.9448541402816772
1.7623409032821655
1.9366976022720337
1.7692619562149048
1.823445439338684
1.8425683975219727
1.8175300359725952
1.7980890274047852
0.10482838749885559
-0.008945919573307037
-0.05961831286549568
-0.03715439885854721
-0.1296783685684204
0.002702161204069853
-0.026362035423517227
0.010081486776471138
0.01480429619550705
-0.10011183470487595
0.02983497641980648
0.00852256640791893
0.014197565615177155
-0.012467363849282265
-0.040443241596221924
-0.09297747164964676
-0.06905922293663025
0.06171364337205887
-0.029406968504190445
-0.11566991358995438
0.00027679975028149784
0.04530914127826691
-0.013440582901239395
-0.07645146548748016
-0.05964123457670212
-0.06273585557937622
-0.020327776670455933
-0.08054956048727036
-0.07081060111522675
-0.06062034144997597
-0.025041945278644562
0.049397505819797516
0.012286027893424034
-0.01468098908662796
0.00548352487385273
0.026905875653028488
-0.0049711973406374454
-0.9363367557525635
0.008170144632458687
-0.1864432394504547
1.9809868335723877
-0.3405817747116089
0.09217949211597443
-0.10178221017122269
-0.21942730247974396
-0.018671592697501183
1.9793787002563477
1.9133291244506836
0.387106329202652
1.916245937347412
1.8155227899551392
1.8028980493545532
1.8050432205200195
1.8320980072021484
1.8726296424865723
1.825123906135559
1.8503437042236328
1.8415870666503906
0.1808282434940338
0.18279437720775604
-0.055412836372852325
0.002203314332291484
-0.20924057066440582
-0.21147462725639343
-0.18479333817958832
-0.17840099334716797
-0.18207502365112305
-0.14375504851341248
-0.17502278089523315
-0.19963069260120392
-0.26383790373802185
-0.14528509974479675
-0.1496277153491974
-0.11757567524909973
-0.3195646405220032
-0.19393141567707062
-0.12657523155212402
-0.13282908499240875
-0.28592345118522644
-0.18784944713115692
-0.14242781698703766
-0.14271512627601624
-0.27186697721481323
-0.12570860981941223
-0.14991675317287445
-0.12196619063615799
-0.326374351978302
-0.1225859746336937
-0.20356109738349915
-0.17677727341651917
-0.1951356828212738
-0.1856951117515564
-0.14709626138210297
-0.17309004068374634
-0.23680229485034943
-0.1376824676990509
0.0010563721880316734
-1.9841821193695068
-0.5669685006141663
0.616950511932373
-1.9729377031326294
-1.5482332706451416
0.09361529350280762
-0.4042796492576599
-0.20460353791713715
0.24288895726203918
-0.053179915994405746
1.0494701862335205
1.1506683826446533
0.3836280405521393
1.703883171081543
1.941161870956421
1.9481163024902344
1.7268493175506592
1.5685323476791382
1.8835840225219727
1.8073134422302246
1.7055103778839111
1.8584951162338257
1.1701223850250244
0.9551703333854675
0.2515169382095337
-0.030337056145071983
0.4667072892189026
-1.9614624977111816
-1.957861304283142
-1.9735791683197021
-0.04642749950289726
1.3810629844665527
1.983454704284668
1.7418032884597778
0.5788683891296387
1.1525434255599976
1.983337640762329
1.694911003112793
0.7271511554718018
-1.0255799293518066
-1.8992884159088135
-1.9800797700881958
0.07747689634561539
1.981533408164978
1.0757381916046143
-1.0837470293045044
-1.9796910285949707
-1.9762706756591797
0.06229815632104874
1.4544121026992798
1.979824185371399
-0.03083023428916931
-0.39700061082839966
0.35220491886138916
0.6362898945808411
1.5256620645523071
1.1042778491973877
0.8654119968414307
-0.36192312836647034
1.9522844552993774
-0.4327751100063324
-0.49950096011161804
-0.1812252253293991
0.01777273789048195
0.470910906791687
0.2524215579032898
-0.05196278542280197
-0.016167616471648216
0.5585266947746277
0.4539331793785095
0.03933839872479439
1.8590340614318848
1.9355345964431763
1.807793378829956
1.923568844795227
1.8336914777755737
1.9207385778427124
1.81919527053833
1.7469321489334106
1.8526768684387207
0.213364377617836
0.2778168022632599
0.007107520941644907
0.008706733584403992
-0.2341078221797943
-0.23813210427761078
-0.14972279965877533
-0.14213156700134277
-0.27768632769584656
-0.19556644558906555
-0.2967534065246582
-0.061035625636577606
-0.32619574666023254
-0.27870985865592957
-0.3539080321788788
-0.10979579389095306
-0.22563624382019043
-0.19902990758419037
-0.1474144011735916
-0.1805042326450348
-0.2913278341293335
-0.2762552499771118
-0.21961577236652374
-0.22955192625522614
-0.1366090178489685
-0.20455288887023926
-0.17842446267604828
-0.25911667943000793
-0.27104249596595764
-0.019154557958245277
-0.2646581530570984
-0.24293603003025055
-0.22080667316913605
-0.23251132667064667
-0.1640079766511917
-0.2547110915184021
-0.15771225094795227
-0.04599706083536148
-0.0220054779201746
0.1081807091832161
-0.2904595136642456
0.10054650157690048
-0.03665647283196449
0.07350242882966995
0.021091897040605545
-0.32571297883987427
-0.4250952899456024
-0.051724694669246674
-0.0489547960460186
1.5636403560638428
1.5632224082946777
0.09863018244504929
1.8031190633773804
1.7767928838729858
1.7827277183532715
1.6887013912200928
1.9271087646484375
1.8293681144714355
1.8185970783233643
1.7471678256988525
1.8010013103485107
0.025323694571852684
0.017820382490754128
-0.035681962966918945
-0.009660758078098297
0.2913004159927368
0.13126707077026367
-0.08846129477024078
0.17936593294143677
0.0915764793753624
0.033952031284570694
0.1982928216457367
0.0700751394033432
0.0641796812415123
0.0477164089679718
0.06802695244550705
0.09228560328483582
0.02435259521007538
0.12356841564178467
-0.06602296978235245
0.10369210690259933
0.07405764609575272
0.10983601957559586
0.05519392341375351
0.11543259024620056
0.0019364176550880075
0.11658234894275665
0.1883566975593567
0.017560699954628944
-0.015936648473143578
0.04473663493990898
0.08570621907711029
0.10530272871255875
0.024670811370015144
0.10790540277957916
0.25395065546035767
0.16874094307422638
0.10289297997951508
-1.9803011417388916
0.1345459669828415
-0.3145417869091034
-0.30928632616996765
-0.01330813579261303
-0.198448047041893
0.3175767958164215
-1.3377364873886108
0.07333271950483322
0.9279638528823853
0.9009743928909302
0.8132867217063904
0.8154363036155701
0.9251198172569275
0.8630884885787964
0.8437508940696716
0.8561394810676575
1.0223207473754883
0.9398119449615479
0.9220929145812988
0.9523073434829712
0.22022952139377594
0.23121032118797302
0.0031087100505828857
0.021750694140791893
-1.6623647212982178
-1.91062593460083
-1.137023687362671
0.6696487665176392
1.355934977531433
1.7364360094070435
-0.43730035424232483
-1.1690499782562256
-1.9606192111968994
1.450799822807312
-1.5861071348190308
-1.956070065498352
-1.773457646369934
-1.5169843435287476
-1.3027961254119873
1.7335171699523926
1.978772521018982
-1.7062013149261475
-1.5708826780319214
-1.9842251539230347
-1.7710986137390137
1.03463613986969
1.9823070764541626
1.3140943050384521
-1.4085139036178589
-1.589257001876831
-1.9670217037200928
-1.7560404539108276
-1.2209488153457642
1.8165390491485596
1.9808239936828613
1.9665498733520508
-1.0198038816452026
-0.03781219944357872
0.015560921281576157
-0.17090611159801483
0.1812150925397873
-0.006905673071742058
-0.08109662681818008
0.12455583363771439
-0.17156046628952026
-0.2725176215171814
-0.5807547569274902
-0.05624505504965782
-0.08271413296461105
-0.363132119178772
0.09076064079999924
-0.34356948733329773
0.18967309594154358
-0.46484172344207764
0.2590649724006653
-0.4189760386943817
0.0803682878613472
-0.10277759283781052
-0.1651751548051834
0.03049783781170845
0.09703517705202103
-0.13854609429836273
-0.028632529079914093
0.1593727022409439
-0.07880030572414398
0.44057682156562805
-0.2890797257423401
-0.2813742160797119
-0.20093297958374023
-0.17580334842205048
-0.2554630935192108
-0.14080120623111725
-0.28545427322387695
-0.2591502070426941
-0.01647653430700302
0.015576507896184921
-0.04889461770653725
0.1211606115102768
-0.10161666572093964
-0.09062907844781876
-0.05887897312641144
0.12266992777585983
-0.15933197736740112
-0.18815268576145172
-0.16727548837661743
0.058664511889219284
-0.10085653513669968
-0.09035313129425049
-0.010647964663803577
0.11239566653966904
-0.1503869742155075
-0.04110683500766754
-0.21606960892677307
-0.20127806067466736
-0.04660496860742569
-0.21172089874744415
-0.23769442737102509
-0.32954102754592896
-0.11192290484905243
-0.13918104767799377
-0.1262461543083191
-0.1340421587228775
0.16370899975299835
-0.19422326982021332
0.3359829783439636
-0.7258412837982178
-0.0678451657295227
-0.10330133140087128
-0.062058717012405396
0.09124540537595749
0.27129659056663513
-0.27583178877830505
0.24690720438957214
-0.18840834498405457
0.14326803386211395
-0.10078776627779007
-0.25240558385849
-0.07774415612220764
-0.1593218296766281
-0.03400171175599098
0.00534434849396348
0.4949498176574707
-0.13910618424415588
-0.2847064137458801
-0.1720084249973297
0.21062862873077393
-0.22771571576595306
0.04431890696287155
-0.20253019034862518
-0.08370218425989151
-0.09727128595113754
0.08543699979782104
-0.03426763415336609
0.1677604764699936
-0.10742852091789246
-0.014974463731050491
-0.2981679439544678
-0.04367866367101669
-0.3146715462207794
0.08335050940513611
-0.15118061006069183
-0.0338701456785202
-0.21414579451084137
0.18622846901416779
-0.03571375459432602
0.17032106220722198
-0.23992300033569336
-0.21647192537784576
-0.2123260200023651
0.0049094101414084435
-0.10810534656047821
0.15244323015213013
-0.17004534602165222
0.31551408767700195
-0.2800108790397644
-0.07003737986087799
0.18986880779266357
-0.04749910533428192
-1.984375
-0.05960202217102051
-0.0731520876288414
-0.0020604224409908056
0.05041259899735451
0.06281721591949463
0.0775776356458664
0.04457931965589523
-0.05698315054178238
-0.026720993220806122
-0.06196751818060875
0.06110527366399765
0.014149212278425694
-0.006943356711417437
-0.0897727906703949
-0.010746712796390057
-0.03481752797961235
0.023801157251000404
0.07999453693628311
0.04363580420613289
0.05434351786971092
-0.0040986062958836555
-0.08969508111476898
-0.07375046610832214
0.03597521781921387
0.049500588327646255
0.026679489761590958
-0.0340401828289032
0.013443335890769958
-0.010280430316925049
0.032333388924598694
-0.011936761438846588
0.08743853867053986
0.08311981707811356
-0.08054687082767487
0.06314712762832642
0.0799020454287529
0.05534561723470688
-0.04371732845902443
0.06507773697376251
-0.06081730127334595
0.06189020350575447
0.031651824712753296
0.056143373250961304
-0.08149632811546326
-0.01675613969564438
-0.045680928975343704
0.04778363183140755
-0.02724764123558998
-0.05439389497041702
0.05298685282468796
0.011541455052793026
0.0023735722061246634
-0.03734637424349785
0.03368905931711197
-0.08056912571191788
-0.007893810980021954
0.07598818838596344
0.018100282177329063
-0.08427583426237106
0.010064112953841686
-0.07189104706048965
-0.08159547299146652
0.05624545365571976
-0.0829412117600441
0.01836291141808033
0.02301970310509205
-0.02647784724831581
0.026392720639705658
-0.015866488218307495
0.013698152266442776
0.03773936256766319
0.04894194379448891
0.02865605056285858
0.05599470064043999
0.001914436579681933
-0.0018981212051585317
-0.03645775094628334
0.06901274621486664
0.030697131529450417
-0.07063224911689758
-0.0015118090668693185
-0.019369611516594887
0.02488655038177967
0.07249423861503601
-0.018912727013230324
0.040911220014095306
0.0548117570579052
-0.0036460384726524353
-0.002906941110268235
0.056761402636766434
0.0133982477709651
0.008476803079247475
0.042086176574230194
-0.05821637436747551
0.08734927326440811
0.02812909707427025
0.0631944015622139
0.014116428792476654
-0.06293201446533203
0.03102947026491165
-0.004524816293269396
0.0168844535946846
0.01680854894220829
-0.004469914361834526
-0.007937248796224594
0.05954673886299133
0.07096318900585175
0.07538581639528275
0.03214459866285324
0.0786202922463417
0.03972887620329857
-0.06294829398393631
-0.03024880401790142
0.09098638594150543
0.008355459198355675
0.03670486435294151
-0.022206930443644524
-0.07849884033203125
0.047132428735494614
-1.0366710424423218
0.7526357173919678
0.3987976610660553
-1.4713882207870483
-1.9842050075531006
0.04357722029089928
-0.9357054233551025
-1.8628326654434204
-0.05828995257616043
0.2697964012622833
-1.3220798969268799
-1.9597208499908447
0.052549686282873154
1.9841578006744385
1.8730894327163696
1.8585537672042847
1.9667445421218872
-1.7753379344940186
-1.9817478656768799
-1.8592121601104736
-1.9773226976394653
0.41654983162879944
0.15227854251861572
0.4079565405845642
-1.877943515777588
0.9380249381065369
-0.36453479528427124
-1.980802297592163
1.0004100799560547
0.052965763956308365
0.3715648353099823
-0.8600924611091614
1.6325111389160156
-0.19622628390789032
0.023949220776557922
-0.35123127698898315
-1.0114306211471558
0.797692596912384
1.7435916662216187
-0.5168236494064331
0.7939091920852661
-0.49414822459220886
1.9140279293060303
-0.3675871789455414
0.6632314920425415
-0.49685487151145935
0.10679357498884201
-0.25175973773002625
-0.8790844678878784
1.237199068069458
0.8269593715667725
-0.7550188899040222
1.880618929862976
0.13409334421157837
-0.3837617039680481
-1.9843112230300903
1.2902660369873047
0.19970659911632538
-1.656564712524414
1.4143595695495605
-0.5976539254188538
1.9764821529388428
-1.130460262298584
-0.8109754920005798
0.42230457067489624
1.984375
-0.00024196550657507032
0.6241757869720459
-0.8004746437072754
1.9839688539505005
1.9728318452835083
1.860432505607605
1.9507173299789429
1.7251335382461548
1.9581879377365112
-1.9318612813949585
-1.903064250946045
-1.9626569747924805
-1.8928759098052979
-0.16869531571865082
-0.09550711512565613
-0.13850918412208557
-0.4602189362049103
-1.664600133895874
-1.9535775184631348
-0.3707963824272156
-0.5839291214942932
-0.5623505115509033
-0.013756593689322472
1.7067413330078125
1.2190974950790405
-1.400766372680664
-0.8269554376602173
0.8401070833206177
-1.1156032085418701
0.07888395339250565
0.25046005845069885
0.02593129687011242
-0.8172327876091003
-0.44265496730804443
0.36856433749198914
0.014778594486415386
-0.610160231590271
-0.3944341838359833
-1.4771493673324585
0.7457578778266907
-1.15192711353302
-0.05389251559972763
-0.3310462236404419
1.545705795288086
1.1059743165969849
-1.9587273597717285
-1.9773752689361572
-0.577439546585083
-0.6338242292404175
-0.685425877571106
-0.901098370552063
-0.06723839789628983
1.983929991722107
-0.041040387004613876
0.6135119795799255
0.5646988153457642
-0.02544643171131611
0.28226804733276367
0.7700004577636719
0.9877550601959229
-1.9416403770446777
0.04884597659111023
0.8251529932022095
0.11521930992603302
0.3229013681411743
-1.0009374618530273
1.8345234394073486
-1.5264954566955566
1.536571979522705
-1.4819992780685425
-0.9647401571273804
-1.4780064821243286
-0.9206539392471313
-1.251029133796692
-0.8517420291900635
0.1701624095439911
-1.3807700872421265
-0.8625275492668152
0.9283614754676819
-0.3238830268383026
-1.529183030128479
-0.9674262404441833
-1.7189769744873047
-0.7768032550811768
-1.4386131763458252
-0.5833494663238525
-1.9271079301834106
-0.4164220690727234
-1.2814254760742188
0.1251133680343628
-1.0538434982299805
0.1575409471988678
-1.9127819538116455
-0.2533104121685028
1.4700963497161865
0.09975834935903549
-1.984375
-0.30716344714164734
1.647852897644043
0.7217112183570862
-0.7885339260101318
0.9164249300956726
-0.8296063542366028
-0.5528755187988281
-1.7462536096572876
-0.8764888048171997
-1.9061105251312256
0.5194830298423767
-1.5988881587982178
-1.3839201927185059
-1.5630487203598022
-0.23811782896518707
0.2472057044506073
0.33092641830444336
-0.4535926282405853
-0.6045553088188171
-1.984375
-1.5046184062957764
-1.914412498474121
0.06445132941007614
-1.9842875003814697
1.8983725309371948
-0.4417805075645447
1.8441674709320068
-1.7432284355163574
0.8820136189460754
-1.7500522136688232
1.1748484373092651
-1.982774019241333
-1.9495179653167725
-1.9769294261932373
-1.9644418954849243
-1.4911143779754639
-0.5875197052955627
-1.932194471359253
-0.24485895037651062
1.8879488706588745
-1.9491405487060547
1.3891812562942505
-0.005145756993442774
-1.8539845943450928
0.3402779698371887
1.028364658355713
-1.0298577547073364
-0.28890857100486755
-1.9321684837341309
1.7942588329315186
-1.9480236768722534
-1.6186810731887817
-1.7630475759506226
-0.5294985175132751
-1.9070969820022583
0.2964288592338562
-1.796386480331421
-0.3143666386604309
-1.8076945543289185
0.0736294686794281
-1.984375
1.5152570009231567
-1.984375
-1.545289397239685
0.3217635452747345
0.7066879868507385
-0.9979064464569092
-0.843449056148529
-1.8910417556762695
1.1729522943496704
-0.04481903463602066
-1.984375
1.7767376899719238
-1.1400489807128906
1.9520432949066162
-0.2380387932062149
-0.093158058822155
-0.04037921503186226
0.03534797206521034
-0.16596268117427826
0.0825691819190979
0.10735756903886795
0.2229384034872055
-0.016279157251119614
0.06953581422567368
-0.1656588762998581
-0.032455071806907654
-0.1312199831008911
-0.05161423981189728
-0.08328269422054291
0.007326669059693813
-0.08746470510959625
0.06179332733154297
0.0223897323012352
-0.06246040761470795
0.0037010256201028824
0.002782360650599003
0.007145341485738754
0.17004483938217163
-0.004618607461452484
0.0953252911567688
-0.009319160133600235
0.07820575684309006
-0.0770324170589447
-0.07058127224445343
-0.14142896234989166
0.14862288534641266
-0.14855660498142242
-0.14363746345043182
0.006906622555106878
0.016047269105911255
0.021223561838269234
-0.0639854148030281
-0.0243440642952919
0.019057029858231544
-0.015116286464035511
-0.02809881791472435
-0.02957693301141262
-0.002652152441442013
0.08185210078954697
-0.13440412282943726
0.0974571481347084
-0.0838799849152565
-0.002987158950418234
-0.020254310220479965
-0.12324574589729309
0.15724234282970428
-0.16192230582237244
-0.17247292399406433
-0.1262587457895279
0.13430429995059967
-0.05408454313874245
0.027268486097455025
-0.15797846019268036
0.008105260320007801
-0.006798548623919487
0.04689159616827965
0.05476802960038185
0.002447933191433549
0.013086259365081787
0.16555379331111908
0.03839883953332901
-0.07554399967193604
-0.06639672070741653
0.12035917490720749
-0.055245839059352875
-0.07434654235839844
-0.13588379323482513
-0.039648037403821945
-0.08136831223964691
0.03678957372903824
-0.03008236736059189
-0.02112933062016964
-0.04867119342088699
-0.017446763813495636
-0.033240653574466705
-0.0992722362279892
-0.028516801074147224
0.021155141294002533
0.15690898895263672
-0.10352485626935959
0.1328410655260086
-0.024742234498262405
-0.04362912476062775
-0.01626402512192726
0.05585483834147453
-0.1156151294708252
-0.11430390179157257
-0.08140446990728378
0.03880416974425316
-0.24830463528633118
-0.009543782100081444
-0.22153005003929138
0.06976992636919022
-0.3096337616443634
-0.002046473091468215
-0.26849448680877686
-0.0011298424797132611
-0.37868136167526245
-0.005931337829679251
-0.19337759912014008
-0.1146792322397232
-0.18934045732021332
-0.030154865235090256
-0.11052165925502777
0.03348318487405777
-0.16227522492408752
0.10896755009889603
-0.02665567398071289
0.10700323432683945
-0.0652158185839653
-0.028291920199990273
-0.023058583959937096
-1.984375
0.34652039408683777
0.02182166464626789
-0.05057656392455101
0.06421948969364166
-0.03369646891951561
-0.27270615100860596
-0.3129754066467285
-0.019725244492292404
0.08441618829965591
0.20143580436706543
0.25777754187583923
-0.0033103146124631166
1.8614511489868164
1.886006236076355
1.7100000381469727
1.9536018371582031
1.9001476764678955
1.831932783126831
1.8758032321929932
1.9139060974121094
1.8259581327438354
0.022091789171099663
0.023989439010620117
0.010806591250002384
-0.0019828625954687595
0.33101898431777954
0.07136694341897964
-0.07721027731895447
0.05183644965291023
0.06075023487210274
0.0004952294984832406
0.03634734824299812
0.1044263169169426
-0.005572151392698288
0.15215156972408295
0.03128476068377495
0.047766946256160736
-0.019314514473080635
0.06382045149803162
0.017235146835446358
0.0352940671145916
0.06644757837057114
0.028119895607233047
0.10528330504894257
0.0869225338101387
-0.04356652870774269
0.056809984147548676
0.03765811771154404
0.06561975181102753
-0.036191824823617935
0.10358726978302002
0.06261435896158218
0.032316360622644424
-0.000511752616148442
0.06184045225381851
0.11772937327623367
-0.0027007099706679583
0.05278167501091957
-1.982886791229248
0.20196032524108887
-0.26326924562454224
-0.2775265872478485
-0.06374551355838776
-0.1487666517496109
0.345931738615036
-1.2127116918563843
-0.0386446975171566
0.498662531375885
0.4785711169242859
0.6370885372161865
1.769031286239624
1.890466570854187
1.8465057611465454
1.7321765422821045
1.9044302701950073
1.7460640668869019
1.8569539785385132
1.9180285930633545
1.8879220485687256
0.19015783071517944
0.17531025409698486
-0.08985859155654907
0.01857774332165718
-1.3855637311935425
1.0167772769927979
-1.4334155321121216
-1.534056544303894
-0.7275542616844177
-1.0116355419158936
-1.0071830749511719
1.5279954671859741
1.9807732105255127
1.4585026502609253
-0.6995347142219543
-1.3260245323181152
-1.4962393045425415
-1.1332371234893799
-0.7221822738647461
1.5907639265060425
1.6200162172317505
1.9590423107147217
1.9795297384262085
1.9790745973587036
-0.9140233993530273
-1.9466345310211182
-1.9841448068618774
-1.830764889717102
-0.7719362378120422
1.1169992685317993
1.9828212261199951
1.7917753458023071
0.11832689493894577
-1.5315171480178833
-1.9827406406402588
-1.9792051315307617
-1.0262696743011475
-0.03757214918732643
-0.019068097695708275
-0.12155819684267044
1.8981237411499023
-0.09615574777126312
-0.17955490946769714
1.3432585000991821
0.9874000549316406
-0.9648258686065674
0.9873356819152832
-0.8409556746482849
-0.002780013484880328
0.8434417843818665
1.8930017948150635
-0.19923217594623566
0.2657983601093292
1.7842997312545776
1.3771429061889648
1.73096764087677
1.5739235877990723
1.072791576385498
1.0246788263320923
1.1278841495513916
1.0972384214401245
0.07318425178527832
0.1400267481803894
-0.5326658487319946
-0.355888694524765
-1.925406813621521
-1.5998297929763794
-0.6186128258705139
-1.663844347000122
-0.01514493953436613
-1.3085459470748901
-0.06728366762399673
-1.138237714767456
-0.21328110992908478
-1.5462695360183716
-0.3397207260131836
-1.5335878133773804
-0.5400928258895874
-1.6074144840240479
-0.3837689459323883
-1.4412788152694702
-0.2628462314605713
-1.984375
-0.5800124406814575
-1.7492402791976929
-0.30069607496261597
-1.9261326789855957
-0.15784373879432678
-1.6254538297653198
-0.6952409744262695
-1.547908067703247
-0.16177727282047272
-1.1318873167037964
-0.4313242733478546
-1.493488073348999
-0.6882309317588806
-1.6600713729858398
-0.07745165377855301
-1.957729697227478
0.08873213082551956
-0.07799948751926422
-1.9667476415634155
0.3954026699066162
-0.5283506512641907
-1.7126117944717407
-1.981831669807434
-0.03305475041270256
1.8768125772476196
1.471099615097046
-0.8942216038703918
1.8418608903884888
-0.09147457033395767
0.3698268532752991
-0.14595510065555573
0.17980606853961945
0.23031817376613617
0.17600052058696747
0.08053252100944519
0.05664271116256714
-0.10791071504354477
-0.05276338383555412
0.1504121869802475
0.18235771358013153
1.7773699760437012
-0.29583826661109924
0.05414067953824997
0.059296559542417526
0.13431526720523834
0.4844718873500824
-0.14442101120948792
0.25178006291389465
0.06066251918673515
0.4239296019077301
0.15328815579414368
-0.29754728078842163
0.07281562685966492
0.0705452561378479
-0.053982459008693695
-0.12099425494670868
0.45367515087127686
-0.056628741323947906
-0.1352279782295227
0.022234395146369934
0.3369466960430145
0.4350626468658447
-0.19196249544620514
-0.010694839991629124
0.021480027586221695
0.5009893774986267
0.11414273828268051
0.6213149428367615
0.13717390596866608
-0.23741480708122253
0.0781540796160698
0.5453457832336426
0.14325042068958282
1.3147876262664795
0.8312419652938843
-0.6067598462104797
0.5038734674453735
0.08543041348457336
-0.1698734313249588
1.105494737625122
-0.1236729845404625
-0.18519167602062225
-0.06948722898960114
1.9754810333251953
0.03886677324771881
1.4414985179901123
1.5847042798995972
-0.03820299729704857
0.34295493364334106
-1.9659687280654907
-1.96439790725708
1.9510294198989868
1.983652949333191
-1.981059193611145
0.3438091278076172
1.9807696342468262
-0.1404082179069519
0.0226514283567667
0.06312362849712372
-0.09902707487344742
-0.2079319804906845
-0.3539731204509735
-0.8095309734344482
-1.9564720392227173
-1.5148526430130005
-1.3374632596969604
-0.7752207517623901
-0.8021053075790405
-0.8951230645179749
-1.8272180557250977
-1.984375
-1.6219642162322998
0.7323926687240601
1.9481791257858276
1.791436791419983
1.9579888582229614
-0.0015980550087988377
-1.6045753955841064
-0.5475626587867737
-0.49545544385910034
-0.5271047353744507
1.8510674238204956
1.709149956703186
1.7404509782791138
-0.14593233168125153
-0.6342999935150146
-0.060100995004177094
0.24327842891216278
0.031411878764629364
0.5903357267379761
0.1409342885017395
0.923441469669342
0.0187312550842762
0.8764330148696899
1.9706205129623413
0.0310879684984684
0.1259421557188034
-0.2153293788433075
-1.9842606782913208
0.40556544065475464
0.011429842561483383
-1.9295120239257812
-0.08232800662517548
1.4406453371047974
1.6191847324371338
-1.3822050094604492
0.512942373752594
0.1832820028066635
0.5011007189750671
1.3996808528900146
1.187907338142395
0.353435218334198
1.3243259191513062
0.4322741627693176
0.7038570046424866
0.12999264895915985
0.011811209842562675
0.0008508270257152617
0.053542375564575195
-0.28997665643692017
0.09665809571743011
-0.1377040594816208
-0.039351239800453186
-0.34597405791282654
-0.14715902507305145
0.0206995140761137
0.5506536364555359
0.3612425625324249
0.14608436822891235
-0.011110130697488785
0.15745115280151367
0.1079331785440445
-0.28798043727874756
-0.11613436043262482
-0.047367990016937256
0.10142561793327332
-0.014554225839674473
-0.037985436618328094
0.36773189902305603
0.040099963545799255
-0.23274081945419312
0.2997373640537262
0.031096501275897026
-0.22613582015037537
0.10676360130310059
-0.2637781798839569
-0.08359792083501816
-0.2384680211544037
0.12053240835666656
-0.04130782559514046
-0.1829347312450409
0.09384824335575104
-0.49247652292251587
-1.2290676832199097
0.22352002561092377
1.98089599609375
-0.12221606820821762
0.6151240468025208
-1.9741568565368652
-1.9587030410766602
-0.9192745089530945
-0.38191691040992737
1.9809402227401733
0.08497797697782516
1.854036808013916
1.9070078134536743
1.9805667400360107
0.10298532247543335
0.1238403245806694
0.1492462009191513
0.13578130304813385
0.18096797168254852
0.12822800874710083
0.12935353815555573
0.16003136336803436
0.17058463394641876
0.2951604425907135
0.3881467282772064
-0.0151803744956851
-0.02754783444106579
1.9282722473144531
-1.981611967086792
-1.9820125102996826
-1.0582702159881592
0.33529895544052124
1.0626734495162964
-1.312542200088501
-0.32826757431030273
-1.3894801139831543
-1.718037724494934
-0.5926180481910706
-0.4553168714046478
1.372882604598999
0.10396449267864227
0.9394307136535645
-1.3211718797683716
0.5582340955734253
0.6631579995155334
1.572464108467102
-1.1811926364898682
0.9391301274299622
-1.2704010009765625
-0.1603199690580368
0.0021378984674811363
1.9822216033935547
1.2784656286239624
-1.191024661064148
-0.09380989521741867
-1.3298887014389038
-1.984375
-1.9803534746170044
-0.8733251690864563
0.3114418089389801
-0.4464048445224762
-0.21548666059970856
0.15132565796375275
-1.9795857667922974
-0.0026397197507321835
1.9231619834899902
1.5025044679641724
1.9804260730743408
0.011282846331596375
1.381744146347046
1.4427160024642944
1.9808772802352905
-0.2768872082233429
-0.21615611016750336
-0.1774606853723526
-0.26065173745155334
-0.15324299037456512
-0.13010144233703613
-0.14937005937099457
-0.1311645209789276
-0.11900008469820023
0.16900156438350677
0.152396559715271
-0.028355838730931282
0.004562385380268097
-1.2811956405639648
1.7015435695648193
1.4791855812072754
1.5681612491607666
1.3805733919143677
1.9278241395950317
1.5069875717163086
1.5470229387283325
1.2375085353851318
1.6101142168045044
1.2137001752853394
1.935105800628662
1.4490175247192383
1.5862071514129639
1.8403040170669556
1.6318687200546265
1.1134926080703735
1.5984071493148804
1.7775235176086426
1.6080650091171265
1.1455104351043701
1.5199419260025024
1.1948171854019165
1.9462940692901611
1.3268758058547974
1.8713979721069336
1.3327544927597046
1.5522232055664062
1.1747466325759888
1.7804896831512451
1.4333890676498413
1.421478509902954
1.2387630939483643
-0.02351551689207554
-1.982471227645874
-1.9833731651306152
-1.984375
-0.12755915522575378
-0.34114354848861694
1.0634479522705078
0.10365017503499985
0.2715129256248474
1.9826503992080688
-0.007250058464705944
-0.0034123670775443316
1.9326660633087158
1.9557592868804932
-0.04972226172685623
1.8821651935577393
1.9426625967025757
1.897772192955017
1.9158495664596558
1.9330946207046509
1.872807502746582
1.8457987308502197
1.8733545541763306
1.8664255142211914
0.17900842428207397
0.2517038583755493
-0.04109310358762741
-0.014534961432218552
-0.3995128571987152
-0.05928672105073929
-0.0790214017033577
-0.12671345472335815
-0.12017602473497391
-0.10392321646213531
-0.1125115305185318
-0.11953035742044449
-0.08810044080018997
-0.0809321403503418
-0.1037340983748436
-0.09059511125087738
-0.10434580594301224
-0.17246802151203156
-0.14109115302562714
-0.08040861785411835
-0.13659560680389404
-0.14074470102787018
-0.11802833527326584
-0.04946010187268257
-0.1027238741517067
-0.0464143306016922
-0.06674965471029282
-0.10327427834272385
-0.11055506020784378
-0.14049474895000458
-0.0774574726819992
-0.12463131546974182
-0.0981709361076355
-0.06378010660409927
-0.053387273102998734
-0.16330070793628693
-0.13980166614055634
-1.984375
-0.03161836788058281
0.2635688781738281
-1.9832918643951416
1.1557413339614868
0.2987668216228485
-1.978297472000122
0.11090613901615143
0.05767694115638733
1.924096941947937
1.8802871704101562
-0.7137647271156311
1.9094064235687256
1.9500247240066528
1.9063326120376587
1.9577629566192627
1.922471284866333
1.899241328239441
1.8734089136123657
1.8910152912139893
1.9014019966125488
-0.27287185192108154
-0.23067569732666016
-0.018493739888072014
0.00844060629606247
-0.03334936872124672
0.2135510891675949
0.1747068166732788
0.2162439227104187
0.16455215215682983
0.19442950189113617
0.18133360147476196
0.20166772603988647
0.17785373330116272
0.203342005610466
0.16891255974769592
0.23419180512428284
0.15313483774662018
0.21051010489463806
0.16174308955669403
0.1929967999458313
0.14907872676849365
0.16161490976810455
0.15952163934707642
0.2035607099533081
0.1260261982679367
0.2180732637643814
0.20393867790699005
0.22311535477638245
0.12060676515102386
0.1613169014453888
0.1957799196243286
0.22163034975528717
0.17299175262451172
0.19237485527992249
0.21760807931423187
0.2344619780778885
0.1492360681295395
-0.04281286522746086
-0.0024311854504048824
-1.4192371368408203
-0.24943706393241882
-0.13499505817890167
-0.061862897127866745
0.060548800975084305
-0.08069183677434921
-0.07380683720111847
0.06921375542879105
0.007584126200526953
0.05775776505470276
-0.04664842411875725
-0.02573530748486519
-0.26217690110206604
-0.01410564687103033
0.05577271431684494
-0.040964916348457336
0.12745214998722076
-0.085481658577919
-0.05459066852927208
-0.022792652249336243
-0.13684143126010895
-0.009186558425426483
-0.05628261715173721
-0.030934596434235573
-0.05755265802145004
-0.11662513017654419
0.028548002243041992
-0.07336699217557907
-0.08864542096853256
-0.029154224321246147
0.055583152920007706
-0.11796101927757263
0.01691524125635624
-0.025219779461622238
-0.07842125743627548
-0.08425765484571457
0.07643784582614899
-0.10040442645549774
0.06090641766786575
-0.08253241330385208
-0.06143037974834442
0.005011662840843201
0.003121190471574664
-0.0007023632060736418
-0.021628649905323982
-0.09708178043365479
0.07419314980506897
-0.09355969727039337
-0.010564262047410011
-0.016931356862187386
-0.05086394026875496
-0.049279727041721344
-0.032771605998277664
-0.029737107455730438
-0.055148981511592865
-0.13143831491470337
-0.07897436618804932
-0.06019916385412216
-0.047138284891843796
-0.15692169964313507
-0.09234708547592163
0.044199373573064804
-0.11233166605234146
0.00642702542245388
0.034629713743925095
-0.059637296944856644
0.2928934097290039
0.04678109660744667
-0.07352106273174286
0.022789251059293747
-0.01400440651923418
-0.1518203169107437
-0.08322996646165848
-0.11030042916536331
-0.12874478101730347
-0.09966545552015305
-0.044577792286872864
-0.06032637134194374
-0.06858823448419571
-0.03994658961892128
-0.04521184787154198
-0.06569229811429977
-0.06946825981140137
-0.07947168499231339
-0.045224592089653015
-0.07414066046476364
-0.17605063319206238
-0.12682513892650604
-0.07915458083152771
-0.11091552674770355
-0.08718349039554596
-0.07602027803659439
-0.04006926342844963
-0.15810120105743408
-0.1906060129404068
-0.04061209037899971
-0.20502103865146637
-0.13060864806175232
-0.26219475269317627
0.01273428276181221
-0.3231905698776245
-0.06894427537918091
-0.10893222689628601
-0.09886334836483002
-0.2841179370880127
-0.1466401070356369
-0.2520083487033844
-0.04819871857762337
-0.23174068331718445
-0.07898556441068649
-0.19009943306446075
-0.10850293934345245
-0.07888936251401901
-0.03707676753401756
-0.1344212293624878
-0.04800627380609512
-0.09055988490581512
-0.20831741392612457
-0.0012432406656444073
-1.984375
0.06629548221826553
-0.1012897938489914
0.004341170657426119
-0.11310883611440659
-0.06846166402101517
-0.002720924559980631
-0.049953851848840714
0.06561169773340225
-0.02038261666893959
-0.005629119463264942
-0.0970449298620224
0.017306428402662277
-0.11550889164209366
-0.029830479994416237
0.01427927240729332
-0.07543385028839111
-0.027353914454579353
0.04136446490883827
-0.06281137466430664
0.06158352643251419
0.054420072585344315
0.005659889429807663
0.00038943521212786436
-0.009586038067936897
0.09430866688489914
-0.03978521376848221
0.039694759994745255
-0.005740232765674591
-0.08229735493659973
0.038749922066926956
-0.0667012557387352
-0.02370457910001278
0.004500353708863258
0.005559323355555534
-0.026273803785443306
-0.016685830429196358
0.021536488085985184
-0.012805202044546604
0.00918365828692913
0.04132356122136116
0.013797925785183907
-0.11055202037096024
0.028949402272701263
0.10626356303691864
-0.05962183699011803
0.0068111782893538475
-0.09399145096540451
0.016412658616900444
-0.046142373234033585
0.11972758919000626
-0.088826984167099
-0.07621249556541443
0.09967891126871109
-0.041391875594854355
0.0659232884645462
0.07861723750829697
-0.03892577812075615
0.1088486835360527
0.01649802178144455
-0.12888295948505402
-0.007528925314545631
0.051609981805086136
-0.021183760836720467
-0.11113061010837555
0.016444964334368706
-0.06325828284025192
-0.08946379274129868
-0.027989868074655533
0.043967269361019135
0.058182764798402786
-0.04821533337235451
0.051504332572221756
-0.08634950965642929
-0.09393659234046936
0.07376783341169357
0.01677011325955391
-0.007738880813121796
-0.054643139243125916
-0.02150346338748932
0.018730096518993378
-0.07371118664741516
0.012298117391765118
0.0074614048935472965
-0.017340732738375664
0.02224682830274105
0.02599242515861988
0.05238505080342293
-0.09408877789974213
-0.05904235690832138
-0.07496768236160278
0.019469715654850006
0.006378002464771271
-0.03001684695482254
-0.020807700231671333
0.0654321238398552
0.01731693558394909
0.011407225392758846
-0.0683600977063179
-0.06756281852722168
0.043482035398483276
0.019339045509696007
0.033201102167367935
0.11699315160512924
0.004887835122644901
-0.08028597384691238
-0.053903620690107346
0.0006441009463742375
-0.11330119520425797
-0.048817168921232224
0.054421354085206985
-0.013363883830606937
0.07451218366622925
0.04054352641105652
0.03024906851351261
-0.031747907400131226
-0.04365066811442375
-0.016251161694526672
-0.021911639720201492
0.07076836377382278
-0.03783183544874191
0.019877055659890175
0.04854143038392067
0.0229126438498497
0.0374571792781353
0.029649827629327774
-0.08458398282527924
0.03352074325084686
-0.015756530687212944
-0.07465760409832001
0.0449589267373085
0.02541138045489788
0.06162857636809349
-0.013799794018268585
0.07479128986597061
-0.05469478294253349
0.0634429082274437
-0.016217641532421112
0.06531400978565216
0.054635096341371536
0.06708738952875137
0.03901452571153641
0.0010388254886493087
0.019796062260866165
0.008103468455374241
0.06959348171949387
0.07803244888782501
0.048519689589738846
-0.08035343885421753
0.08303806930780411
0.03000803478062153
-0.08536101877689362
-0.04568076133728027
-0.03454152122139931
0.032455410808324814
0.044788658618927
-0.09249425679445267
-0.04601312056183815
-0.07393580675125122
-0.07515096664428711
-0.0697459876537323
-0.01103983074426651
0.04717636480927467
-0.026046572253108025
-0.0515037402510643
0.07263507694005966
0.030973482877016068
0.05884600430727005
-0.04325072839856148
0.07267254590988159
0.08304186165332794
0.059191081672906876
0.02054128237068653
-0.09063398092985153
0.07556086033582687
0.05844917520880699
-0.004428907763212919
-0.05863046273589134
0.0037451107054948807
-0.1016465499997139
-0.0423767976462841
-0.004200329538434744
-0.02687656134366989
-0.0883156806230545
0.03299366310238838
-0.017841951921582222
0.027285343036055565
-0.0011166384210810065
0.012334644794464111
-0.004800090100616217
-0.03962135687470436
-0.0356660820543766
-0.0906783938407898
0.041237350553274155
-0.05541791021823883
-0.09736886620521545
-0.031047064810991287
0.042708370834589005
0.058792222291231155
-0.016614308580756187
0.026617901399731636
0.05711815506219864
0.004496690817177296
0.06958102434873581
-0.07104844599962234
0.049132339656353
0.04548007249832153
-0.082794688642025
-0.023595919832587242
0.0021478331182152033
-0.08506947010755539
0.033042289316654205
-0.025711456313729286
-0.04050287976861
-0.07719931751489639
0.07420282810926437
0.04493081942200661
0.0738910362124443
0.028134793043136597
-0.013793409802019596
-0.056834615767002106
-0.0668698102235794
-0.014790622517466545
-0.01795656979084015
-0.044367700815200806
0.06447287648916245
-0.06782650202512741
0.03804695978760719
0.04529585316777229
-0.05129140615463257
0.04389183223247528
0.08332215994596481
0.0649564191699028
0.04005008563399315
0.004885366186499596
-0.03962885960936546
-0.013158867135643959
-0.06284726411104202
0.035045962780714035
-1.980769157409668
0.01540744211524725
0.15612748265266418
0.9344421625137329
-0.35489338636398315
0.013380683958530426
0.1826312094926834
0.11374884098768234
0.09132841974496841
1.894019365310669
1.940698504447937
-0.5399899482727051
1.790088415145874
1.958984375
1.900142788887024
1.9605438709259033
1.8558605909347534
1.899326205253601
1.9293032884597778
1.8953851461410522
1.9378533363342285
-0.16351892054080963
-0.2045108824968338
0.012935586273670197
-0.01240536943078041
-0.060706816613674164
0.038233038038015366
0.016298916190862656
0.037101730704307556
0.09334531426429749
0.10429084300994873
-0.01708366721868515
0.05004576966166496
0.06551119685173035
0.11269984394311905
0.08551272749900818
0.11223243921995163
0.09672586619853973
0.055891621857881546
0.06339909881353378
0.12207438796758652
0.1463533192873001
0.05201829969882965
0.05139419063925743
0.12339400500059128
0.09783435612916946
0.056408751755952835
0.07645384222269058
0.10198651999235153
0.08711258322000504
0.09217806905508041
0.043219294399023056
0.09038902819156647
0.0734402984380722
0.03143804520368576
0.00882882159203291
0.048182085156440735
0.06719788163900375
-1.981972098350525
-1.457131028175354
-1.9825847148895264
0.30927252769470215
1.0060091018676758
1.9028370380401611
-1.9755067825317383
-1.9792046546936035
-0.028010759502649307
1.8833348751068115
1.8818846940994263
-1.2453731298446655
1.915427565574646
1.8308817148208618
1.8845463991165161
1.8598862886428833
1.8130674362182617
1.872245192527771
1.857731580734253
1.8607847690582275
1.8430252075195312
0.7651835680007935
1.0830018520355225
0.0005891974433325231
0.015499277040362358
-0.978516161441803
1.9821975231170654
1.7634453773498535
1.979375958442688
1.5081422328948975
1.9464473724365234
1.4345148801803589
1.966538429260254
1.610193133354187
1.7215429544448853
1.609087347984314
1.8305612802505493
1.3814529180526733
1.9743634462356567
1.953877329826355
1.9761282205581665
1.3021066188812256
1.885388731956482
1.4648793935775757
1.9145296812057495
1.4747450351715088
1.9038670063018799
1.5338705778121948
1.9753566980361938
1.6358128786087036
1.9681018590927124
1.4997169971466064
1.9837933778762817
1.5430833101272583
1.983897089958191
1.556335687637329
1.979104995727539
1.4653511047363281
-0.01043156161904335
-0.028341243043541908
0.4500545263290405
-1.8723809719085693
0.10796282440423965
0.18473957479000092
-1.9818966388702393
-0.8029260635375977
0.32110023498535156
-0.3818601667881012
0.17845775187015533
0.05320580303668976
1.958970308303833
1.2703160047531128
1.9795485734939575
1.5195136070251465
1.7686775922775269
1.8421056270599365
1.8614119291305542
1.877508282661438
1.5801208019256592
1.590695858001709
1.7413012981414795
1.5802216529846191
0.9051828980445862
0.6447900533676147
0.3860267102718353
0.14766332507133484
0.5063210725784302
0.03383899852633476
0.17951160669326782
0.17819975316524506
0.2244182825088501
0.0007208407041616738
0.23665235936641693
0.17325936257839203
-0.006820539943873882
0.3668132722377777
0.301895409822464
0.21515098214149475
0.3049713671207428
0.12751919031143188
0.2294975221157074
-0.07306713610887527
0.1466270238161087
0.11626123636960983
0.5457335114479065
-0.1710328757762909
0.2961714565753937
0.2407245934009552
0.28624430298805237
0.154021754860878
0.3878040611743927
-0.18017607927322388
0.44261634349823
0.15835881233215332
0.3268601596355438
0.01090275403112173
0.3959665894508362
0.12617361545562744
0.3280916213989258
1.979519248008728
0.720619261264801
-0.2586272358894348
-0.7998707294464111
0.5133169889450073
-0.22120676934719086
-0.12745925784111023
-1.3593645095825195
0.08991429209709167
1.505074381828308
1.8976378440856934
-1.9839651584625244
1.9405959844589233
1.5413256883621216
1.6199926137924194
1.456475853919983
1.4319276809692383
1.7499973773956299
1.744747519493103
1.6496325731277466
1.7381980419158936
-0.3278026282787323
-0.3456709384918213
0.25222527980804443
-0.12809684872627258
0.3633274435997009
0.7798967957496643
0.7877811193466187
0.6901819109916687
0.6114856600761414
0.7319507598876953
0.6457828283309937
0.7022132277488708
0.8288218975067139
0.9186825156211853
0.7621084451675415
0.9851875901222229
0.6932373046875
0.8559868335723877
0.6354429721832275
0.8580295443534851
0.6273905038833618
0.7675063014030457
0.5837750434875488
0.950596034526825
0.6710109114646912
0.9419851899147034
0.7731440663337708
0.9097375273704529
0.6529935598373413
0.9022413492202759
0.6130737066268921
0.7009305953979492
0.7468613386154175
0.926119327545166
0.7486798763275146
0.7184744477272034
0.6763041019439697
-0.1667945832014084
0.013743745163083076
-0.4395750164985657
-1.9759876728057861
0.12218231707811356
1.9809491634368896
1.0934776067733765
0.8226295709609985
-0.020251214504241943
-0.28706514835357666
0.9654353260993958
0.0456441231071949
-0.6052418947219849
-0.31892555952072144
-0.15170003473758698
-0.04562852904200554
0.1640119105577469
0.3224257528781891
0.23787368834018707
0.25786715745925903
0.0013478405307978392
0.016904572024941444
0.05469467118382454
0.013089485466480255
-0.6755906343460083
-1.9790645837783813
-0.024193977937102318
-0.13352839648723602
-0.4911683201789856
-0.41142258048057556
-0.5308787822723389
-0.45586299896240234
-0.4054214656352997
-0.4447016417980194
-0.3079421818256378
-0.2934090197086334
-0.1449357122182846
-0.17205119132995605
-0.3432655930519104
-0.5722029209136963
-0.5214705467224121
-0.6840682625770569
-0.46902674436569214
-0.4647025763988495
-0.10962464660406113
-0.3872300088405609
-0.19620920717716217
-0.4262872636318207
-0.3094439208507538
-0.21899157762527466
-0.22118137776851654
-0.3278528153896332
-0.262939453125
-0.49724313616752625
-0.3130684792995453
-0.4633311927318573
-0.38900333642959595
-0.33339932560920715
-0.3450666666030884
0.010362827219069004
-0.15436114370822906
-1.9816290140151978
0.027120767161250114
-0.007548984605818987
0.15439561009407043
0.02978585474193096
0.11298909038305283
-0.1332901269197464
1.5018309354782104
-0.03648367151618004
0.687749445438385
0.7515068650245667
0.2966955006122589
-0.803026556968689
-0.2877974212169647
-0.2453060746192932
-0.32298001646995544
-0.16944381594657898
-0.3313072919845581
-0.41859573125839233
-0.23412880301475525
-0.38635897636413574
0.004438608884811401
0.04510648921132088
-0.17544721066951752
-0.07185916602611542
-0.12613648176193237
0.1069202646613121
0.10698730498552322
0.06295853108167648
0.08387285470962524
-0.13543830811977386
0.06132607161998749
-0.14545704424381256
0.007661957759410143
-0.015954354777932167
0.1909174770116806
0.09498301148414612
0.15429472923278809
0.0966934785246849
0.18804287910461426
0.014141343533992767
0.07969944924116135
0.10788588225841522
0.14265961945056915
0.014555023051798344
0.13836026191711426
-0.044787757098674774
0.1078534722328186
0.07434828579425812
0.13794644176959991
-0.11977854371070862
0.058651380240917206
-0.11074534058570862
-0.0385713167488575
0.033428363502025604
0.10457298904657364
0.05304836109280586
0.18441782891750336
-0.07994568347930908
-0.25950169563293457
1.9836539030075073
-0.0430813692510128
0.036758553236722946
-0.016192587092518806
0.04181378707289696
0.07489163428544998
0.05918518826365471
0.07580050081014633
0.06241977959871292
-0.048150163143873215
-0.04922877997159958
-0.023748857900500298
0.032207805663347244
0.018799742683768272
-0.02576269395649433
0.07577311247587204
0.029889199882745743
-0.03677263855934143
-0.02342923730611801
-0.026151157915592194
-0.07342524081468582
-0.0007990588201209903
-0.07582920789718628
0.04957299679517746
-0.031041130423545837
-0.0801507830619812
-0.03990200534462929
-0.06563246250152588
0.04454696178436279
-0.06882251054048538
-0.024565858766436577
-0.07755306363105774
-0.03635571524500847
-0.00916233193129301
-0.051271893084049225
0.06694673746824265
-0.029090074822306633
-0.07565344125032425
0.07978466898202896
0.04573730751872063
-0.09086059778928757
-0.02726183645427227
-0.012402912601828575
0.04972925782203674
-0.009693820960819721
-0.023030303418636322
0.04728137329220772
-0.0007013743161223829
0.010786294005811214
-0.0651525929570198
-0.07915733009576797
0.015614097006618977
0.06944308429956436
-0.04455302655696869
0.0638711005449295
-0.030419431626796722
0.022973019629716873
0.03147566691040993
-0.03497522696852684
-0.03809007257223129
0.086209736764431
-0.05563380569219589
0.06725605577230453
-0.06983168423175812
-0.07305854558944702
0.07409355044364929
0.0491720549762249
0.045003071427345276
0.02324134297668934
0.066948801279068
0.013568907976150513
-0.04236973077058792
0.08205148577690125
-0.013976288959383965
0.05819624662399292
-0.02022966928780079
0.03914777189493179
-0.04680609703063965
-0.0754082202911377
0.0022392135579138994
-0.09018290042877197
-0.02809278294444084
0.07358704507350922
-0.06953194737434387
-0.08079202473163605
-0.005311384331434965
0.018240945413708687
-0.0796484500169754
-0.044777628034353256
0.0828440859913826
0.005418947897851467
-0.03419490158557892
0.027723213657736778
-0.04790625348687172
-0.0014619341818615794
0.029851093888282776
-0.022673366591334343
0.02523992396891117
-0.06944502145051956
-0.03715253621339798
0.08033230155706406
0.06668154150247574
-0.05331381410360336
0.0752420648932457
-0.0008573372615501285
-0.08373628556728363
0.07527492195367813
-0.08270236104726791
0.05504317581653595
0.010517074726521969
0.027251970022916794
0.0825589969754219
0.06591181457042694
0.058848217129707336
-0.015705116093158722
-0.016260230913758278
0.06476134806871414
0.04894188046455383
-0.015395582653582096
-0.059601135551929474
-0.031584445387125015
-0.07819562405347824
-0.06243234872817993
-0.005159355700016022
0.05767412111163139
-0.07955727726221085
0.05867776274681091
0.045196451246738434
0.0892118290066719
-0.02723228745162487
0.018222641199827194
0.018996160477399826
0.019248541444540024
0.021321935579180717
-0.037518326193094254
-0.020389949902892113
0.049769699573516846
-0.0894499272108078
0.04093428701162338
0.07194101810455322
0.08987198024988174
0.03576742485165596
-0.013209566473960876
0.021825022995471954
-0.07787147909402847
0.05712437257170677
0.004336484707891941
-0.07653984427452087
-0.01861955225467682
0.052342355251312256
0.07317963987588882
0.027842644602060318
-0.07671996206045151
0.015020176768302917
-0.04875028133392334
0.08717605471611023
0.057838357985019684
0.011050618253648281
-0.0006482756580226123
-0.04145247861742973
0.0804709866642952
0.06064830347895622
-0.07427532225847244
-0.04700729250907898
-0.08212199062108994
0.021322600543498993
-0.022563518956303596
-0.06650692224502563
0.012772505171597004
0.057518310844898224
0.016127031296491623
0.03208513930439949
-0.05991121381521225
0.025057779625058174
-0.03689734637737274
-0.05071157589554787
-0.050254713743925095
0.08322253078222275
0.08490883558988571
0.06082690879702568
0.018094763159751892
0.03576529398560524
0.07017920166254044
-0.07973387837409973
-0.09134547412395477
0.04788590595126152
0.02567017823457718
-0.020017722621560097
0.023707428947091103
0.058011215180158615
-0.012144052423536777
-0.03998202085494995
-0.06678703427314758
-0.024103553965687752
-0.0870070829987526
-0.047208551317453384
0.011318417266011238
0.04809079319238663
0.051399968564510345
-0.07259807735681534
-0.070133738219738
0.07814323157072067
0.06645505130290985
0.029710976406931877
-0.08511452376842499
0.06115997955203056
-0.012909049168229103
0.07458893209695816
0.08501777797937393
0.04001818969845772
-0.03421345725655556
-0.06757998466491699
-0.007236093282699585
0.04218740016222
0.07431080937385559
0.04432769492268562
0.008948014117777348
-0.09050887078046799
0.028550870716571808
0.0637051984667778
-0.024188704788684845
-0.04595968872308731
0.05351507291197777
-0.013022764585912228
-0.0904102697968483
-0.03433041647076607
-0.012493046000599861
-0.016801031306385994
0.0863187313079834
0.015311307273805141
-0.03167092800140381
-0.0545823909342289
0.00903359055519104
-0.02369171567261219
0.08252541720867157
0.03333241492509842
0.05315573140978813
-0.02693020924925804
-0.03275999054312706
0.07993916422128677
-0.08512022346258163
-0.012600565329194069
0.019542010501027107
0.06437361985445023
0.0016114277532324195
0.030975190922617912
0.031933460384607315
-0.053815316408872604
0.0030798858497291803
0.005128593649715185
-0.069102443754673
-0.021711580455303192
0.0627225935459137
-0.04586304351687431
0.06656782329082489
-0.0018321167444810271
0.017637627199292183
0.03725864365696907
-0.032554809004068375
0.07249320298433304
0.08174201846122742
-0.08962787687778473
-0.027752336114645004
-0.012955110520124435
0.0341181643307209
0.08592677861452103
-0.08671820908784866
-0.03972962871193886
-0.0908433198928833
0.04148046299815178
-0.02941574715077877
-0.05085116997361183
0.049570661038160324
-0.021461397409439087
0.05000407248735428
-0.04962443560361862
0.08888031542301178
0.07490172237157822
-0.05743928253650665
-0.05590840429067612
0.04024786129593849
-0.09099765121936798
-0.034641675651073456
0.07426365464925766
0.0328504852950573
0.06316250562667847
-0.00803634338080883
-0.07734955847263336
0.08160428702831268
0.07434982806444168
-0.055148836225271225
-0.08160579204559326
-0.01773817464709282
0.002221860224381089
0.05567903816699982
-0.01639491692185402
-0.06605757772922516
0.04803750663995743
-0.024643588811159134
0.050485849380493164
0.02696148492395878
0.008349744603037834
-0.05536985397338867
0.04973851144313812
0.061670903116464615
-0.055222928524017334
0.07214569300413132
-0.06157497689127922
0.037461161613464355
-0.014801138080656528
-0.06417082995176315
-0.019500812515616417
0.052187345921993256
0.013064257800579071
-0.057435292750597
0.09114527702331543
-0.053902532905340195
0.06536214798688889
0.014894724823534489
-0.006136495154350996
-0.030132999643683434
0.06938334554433823
-0.06661909818649292
-0.011970452032983303
-0.06307519227266312
-0.03683869540691376
0.04817201942205429
-0.055381547659635544
-0.05075305700302124
0.03682392090559006
0.04000955820083618
0.06502057611942291
0.08124307543039322
-0.0365123450756073
0.03752737492322922
-0.030103331431746483
-0.032786305993795395
-0.03281819075345993
-0.07382281124591827
-0.02709210477769375
0.030280297622084618
0.04168657585978508
0.0412585511803627
-0.03704413026571274
0.07782381027936935
0.08945751935243607
0.06856904178857803
0.014328922145068645
-0.06955087929964066
0.028724635019898415
0.002860595704987645
-0.07465429604053497
0.016133762896060944
0.04887339472770691
-0.07359831035137177
-0.055112339556217194
-0.024956170469522476
-0.07461770623922348
-0.9119400978088379
0.7255482077598572
-1.969051480293274
-1.6465601921081543
0.12200284749269485
-0.4432643949985504
-0.13249844312667847
0.8706046342849731
0.008180755190551281
1.5051634311676025
1.5297398567199707
-0.23145723342895508
1.3070416450500488
1.2437362670898438
1.163495659828186
1.7387070655822754
1.6029282808303833
1.1939805746078491
1.3212536573410034
1.4581634998321533
1.2602477073669434
1.1872267723083496
0.9220190644264221
0.30989331007003784
-0.0378277450799942
0.8853059411048889
1.0146453380584717
0.977997362613678
1.9691436290740967
0.8181957006454468
1.4203325510025024
-0.13444790244102478
0.549932062625885
-0.29632556438446045
1.8252755403518677
0.8612207174301147
-1.5986536741256714
-1.9672709703445435
-1.4327219724655151
0.6440567374229431
1.8428572416305542
1.9651459455490112
-1.9679943323135376
0.9049271941184998
1.2910947799682617
1.9826395511627197
1.693698525428772
1.2082972526550293
-1.9626007080078125
-1.9821778535842896
1.3781658411026
0.194940984249115
-1.9621062278747559
-1.9835363626480103
-1.3696253299713135
1.313310980796814
1.925110936164856
1.8171988725662231
1.9570205211639404
-0.5190079212188721
-0.5039976835250854
-0.016588861122727394
-0.0012948208022862673
0.6179106831550598
0.24636754393577576
0.06573037803173065
-0.06788580864667892
0.7567678093910217
0.5720652937889099
-0.15955249965190887
1.7857043743133545
1.6772886514663696
1.6293039321899414
1.5547311305999756
1.6798218488693237
1.614087462425232
1.692521572113037
1.8152358531951904
1.7331877946853638
0.17416790127754211
0.23488926887512207
0.003768724389374256
0.04431159421801567
-0.3601250946521759
-0.40421196818351746
-0.19278188049793243
-0.30458566546440125
-0.41169631481170654
-0.2458398938179016
-0.2158692628145218
-0.29858580231666565
-0.3105183243751526
-0.21166539192199707
-0.2050485759973526
-0.25743988156318665
-0.5170478820800781
-0.34238430857658386
-0.3905693292617798
-0.28325212001800537
-0.3537113666534424
-0.17170114815235138
-0.2637113034725189
-0.29483968019485474
-0.5402827262878418
-0.3432713449001312
-0.35353630781173706
-0.34398359060287476
-0.3403860926628113
-0.16078808903694153
-0.45256197452545166
-0.1780308336019516
-0.5140500068664551
-0.21067394316196442
-0.30043697357177734
-0.23035180568695068
-0.4732695519924164
-0.05125346779823303
-0.01568598486483097
0.27371644973754883
0.05896403267979622
0.058251604437828064
-0.009552131406962872
0.0024384348653256893
-0.012370665557682514
-0.14963017404079437
-0.11214586347341537
-0.023639436811208725
-0.03688177466392517
0.2520855963230133
0.2657102048397064
0.14401547610759735
1.8966526985168457
1.9211422204971313
1.8454387187957764
1.915001630783081
1.9391977787017822
1.9028565883636475
1.8696074485778809
1.9393789768218994
1.934807538986206
0.017224600538611412
0.014912398532032967
0.007096664980053902
0.0039129494689404964
0.12386708706617355
-0.020492663607001305
-0.018124066293239594
-0.04476264864206314
0.02425934188067913
-0.02427484653890133
0.05099623277783394
0.0043020108714699745
-0.05714315548539162
-0.005654697772115469
0.01692042127251625
-0.010936794802546501
0.03710649907588959
0.005811765789985657
0.03286321833729744
0.061596788465976715
-0.004156638402491808
0.03018016368150711
-0.041546620428562164
0.013512701727449894
-0.024752244353294373
0.013793506659567356
0.08256661146879196
-0.02244298718869686
-0.04359251633286476
0.012793723493814468
0.00773119879886508
0.015905724838376045
-0.0020871106535196304
-0.023408396169543266
-0.007112873252481222
0.014753426425158978
0.005933766253292561
-1.9743998050689697
-0.0182279571890831
-0.26446908712387085
-0.039361629635095596
-0.02992873452603817
0.06189555674791336
0.14919394254684448
-0.5127530694007874
0.0014199163997545838
0.43283507227897644
0.4674929976463318
-0.005825728643685579
1.792715311050415
1.9106507301330566
1.829239845275879
1.7194100618362427
1.6961942911148071
1.8267357349395752
1.7815046310424805
1.8195840120315552
1.8359256982803345
0.09936480224132538
0.11374695599079132
-0.010475315153598785
-0.005803659558296204
-0.15865302085876465
0.9533425569534302
0.4317510724067688
-1.98421049118042
-1.983475923538208
-1.9839849472045898
0.3964889943599701
0.8657925724983215
1.5948785543441772
-1.4377976655960083
-1.8323911428451538
-1.4016460180282593
0.3264002501964569
1.9830904006958008
1.9765329360961914
1.9803484678268433
0.09871059656143188
-1.2215015888214111
-1.448398470878601
-0.933454692363739
0.49902966618537903
1.8413727283477783
1.8715391159057617
1.697927474975586
0.08345215767621994
1.3082374334335327
1.1575461626052856
1.094863772392273
0.05200611427426338
-0.4957943260669708
-0.781794011592865
-0.2439430058002472
0.40611162781715393
-0.025724681094288826
-0.013845743611454964
0.023065153509378433
-1.982142448425293
-0.12269706279039383
-0.7571389675140381
1.9809101819992065
-0.30715858936309814
0.6546393036842346
1.9793637990951538
-0.5143628120422363
-0.0460234098136425
0.540334939956665
0.6749875545501709
-0.23184825479984283
0.4601151645183563
0.587360143661499
0.4159904718399048
0.6013306379318237
0.3527038097381592
0.5051594972610474
0.5226618647575378
0.5141102075576782
0.4823310077190399
0.28608742356300354
0.5476061701774597
-0.06307672709226608
-0.026915041729807854
-0.3199253976345062
0.3378583490848541
0.38517552614212036
0.3264419138431549
0.3437941372394562
0.4102136790752411
0.23423688113689423
0.36586207151412964
0.43819066882133484
0.284158855676651
0.301188200712204
0.3714522421360016
0.348835825920105
0.31681784987449646
0.32810747623443604
0.35698816180229187
0.1971508413553238
0.35945332050323486
0.3800966739654541
0.2866640090942383
0.3119157552719116
0.40675821900367737
0.49230995774269104
0.3787458837032318
0.41181203722953796
0.2607020139694214
0.34297505021095276
0.3418729901313782
0.34958234429359436
0.32702451944351196
0.338827908039093
0.33956173062324524
0.40649136900901794
-1.978708028793335
-0.2731272578239441
-0.15269586443901062
-1.0620843172073364
-1.7155829668045044
0.6436555981636047
-1.9777717590332031
-0.7808747887611389
-0.05157284811139107
0.5339772701263428
0.6102526187896729
-0.0297690462321043
1.386616826057434
1.5227330923080444
1.5356371402740479
1.5265578031539917
1.512377142906189
1.542952060699463
1.5943570137023926
1.5391263961791992
1.5776008367538452
0.16113227605819702
0.005846044048666954
0.04527271166443825
-0.02291122078895569
-0.5207971334457397
-0.6825537085533142
-0.5351514220237732
-0.5548307299613953
-0.3871297538280487
-0.4897702932357788
-0.29377231001853943
-0.4972221255302429
-0.495685875415802
-0.520280122756958
-0.4786660373210907
-0.516286313533783
-0.43609097599983215
-0.5748986005783081
-0.42438215017318726
-0.4906093180179596
-0.4349091053009033
-0.5469080805778503
-0.3971964418888092
-0.4681794345378876
-0.5731973648071289
-0.6068390607833862
-0.5096458792686462
-0.4938966631889343
-0.509326159954071
-0.4800855815410614
-0.37914296984672546
-0.4968639016151428
-0.4365861713886261
-0.493368923664093
-0.4590573012828827
-0.43179377913475037
-0.36410412192344666
-0.2680262625217438
-0.053169168531894684
-1.9837303161621094
1.0094596147537231
-0.05413280799984932
-0.23040197789669037
0.6009593605995178
-0.10525339096784592
-0.8486633896827698
0.4791109263896942
-0.46291565895080566
0.016146427020430565
-0.5117542147636414
-0.6666702628135681
-0.21255861222743988
-0.16860726475715637
-0.29525017738342285
-0.5283340811729431
-0.18510985374450684
-0.44918563961982727
-0.3702176809310913
-0.484872967004776
-0.20349571108818054
-0.481533408164978
-0.02067754603922367
0.10026214271783829
0.20541779696941376
0.03703245148062706
0.9266706705093384
0.47428077459335327
0.2694304287433624
0.10518510639667511
0.41045722365379333
-0.08166100829839706
0.2871640920639038
-0.008036311715841293
0.2124607115983963
-0.010620723478496075
0.23826336860656738
0.20439018309116364
0.17343644797801971
-0.22600005567073822
0.3246075510978699
0.22106455266475677
0.47147807478904724
-0.020065346732735634
0.3995278477668762
0.2989460527896881
0.4432552754878998
0.13493739068508148
0.2433697134256363
0.21499983966350555
0.23040293157100677
-0.1141042560338974
0.43659788370132446
-0.049392446875572205
0.24693115055561066
0.4559782147407532
0.45397624373435974
0.13889694213867188
0.5010591745376587
-1.8384159803390503
-0.7838784456253052
-1.9679081439971924
1.9842197895050049
1.0441131591796875
1.2644344568252563
0.03432219848036766
1.9745317697525024
-0.04950950667262077
1.0725222826004028
-0.13008588552474976
0.6458275318145752
-0.2732101380825043
-0.5124406814575195
-0.3075229525566101
-0.39650046825408936
-0.28792449831962585
-0.6289728283882141
-0.5997636318206787
-0.5741710066795349
-0.6613507270812988
0.1865747720003128
-1.9135631322860718
0.8191205859184265
0.4270232617855072
1.7029002904891968
1.2248822450637817
1.832925796508789
1.349027156829834
1.3363032341003418
1.0376081466674805
1.0891919136047363
1.1988240480422974
1.133028507232666
1.709169864654541
1.97075617313385
1.08537757396698
1.0922795534133911
0.8945886492729187
1.0493359565734863
0.9270201921463013
1.8990684747695923
0.7000122666358948
1.1597381830215454
0.9689373970031738
1.6986589431762695
1.455906867980957
1.9753124713897705
0.9592804312705994
0.7997771501541138
0.9443792104721069
1.5183302164077759
1.217529296875
0.9145331382751465
0.9121345281600952
1.958050012588501
1.4731638431549072
1.3855409622192383
0.11210392415523529
0.14435438811779022
-1.9787075519561768
0.9018368124961853
0.023961931467056274
0.03262483701109886
0.11773233860731125
-0.020664166659116745
-0.09474927932024002
-0.12107621878385544
0.07951996475458145
0.028912167996168137
0.6502971053123474
0.6543306112289429
-0.16454628109931946
1.7609410285949707
1.7139304876327515
1.7626391649246216
1.7318648099899292
1.8730450868606567
1.662069320678711
1.760153889656067
1.938132643699646
1.8308658599853516
-0.020114531740546227
-0.0361768938601017
-0.005384783260524273
-0.0003854293026961386
0.12073298543691635
-0.07567524164915085
-0.030564986169338226
-0.1305592954158783
-0.03970642760396004
0.05815520137548447
-0.012463335879147053
-0.04759470745921135
-0.04751582071185112
0.017289450392127037
0.0797199159860611
-0.037134524434804916
-0.0507727675139904
-0.013824821449816227
-0.010281112045049667
0.030779331922531128
0.025105828419327736
0.10327696800231934
0.04861973598599434
0.08953312039375305
-0.047416482120752335
-0.047381289303302765
0.03085886687040329
-0.010939424857497215
0.06883605569601059
0.03321818634867668
0.0694519579410553
0.020387355238199234
-0.006754470989108086
0.03876842185854912
-0.04818277433514595
0.07793650031089783
0.08457242697477341
-1.984375
0.00262842676602304
-0.46260765194892883
-0.13366277515888214
-0.003916221670806408
0.06999198347330093
0.15498152375221252
-0.672184407711029
0.02259538508951664
-0.41814517974853516
-0.43426430225372314
-0.21677103638648987
1.5243476629257202
1.221682071685791
1.2049967050552368
1.9151452779769897
1.8288005590438843
1.4834731817245483
1.5317378044128418
1.6443268060684204
1.5361651182174683
0.2000923603773117
0.21090981364250183
-0.04396674409508705
0.01630621962249279
-0.0803866907954216
1.9789886474609375
0.8066414594650269
1.6089948415756226
0.5015785098075867
1.9478164911270142
1.0550191402435303
1.7947574853897095
0.6371238827705383
0.4923716187477112
0.559743344783783
1.9606544971466064
1.4573354721069336
1.4523191452026367
0.18910589814186096
0.1468675434589386
-0.05776393413543701
1.6100084781646729
-0.07848074287176132
-1.984375
-1.9699753522872925
-1.5545850992202759
0.3941555321216583
1.9837676286697388
1.9697299003601074
-1.865059733390808
-0.6174213290214539
-1.9803009033203125
-0.5839081406593323
-1.9822183847427368
0.01390830334275961
-1.3288406133651733
-0.22306859493255615
-0.007063781376928091
-0.03529193252325058
0.12933358550071716
-0.08425232023000717
-0.05884011834859848
0.06899090111255646
-0.07261636853218079
-0.07376362383365631
0.028604842722415924
0.06718521565198898
0.07050417363643646
-0.05874963477253914
-0.05525177717208862
-0.02722032181918621
0.03280222788453102
-0.04892526939511299
-0.07189644128084183
-0.023003628477454185
0.07416601479053497
0.08029211312532425
0.009933448396623135
-0.04740519821643829
-0.08215725421905518
0.08590295910835266
0.029187781736254692
-0.09073082357645035
0.07296083122491837
-0.07312274724245071
-0.01068020612001419
0.04274144396185875
0.01754608377814293
0.048213664442300797
-0.0515490360558033
0.09073252230882645
-0.08083906769752502
0.01722739450633526
0.06957577168941498
-0.08642484992742538
0.04081697762012482
0.07597412914037704
-0.018826298415660858
0.06951107084751129
-0.07410947978496552
0.010070166550576687
-0.004850675351917744
0.029936734586954117
0.04826810956001282
0.07017887383699417
-0.0436328761279583
-0.05204743519425392
-0.035382259637117386
-0.012637337669730186
-0.03664052113890648
0.045985106378793716
0.02216487005352974
-0.06819586455821991
0.0009880021680146456
-0.09091860055923462
0.031904205679893494
0.028938602656126022
0.053665559738874435
0.044488608837127686
0.06298692524433136
-0.00482842605561018
0.04381292685866356
0.04815218597650528
0.06826775521039963
0.05830119922757149
0.05281591787934303
0.057937078177928925
-0.02966613881289959
0.07941392809152603
0.06217098608613014
-0.08269459009170532
0.07667285203933716
-0.0107011329382658
0.07722365856170654
-0.031188078224658966
0.06694968044757843
0.07297278195619583
-0.06198641285300255
0.033320166170597076
0.013942992314696312
0.012073403224349022
-0.0683334693312645
0.04414379969239235
-0.06632985919713974
-0.07320436090230942
-0.0646422952413559
-0.007192523684352636
0.048764847218990326
0.0693400651216507
0.05949625000357628
-0.026459500193595886
0.09039891511201859
0.031925950199365616
-0.09016821533441544
-0.08284981548786163
-0.00265314057469368
0.0551396906375885
0.05128313601016998
0.029059236869215965
0.06022944673895836
0.0017948963213711977
-0.0017442017560824752
-0.051407333463430405
0.03660081699490547
-0.0038577665109187365
-0.05892852321267128
0.06320339441299438
0.03031921200454235
0.08091914653778076
0.08818043768405914
0.08930940181016922
-0.018800290301442146
-0.018268374726176262
0.011787398718297482
0.08442194014787674
0.016521506011486053
-0.07465698570013046
-0.05902116000652313
-0.08422538638114929
0.08562357723712921
0.06130169704556465
-0.09199848771095276
-0.06214670091867447
-0.021818695589900017
-0.033193331211805344
0.03247612714767456
-0.07977072149515152
0.03901668265461922
-0.020979922264814377
0.026632215827703476
0.02818218432366848
-0.031292397528886795
-0.030767474323511124
-0.01677766628563404
-0.03860959783196449
-0.049245573580265045
-0.04449085891246796
-0.02412056364119053
0.027535265311598778
0.0784541666507721
0.026903148740530014
-0.07683902233839035
0.01709355227649212
-0.07695361226797104
-0.0018911963561549783
-0.002153684850782156
-0.06233929842710495
0.07207214832305908
0.0029576316010206938
0.08748842775821686
-0.06951181590557098
-0.04781608656048775
0.05929972976446152
0.007177551276981831
0.017496345564723015
-0.05152647942304611
0.09475760161876678
0.00757843442261219
-0.01514429971575737
-0.00796160101890564
-0.010866047814488411
-0.07585737109184265
0.049831826239824295
0.017335504293441772
-0.04627557843923569
-0.06727541983127594
-0.08301208913326263
0.015925541520118713
0.073949433863163
-0.05188783258199692
0.04707959294319153
-0.044015299528837204
0.04638681560754776
-0.06708192080259323
-0.08548539131879807
0.08300983160734177
-0.07226976752281189
-0.07533828914165497
0.04639426991343498
-0.036731086671352386
-0.033178117126226425
0.025540288537740707
0.06363479048013687
0.06273464858531952
0.0580173023045063
0.04531316086649895
0.0047599575482308865
-0.08812427520751953
-0.00036286949762143195
-0.07158058136701584
-0.0799187570810318
-0.03678307309746742
-0.030127208679914474
0.07060123234987259
-0.043007828295230865
0.022166315466165543
0.06376730650663376
0.024475615471601486
0.003106695134192705
0.02285853587090969
-0.04734822362661362
-0.06468835473060608
-0.06443087011575699
0.06588508933782578
0.06765884906053543
-0.05436762049794197
-0.014067067764699459
0.03952202573418617
-0.034599993377923965
0.04602719470858574
0.08086969703435898
-0.00896543636918068
-0.0600353442132473
0.06735700368881226
-0.09199947118759155
0.05724846199154854
-0.011099213734269142
0.03743703290820122
-0.0024305477272719145
-0.009881015866994858
0.08565028756856918
0.032442279160022736
0.03835737705230713
-0.06566611677408218
-0.018114252015948296
-0.04058064892888069
0.10320752114057541
-0.060934506356716156
-0.08503503352403641
0.02198401652276516
0.051279690116643906
0.10926923155784607
-0.08534304052591324
0.0638352781534195
-0.07934404164552689
-0.06674396246671677
-0.040616799145936966
-0.07978146523237228
1.9398912191390991
-0.2752494812011719
-0.06441253423690796
1.9811080694198608
-1.984375
0.12382373213768005
-0.1109822615981102
1.9321602582931519
0.03596068546175957
1.6903516054153442
1.1851526498794556
1.676005482673645
0.013560771010816097
-0.7719644904136658
-0.11889912188053131
0.9898120164871216
-0.4221133589744568
-0.6345932483673096
0.2092696577310562
0.21515753865242004
-0.8906203508377075
-1.984375
0.0636410266160965
-0.10391155630350113
0.15371516346931458
-0.6591346859931946
-1.7528208494186401
-1.9648116827011108
-1.9810727834701538
-0.8862633109092712
-1.001370906829834
-0.9202552437782288
-0.6709871292114258
-0.6948436498641968
-1.1525977849960327
-1.118879795074463
-0.9951207041740417
-1.046143889427185
-1.0352931022644043
-1.1802053451538086
-0.7908073663711548
-1.0791581869125366
-1.0868602991104126
-0.6787072420120239
-1.5311384201049805
-1.609614372253418
-1.2416481971740723
-1.2869840860366821
-1.5506911277770996
-1.3146719932556152
0.5482572913169861
1.983899712562561
1.937967300415039
1.5926862955093384
1.977241039276123
1.984341025352478
1.979559063911438
1.2551625967025757
-1.938881754875183
0.12786300480365753
0.08616247028112411
-0.18571837246418
1.9379857778549194
-0.2687932252883911
-0.10001090168952942
0.8148731589317322
-0.03179817274212837
1.60924232006073
1.9246814250946045
-0.9476942420005798
-0.195332333445549
0.03157553821802139
0.11536204814910889
0.8898259997367859
-0.25824758410453796
-0.1782936006784439
0.3077976703643799
0.4038190543651581
-0.19214512407779694
0.09038888663053513
0.03185206651687622
-0.15700851380825043
-0.045787859708070755
-0.24751277267932892
-0.02057703398168087
-0.06915298849344254
0.11548471450805664
0.0009851366048678756
-0.3883545696735382
-0.03831411525607109
-0.3565341830253601
-0.39338305592536926
-0.10348281264305115
0.25145357847213745
0.040353257209062576
-0.11806438863277435
-0.12674382328987122
-0.1442611962556839
0.2439391165971756
0.4078921377658844
-0.3367926776409149
0.7976278066635132
-0.22962644696235657
0.5682163238525391
-0.011526779271662235
0.033400025218725204
0.10502991825342178
0.8774191737174988
-1.5071449279785156
1.8307808637619019
-0.7051783800125122
1.5207041501998901
0.14099016785621643
-0.32801005244255066
-0.2236405462026596
1.9258620738983154
-0.00713936984539032
-1.9832481145858765
0.9970018267631531
1.7973413467407227
-0.4454294443130493
-0.23881307244300842
-0.19112075865268707
-1.9842535257339478
-1.7838460206985474
-1.2633767127990723
1.9808121919631958
0.06115144491195679
0.6210192441940308
0.5821830034255981
-1.5135204792022705
1.9150911569595337
1.97183358669281
1.951520323753357
1.9436593055725098
1.9323667287826538
1.9529552459716797
1.9446431398391724
1.9100593328475952
1.9541314840316772
0.9160910844802856
-0.6396858096122742
0.04992319643497467
0.019067512825131416
-1.963387131690979
0.6455138921737671
0.5724190473556519
0.5502849221229553
0.5264292359352112
0.6896936297416687
0.6517095565795898
0.5218778252601624
0.6055209636688232
0.523899257183075
0.5154839158058167
0.5141890048980713
0.6449074745178223
0.5034986138343811
0.587112545967102
0.5426599383354187
0.6804530620574951
0.5525882840156555
0.6104214191436768
0.5824275016784668
0.5205586552619934
0.45904362201690674
0.43229439854621887
0.4723999500274658
0.5386074781417847
0.6657801270484924
0.5702478289604187
0.5408437252044678
0.5054183006286621
0.5980271697044373
0.44295892119407654
0.5297481417655945
0.5346179008483887
-1.9796298742294312
0.6161760687828064
0.8332537412643433
1.5056663751602173
-0.15149137377738953
-0.2229296714067459
1.089735746383667
-1.180952548980713
0.03982258215546608
1.3944993019104004
1.3938597440719604
-0.1456722915172577
1.9004569053649902
1.9352552890777588
1.951383113861084
1.9159209728240967
1.9415632486343384
1.949809193611145
1.9662179946899414
1.9521044492721558
1.9724165201187134
-0.7952266931533813
-0.7805142998695374
-0.0035204451996833086
0.0015583373606204987
-0.13246601819992065
1.416125774383545
1.362358808517456
1.535686731338501
1.4179399013519287
1.5088768005371094
1.3916250467300415
1.5456897020339966
1.4540174007415771
1.4344098567962646
1.3984256982803345
1.530953049659729
1.413976788520813
1.3920968770980835
1.4116934537887573
1.4711674451828003
1.3910067081451416
1.5013295412063599
1.4638960361480713
1.4672412872314453
1.3521606922149658
1.4162039756774902
1.392639398574829
1.4597283601760864
1.3695212602615356
1.717454433441162
1.3308008909225464
1.5602631568908691
1.3954888582229614
1.5400394201278687
1.376204252243042
1.5007116794586182
1.3175081014633179
-0.007499526720494032
-1.9839025735855103
1.2776004076004028
-0.03866739198565483
0.014280827715992928
0.0079688411206007
-0.042950551956892014
0.027225326746702194
-0.03927718102931976
0.03252654895186424
0.025076694786548615
-0.062230441719293594
0.051011305302381516
-0.06762345880270004
0.0340641587972641
-0.027443284168839455
-0.08121675997972488
0.018390318378806114
0.08099475502967834
0.041012007743120193
-0.06696832180023193
0.03492024913430214
-0.0015167593955993652
-0.0738118588924408
-0.057988155633211136
-0.0405031256377697
-0.03225412592291832
0.018845640122890472
0.0683899000287056
-0.0731968805193901
-0.06772824376821518
-0.08285249769687653
-0.06707102060317993
-0.04215145856142044
0.05424269661307335
0.08126572519540787
-0.03621157631278038
0.06548202782869339
-0.027594787999987602
0.0797530859708786
0.061445556581020355
0.04650096967816353
-0.009020378813147545
0.007303901016712189
-0.027258962392807007
-0.05620216578245163
0.05524437129497528
-0.05006633698940277
-0.026610512286424637
-0.03917486220598221
-0.06045522913336754
0.031155796721577644
0.03709855303168297
0.07164881378412247
0.02369213104248047
0.022009922191500664
0.012561487033963203
-0.004403713159263134
-0.032592955976724625
-0.07511603087186813
-0.030951248481869698
0.06018763780593872
-0.06788759678602219
0.0577068068087101
0.05658461153507233
0.04090810567140579
0.001936904271133244
-0.054325539618730545
-0.052116237580776215
0.03574395179748535
0.08814757317304611
-0.04055391997098923
0.08838725090026855
0.05494007095694542
-0.08692444115877151
-0.06637301295995712
-0.0450892373919487
0.03796844556927681
-0.049201831221580505
0.007745715789496899
-0.07743348926305771
0.037964072078466415
-0.06738217175006866
0.026766803115606308
-0.04034009575843811
0.057580556720495224
0.021878262981772423
0.029296940192580223
0.07578989863395691
-0.03447703644633293
-0.026830829679965973
0.012253943830728531
-0.03584562614560127
-0.08198889344930649
0.01995006762444973
0.09131433069705963
0.009721665643155575
-0.010802784003317356
-0.03714339807629585
-0.05563768744468689
0.0385577417910099
0.08393367379903793
-0.07389386743307114
-0.037379924207925797
-0.06920285522937775
-0.03917873278260231
-0.046628497540950775
-0.017868762835860252
0.01799970120191574
0.0865510031580925
-0.05273284390568733
0.07603000849485397
0.04862648993730545
0.08412034809589386
0.025460580363869667
0.028380461037158966
0.07787013053894043
-0.04670329764485359
-0.013047472573816776
-0.03071117401123047
-0.0060134693048894405
-0.03246111422777176
0.5117219686508179
-0.1531018614768982
-0.029850110411643982
-0.0686107724905014
-0.060141801834106445
0.18364721536636353
0.02939974144101143
0.018207082524895668
0.021590838208794594
1.9657083749771118
1.946808934211731
-0.08546630293130875
1.914141058921814
1.8300597667694092
1.890159010887146
1.868628740310669
1.7800028324127197
1.8299764394760132
1.9728184938430786
1.687700629234314
1.9374079704284668
0.00942338164895773
0.017019761726260185
-0.03496725112199783
-0.004459040705114603
-0.07401822507381439
-0.10863515734672546
-0.08112172782421112
-0.12452646344900131
-0.10754996538162231
-0.13871051371097565
-0.08897405117750168
-0.09318345040082932
-0.1270081251859665
-0.10623286664485931
-0.06786728650331497
-0.05501624569296837
-0.16232679784297943
-0.07156327366828918
-0.09926832467317581
-0.12591640651226044
-0.09851530939340591
-0.16329871118068695
-0.11383824050426483
-0.08052784949541092
-0.07668354362249374
-0.03379994258284569
-0.09708742797374725
-0.14741967618465424
-0.22736458480358124
-0.04700463265180588
-0.1872333288192749
-0.016160156577825546
-0.09147824347019196
-0.14419634640216827
-0.06769150495529175
-0.07955674827098846
-0.16334418952465057
1.0318883657455444
0.21506662666797638
-0.447474867105484
0.09599378705024719
-0.06951572000980377
-0.1822873204946518
0.10464650392532349
-0.8988106846809387
-0.05790604650974274
1.9107024669647217
1.926326870918274
-0.8186076879501343
1.8155829906463623
1.7271701097488403
1.7981524467468262
1.7858984470367432
1.889564871788025
1.7696290016174316
1.7916722297668457
1.9533259868621826
1.8903557062149048
0.1292119324207306
0.18958677351474762
0.023446395993232727
-0.009785992093384266
0.7219128608703613
1.9678213596343994
1.368634819984436
1.9803515672683716
1.370087742805481
1.9815577268600464
1.414840817451477
1.9127637147903442
1.1562265157699585
1.7122727632522583
0.6978704333305359
1.6696772575378418
1.4845296144485474
1.8781019449234009
1.1135845184326172
1.9836608171463013
1.584504246711731
-1.2782983779907227
-0.013331117108464241
-1.7394284009933472
0.27838996052742004
-1.9791972637176514
-0.9621477723121643
-1.9832024574279785
0.606810986995697
1.969235897064209
1.3052972555160522
1.8552581071853638
1.1031222343444824
1.9804935455322266
1.0311599969863892
1.950124979019165
1.2750270366668701
0.0030785806011408567
-0.017528757452964783
-0.06901797652244568
0.06605106592178345
0.06631556153297424
0.03351329267024994
0.0615285225212574
0.0838608518242836
0.01143843773752451
-0.0015600994229316711
-0.0047736442647874355
0.055497907102108
-0.017494887113571167
-0.08445548266172409
-0.007013033144176006
-0.0855226144194603
0.08824973553419113
-0.028990499675273895
0.04661421477794647
0.07835450023412704
-0.07723382115364075
0.033446360379457474
0.007969464175403118
0.0416305810213089
-0.03413086384534836
-0.05247081443667412
0.042015962302684784
0.01716136746108532
-0.0005492907948791981
-0.025900516659021378
-0.0044496324844658375
-0.07570698112249374
-0.029495183378458023
-0.015217152424156666
0.05385778471827507
0.014568657614290714
0.044457800686359406
-0.028366243466734886
0.05630388483405113
0.03381000831723213
-0.01888386532664299
0.02745739184319973
-0.08133973181247711
-0.06278853863477707
-0.045810796320438385
0.029368605464696884
-0.07080190628767014
-0.08111172914505005
0.05520167574286461
-0.03462165594100952
0.05062307044863701
0.06550150364637375
0.0290910042822361
0.08784627914428711
-0.07555745542049408
-0.06589923053979874
-0.07264352589845657
0.052603818476200104
0.057072605937719345
0.010294954292476177
0.048010099679231644
0.07913477718830109
0.02256011962890625
-0.031577229499816895
-0.07538740336894989
0.08940743654966354
0.016709236428141594
0.05713379383087158
0.08073131740093231
-0.014355061575770378
0.07865513861179352
0.021499820053577423
0.02382468618452549
0.07121418416500092
-0.007537757977843285
0.028341569006443024
-0.0088580884039402
-0.013548429124057293
-0.07799579203128815
0.038696397095918655
0.07549462467432022
-0.016183199360966682
-0.003984387964010239
0.05845500901341438
-0.0038326869253069162
-0.07952181249856949
0.010720803402364254
-0.00894245132803917
0.02522369660437107
-0.010119025595486164
-0.014512980356812477
-0.013264107517898083
0.08469753712415695
-0.0041984980925917625
0.025430528447031975
0.032143864780664444
-0.05860983580350876
-0.03944742679595947
-0.053642578423023224
0.06484583765268326
0.049323610961437225
-0.05641167610883713
0.0412234403192997
0.08542408794164658
-0.06931076943874359
-0.08183563500642776
0.08367712050676346
0.0705118328332901
0.004950829315930605
-0.08824435621500015
0.0786861777305603
0.028855780139565468
-0.09131673723459244
-0.025048544630408287
-0.034361582249403
-0.08797834068536758
-0.06020454317331314
0.05057990550994873
-0.09142917394638062
0.08326191455125809
-0.09129954874515533
0.043547071516513824
0.06254139542579651
-0.021507924422621727
-0.05575718730688095
0.003927565645426512
-0.06637798249721527
-0.07857947051525116
-0.05058518424630165
-0.1200171709060669
-0.0047040339559316635
-0.039570100605487823
-0.1319432109594345
-0.12673355638980865
0.011362086981534958
0.04704557731747627
0.07604853808879852
0.0276739951223135
-0.047468289732933044
0.00645573902875185
0.0008666882058605552
-0.012561985291540623
-0.0894702821969986
0.012816663831472397
0.025135338306427002
0.08787596225738525
0.005475756246596575
-0.10403057932853699
0.03489658236503601
-0.07835765928030014
-0.0970725566148758
0.02277674525976181
0.028804872184991837
-0.04314074292778969
0.023951126262545586
0.051141407340765
0.051079776138067245
-0.03989797085523605
-0.09626711159944534
0.101509690284729
-0.04148595407605171
-0.05363018438220024
0.047608718276023865
0.026964334771037102
-0.014522785320878029
0.03379519656300545
-0.009139045141637325
-0.01981690339744091
-0.00665099686011672
0.012294309213757515
0.060778263956308365
0.06682304292917252
-0.027504349127411842
0.06787676364183426
0.08357307314872742
-0.04735948145389557
0.001999630592763424
-0.02359331212937832
0.03593536838889122
-0.04268953949213028
-0.08132918179035187
0.013468374498188496
-0.10285443067550659
-0.041530776768922806
-0.08016228675842285
-0.09858608990907669
0.0034400124568492174
-0.08238714933395386
-0.0673414021730423
0.06081085279583931
-0.022106001153588295
-0.05964704230427742
0.02175207994878292
0.017149167135357857
-0.014040214940905571
-0.07085322588682175
-0.11771032959222794
-0.02316245622932911
-0.02562420815229416
0.011108847334980965
-0.08524209260940552
0.0019513847073540092
0.035031549632549286
-0.09712331742048264
-0.02537195384502411
-0.0720684602856636
-0.06177196279168129
0.040690723806619644
0.021229485049843788
0.03442302346229553
0.03789611905813217
0.0022747477050870657
0.002566669136285782
-0.08048100769519806
-0.1062757596373558
-0.025511981919407845
-0.029386887326836586
-0.013301852159202099
-0.09680437296628952
0.013334128074347973
-0.014564776793122292
0.053388435393571854
0.014586120843887329
0.010678582824766636
-0.00621941639110446
-0.030673431232571602
-0.06824085116386414
0.03392260894179344
-0.07104361802339554
-0.0511031448841095
-0.06577526032924652
-0.11133046448230743
-0.07316268980503082
-0.06887418031692505
0.0077226655557751656
-0.019837558269500732
-0.006144087295979261
0.009346864186227322
0.03228616714477539
-0.02556869015097618
-0.30869460105895996
-0.036602672189474106
-0.07941882312297821
0.04409103840589523
-0.07129690051078796
-0.058139026165008545
-0.08429943770170212
0.07919791340827942
-0.2718542218208313
-0.05214286968111992
-0.13307015597820282
-0.06787651032209396
-0.22140440344810486
0.07273522764444351
0.12489141523838043
-0.06907416135072708
0.2733038067817688
-0.033457912504673004
-0.14000318944454193
-0.15014909207820892
-0.1949014514684677
-0.1689312905073166
-0.03290779888629913
-0.07171457260847092
-0.008750738576054573
-0.15309706330299377
0.004437577910721302
-0.1409592479467392
-0.018772555515170097
-0.05913936719298363
-0.06819562613964081
-0.09161481261253357
-0.16719573736190796
-0.019775759428739548
0.07082429528236389
-0.08910457044839859
-0.027953803539276123
-0.0718856155872345
-0.09303878992795944
-0.003709910437464714
-0.17190098762512207
-0.1775219887495041
0.058059174567461014
-0.0732913464307785
-0.12357272952795029
-0.158547043800354
0.012587223201990128
-0.023212647065520287
0.0495133176445961
-0.20030845701694489
0.03838140144944191
0.04184899851679802
0.0669618770480156
0.12721796333789825
0.08177081495523453
-0.06505363434553146
0.17528420686721802
0.01931716315448284
0.09062846750020981
-0.23749196529388428
0.0016122114611789584
0.09396158158779144
-0.07010850310325623
0.04271697252988815
-0.02388635277748108
0.06686201691627502
0.19180458784103394
0.01616477593779564
-0.1839105486869812
-0.11150576174259186
0.03783009573817253
0.08754561096429825
-0.15657147765159607
0.12686973810195923
-0.10457084327936172
0.0443992018699646
-0.10090941190719604
-0.08701949566602707
-0.08637997508049011
-0.046040456742048264
-0.030991526320576668
-0.07209783792495728
0.17752958834171295
-0.050671324133872986
-0.052473608404397964
-0.06424659490585327
-0.06472456455230713
-0.10744404047727585
-0.10269053280353546
-0.16650409996509552
-0.23177914321422577
-0.147867351770401
0.07691587507724762
-0.11878444254398346
-0.146602064371109
-0.14106035232543945
-0.21056582033634186
-0.1358291059732437
-0.18652883172035217
-0.1472766250371933
-0.15056009590625763
-0.06188325956463814
-0.17012791335582733
-0.053994663059711456
-0.14352025091648102
-0.09045183658599854
-0.24437199532985687
-0.09441311657428741
-0.004937631543725729
-0.08970323204994202
-0.19830183684825897
-0.1418973058462143
-0.05090339854359627
-0.08517733961343765
-0.08476752787828445
-0.02876756154000759
-0.12451624870300293
-0.22365465760231018
-0.08408532291650772
-1.984375
-0.06240672245621681
-0.004883070010691881
-0.12499962002038956
-0.06042333319783211
0.03203120082616806
-0.04704234004020691
-0.02306877262890339
-0.1118067279458046
-0.08942953497171402
0.012411418370902538
-0.025081641972064972
-0.097576804459095
-0.08880633860826492
-0.07335148751735687
0.01243088860064745
0.04180510342121124
0.025840124115347862
-0.08827769756317139
0.04986495524644852
-0.058044079691171646
-0.09538876265287399
-0.09037687629461288
-0.002288537798449397
-0.02546117641031742
0.027449266985058784
0.008639926090836525
-0.029868504032492638
-0.10429627448320389
0.011619758792221546
-0.09442722797393799
-0.10800131410360336
-0.11607422679662704
-0.016785990446805954
-0.03487174212932587
0.0034558000043034554
-0.1209179162979126
-0.06927590072154999
-0.12726277112960815
-0.12137544900178909
-0.08672721683979034
-0.051271453499794006
-0.07376568019390106
-0.06244697794318199
-0.04462762176990509
-0.0032766845542937517
0.02232395112514496
-0.17236831784248352
-0.09604734182357788
-0.06242232024669647
-0.020620662719011307
0.02238301746547222
-0.030336223542690277
-0.11465025693178177
-0.11757982522249222
0.036767151206731796
-0.06334097683429718
0.0041380045004189014
-0.038182977586984634
-0.07106766104698181
-0.004460745956748724
-0.10442587733268738
0.004933640360832214
-0.020689021795988083
-0.02184128947556019
-0.04308954253792763
-0.00770323583856225
-0.08085053414106369
-0.08973362296819687
-0.08985244482755661
-0.07156794518232346
-0.04149818420410156
-0.04225943237543106
0.01425176952034235
-0.061176810413599014
0.0524931401014328
-0.029016602784395218
0.04282400384545326
-0.04830082505941391
0.0025936986785382032
0.05499759688973427
0.017104987055063248
-2.4071006919257343e-05
-0.012171382084488869
0.025660622864961624
-0.13322502374649048
-0.11113840341567993
-0.022316088899970055
-0.03837365657091141
0.01168381329625845
-0.09139911085367203
0.03301875293254852
-0.08470699191093445
-0.013967921026051044
0.030033603310585022
-0.025961244478821754
-0.08425985276699066
-0.06887201219797134
0.02004202827811241
-0.08772037923336029
-0.11693195253610611
-0.008952338248491287
-0.008525865152478218
-0.017345117405056953
-0.0604143850505352
-0.1301489770412445
-0.05430983006954193
-0.09061907976865768
-0.08805795758962631
-0.03533225879073143
-0.07883147895336151
0.06197083368897438
0.04990088567137718
-0.10937441140413284
-0.012804610654711723
-0.10443366318941116
-0.12773489952087402
-0.07708005607128143
-0.03464356064796448
-0.03021400421857834
-0.024257047101855278
0.00826111901551485
0.0335342101752758
-0.05814952775835991
0.015618566423654556
-0.04734404757618904
0.0026661010924726725
0.026519067585468292
-0.05673559010028839
-0.03382059931755066
0.057367999106645584
-0.06665857136249542
0.014466219581663609
-0.06824716925621033
-0.011040826328098774
0.011071642860770226
0.017295386642217636
-0.06037549674510956
-0.0882846936583519
-0.05512239411473274
0.004843801725655794
0.024951767176389694
0.023334864526987076
0.04311099275946617
-0.06301195174455643
-0.07520144432783127
0.04839378967881203
0.012254609726369381
-0.030636558309197426
0.05633712559938431
0.007663669064640999
-0.05884561315178871
-0.020670752972364426
-0.027318159118294716
0.03334733098745346
-0.057783182710409164
-0.0671268180012703
-0.08586613088846207
0.031546883285045624
-0.086062490940094
-0.0006143336067907512
-0.050242822617292404
0.018016977235674858
-0.0462111197412014
0.06948225200176239
-0.0560389906167984
-0.06162760406732559
-0.045519404113292694
-0.041372593492269516
-0.066597118973732
-0.07638917118310928
-0.04594498127698898
0.0916418731212616
-0.08389153331518173
-0.027843037620186806
0.08924894779920578
0.021791068837046623
0.04810062795877457
-0.0416635163128376
-0.01178691815584898
-0.035194944590330124
-0.09135785698890686
-0.031439244747161865
0.003516094759106636
0.09039995074272156
-0.06862076371908188
-0.04586811363697052
0.0916459709405899
0.06816767901182175
-0.07892437279224396
0.08661405742168427
-0.04405059665441513
0.08033500611782074
0.018629716709256172
0.01256376039236784
0.05755997821688652
0.0009173204889521003
-0.049348898231983185
-0.013955756090581417
-0.0294709000736475
-0.01585002988576889
0.08657307922840118
0.0169746745377779
-0.009408646263182163
-0.07249285280704498
0.06394826620817184
0.036261528730392456
0.04637928679585457
0.005263334605842829
-0.05517519637942314
0.05854298919439316
0.069432832300663
-0.00932597741484642
-0.015589268878102303
-0.030191147699952126
-0.0369645319879055
0.034219399094581604
-0.03652273863554001
-0.03214908763766289
-0.07536441832780838
-0.011822324246168137
0.07329884171485901
-0.08491028100252151
-0.08311440795660019
-0.0833720862865448
0.03256995603442192
0.08967862278223038
0.011663990095257759
0.04119115695357323
-0.052797067910432816
-0.02358962595462799
-0.005906812846660614
-0.055479198694229126
0.003221107181161642
-0.08145055174827576
0.006104892119765282
0.056369584053754807
-0.038563162088394165
0.03131432831287384
-0.4041152000427246
1.3067511320114136
-1.4876285791397095
1.7925608158111572
-1.984339714050293
1.4839818477630615
-1.9481971263885498
-1.3520007133483887
-0.08960288017988205
1.9631612300872803
1.4854235649108887
1.983014702796936
1.8433159589767456
1.6294254064559937
1.8148012161254883
1.5097295045852661
1.8586868047714233
1.4672857522964478
1.5523195266723633
1.4314792156219482
1.4901291131973267
0.16958560049533844
0.5827196836471558
0.21907222270965576
0.1227099597454071
1.2202956676483154
1.223787546157837
1.8117982149124146
1.6890194416046143
1.497003197669983
1.5686181783676147
1.413673758506775
1.6602433919906616
1.6691285371780396
1.290742039680481
1.2972464561462402
1.31781005859375
1.7658705711364746
1.5726803541183472
1.4283902645111084
1.382234811782837
1.4254230260849
1.5593061447143555
1.6219463348388672
1.225066065788269
1.34340238571167
1.1916435956954956
1.3311231136322021
1.351855993270874
1.7507277727127075
1.5005847215652466
1.5269391536712646
1.417091727256775
1.28622567653656
1.048640489578247
1.5308706760406494
1.5327168703079224
1.6258575916290283
-1.972826361656189
-0.14177222549915314
-1.9742459058761597
-0.6994913220405579
0.5443761944770813
0.626707911491394
0.02610715851187706
1.2741092443466187
0.0915856808423996
1.6630381345748901
1.8676584959030151
-0.5173384547233582
1.6208707094192505
1.8031508922576904
1.7490726709365845
1.8026561737060547
1.8626841306686401
1.6766295433044434
1.8079167604446411
1.71108078956604
1.834632396697998
1.022078514099121
1.1609957218170166
0.1739625483751297
-0.09085138142108917
-1.6316932439804077
-0.6841135025024414
0.17473705112934113
-0.28636765480041504
0.20628738403320312
-0.16248050332069397
0.20993030071258545
-0.273490846157074
0.08721722662448883
-0.3901991546154022
-0.13422702252864838
-0.2805931270122528
0.24456003308296204
-0.39640676975250244
0.2160908281803131
-0.3360590934753418
-0.02169184945523739
-0.13388179242610931
0.4096987843513489
-0.27676841616630554
-0.11516038328409195
-0.30289724469184875
0.10269585996866226
-0.5430384874343872
0.38731199502944946
0.14424367249011993
0.09865563362836838
-0.2756054997444153
0.14471575617790222
-0.4636986255645752
0.2843582332134247
-0.34524527192115784
0.060147177428007126
-0.0725410208106041
-0.711090624332428
-0.5958445072174072
0.4393860399723053
-0.1207856759428978
-0.028157709166407585
-0.08418721705675125
-0.35941094160079956
-0.31758612394332886
-0.17840059101581573
0.032569970935583115
0.0021064288448542356
-0.043917909264564514
-0.07224074751138687
0.012574303895235062
0.01756615750491619
-0.00545666366815567
-0.09927496314048767
-0.030008185654878616
0.0585705041885376
-0.015726447105407715
-0.05984426662325859
-0.06080038845539093
-0.0736517682671547
-0.29678839445114136
0.011348891071975231
-0.002213912783190608
-0.0679631382226944
-0.23849381506443024
0.0933435782790184
-0.10466990619897842
-0.06515242159366608
-0.028120845556259155
-0.09452199935913086
0.015351156704127789
-0.036858607083559036
0.011627030558884144
0.023731881752610207
0.04652755334973335
0.04038846120238304
0.051462043076753616
-0.06318216770887375
0.04239240288734436
0.05075623095035553
0.028018733486533165
0.007855014875531197
0.004147423896938562
0.03213939443230629
0.04617166891694069
0.02064662054181099
-0.06176121160387993
0.042096298187971115
-0.029741734266281128
0.04894101992249489
0.010669329203665257
0.024647286161780357
0.04740775004029274
-0.07816528528928757
-0.01430322416126728
-0.0013233318459242582
0.00567176379263401
0.3982348144054413
-0.15017281472682953
-0.026622259989380836
-0.08936473727226257
-0.3739951252937317
-0.20673826336860657
-0.11055067926645279
0.08264879882335663
0.017609115689992905
-0.016584673896431923
-0.1000376045703888
0.036652762442827225
-0.056670643389225006
-0.029312152415513992
-0.008028831332921982
0.012981872074306011
-0.031348638236522675
-0.004300673492252827
-0.07322633266448975
0.0911121517419815
0.045966535806655884
-0.31487730145454407
0.02639169804751873
-0.01721232384443283
0.012233443558216095
-0.2604641020298004
-0.06820676475763321
-0.09396199882030487
-0.04509008675813675
0.008454971015453339
-0.08562306314706802
0.0035277176648378372
-0.012676077894866467
-0.00966470967978239
-0.08057108521461487
0.03838853910565376
0.05796424299478531
0.05944952741265297
0.03711332008242607
-0.02545325644314289
0.07218300551176071
0.030542252585291862
0.04170175641775131
-0.020574595779180527
0.03905223309993744
-0.07610858231782913
0.006642600055783987
0.033327098935842514
-0.04834918677806854
0.0747029185295105
0.04874975606799126
0.0032974318601191044
0.07222197949886322
-0.08839978277683258
-0.07488451153039932
-0.1039222776889801
-0.08158297091722488
-0.11334049701690674
0.03178891912102699
-0.032409872859716415
0.03516562655568123
-1.2797802686691284
-1.0583850145339966
-1.9595398902893066
-0.2429148107767105
0.08620373159646988
0.9612345695495605
0.08369769901037216
-0.03025808371603489
0.01811942644417286
0.3744041919708252
0.33477354049682617
0.6319966912269592
-0.4951828420162201
0.3581133186817169
0.19326946139335632
-0.904859721660614
-0.7448265552520752
-0.051366403698921204
-0.41073113679885864
-0.8929193019866943
-0.4071260094642639
0.7461727261543274
1.0204118490219116
-0.07521609216928482
0.06928782165050507
0.4462282359600067
1.291649341583252
1.981849193572998
-1.0048669576644897
1.9696757793426514
1.9836294651031494
1.9823434352874756
-1.2888829708099365
1.980189561843872
0.3761235177516937
1.294960379600525
1.5115749835968018
1.7389942407608032
-0.10415374487638474
1.978251338005066
0.9013699293136597
1.8246877193450928
-0.49102094769477844
-1.980493426322937
1.8676694631576538
-1.7312390804290771
-0.6812564730644226
-1.8023372888565063
1.6516212224960327
-1.9829338788986206
1.8810012340545654
-1.629509449005127
-0.9985744953155518
-1.9680440425872803
1.7215807437896729
-1.9806448221206665
-0.9474653005599976
-1.5292820930480957
-1.9822965860366821
0.8498101234436035
-0.7257364988327026
-0.2117948979139328
-0.11130665242671967
-0.940960705280304
-0.052822574973106384
-0.2644883096218109
-0.07145585119724274
1.836539387702942
1.8870364427566528
-0.09277944266796112
1.079067349433899
0.40714654326438904
0.5701523423194885
0.9702854752540588
0.747394323348999
0.696200430393219
1.0673987865447998
0.5851327776908875
0.6307846903800964
0.3128992021083832
0.3590017855167389
0.22111546993255615
-0.013330912217497826
1.063864827156067
0.9003034830093384
0.8671198487281799
0.9011690020561218
0.7769243717193604
0.8355940580368042
0.9419042468070984
0.9075684547424316
0.7846822738647461
0.4700866937637329
0.6753844618797302
0.8378502130508423
1.4769002199172974
1.3119254112243652
1.330030083656311
1.0359469652175903
0.6637797355651855
0.703707218170166
0.7144641876220703
0.8729760646820068
1.285041093826294
1.2647054195404053
1.249748706817627
1.2104911804199219
0.694108784198761
1.1271250247955322
1.1435118913650513
0.9635809659957886
1.1212334632873535
0.9127733707427979
1.159131646156311
1.0338619947433472
1.1549614667892456
0.07704256474971771
-0.03063652291893959
-0.002889808500185609
0.07816322892904282
0.0517362616956234
-0.11000200361013412
0.009271234273910522
0.030174385756254196
0.04757513478398323
0.06666956841945648
0.05568014830350876
0.0334649495780468
-0.06646790355443954
0.06961917877197266
-0.08499807119369507
0.09261900186538696
0.07454533874988556
-0.09067646414041519
-0.014159312471747398
-0.006083593238145113
-0.05589072406291962
0.017731355503201485
-0.060581330209970474
0.029961073771119118
-0.06886933743953705
-0.07714801281690598
0.04501219466328621
-0.03221504017710686
-0.10891429334878922
0.060286279767751694
0.07063521444797516
0.07839210331439972
-0.03990054875612259
-0.05398739129304886
0.07610844820737839
-0.07130933552980423
0.05603405088186264
-0.09391696751117706
-0.0649900734424591
0.01513137947767973
-0.005773801822215319
0.02869008481502533
0.07001958787441254
-0.03883190080523491
-0.027866056188941002
-0.011182780377566814
0.032429154962301254
0.03611087054014206
0.042325858026742935
-0.03434818238019943
-0.02682841196656227
-0.015329202637076378
-0.0807889774441719
0.04619168862700462
0.012669147923588753
-0.08734060823917389
-0.05575907975435257
0.0962967649102211
-0.014748172834515572
0.09717565029859543
-0.09686069935560226
-0.021916095167398453
0.051992446184158325
0.017506903037428856
-0.03829481825232506
-0.06071142107248306
0.009550842456519604
0.03809027746319771
-0.006955847144126892
0.04631119593977928
-0.04064863920211792
0.0007214514771476388
0.040878020226955414
-0.08538278937339783
0.04379117861390114
0.0738433375954628
0.08985263109207153
-0.015962380915880203
0.027410821989178658
0.09606748074293137
-0.007811791263520718
0.036303456872701645
-0.04973464459180832
0.05962712690234184
0.016122791916131973
0.014860318973660469
-0.032365281134843826
-0.02511611580848694
-0.004860427230596542
0.05469584837555885
-0.0900537520647049
0.0830589011311531
0.007950866594910622
-0.004327801521867514
-0.041506871581077576
0.04447321966290474
0.003617404494434595
-0.09128119796514511
-0.11273284256458282
-0.05335482954978943
0.04040144383907318
0.017813665792346
0.037693727761507034
0.09552547335624695
0.021642934530973434
-0.04801786318421364
-0.02611318603157997
0.033439330756664276
0.0632091760635376
-0.0003210596623830497
-0.00013085461978334934
-0.034301139414310455
-0.003925487399101257
0.06401020288467407
0.07716848701238632
-0.019093211740255356
0.04602343216538429
0.030431117862462997
0.053194884210824966
-0.08423135429620743
0.023027008399367332
-0.0006036564591340721
-1.770150899887085
0.0609922781586647
0.04433666169643402
-0.032242923974990845
-0.007468748837709427
-0.2668057680130005
7.52176420064643e-05
-0.5291793346405029
0.012802677229046822
1.8195512294769287
1.540217399597168
0.4121496379375458
1.5852537155151367
1.898446798324585
1.625556468963623
1.840424656867981
1.6486974954605103
1.8963631391525269
1.5008381605148315
1.8975070714950562
1.498663067817688
0.06884950399398804
0.06718910485506058
0.46438124775886536
0.13260215520858765
-0.020200449973344803
-0.2844417691230774
0.03559713065624237
-0.13131359219551086
-0.16819441318511963
-0.3655686378479004
0.3779963552951813
-0.33972567319869995
-0.18349550664424896
0.012094404548406601
-0.10424958169460297
-0.06546994298696518
-0.0005492266500368714
0.00699190516024828
0.18754157423973083
-0.01545877754688263
-0.10637933760881424
-0.02104845829308033
0.10375002771615982
-0.06947427988052368
-0.13489443063735962
-0.039853617548942566
-0.10366889834403992
-0.11631646007299423
-0.05386587232351303
-0.35864195227622986
0.3993188440799713
-0.3956982493400574
-0.17257452011108398
-0.24325041472911835
0.02891853265464306
-0.09498634934425354
-0.18332451581954956
-1.984375
-0.25328418612480164
-0.08361811935901642
-0.24813836812973022
0.0725298523902893
0.05571681633591652
-0.051323480904102325
0.6894133687019348
-0.0659470185637474
1.894538164138794
1.9433977603912354
1.0794810056686401
1.3399066925048828
1.3331704139709473
1.8710883855819702
1.318197250366211
1.853155255317688
1.4631426334381104
1.268729329109192
1.383914589881897
1.2676950693130493
0.0061981212347745895
0.028230465948581696
-0.1350439339876175
-0.009048117324709892
0.07117923349142075
1.8739293813705444
1.3817808628082275
1.9828110933303833
1.6493659019470215
1.9512429237365723
1.4283186197280884
1.962475299835205
1.9832216501235962
-1.7500766515731812
-0.8018724918365479
-1.468449354171753
-1.7413877248764038
-1.9491698741912842
-1.6210802793502808
-1.9795634746551514
-1.235945224761963
-1.934146761894226
-1.5562124252319336
-1.9829401969909668
-1.3686554431915283
-1.887200117111206
-0.8659752607345581
-1.5169612169265747
-1.710503339767456
1.7764084339141846
1.4443156719207764
1.9607206583023071
1.9805549383163452
1.7882235050201416
1.3989572525024414
1.9783434867858887
1.6453262567520142
0.15974608063697815
0.20203250646591187
0.9028180837631226
0.041440367698669434
-0.07064908742904663
-0.03317461535334587
0.01784595660865307
0.03202448785305023
-0.0020200437866151333
-0.06426265835762024
0.018822723999619484
0.05077975615859032
-0.014624553732573986
-0.014296804554760456
-0.015455248765647411
0.006354211829602718
-0.03413521125912666
-0.06729347258806229
0.0698668509721756
0.08589617162942886
-0.06601347029209137
-0.02831205166876316
0.029344312846660614
0.0259007029235363
-0.0295398011803627
-0.059329643845558167
-0.04491268843412399
-0.058370623737573624
0.0509878434240818
-0.042916323989629745
0.0030124171171337366
-0.06650876998901367
-0.08067110925912857
-0.01882520504295826
0.08987389504909515
-0.016824843361973763
-0.04905290529131889
0.04202217236161232
0.007231328636407852
-0.050548870116472244
0.02241193875670433
0.011033537797629833
0.06046126037836075
0.07913307845592499
-0.07085630297660828
-0.00878655444830656
0.05140385776758194
0.06353943049907684
-0.08710075169801712
0.02899843268096447
-0.035734936594963074
-0.08526682108640671
0.022266924381256104
-0.06677849590778351
-0.0059044198133051395
-0.024313392117619514
-0.08394168317317963
-0.03810863941907883
-0.0024681859649717808
0.04045335203409195
-0.02641705609858036
0.022323792800307274
0.06680212169885635
-0.0492158867418766
-0.0645267516374588
-0.08451618254184723
0.07594230771064758
0.0026311208494007587
-0.009388637728989124
0.08072103559970856
-0.0861215889453888
0.08229529112577438
0.01092342846095562
0.035047974437475204
-0.08359704166650772
0.03290220722556114
0.041524000465869904
0.040192000567913055
-0.06635196506977081
-0.004695192910730839
-0.016617825254797935
0.044574085623025894
-0.0695367082953453
-0.06576035171747208
0.03339625522494316
0.059456974267959595
0.03941779211163521
0.06687874346971512
-0.005599312949925661
-0.052543725818395615
-0.040664270520210266
0.00801126379519701
0.017177727073431015
0.03495850786566734
0.02049766480922699
0.003775785444304347
0.06860838085412979
0.04422919079661369
0.015323907136917114
-0.07511869817972183
0.011746134608983994
-0.024173449724912643
-0.04444747418165207
0.06581199914216995
0.00823803897947073
0.0052919876761734486
0.08009503036737442
0.03702396899461746
-0.08659917116165161
-0.039748795330524445
0.002657358767464757
-0.017156952992081642
-0.08626040816307068
-0.060848601162433624
0.08432108163833618
0.08568409085273743
0.006702932063490152
0.02139240875840187
-0.021489044651389122
-0.04130850359797478
0.08603747934103012
0.05165747180581093
-1.9825652837753296
-0.3703042268753052
-0.8341129422187805
0.2430664449930191
-0.28351011872291565
0.6983214020729065
0.32946503162384033
0.16023139655590057
0.06551585346460342
0.6910232901573181
0.2974536120891571
0.5174734592437744
1.4838616847991943
1.592818021774292
1.5016248226165771
1.7736154794692993
1.5122007131576538
1.4789403676986694
1.5172899961471558
1.6733291149139404
1.4383331537246704
0.17384293675422668
0.40846264362335205
-0.09193653613328934
0.10124791413545609
-0.9886899590492249
-0.39642590284347534
-0.4936351180076599
-0.4646456241607666
-0.6850807666778564
-0.3335440456867218
-0.774305522441864
-0.6131710410118103
-0.9171772003173828
-0.3817243278026581
-0.7818100452423096
-0.32835111021995544
-0.7481077909469604
-0.4735996127128601
-0.40956565737724304
-0.39152202010154724
-0.7545914053916931
-0.22230836749076843
-0.15826661884784698
-0.11093631386756897
-0.5558827519416809
-0.268006831407547
-0.6082022786140442
-0.2958657443523407
-0.4640251100063324
-0.08881572633981705
-0.49986565113067627
-0.2723872661590576
-0.6593799591064453
-0.244662806391716
-0.263057142496109
-0.14679233729839325
-0.48609647154808044
-1.9819226264953613
0.8971986770629883
-1.6919106245040894
-1.785315752029419
0.5787082314491272
-0.37988927960395813
-0.136757954955101
1.129910945892334
-0.0028294622898101807
1.9223500490188599
0.9538737535476685
1.9824620485305786
1.5344182252883911
1.410566806793213
1.0732773542404175
1.6368695497512817
1.0725188255310059
1.2906882762908936
1.368172287940979
1.4646466970443726
1.3552364110946655
1.86911141872406
-1.967751383781433
1.297606348991394
0.3748197853565216
-1.789448857307434
-1.2885550260543823
-1.2624590396881104
-1.5098588466644287
-1.884576678276062
-1.1645351648330688
-1.6114394664764404
-1.3258963823318481
-1.5299742221832275
-1.565316915512085
-1.2263424396514893
-1.5125821828842163
-1.159928560256958
-1.7276661396026611
-0.994566798210144
-1.6580742597579956
-1.4550881385803223
-1.6939319372177124
-1.219419240951538
-1.7475268840789795
-1.4448416233062744
-1.7622781991958618
-1.575599193572998
-1.5458041429519653
-1.092263102531433
-1.1854671239852905
-1.6009873151779175
-1.3893505334854126
-1.6381779909133911
-1.5099024772644043
-1.3825501203536987
-1.6844518184661865
-1.7433279752731323
0.33073052763938904
-0.15106308460235596
-1.9791576862335205
-1.2168269157409668
-0.09599725157022476
-0.07579410076141357
0.010103647597134113
-0.015060973353683949
0.1479393094778061
-0.03976670652627945
0.02943968027830124
-0.04698023572564125
0.889936089515686
0.8953129649162292
0.04550258442759514
1.7502245903015137
1.7630908489227295
1.847960352897644
1.8536232709884644
1.6910207271575928
1.916650414466858
1.76936936378479
1.9625781774520874
1.6741191148757935
0.05115639790892601
0.0629187598824501
-0.016398688778281212
0.00211171037517488
-0.024304905906319618
0.025780722498893738
-0.09900294244289398
0.12054848670959473
0.031019732356071472
-0.05534406751394272
0.14385093748569489
-0.07070320844650269
-0.01028782594949007
0.030036713927984238
-0.020816762000322342
0.0016810677479952574
-0.04786265641450882
0.029538417235016823
-0.02092861570417881
-0.007751456927508116
-0.049503643065690994
0.055562153458595276
-0.06156925484538078
0.001658968860283494
-0.05359568074345589
0.04344438016414642
0.02295720763504505
0.06786052882671356
-0.11171542853116989
0.04014836624264717
-0.00022149135475046933
0.027385015040636063
0.01836100034415722
-0.029868848621845245
0.02455020137131214
0.019198257476091385
0.23172123730182648
-1.8113254308700562
0.068277508020401
-0.3766976594924927
-0.12152034789323807
0.03562592342495918
0.020366258919239044
0.03708532452583313
0.05741109326481819
0.04702053591609001
0.8017429113388062
1.0231906175613403
0.1292608231306076
1.7348037958145142
1.8438594341278076
1.8764322996139526
1.7839864492416382
1.7823435068130493
1.9345638751983643
1.7800909280776978
1.9071661233901978
1.5154587030410767
0.13732612133026123
0.21892401576042175
-0.00020104076247662306
-0.05798165500164032
0.4989789128303528
-1.552335500717163
0.9236667156219482
1.767791509628296
1.9766685962677002
1.679481863975525
0.42646726965904236
-1.9663355350494385
-1.9839733839035034
0.39938247203826904
-0.2777516841888428
0.09412192553281784
0.7469130158424377
0.8530917763710022
0.7108993530273438
1.0669416189193726
0.9490851163864136
1.826690435409546
1.8603852987289429
1.9247426986694336
0.4515976905822754
-0.4926469624042511
-0.9597272872924805
-0.1289920210838318
0.8662567138671875
1.6442632675170898
1.9829235076904297
1.982133150100708
1.074251413345337
-1.8386421203613281
-1.982591152191162
-1.9823795557022095
0.9687215089797974
0.015432106330990791
-0.02479330450296402
0.12566354870796204
1.2448211908340454
-0.09790027141571045
-0.0321936160326004
0.0956493392586708
-0.8326029777526855
-0.08688940852880478
-0.004778143018484116
-1.8278846740722656
0.05149490758776665
0.29408711194992065
-0.26500046253204346
0.30375438928604126
0.23794619739055634
-0.44449299573898315
0.01804502308368683
-0.7333196401596069
-0.11818976700305939
0.00045184194459579885
-0.042545054107904434
0.08389344066381454
-0.0338069312274456
0.10107692331075668
-0.012917490676045418
-0.43447861075401306
0.09669049084186554
-0.24691714346408844
0.10896532982587814
-0.07817847281694412
0.05451780930161476
-0.09023116528987885
0.11687503010034561
0.04531086981296539
-0.07755521684885025
-0.09809204190969467
-0.03481799736618996
-0.22927099466323853
0.1278141438961029
0.05919593200087547
0.09799440950155258
-0.013568924739956856
0.05218001827597618
-0.024749187752604485
0.06508143246173859
-0.18904472887516022
0.043609730899333954
-0.05403083935379982
0.1392924040555954
0.0526772104203701
0.15720921754837036
0.05513506382703781
0.15477122366428375
-0.08282749354839325
-0.020535428076982498
-0.266697496175766
-0.007839488796889782
-0.28683236241340637
0.0865790918469429
-0.02905677817761898
1.5795613527297974
-0.049022190272808075
-0.1414889544248581
0.003022395772859454
-0.985811173915863
-0.21481522917747498
-0.11506565660238266
1.9327611923217773
0.04584227874875069
0.016342168673872948
-0.0479399710893631
0.11449563503265381
-0.1805485188961029
-0.3274698853492737
-0.2243412584066391
-0.48452186584472656
-0.22954131662845612
0.12852583825588226
0.17800374329090118
0.27482300996780396
0.21455234289169312
0.013202794827520847
-0.16383953392505646
-0.024627484381198883
-0.007061788346618414
0.21070066094398499
0.037183549255132675
0.006031692493706942
0.01637895219027996
-0.20519030094146729
0.0626947358250618
-0.024126453325152397
0.09294194728136063
-0.05820980295538902
0.01854308880865574
-0.12556292116641998
0.15253785252571106
-0.15704813599586487
0.07462282478809357
-0.19258777797222137
0.14175884425640106
-0.44017329812049866
0.13662968575954437
-0.44644248485565186
0.17054462432861328
-0.4467175006866455
-0.19510796666145325
-0.20899859070777893
0.03233559802174568
-0.22552001476287842
0.01864662580192089
-0.2774747610092163
0.07940801978111267
-0.10888400673866272
0.005644399672746658
-0.07933834195137024
-0.01349528320133686
-0.2575431764125824
0.10740884393453598
-0.11299439519643784
1.932286024093628
-1.984375
0.0733443945646286
0.1790110170841217
-0.05272022634744644
-1.341577410697937
-0.04022801294922829
-0.13104553520679474
-1.883504867553711
-0.09014079719781876
-0.5145991444587708
-0.07795162498950958
-0.45823654532432556
1.078657865524292
1.2339973449707031
1.4343503713607788
1.8997224569320679
1.048933982849121
1.4674031734466553
1.339897632598877
0.4886065721511841
0.9297395348548889
0.05543092265725136
-0.04857049882411957
-0.016599368304014206
-0.11642573028802872
0.0639934241771698
0.1374632716178894
-0.14852376282215118
-0.22885490953922272
0.045136209577322006
-0.3390147387981415
-0.08120027184486389
-0.4512576460838318
-0.8251333832740784
-0.3202227056026459
0.19538775086402893
0.4637775123119354
0.4366021752357483
0.4812754988670349
0.5212501287460327
0.026671502739191055
-0.18314966559410095
-0.3808979094028473
-0.1584891974925995
0.2796640694141388
0.8907716870307922
0.41342827677726746
0.43693917989730835
-0.20334498584270477
0.14142118394374847
0.06345154345035553
0.1636888086795807
0.36258023977279663
0.6237739324569702
0.004579323343932629
0.3603680431842804
-0.11785660684108734
0.3211405575275421
-1.9568378925323486
-0.07549158483743668
-0.2139567732810974
-0.5766597390174866
-0.20247898995876312
0.15650880336761475
0.081261545419693
1.186222791671753
-0.07921982556581497
1.7401949167251587
0.7608106136322021
1.9591407775878906
1.0010700225830078
1.151026725769043
1.9314167499542236
-0.3927289545536041
-0.4884835481643677
1.688417673110962
0.8757127523422241
-0.5840644240379333
0.3079032003879547
0.09119699150323868
0.1576390117406845
-0.07221204042434692
0.1460992395877838
-0.042461663484573364
1.9130868911743164
1.6963908672332764
1.648787498474121
1.445085048675537
0.871951699256897
1.9242746829986572
1.6934700012207031
1.983112096786499
1.947601318359375
1.6111425161361694
1.4141958951950073
1.9714336395263672
1.9831349849700928
1.953248143196106
1.9567865133285522
1.9502828121185303
-1.9830390214920044
-1.2253385782241821
-1.979310154914856
-1.8028420209884644
-1.9810093641281128
-0.7943073511123657
-1.7710481882095337
-1.9424247741699219
-1.2903085947036743
-1.0549180507659912
-1.9774644374847412
-1.9567835330963135
-1.924925684928894
-0.6584437489509583
-1.7540532350540161
-1.3301386833190918
0.16552957892417908
0.1777300089597702
0.13981445133686066
0.05959172919392586
-0.0016790059162303805
-0.06360894441604614
0.03359133005142212
-0.055437278002500534
-0.07905933260917664
-0.015933247283101082
0.060077473521232605
-0.008973957039415836
0.04469813033938408
-0.020268965512514114
0.03485258296132088
-0.026503125205636024
0.0650322288274765
0.021081598475575447
-0.0036951047368347645
0.0709901675581932
0.056842029094696045
0.017480352893471718
-0.004230910446494818
-0.03732893243432045
-0.021013855934143066
-0.03786799684166908
8.617740240879357e-05
0.046301666647195816
-0.0728016346693039
0.014576886780560017
-0.03729908913373947
0.07727141678333282
0.07988694310188293
-0.07180837541818619
-0.0647660568356514
-0.07890322059392929
0.07421357184648514
-0.03624320402741432
-0.04903235286474228
-0.06454585492610931
-0.008325746282935143
-0.023034030571579933
-0.07279651612043381
-0.003763863118365407
0.06878133863210678
0.07406099885702133
0.015047168359160423
-0.037344593554735184
0.03624039515852928
0.006693108007311821
-0.00918649323284626
-0.046194758266210556
-0.05062852427363396
0.03134347125887871
0.051059540361166
0.0017659920267760754
0.028623497113585472
-0.042969267815351486
0.08696044981479645
0.08247250318527222
0.09140350669622421
-0.08016520738601685
-0.07568226754665375
-0.019559340551495552
0.012677639722824097
0.04464948922395706
-0.023512203246355057
0.0076101659797132015
-0.08397553861141205
0.05507268011569977
0.00036256579915061593
0.005321317818015814
-0.08484942466020584
0.010255766101181507
0.03313109278678894
0.046362318098545074
0.03577744588255882
-0.008739368058741093
-0.0016321907751262188
0.014640836976468563
0.013508793897926807
0.04795583337545395
-0.028613990172743797
0.008211714215576649
0.027719585224986076
-0.021399347111582756
-0.08292964845895767
0.08990230411291122
0.052188415080308914
0.01358563918620348
0.060846664011478424
0.05893542990088463
0.06916102766990662
0.06722474098205566
0.044617798179388046
0.07740190625190735
-0.008510308340191841
-0.012445979751646519
-0.005594274960458279
-0.051073212176561356
-0.05830857530236244
-0.05291840061545372
0.017028244212269783
0.05049235001206398
0.042194221168756485
-0.07905200868844986
-0.06067497655749321
-0.028628719970583916
0.021068135276436806
0.03668425232172012
-0.024828718975186348
0.022709418088197708
0.0412987656891346
0.030332107096910477
0.015252886340022087
-0.01949518360197544
0.008125022985041142
0.06560856103897095
-0.0755976215004921
0.06981340795755386
-0.0444507971405983
0.06349601596593857
-0.08172000199556351
-0.009221397340297699
0.030662860721349716
0.037505581974983215
-0.06357564777135849
0.08302281051874161
-0.081451416015625
-0.08369459211826324
0.0736779272556305
0.07174987345933914
0.00289792544208467
0.055225957185029984
0.05702964961528778
0.05594145879149437
-0.002312539843842387
0.06841602921485901
-0.07648566365242004
-0.058491889387369156
0.03648064285516739
0.0869373083114624
-0.012553105130791664
-0.07444940507411957
-0.06986945122480392
-0.012342710979282856
-0.026040535420179367
0.07498203963041306
0.06693421304225922
0.04691554233431816
0.08116024732589722
0.00023749600222799927
0.004747920203953981
0.06849168241024017
-0.05701213330030441
0.07720334827899933
0.08386547118425369
0.046588677912950516
0.05291537195444107
0.059460241347551346
0.07353220880031586
0.04203004017472267
0.00839779432862997
-0.0012337268562987447
-0.012841383926570415
-0.012203740887343884
-0.023255769163370132
-0.019756382331252098
-0.07828734070062637
-0.01327624823898077
-0.04020218551158905
-0.030444948002696037
-0.04373196139931679
-0.0008153413655236363
-0.00044123572297394276
-0.056254129856824875
-0.07918361574411392
-0.005713705904781818
-0.06089542433619499
0.03081975318491459
0.06692802906036377
-0.08534888923168182
-0.018680628389120102
0.0014105074806138873
-0.031093431636691093
0.0772952288389206
-0.08102410286664963
-0.035546232014894485
0.08910271525382996
-0.042309004813432693
-0.052470989525318146
-0.050657790154218674
0.06171395629644394
-0.06704460829496384
-0.01931430585682392
0.02154391258955002
-0.08061359077692032
-0.07791277766227722
-0.032764218747615814
-0.04974569007754326
-0.05475745350122452
-0.016182763502001762
0.004037628881633282
-0.0585411973297596
-0.08719456940889359
0.05523853376507759
-0.042004577815532684
-0.067573681473732
-0.020762206986546516
0.003653360065072775
0.03396483510732651
-0.054257187992334366
-0.04469182342290878
0.08866031467914581
-0.04780322685837746
-0.0505627803504467
0.07486686110496521
-0.022548340260982513
-0.0465204119682312
-0.08505402505397797
-0.0851263478398323
0.018373336642980576
-0.012335946783423424
0.04160357639193535
0.007036746479570866
0.08295933157205582
0.06462697684764862
0.08279676735401154
0.08092769235372543
-0.037070684134960175
-0.006660717539489269
-0.07465945184230804
0.07818256318569183
-0.029423408210277557
0.03557995706796646
-0.04732813313603401
0.014305590651929379
0.08026688545942307
0.029188305139541626
0.0624462254345417
0.06879302114248276
0.061052218079566956
-0.06869596987962723
-0.09001033753156662
0.06291573494672775
0.0487123504281044
0.0011018599616363645
0.00397854158654809
-0.04946959763765335
0.05876430124044418
-0.025629952549934387
-0.07784339040517807
-0.08582553267478943
-0.029908038675785065
0.06545879691839218
0.07798220217227936
0.020528055727481842
0.0009150038240477443
0.022099444642663002
-0.04885251075029373
-0.05676674470305443
0.08111660182476044
0.03895489498972893
-0.013809234835207462
-0.04965196177363396
-0.011374564841389656
-0.04303029179573059
0.013390641659498215
-0.07089155912399292
-0.060593631118535995
0.076335608959198
0.04853407293558121
-0.08520381152629852
-0.03496371954679489
0.042280200868844986
-0.013608205132186413
0.06152603030204773
-0.03676120564341545
-0.07357389479875565
0.05001942440867424
-0.057108473032712936
0.05407038703560829
-0.026326725259423256
-0.010893464088439941
-0.06770986318588257
-0.007590659894049168
0.08242946118116379
0.042080316692590714
0.0860385075211525
-0.09145094454288483
-0.020336106419563293
0.005511550698429346
-0.06281791627407074
-0.07571159303188324
0.07198204845190048
-0.019468409940600395
0.08200554549694061
0.03248920664191246
-0.0714714452624321
-0.07837002724409103
0.03676817938685417
-0.015021291561424732
-0.03002367727458477
-0.05525488033890724
0.027278108522295952
-0.06858180463314056
-0.027391616255044937
-0.015494141727685928
0.028481652960181236
-0.04271617904305458
-0.048255957663059235
0.06148175150156021
0.0550406314432621
0.07958417385816574
-0.029282143339514732
0.06146108731627464
-0.026147104799747467
0.057795554399490356
-0.040090642869472504
-0.07900389283895493
0.026599563658237457
0.014266611076891422
0.027469325810670853
-0.004561643116176128
-0.06131010502576828
0.0681830570101738
0.032709330320358276
-0.06184644624590874
-0.07889749854803085
-0.037680733948946
0.05787268280982971
-0.020254213362932205
-0.04357432574033737
0.06755398958921432
0.0694742426276207
0.02358260005712509
0.0040134890004992485
-0.045624859631061554
-0.05630931630730629
0.06249557435512543
-0.0783374086022377
0.003770223120227456
0.052229929715394974
0.07625718414783478
-0.03849581629037857
0.07990606874227524
-0.028283705934882164
-0.08576714247465134
0.0460006482899189
-0.017676355317234993
-0.055960867553949356
-0.06817397475242615
-0.03923307731747627
-0.03927930071949959
0.053790632635354996
0.030489064753055573
0.00861672405153513
0.03779276832938194
0.0025778692215681076
-0.06164329871535301
-1.9837990999221802
-0.022798359394073486
0.3215986490249634
1.9680007696151733
-0.6961511969566345
1.1244559288024902
1.8916654586791992
1.980332851409912
-0.05729445442557335
0.1111777275800705
1.9548285007476807
-0.3357238173484802
-1.847992181777954
0.8975215554237366
1.935914397239685
0.6037352085113525
1.9662301540374756
0.9766181111335754
0.7875091433525085
1.0624637603759766
0.7644432187080383
-0.08583317697048187
-0.19117887318134308
0.5752022862434387
-0.07579100131988525
-1.0475778579711914
-1.5686960220336914
-1.8187803030014038
-1.1803961992263794
-1.5906637907028198
-1.966662049293518
-0.7733511924743652
-1.611344575881958
-1.9507348537445068
-1.1340492963790894
-1.896531105041504
-1.5817410945892334
-1.6586275100708008
-1.3125057220458984
-1.9358898401260376
-1.9423692226409912
-0.7619376182556152
-1.6075677871704102
-1.9479881525039673
-1.9322172403335571
-0.8632065653800964
-1.2540714740753174
-1.9196264743804932
-1.8273509740829468
-1.9583449363708496
-1.9451329708099365
-0.7459676265716553
-1.5906989574432373
-1.8826133012771606
-1.2389557361602783
-1.7923154830932617
-1.1943690776824951
-1.7982783317565918
-1.9740583896636963
-0.16361191868782043
-0.6891274452209473
-0.27223628759384155
-1.984375
0.34581997990608215
-1.4935599565505981
-1.984375
-0.0053188917227089405
-1.516544222831726
-0.05271151661872864
-1.6240899562835693
1.8872517347335815
-0.4634970724582672
-1.8894201517105103
-0.4103359878063202
-1.9039922952651978
-0.08340558409690857
0.08213113993406296
-0.18997468054294586
0.02787972427904606
0.2600410282611847
0.3874400854110718
-1.1552528142929077
0.20088809728622437
1.9814426898956299
0.713239848613739
0.06574098020792007
0.5149531364440918
-0.4126170873641968
1.0138474702835083
-1.0906673669815063
0.18066643178462982
1.7153748273849487
-0.8435840010643005
-0.3460572063922882
0.8685997128486633
-0.08151929825544357
0.6760155558586121
-0.8118375539779663
0.18556591868400574
-0.6958624720573425
0.5870625376701355
-0.8256953954696655
0.09812106192111969
-0.8389087915420532
-0.7662237882614136
-0.4353507459163666
1.0442038774490356
-0.030675793066620827
0.8156643509864807
-0.9654961824417114
0.16949620842933655
1.6005675792694092
0.4124075174331665
-0.05109851807355881
0.511411726474762
-0.024077286943793297
0.9292117357254028
-0.6790475249290466
-1.941717505455017
0.018990151584148407
-0.07188159227371216
-0.11912988871335983
-0.015320906415581703
-0.016563978046178818
-0.09556245803833008
-0.04190824553370476
-0.07960063219070435
-0.08247200399637222
-0.04727228358387947
-0.11020155996084213
0.0033792853355407715
0.0369395986199379
-0.05823303386569023
-0.11809596419334412
-0.07543499767780304
-0.11097832769155502
0.03432033210992813
0.03148205950856209
0.06115759536623955
-0.027689259499311447
6.492173997685313e-05
-0.05541057512164116
-0.018004870042204857
0.005046800710260868
0.0025167271960526705
-0.09760142117738724
-0.025975912809371948
-0.04153839498758316
-0.022883549332618713
0.03433359041810036
-0.11295507103204727
-0.04829326272010803
-0.05816657096147537
-0.0633445680141449
0.025284692645072937
0.0300283282995224
0.016168732196092606
-0.05651159957051277
0.03713924437761307
-0.05680987983942032
0.10193413496017456
-0.04360630735754967
-0.048929568380117416
0.016124766319990158
0.07025496661663055
0.05734391137957573
0.00788032729178667
-0.025736846029758453
0.053207047283649445
-0.06072097644209862
-0.028724517673254013
0.03604254871606827
-0.13185547292232513
0.06426973640918732
-0.01793508417904377
0.06375511735677719
0.01113496720790863
0.01983661577105522
-0.059665877372026443
0.04973311722278595
-0.008259906433522701
0.012959197163581848
-0.01948557421565056
-0.1105511486530304
0.08633636683225632
0.06793774664402008
0.06430447101593018
-0.010388853959739208
-0.08740384131669998
-0.050335053354501724
-0.00556119903922081
0.01237584464251995
0.024240238592028618
-0.016583265736699104
0.00467632245272398
-0.003846560837700963
-0.07268639653921127
0.052819300442934036
-0.12605556845664978
-0.003817019984126091
-0.11797065287828445
-0.09308147430419922
0.02849084697663784
0.07776089757680893
-0.023891812190413475
-0.10376814752817154
0.028279196470975876
-0.020021311938762665
0.046500157564878464
0.020890597254037857
0.03720526024699211
-0.005237739998847246
0.015562021173536777
-0.0707409605383873
0.0909990593791008
0.050601035356521606
-0.06837645918130875
0.0039999173022806644
-0.05107976868748665
-0.06224707514047623
-0.10736043751239777
-0.11385448276996613
-0.08886891603469849
0.023967768996953964
-0.029349811375141144
-0.0387532077729702
0.028538888320326805
-0.09114497154951096
-0.04179328680038452
0.05751197412610054
0.014370741322636604
-0.05785186216235161
0.04639647901058197
0.005270985886454582
-0.054360974580049515
-0.1031080111861229
0.021882202476263046
-0.08898366987705231
-0.05050142481923103
0.0013908044202253222
-0.08977773040533066
-0.015706656500697136
0.01823119819164276
0.08659821003675461
0.07700367271900177
0.05455230548977852
0.06409121304750443
-0.037497684359550476
-0.060782380402088165
0.022907627746462822
-0.0711754709482193
-0.006465676240622997
-0.026649780571460724
-0.08243046700954437
-0.04925093054771423
-0.02665231004357338
-0.08632570505142212
-0.03390340134501457
-0.011128949001431465
-0.09159373492002487
-0.08446568995714188
0.0730588436126709
0.02877187915146351
0.07171094417572021
-0.050250280648469925
0.04772256314754486
-0.015791872516274452
-0.06558608263731003
-0.02871089242398739
-0.08533896505832672
-0.04897927865386009
0.021963955834507942
0.015881629660725594
0.005924222990870476
0.033128026872873306
0.04891776666045189
-0.02085941471159458
-0.04854856804013252
0.07092604041099548
0.08565150946378708
-0.009546755813062191
-0.03888271003961563
-0.003364993492141366
0.026778874918818474
0.08152491599321365
0.07566937059164047
-0.04240976646542549
0.06812610477209091
-0.06470327824354172
0.0001917741756187752
-0.02704181894659996
-0.09457667917013168
-0.03908971697092056
-0.0006701530073769391
0.06124941259622574
0.08433938771486282
0.06111696735024452
-0.02269251085817814
0.04836340248584747
-0.003472930286079645
0.008346479386091232
0.048882629722356796
0.06205694377422333
-0.05106586217880249
0.08481854945421219
-0.033666469156742096
0.07752252370119095
-0.06478879600763321
-0.020147163420915604
0.0064869532361626625
0.03440383821725845
0.06758875399827957
-0.0043761092238128185
-0.07630731165409088
0.04110914096236229
0.08283340185880661
-0.05784256383776665
0.004816041793674231
0.03794975206255913
0.039428893476724625
0.07292625308036804
-0.07803681492805481
0.028027504682540894
0.02683061920106411
-0.011340680532157421
-0.055543459951877594
0.04442526772618294
0.08117317408323288
0.010080656036734581
-0.02069173753261566
-0.09163038432598114
0.03536156937479973
0.042301591485738754
0.03308474272489548
0.001024927361868322
0.01912912167608738
-0.032485492527484894
-0.048465631902217865
0.05440890043973923
-0.0018738608341664076
-0.06535107642412186
-0.06122644618153572
-0.0828612670302391
-0.020861787721514702
0.02403549663722515
-0.07152117788791656
0.03421727567911148
-0.05310943350195885
-0.07422284781932831
0.025592798367142677
-0.0765938013792038
-0.05167435482144356
0.0792839303612709
-0.022452328354120255
-0.04707755148410797
-0.10143241286277771
0.05325489863753319
-0.06598452478647232
0.09100274741649628
-0.0515323281288147
-0.06272067129611969
0.04628745838999748
0.041754841804504395
0.03815073519945145
-0.05942225828766823
0.026108048856258392
-0.031855061650276184
-0.01157153956592083
-0.03138786181807518
0.07769259810447693
-0.007853181101381779
-0.0573812760412693
-0.010497622191905975
-0.05712878704071045
-0.05514051020145416
0.005331655498594046
-0.08379379659891129
-0.08933337032794952
0.012674481607973576
-0.07969901710748672
0.00149288191460073
-0.01751422882080078
0.052225396037101746
0.005846785847097635
0.07860594242811203
-0.07890632003545761
-0.028161946684122086
-0.0038782234769314528
0.05593058839440346
-0.023605002090334892
-0.08002360910177231
-0.02231130376458168
0.06243682652711868
0.04351412504911423
-0.0004650148330256343
-0.030355187132954597
0.033147405833005905
-0.060639187693595886
0.009160714223980904
-0.04860830679535866
0.08333960175514221
-0.07452910393476486
-0.059500522911548615
-0.05806851014494896
-0.015950972214341164
0.05266394466161728
-0.08304236084222794
-0.08036934584379196
0.08742859214544296
-0.06751832365989685
0.007248245179653168
0.07143939286470413
0.058227214962244034
0.06495735794305801
-0.04040076583623886
0.04204561188817024
-0.053143031895160675
-0.0017106094164773822
-0.08346620947122574
0.062088675796985626
0.02486422285437584
0.016110267490148544
-0.07097583264112473
0.017359916120767593
0.08542179316282272
-0.07229553163051605
0.04088268429040909
0.017140548676252365
0.04823794960975647
-0.034021299332380295
-0.04693269729614258
-0.026836633682250977
-0.004998223856091499
0.005872400943189859
0.04328453913331032
0.06975770741701126
0.08421073853969574
-0.08826525509357452
-0.03406286984682083
-0.03365917131304741
-0.08046888560056686
-0.014872519299387932
0.027635877951979637
0.03495772182941437
-0.06888008117675781
-0.055047906935214996
-0.0479578971862793
0.06911595910787582
0.08979759365320206
-0.02942974679172039
-0.033248718827962875
-0.04631681367754936
-0.04966141656041145
-0.0783427506685257
0.012201784178614616
0.04781510308384895
0.002614116994664073
0.0065665957517921925
0.056885771453380585
0.06713704764842987
0.06481298804283142
0.02053709328174591
-0.05800960958003998
-0.03539285808801651
-0.033729296177625656
-0.03414895758032799
-0.08052647858858109
0.0015360143734142184
0.03965754806995392
0.08101315051317215
-0.05225353688001633
0.06763691455125809
0.07188564538955688
0.08329811692237854
-0.03512348607182503
-0.05681588873267174
0.02615688554942608
-0.01944589614868164
0.0008048927993513644
-0.0828852429986
0.023295992985367775
-0.08131031692028046
0.0028613123577088118
-0.013281835243105888
0.0756763145327568
0.01645689085125923
-0.11240851879119873
-0.12282051891088486
0.016478247940540314
0.022279977798461914
-0.038860298693180084
-0.0569157749414444
0.06279519200325012
-0.06877803802490234
-0.10442842543125153
-0.06307954341173172
-0.08656872808933258
0.03144489601254463
-0.1154232770204544
0.03658989071846008
-0.04229220375418663
-0.08954314887523651
0.03288993239402771
-0.09163595736026764
-0.08563775569200516
-0.03523269668221474
-0.06877834349870682
0.013841740787029266
-0.05210389941930771
-0.01849428191781044
-0.0707583874464035
0.036097727715969086
0.005302810110151768
-0.05186153203248978
0.021659061312675476
-0.1404171586036682
-0.10954209417104721
-0.03076900541782379
0.06267884373664856
-0.009103425778448582
-0.09657104313373566
-0.0818745419383049
-0.0341433584690094
-0.11110220104455948
-0.04342501237988472
-0.018826575949788094
-0.026093795895576477
0.0016042104689404368
-0.022515909746289253
0.009028960950672626
-0.036947816610336304
0.06625883281230927
-0.0826219767332077
-0.03852291405200958
-0.0010032793506979942
-0.03264924883842468
0.03183596581220627
-0.07629602402448654
-0.1011127382516861
-0.010241731069982052
0.0019351395312696695
-0.08099409937858582
0.060392700135707855
0.018718918785452843
0.02208612486720085
-0.09368011355400085
0.0061995419673621655
-0.07656039297580719
0.07653848081827164
-0.04881273955106735
-0.011634177528321743
-0.04953061789274216
-0.01306189689785242
0.10083956271409988
-0.024686027318239212
-0.019422374665737152
0.002482506213709712
-0.11411567777395248
0.005912202410399914
0.0024593803100287914
-0.0732499435544014
-0.005258356686681509
-0.022236064076423645
-0.04756944254040718
-0.06856440752744675
-0.18203115463256836
0.017978746443986893
-0.026300106197595596
-0.13838885724544525
-0.04612278938293457
-0.16670013964176178
0.004891018383204937
-0.10353005677461624
-0.09184413403272629
-0.08941971510648727
-0.002277401741594076
-0.03741138428449631
0.02707662619650364
0.011528545059263706
-0.0983147919178009
-0.01345730945467949
-0.06522350013256073
-0.12278702855110168
-0.08948951214551926
-0.1391761600971222
-0.12192271649837494
0.04742080718278885
-0.021660128608345985
-0.08480993658304214
-0.11100257188081741
-0.02156088314950466
-0.09598864614963531
-0.08989791572093964
-0.0890062227845192
-0.09785565733909607
-0.011219683103263378
-0.01608518697321415
0.0025991022121161222
-0.06856092065572739
0.052154604345560074
0.06402652710676193
-0.07993939518928528
-0.08370877802371979
-0.08885732293128967
-0.024675214663147926
-0.07844556123018265
-0.04953630268573761
-0.0780472606420517
-0.03911767899990082
-0.052002694457769394
-0.05486035346984863
0.03658275306224823
-0.0744447410106659
-0.08918224275112152
-0.08084016293287277
-0.05625353753566742
0.06739121675491333
-0.006056524813175201
0.08347129076719284
0.0280753206461668
-0.07531589269638062
0.05094093084335327
-0.08550278842449188
0.003509723814204335
-0.03536779060959816
-0.07808616757392883
-0.09140808135271072
0.03856333717703819
-0.03971848264336586
-0.03585254028439522
-0.03774014115333557
0.07771062105894089
0.08774033188819885
-0.03492825850844383
0.064862921833992
-0.08964703977108002
-0.07150263339281082
0.06588651239871979
-0.02622930333018303
-0.01703319326043129
0.009549015201628208
-0.0308529082685709
0.052966274321079254
-0.08478528261184692
0.05598706379532814
0.03499966487288475
-0.001886056736111641
0.0016893655993044376
-0.003629449987784028
-0.026601901277899742
-0.009304110892117023
-0.008893833495676517
0.07426456362009048
-0.0804259404540062
0.08888658881187439
0.007775199133902788
-0.030519597232341766
-0.012761653400957584
-0.019028354436159134
0.005018932279199362
-0.047513626515865326
0.05857391282916069
0.07625390589237213
-0.0248897522687912
0.013930916786193848
0.006127829663455486
-0.030328817665576935
-0.0404878705739975
-0.0063168820925056934
-0.0428389310836792
0.012088177725672722
0.0741695836186409
-0.017100226134061813
0.026207109913229942
-0.0365016795694828
-0.05903277546167374
-0.02401120215654373
0.09003220498561859
-0.034619688987731934
0.07325233519077301
0.013154249638319016
0.04006224125623703
-0.0625009536743164
0.027670901268720627
-0.035482872277498245
-0.06308277696371078
0.04003579542040825
0.031197519972920418
-0.05243098363280296
-0.05128450319170952
0.02234114706516266
-0.06277548521757126
-0.076169952750206
0.03484732657670975
0.05245700106024742
0.08651343733072281
-0.0276611540466547
0.017935117706656456
-0.003794428426772356
-0.046287745237350464
-0.06941244006156921
0.041976448148489
-0.07360859215259552
0.026083940640091896
-0.017717499285936356
0.08793535083532333
-0.025965886190533638
0.04296882078051567
-0.09004426002502441
0.008885255083441734
-0.04555130377411842
-0.009536175057291985
-0.06129489466547966
0.00300219957716763
0.9457818269729614
0.0724276602268219
0.0005321977660059929
0.01495946105569601
-0.008269713260233402
-0.23202763497829437
-0.1540839970111847
-0.03044883720576763
0.08012320101261139
-0.0014061251422390342
0.04473283514380455
0.043607987463474274
1.8262343406677246
1.7753703594207764
1.9354640245437622
1.8230772018432617
1.7937873601913452
1.8620837926864624
1.8732582330703735
1.785302996635437
1.8206044435501099
0.009708832949399948
-0.004751797299832106
-0.00928072351962328
-0.007888791151344776
0.20589087903499603
0.050848111510276794
0.04489028453826904
-0.024216169491410255
0.09849357604980469
0.10131975263357162
0.06671612709760666
0.08036166429519653
0.03655734658241272
0.009872530587017536
0.03787657245993614
0.020896242931485176
0.09770017117261887
0.0498126782476902
0.06326771527528763
0.057600002735853195
0.014371472410857677
0.01929864101111889
0.09124226123094559
0.11547030508518219
0.10758137702941895
0.07314582914113998
0.07631534337997437
0.0176988635212183
0.06388761848211288
0.04878153279423714
0.11739638447761536
0.06615059077739716
0.06250794976949692
0.06198966130614281
0.03277790918946266
-0.006846324075013399
0.01191046740859747
-1.980812430381775
0.05289188027381897
-0.17880819737911224
-0.10438156127929688
-0.05558764189481735
-0.032053142786026
0.20731791853904724
-0.795109212398529
-0.033565934747457504
0.36017516255378723
0.22911103069782257
-0.040254831314086914
1.748969554901123
1.8458845615386963
1.8215911388397217
1.7851452827453613
1.6907563209533691
1.8333511352539062
1.8606994152069092
1.7149875164031982
1.786651611328125
0.1002495214343071
0.06896904855966568
-0.12293709814548492
0.03514642268419266
-0.4481610357761383
-1.9824200868606567
0.28742516040802
1.2888002395629883
1.9484020471572876
1.1957592964172363
0.0011800939682871103
-1.98103928565979
-1.97357177734375
-1.476213812828064
-0.27786076068878174
1.964104413986206
1.9827407598495483
1.9826523065567017
0.06925398111343384
-1.1854721307754517
-1.578283429145813
-0.45969158411026
0.0643305778503418
1.5728284120559692
1.4570496082305908
1.2668654918670654
0.01189451478421688
-0.7822648882865906
-1.0081095695495605
-0.7238702774047852
0.48019522428512573
1.733937382698059
1.5719388723373413
1.577055811882019
0.05075117573142052
-0.8981466889381409
-1.4820140600204468
-0.013648919761180878
-0.01049645897001028
-0.05107172206044197
-0.09566950798034668
0.05458923429250717
-0.09242335706949234
-0.10262798517942429
0.0939011350274086
0.041376423090696335
0.03635675832629204
-0.012412442825734615
0.013608302921056747
-0.043336741626262665
0.05667400732636452
-0.11462991684675217
0.024532927200198174
0.015241274610161781
-0.0751226395368576
0.035930193960666656
0.04424659535288811
0.04434632509946823
-0.0280270017683506
0.04151308164000511
-0.029479030519723892
-0.07657051086425781
0.011785522103309631
0.005726126488298178
-0.03247371315956116
-0.061833418905735016
-0.09400435537099838
-0.014946592040359974
0.03907351940870285
-0.006523450370877981
-0.043900638818740845
0.02404852584004402
-0.059900812804698944
0.035029131919145584
-0.0873522087931633
-0.0929342582821846
-0.06060098856687546
-0.010472428053617477
-0.06663461774587631
-0.09847649186849594
0.026730844751000404
0.018879620358347893
-0.060310810804367065
0.02222735434770584
-0.019778743386268616
0.039852436631917953
-0.058125607669353485
0.05213623121380806
0.004749674815684557
0.01809772476553917
-0.08652858436107635
-0.015302810817956924
-0.041187699884176254
0.00018984485359396785
-0.02781475894153118
-0.021089952439069748
0.04728509485721588
-0.08914371579885483
-0.04103122279047966
0.007434201426804066
0.0032178047113120556
-0.04031967744231224
-0.028385644778609276
-0.09021943062543869
-0.05389220267534256
-0.09599747508764267
-0.038946930319070816
-0.009990270249545574
-0.03639030456542969
-0.0013565071858465672
0.05839606374502182
0.05343328416347504
-0.0520908385515213
-0.00024951028171926737
0.03539402037858963
0.04262640327215195
0.0669083446264267
-0.0237264484167099
-0.08134481310844421
0.01774047687649727
0.02949405275285244
-0.023949505761265755
0.055679354816675186
0.050832293927669525
-0.0162818506360054
-0.013779209926724434
-0.06901039183139801
0.03029237687587738
0.010669413022696972
0.015739472582936287
-0.09945939481258392
0.032910898327827454
-0.007308840285986662
0.04420265182852745
-0.05452271178364754
0.031217915937304497
-0.06576743721961975
-0.061467673629522324
-0.0010976121993735433
-0.10722704231739044
0.051661550998687744
-0.0913599282503128
-0.11098145693540573
0.06388765573501587
0.021143654361367226
0.028083495795726776
-0.07292135059833527
0.010244462639093399
0.0025317049585282803
0.057659897953271866
0.043428823351860046
-0.010599947534501553
-0.08271469175815582
-0.05800483748316765
0.036959048360586166
0.023296725004911423
-0.05599949508905411
-0.060707710683345795
0.028617851436138153
-0.7889942526817322
-0.07647866755723953
0.037724003195762634
0.05378719046711922
-0.054329633712768555
0.20214654505252838
0.05105854570865631
0.02264649048447609
0.020129438489675522
1.180477261543274
1.18860924243927
-0.03226856887340546
1.9194153547286987
1.9053646326065063
1.911844253540039
1.921334147453308
1.8311612606048584
1.8264620304107666
1.9060463905334473
1.8645488023757935
1.9364585876464844
-0.023295801132917404
-0.027841992676258087
-0.0643085464835167
-0.0024307838175445795
-0.11327528953552246
-0.12714163959026337
-0.032195083796978
-0.11429405212402344
-0.12545795738697052
-0.028188399970531464
-0.1068321242928505
-0.052487898617982864
-0.07672953605651855
-0.08205435425043106
0.06030776724219322
-0.1021781787276268
-0.08959050476551056
-0.0817573294043541
-0.0825086236000061
0.018133455887436867
-0.0963159054517746
0.01882522739470005
-0.10061684250831604
0.011891942471265793
-0.12281698733568192
-0.07868926227092743
-0.038897555321455
-0.07358016818761826
-0.07913511991500854
-0.03153415396809578
-0.03476935252547264
0.013007009401917458
-0.06602069735527039
-0.08181296288967133
-0.029562031850218773
-0.03950062766671181
-0.04816406965255737
-1.9843595027923584
-0.0692691057920456
-0.31786423921585083
-0.01719285175204277
0.06865785270929337
0.11902830004692078
-0.03393598645925522
0.5951249003410339
-0.02995392493903637
1.0316030979156494
1.2143614292144775
-0.7362439036369324
1.7703542709350586
1.5963389873504639
1.5597026348114014
1.888572335243225
1.9179584980010986
1.734289526939392
1.7646594047546387
1.657386064529419
1.7168272733688354
0.07945515960454941
0.10035169124603271
0.09076043963432312
-0.035720814019441605
1.0652488470077515
0.8663883805274963
0.5761180520057678
0.733826220035553
0.5281511545181274
1.9084559679031372
1.757680892944336
1.6497310400009155
0.4485549330711365
1.8302688598632812
1.4377398490905762
-1.9818519353866577
-1.9816354513168335
-1.5502747297286987
1.3722476959228516
1.8652452230453491
1.9767260551452637
-1.59429931640625
1.1002792119979858
1.7203222513198853
1.970863938331604
1.543648600578308
1.1483204364776611
-1.6918336153030396
-1.980104923248291
-1.9804123640060425
0.9371867775917053
1.4841381311416626
1.984375
1.3960528373718262
0.7261266708374023
-1.966541051864624
-1.9736692905426025
-0.019127748906612396
-0.0031924580689519644
0.14168347418308258
-1.9734814167022705
-0.0763852670788765
-0.2199806123971939
-0.12153768539428711
-0.11829104274511337
0.01854688860476017
0.4460420310497284
-0.9105911254882812
0.06339309364557266
1.0306919813156128
1.1560341119766235
0.2742883563041687
1.6731058359146118
1.5746352672576904
1.5907361507415771
1.903389811515808
1.809614896774292
1.627250075340271
1.6939815282821655
1.806862473487854
1.7510347366333008
0.11117801070213318
0.12342892587184906
-0.05466657131910324
-0.06358098238706589
-0.6274374723434448
1.9835745096206665
0.0981142446398735
-0.5922486782073975
-1.673576831817627
-1.0044995546340942
-0.49761486053466797
1.9060299396514893
1.981462836265564
-1.9816818237304688
-1.8973021507263184
-0.9635394811630249
0.5527924299240112
1.9735291004180908
1.9412610530853271
1.2253657579421997
-0.8029798269271851
1.62270188331604
1.8084120750427246
0.3832508325576782
-0.9148201942443848
-1.9843634366989136
-1.6145591735839844
-0.9384468793869019
0.840222179889679
-1.935292363166809
-1.9808058738708496
-1.198839783668518
0.26241132616996765
1.9119420051574707
1.9827673435211182
1.4031169414520264
-0.622096598148346
1.0929954051971436
-0.009909506887197495
-0.09740802645683289
0.049648646265268326
0.03402843326330185
-0.23519311845302582
-0.3565271198749542
0.14296403527259827
0.04482132941484451
1.0936635732650757
1.0039939880371094
0.017525797709822655
1.9053382873535156
1.8611462116241455
1.7046536207199097
1.8163516521453857
1.7999614477157593
1.7814191579818726
1.8600465059280396
1.8161332607269287
1.9268302917480469
0.04458598792552948
0.05455060303211212
0.019491737708449364
0.04361162334680557
0.22821152210235596
-0.21599210798740387
-0.18529824912548065
-0.1925498992204666
-0.11299514025449753
-0.1496126651763916
-0.12679284811019897
-0.25814613699913025
-0.08920352905988693
-0.07901963591575623
-0.13266855478286743
-0.19380560517311096
-0.25061947107315063
-0.12683038413524628
-0.25144803524017334
-0.15102989971637726
-0.13718879222869873
-0.0824282243847847
-0.15991175174713135
-0.08829560875892639
-0.2349255532026291
-0.18418395519256592
-0.18490374088287354
-0.2609555721282959
-0.12804469466209412
-0.1540452241897583
-0.23388975858688354
-0.14503037929534912
-0.21662330627441406
-0.134849414229393
-0.2669152617454529
-0.07414711266756058
-0.18073801696300507
-0.09746764600276947
0.03155232220888138
0.23854005336761475
1.981624722480774
0.5585331916809082
0.4403906762599945
-0.11401937901973724
-1.3622562885284424
-0.15435682237148285
0.6977477669715881
-1.9696820974349976
0.02833983115851879
-0.7857926487922668
0.8788716197013855
-1.9814809560775757
0.7365898489952087
1.120077133178711
0.7113264799118042
1.2049247026443481
0.6025543212890625
0.9741687178611755
0.976365864276886
0.946723461151123
0.9851186275482178
0.12359267473220825
-0.12230295687913895
-0.4212377965450287
-0.5151100158691406
-0.27333128452301025
1.6749169826507568
1.586761713027954
1.5790784358978271
0.5242348909378052
1.1121207475662231
0.5294234156608582
1.2099404335021973
1.1557663679122925
0.9969845414161682
0.668104887008667
1.181340217590332
0.9565297365188599
0.9343279004096985
1.082274079322815
0.8287895917892456
1.2327520847320557
1.375706434249878
1.280943751335144
0.7266682982444763
1.373440146446228
1.381122350692749
0.9979626536369324
1.34974205493927
1.3758591413497925
0.45061004161834717
0.9232659935951233
1.4228376150131226
1.0930454730987549
1.6477538347244263
1.22120201587677
1.4254692792892456
0.8310251235961914
1.9704698324203491
0.880814254283905
-0.6668991446495056
-1.6999139785766602
0.39539358019828796
-0.7399005889892578
1.039150357246399
0.33765363693237305
-0.009183641523122787
-0.6723009943962097
-1.08298659324646
-0.8739950656890869
1.9678875207901
1.2133809328079224
1.112313151359558
1.2221877574920654
1.2666963338851929
1.3585524559020996
1.4527422189712524
1.4960826635360718
1.491445541381836
0.15952777862548828
0.3665177822113037
0.1472545862197876
-0.010856019333004951
1.4117752313613892
1.5089133977890015
1.8532618284225464
1.5367977619171143
1.7145050764083862
1.64449942111969
1.8260529041290283
1.4026674032211304
1.9569976329803467
1.6342946290969849
1.9377723932266235
1.7789583206176758
1.8716826438903809
1.972415566444397
1.934648036956787
1.2709014415740967
1.6752440929412842
1.8297886848449707
1.8325265645980835
1.269694209098816
1.7878594398498535
1.5778728723526
1.8492082357406616
1.8655881881713867
1.97162926197052
1.3315730094909668
1.7918208837509155
1.434786319732666
1.8766859769821167
1.13096022605896
1.7468656301498413
1.3271222114562988
1.8205047845840454
0.049624569714069366
0.3172670304775238
1.983923316001892
-1.9839009046554565
-0.32561883330345154
0.28375381231307983
-0.43716323375701904
-1.9814125299453735
1.9439060688018799
1.8194998502731323
-1.9838842153549194
0.032701972872018814
-0.6186395287513733
0.5113523602485657
-1.9834133386611938
-1.1183528900146484
1.7262729406356812
-1.6019365787506104
1.5745460987091064
-1.6193771362304688
1.0469605922698975
0.9739851951599121
0.9803600907325745
1.0069830417633057
-1.948338270187378
-0.5266229510307312
1.195901870727539
-0.3664577901363373
-1.9567524194717407
0.4069143235683441
-0.39788082242012024
0.17716440558433533
-0.09126536548137665
0.11972648650407791
0.9011867642402649
-0.5545540452003479
-0.27065610885620117
1.9832826852798462
-0.8428924083709717
1.9150944948196411
-0.5741596817970276
0.7721632122993469
-0.5468948483467102
1.5510971546173096
-0.9262167811393738
0.5821812748908997
-0.6864986419677734
1.8643075227737427
-1.1286041736602783
1.9806281328201294
-0.966778576374054
1.9553166627883911
-1.0772476196289062
0.0020911083556711674
1.0872867107391357
-0.39724597334861755
0.0053694345988333225
0.7264518737792969
-0.4436880946159363
0.5046208500862122
-0.23790918290615082
-1.9838460683822632
-0.2893317937850952
-0.5476487874984741
1.0817968845367432
-1.9692909717559814
-1.6636319160461426
-1.3068526983261108
-1.983906865119934
0.05288219451904297
1.6277347803115845
-0.9729200601577759
-1.9834253787994385
1.0159425735473633
0.20150010287761688
-0.4970005750656128
0.20903728902339935
-0.7240917682647705
0.8018355369567871
0.7779871225357056
0.6103840470314026
0.7257446050643921
-1.9815526008605957
0.8019223809242249
-0.9558386206626892
-0.2559773921966553
0.8878090381622314
-1.369613766670227
-1.1634639501571655
-1.8058934211730957
-1.7690893411636353
-1.0863581895828247
-0.27599096298217773
-1.984375
-1.8998980522155762
-1.9763776063919067
-0.5595784187316895
-1.7477326393127441
-0.7445865869522095
-1.86441969871521
-1.0018092393875122
-1.3232543468475342
-1.704868197441101
-1.6312499046325684
-0.8483922481536865
-1.1685608625411987
-1.8482356071472168
-1.9777843952178955
-0.5614714622497559
-1.4393686056137085
-0.3711848855018616
-1.183957576751709
-0.322805255651474
-1.984375
-1.7964962720870972
-1.4609876871109009
-0.9784735441207886
-1.395984411239624
-1.3231239318847656
0.05769392102956772
-1.8154089450836182
1.978563904762268
0.5995404124259949
-0.65224289894104
-0.46007296442985535
-0.5888913869857788
-0.8905984163284302
-0.7824377417564392
-0.2994302809238434
0.17262431979179382
0.015048753470182419
-0.09114132076501846
-0.08208565413951874
-0.14898331463336945
-0.13656924664974213
0.023694058880209923
0.04988103359937668
0.32297736406326294
0.01584862358868122
-0.1585647165775299
-0.07965908199548721
-0.18890270590782166
-0.11196855455636978
-0.8892669677734375
0.04124196246266365
0.07665950804948807
-0.17255058884620667
-0.8559910655021667
-0.06718403100967407
-0.12082082033157349
0.02993745170533657
-0.0862187072634697
-0.059012435376644135
-0.012655998580157757
-0.031540557742118835
-0.03552478924393654
0.00015580524632241577
0.050070639699697495
-0.08646579831838608
-0.011656852439045906
-0.03857322037220001
-0.03832969814538956
-0.09334685653448105
-0.061084404587745667
-0.10493434220552444
-0.07705339044332504
0.03763774782419205
-0.08498235046863556
0.024303628131747246
-0.11160124093294144
-0.10640357434749603
0.02044743299484253
0.005773553624749184
0.026788584887981415
0.004214121960103512
0.014366365037858486
-0.07906143367290497
-0.06392870098352432
0.040701936930418015
-0.03958532586693764
0.7153863906860352
-1.13898766040802
-0.9800894260406494
-1.2239489555358887
-1.3750745058059692
-1.2142826318740845
-0.1968291699886322
0.24280518293380737
0.0436418391764164
0.031542353332042694
-0.18671637773513794
-0.04744991287589073
-0.10371880978345871
-0.17212247848510742
0.0357506237924099
-0.17332829535007477
0.0617501474916935
0.039959218353033066
-0.0729079619050026
0.08731341361999512
0.023856960237026215
-1.3447989225387573
-0.008040069602429867
-0.48945102095603943
0.012024672701954842
-1.303902506828308
-0.11094576120376587
0.041296932846307755
0.0025586336851119995
-0.014541441574692726
-0.0667581707239151
-0.07673864811658859
-0.05240333080291748
0.015325085259974003
-0.08892134577035904
-0.05484071373939514
-0.0595259889960289
-0.06691627204418182
-0.08477390557527542
-0.09500044584274292
-0.01928149349987507
-0.09618210792541504
0.005658043548464775
-0.04953102767467499
0.003511864924803376
-0.07645196467638016
0.03723101317882538
0.019731566309928894
0.02057417668402195
-0.05560390651226044
-0.054646220058202744
-0.11111723631620407
-0.061983101069927216
-0.02494017779827118
-0.10322987288236618
-0.13155512511730194
0.06365924328565598
-0.05519348755478859
-0.3668607473373413
-0.10497952252626419
1.8625268936157227
-1.977551817893982
-0.7098069787025452
-0.2634167969226837
1.3806029558181763
-0.24839355051517487
0.5746975541114807
-1.8919531106948853
1.9842208623886108
-0.025805793702602386
0.4478522837162018
1.9597984552383423
1.2016453742980957
-1.6858553886413574
0.34337368607521057
0.38061562180519104
0.7125069499015808
0.3797333538532257
0.0810232013463974
0.18935146927833557
0.3407508432865143
0.2037860006093979
0.13357986509799957
0.25131717324256897
-0.7023292779922485
-0.06738046556711197
1.9016296863555908
1.23020601272583
0.13546384871006012
0.5883639454841614
0.21501383185386658
0.9177232384681702
0.307824969291687
0.7163736820220947
-0.04112812504172325
1.3255573511123657
0.5336222648620605
1.471945881843567
-0.04616766795516014
0.7072827816009521
0.6822318434715271
1.3447595834732056
0.8163807988166809
1.22463858127594
0.9940251708030701
1.547106146812439
1.0822571516036987
1.5664677619934082
0.6351914405822754
1.7955173254013062
0.4739041328430176
1.3887012004852295
0.07206859439611435
0.624104917049408
0.02807256020605564
1.1253626346588135
0.3540045917034149
0.8663991689682007
0.5386509895324707
-1.983667254447937
0.1110256239771843
0.2740558087825775
-1.429545521736145
1.9675586223602295
-0.5555707812309265
0.9611546993255615
-1.9246506690979004
-0.09072611480951309
1.924288272857666
1.1472841501235962
-1.4813652038574219
1.9466602802276611
-1.9330307245254517
-1.9114418029785156
-1.9615578651428223
-1.9213429689407349
-1.3805757761001587
-1.1571199893951416
-1.1481369733810425
-1.114676833152771
-0.035070110112428665
-0.1670597791671753
1.197606086730957
0.035050682723522186
0.7167491316795349
-0.8694385290145874
-0.6136445999145508
-1.018506646156311
-0.5293524861335754
-1.1812324523925781
-0.6525008678436279
-0.7363789081573486
-0.3778481185436249
-1.3867712020874023
-1.1105690002441406
-0.7474150061607361
-0.714687705039978
-0.925977885723114
-0.8114638924598694
-0.9357948303222656
-0.626133143901825
-0.6250022649765015
-0.6918816566467285
-0.7533053159713745
-0.4590132534503937
-1.338976263999939
-1.2698239088058472
-1.0870649814605713
-0.9504718780517578
-0.9908385276794434
-0.6911780834197998
-0.8100535273551941
-0.5221577882766724
-0.8800041079521179
-0.9096076488494873
-1.332641839981079
-0.7259486317634583
0.655639111995697
-1.9659279584884644
-1.9728004932403564
-1.8511372804641724
0.0750463455915451
0.08468735218048096
0.42695799469947815
-0.024691397324204445
-0.19598662853240967
-0.1456291526556015
-0.45181846618652344
0.012611755169928074
1.1910028457641602
1.3236534595489502
-0.08562126010656357
0.22539012134075165
0.4262438416481018
0.27971434593200684
0.44560369849205017
0.21271251142024994
1.073631763458252
-0.25996819138526917
0.9975226521492004
-0.31788530945777893
-0.059051141142845154
-0.08395494520664215
0.07054272294044495
-0.04792175814509392
0.041100576519966125
0.2168457955121994
0.20622512698173523
0.2730119526386261
0.5403549075126648
0.011797397397458553
0.2533129155635834
0.21760636568069458
0.15150095522403717
0.09812047332525253
0.020749347284436226
0.1477879285812378
0.40809300541877747
0.17360958456993103
0.33435845375061035
0.12147188186645508
0.12545275688171387
0.17257115244865417
0.28185632824897766
0.13820159435272217
0.15362419188022614
0.12859457731246948
0.008057495579123497
0.04789871349930763
0.25044649839401245
0.03564033657312393
0.4263158440589905
0.2939388155937195
0.31538283824920654
0.24337156116962433
0.3119710385799408
0.17714594304561615
0.4021601974964142
-0.9840912818908691
0.029753848910331726
-0.2186318337917328
-0.41982755064964294
0.11139006167650223
-0.027838777750730515
-0.06833061575889587
0.6883196830749512
-0.017959201708436012
1.8591469526290894
1.9688422679901123
0.7036049962043762
1.6205859184265137
1.2848833799362183
1.519361972808838
1.3553258180618286
1.4241732358932495
1.385753870010376
1.3601547479629517
1.3214865922927856
1.320569634437561
0.13657349348068237
0.19738061726093292
-0.09085487574338913
-0.047132670879364014
0.30238622426986694
-1.36376953125
1.2288355827331543
1.9731972217559814
1.6912695169448853
-1.9771226644515991
1.705949068069458
1.9699617624282837
0.9099214673042297
-1.339224100112915
-0.5920213460922241
1.9667305946350098
-1.298485517501831
-1.4268416166305542
-0.7679171562194824
1.6837209463119507
-0.5692211985588074
-1.0043690204620361
-0.8923622369766235
1.2933814525604248
-0.49940407276153564
-1.1055617332458496
-0.7297238111495972
1.6958807706832886
-1.3430993556976318
-1.9802181720733643
1.7991769313812256
1.9740815162658691
0.932214617729187
-0.9986899495124817
1.1198514699935913
1.9788236618041992
1.8018003702163696
-0.13457176089286804
0.13080322742462158
-1.9843223094940186
-1.951389193534851
0.11293703317642212
-0.250837117433548
-0.11916189640760422
0.17003966867923737
-0.10160496085882187
0.044491056352853775
0.3594408929347992
-0.05631573125720024
1.9463469982147217
1.8956085443496704
0.8633895516395569
1.607810139656067
1.530228853225708
1.5009822845458984
1.6090459823608398
1.4910597801208496
1.6899521350860596
1.5839310884475708
1.5535025596618652
1.5590301752090454
0.09493248164653778
0.1756977140903473
0.07272546738386154
0.029840251430869102
0.4844811260700226
-1.1295117139816284
1.0454237461090088
1.9409221410751343
1.955451488494873
-1.9758082628250122
1.7762961387634277
1.981290578842163
1.0382788181304932
-0.5975240468978882
-0.08144780993461609
1.9823839664459229
0.20070554316043854
-1.5151565074920654
0.13442343473434448
1.7356970310211182
-0.3639948070049286
-0.3703044056892395
-1.3304470777511597
0.8534079194068909
-1.287983775138855
-0.304631769657135
-1.7878389358520508
1.979185700416565
-1.9816941022872925
-1.97059166431427
1.9019287824630737
1.9613397121429443
1.43983793258667
-1.2580937147140503
1.6805565357208252
1.9531738758087158
1.9690073728561401
-0.9153737425804138
0.01702115684747696
0.01867864280939102
0.1364092081785202
0.005405775737017393
-0.21124687790870667
-0.0691056177020073
-0.12039399147033691
0.027179911732673645
0.18858782947063446
0.29421791434288025
0.11319348961114883
0.24508149921894073
0.4925128221511841
0.44178685545921326
0.5473843216896057
0.4367457330226898
0.7951177358627319
0.07459332793951035
0.9476789236068726
0.07847339659929276
0.03754671663045883
0.03265051543712616
-0.11283290386199951
-0.02644660696387291
-0.0833183079957962
-0.18700802326202393
0.015664760023355484
-0.016201181337237358
0.14751870930194855
-0.1734660267829895
0.03805601969361305
-0.025435471907258034
-0.0723375529050827
-0.1518954634666443
-0.12750500440597534
-0.04623613879084587
-0.019003575667738914
-0.030759569257497787
0.059858132153749466
0.005171562545001507
-0.033278826624155045
-0.04153570905327797
-0.03230556845664978
-0.035367757081985474
0.1794915795326233
-0.2089182287454605
-0.14870357513427734
-0.05053415894508362
0.03270098939538002
-0.17337065935134888
-0.014168829657137394
-0.039221134036779404
-0.11393612623214722
-0.16481317579746246
0.012262165546417236
-0.010308264754712582
0.1135413870215416
0.025361377745866776
-0.05506176874041557
1.9842225313186646
0.0017788322875276208
-0.00092085893265903
-0.004720334894955158
-0.09500257670879364
0.041419923305511475
-0.07174299657344818
-0.020391734316945076
0.059595879167318344
0.016089504584670067
-0.08794399350881577
-0.04064961150288582
-0.05960001423954964
-0.009411687962710857
0.023408260196447372
0.025579527020454407
0.048690132796764374
-0.04262692108750343
0.06126048415899277
-0.04389294981956482
-0.015692099928855896
-0.08901793509721756
-0.08397464454174042
-0.0649397149682045
-0.06045779958367348
-0.07992841303348541
-0.05038359761238098
-0.003158960258588195
-0.011230633594095707
0.00011272126721451059
0.016160590574145317
-0.020024344325065613
0.0243514571338892
-0.019417013972997665
0.06903544813394547
-0.07792103290557861
-0.10914735496044159
0.007924363948404789
0.05368666350841522
-0.03906824812293053
0.029598083347082138
-0.030541572719812393
-0.08517082035541534
0.02295612543821335
0.03737227991223335
-0.08169472962617874
0.04342414438724518
-0.0173247829079628
-0.061354976147413254
-0.022166689857840538
0.07031805068254471
-0.0857771709561348
-0.09363903105258942
-0.053226154297590256
-0.06936407834291458
-0.05847153440117836
0.03974437713623047
-0.020247558131814003
0.06602822989225388
0.04090522974729538
-0.08930607885122299
0.024411188438534737
0.03725210949778557
-0.0682302936911583
0.02792106568813324
0.0597790963947773
-0.08552196621894836
-0.07491443306207657
0.040938850492239
-0.015314558520913124
0.06172285974025726
0.0477781817317009
0.03288135677576065
-0.030326195061206818
0.03175581619143486
-0.05087893083691597
-0.06609733402729034
-0.07275624573230743
-0.03804764896631241
-0.06531953066587448
-0.09007193893194199
-0.020063573494553566
-0.07215172052383423
0.022054649889469147
-0.02197585254907608
0.030623488128185272
-0.0012105487985536456
0.04900849983096123
0.01149297971278429
-0.058275267481803894
-0.026204563677310944
-0.08011268079280853
-0.07351259887218475
0.006113589741289616
0.00554838590323925
-0.08924490958452225
0.035005658864974976
0.02112683840095997
0.0831691175699234
-0.009961196221411228
0.0763668343424797
-0.029958000406622887
-0.033174190670251846
-0.10723967105150223
-0.011703483760356903
-0.06312207132577896
-0.08563525229692459
-0.029178818687796593
-0.05380172282457352
-0.03258511796593666
-0.05953533202409744
0.0018770849565044045
0.05037618800997734
-0.08593738824129105
-0.08598542958498001
-0.08248669654130936
-0.060356926172971725
-0.03760255500674248
-0.11455237120389938
-0.07498051971197128
0.02450188808143139
0.020009571686387062
-0.06621257960796356
-0.06116849556565285
-0.050308022648096085
0.06084587797522545
-0.04766649752855301
0.01297286618500948
-0.0638650581240654
0.03001363016664982
0.05409859120845795
-0.009209911338984966
-0.04614005982875824
0.011979269795119762
0.005221987143158913
-0.08251354098320007
0.04506666213274002
-0.05420929938554764
-0.0658402368426323
-0.017207356169819832
-0.029271231964230537
0.026390668004751205
-0.030072541907429695
-0.03145076334476471
-0.012995541095733643
-0.04389037936925888
-0.06340593099594116
-0.0085549121722579
0.06846684962511063
0.05548299103975296
-0.09108938276767731
-0.054554715752601624
0.06824049353599548
-0.08984915912151337
-0.08030357956886292
0.04971271753311157
-0.04741627722978592
0.10750754922628403
0.053322672843933105
0.0027312543243169785
-0.07143157720565796
-0.020937515422701836
-0.09099254757165909
-0.10508759319782257
-0.06522022932767868
0.086001455783844
0.021754523739218712
0.06697920709848404
0.06987007707357407
0.010939639993011951
-0.06741291284561157
-0.009476409293711185
-0.08644365519285202
-0.0065866876393556595
0.03147538751363754
-0.09417164325714111
0.05013647302985191
-0.04117434471845627
0.0731317400932312
0.07492125034332275
-0.050970010459423065
0.05653064697980881
-0.06876354664564133
-0.06047594174742699
-0.08388127386569977
-0.03153979405760765
0.003559161676093936
-0.0351543091237545
0.06942334771156311
-0.021011460572481155
0.06423372775316238
-0.08084329962730408
0.0395045168697834
0.08657261729240417
-0.06935608386993408
-0.01831994578242302
-0.06375066190958023
0.014807764440774918
0.005201555322855711
-0.01447822991758585
0.05704343318939209
-0.010654506273567677
0.06365494430065155
-0.0667649433016777
-0.0278327576816082
0.025097740814089775
0.040858443826436996
0.024801628664135933
-0.006553937215358019
-0.026259485632181168
-0.06192683428525925
-0.08635387569665909
-0.09031271934509277
-0.06445077806711197
0.04780160263180733
-0.004866717848926783
0.0940374955534935
-0.04791613295674324
-0.006586390547454357
-0.007408398203551769
-0.0034047665540128946
-0.06466937065124512
0.07299542427062988
-0.03104921616613865
0.0741572305560112
0.027107130736112595
0.013780690729618073
-0.039223454892635345
-0.011824746616184711
0.04298170655965805
0.038834355771541595
-0.0580548457801342
0.02298278734087944
-0.05909530445933342
0.034713566303253174
0.03588442876935005
-0.06092119589447975
0.05292486026883125
0.08759353309869766
-0.5386978983879089
0.7967347502708435
-0.572726845741272
-0.7961699366569519
0.2229507714509964
-0.47779572010040283
-0.018749689683318138
-0.4336046576499939
0.061961255967617035
1.6479498147964478
1.975081205368042
-1.5192251205444336
1.813275933265686
1.8706841468811035
1.7412419319152832
1.8061131238937378
1.7521839141845703
1.883771300315857
1.852094292640686
1.8343075513839722
1.876844882965088
-0.16104073822498322
-0.11489936709403992
-0.04963831230998039
-0.046610746532678604
0.718980610370636
1.2192566394805908
1.1109039783477783
1.0615566968917847
1.0522103309631348
0.8790926933288574
0.8140174150466919
0.9331607222557068
1.0101982355117798
1.0754759311676025
0.9758389592170715
1.1236423254013062
1.0370367765426636
1.0317761898040771
0.8600741624832153
1.1415446996688843
1.06963050365448
0.9617682695388794
0.7435047030448914
1.1729462146759033
1.0409847497940063
1.0799801349639893
0.9538923501968384
1.0051584243774414
0.8871223330497742
0.8055227994918823
0.8194584250450134
0.9505345225334167
0.8418168425559998
1.2747005224227905
0.9527251720428467
1.0142103433609009
0.9915865659713745
-1.9839285612106323
-0.31151384115219116
0.10810570418834686
-1.9823092222213745
-0.4031962454319
0.48506543040275574
-0.2668268084526062
0.31607067584991455
-0.03609196096658707
1.8978146314620972
1.6366841793060303
1.655484676361084
1.083486557006836
0.9455985426902771
1.1223149299621582
0.9888495802879333
1.1370669603347778
1.1137560606002808
1.0417883396148682
1.0524927377700806
1.0234313011169434
0.8883103728294373
0.630418598651886
0.28474608063697815
0.07008462399244308
-0.7896727323532104
-1.276219129562378
-1.3008571863174438
-1.326315999031067
-1.2982162237167358
-1.3046821355819702
-1.2155565023422241
-1.3783740997314453
-1.4428322315216064
-1.5731565952301025
-1.6272085905075073
-1.4668022394180298
-1.3098253011703491
-1.1909509897232056
-1.3446972370147705
-1.3165420293807983
-1.4573180675506592
-1.3134149312973022
-1.4580484628677368
-1.387268304824829
-1.429026484489441
-1.3816497325897217
-1.5453565120697021
-1.391465663909912
-1.3260622024536133
-1.273552417755127
-1.4136085510253906
-1.3765360116958618
-1.3167011737823486
-1.2466530799865723
-1.4266146421432495
-1.2745660543441772
-1.2486817836761475
0.03071472980082035
-0.036804329603910446
-0.939463198184967
0.027115633711218834
0.033953119069337845
0.039527636021375656
-0.048889096826314926
0.010862537659704685
0.0556623600423336
-0.041763801127672195
0.05051630362868309
0.03179028257727623
-0.04803825169801712
0.039641134440898895
0.07134116441011429
-0.08588027209043503
-0.02503974735736847
-0.05855180695652962
-0.02337517775595188
0.023970967158675194
-0.023869380354881287
0.05959125608205795
0.08516819775104523
0.03015115112066269
-0.022608203813433647
-0.018870064988732338
0.06924080103635788
-0.05040968209505081
0.024852901697158813
-0.03939269855618477
0.05211186408996582
-0.03789305314421654
0.08711694926023483
0.05982096120715141
0.01405095960944891
-0.083828866481781
0.02730615995824337
0.08861631900072098
0.0064482903108000755
-0.06866167485713959
0.053577397018671036
-0.036449313163757324
0.01823577657341957
-0.016376372426748276
0.07608161121606827
0.059419699013233185
-0.014549916610121727
0.04317471385002136
-0.021161075681447983
0.08483084291219711
0.04250023514032364
0.010796675458550453
-0.050534412264823914
-0.04723769426345825
-0.0198292825371027
0.060649722814559937
-0.05066972225904465
0.07970642298460007
-0.029315024614334106
0.06331182271242142
-0.009727522730827332
0.07952931523323059
0.019807055592536926
-0.07160020619630814
0.006040450185537338
-0.08875812590122223
0.07766111940145493
0.009285511448979378
0.07395240664482117
-0.06519074738025665
0.004024066962301731
-0.031910333782434464
0.01717684045433998
0.055344413965940475
-0.0335904136300087
0.01980680413544178
0.030042987316846848
0.003140677697956562
-0.008807874284684658
0.023309478536248207
-0.012000437825918198
0.03774135187268257
-0.03752007335424423
-0.06503836810588837
0.046805791556835175
0.05048498511314392
0.08085308969020844
-0.054305531084537506
-0.009658807888627052
0.08992482721805573
-0.007504733745008707
-0.05377403274178505
0.03803466632962227
-0.006001011468470097
0.03336605057120323
0.02150815725326538
-0.07225032895803452
-0.07863256335258484
0.059260983020067215
0.06299842149019241
-0.010340501554310322
0.047529187053442
-0.06858077645301819
0.06254614144563675
0.07321739196777344
-0.05277483910322189
-0.059490546584129333
-0.04588254913687706
0.0009227298432961106
-0.0638807862997055
-0.0532795675098896
0.045287296175956726
-0.05781719088554382
-0.06669266521930695
0.05455615371465683
-0.0164912361651659
-0.025540200993418694
-0.023222001269459724
0.006137533579021692
-0.03818775713443756
-0.02585587650537491
0.018758315593004227
0.19368596374988556
-0.5651472806930542
-0.10894395411014557
-0.9334832429885864
-1.0105020999908447
0.6736605763435364
1.9828184843063354
-0.05448713153600693
-0.08883515000343323
1.892704725265503
1.8240498304367065
-0.07281340658664703
1.9089901447296143
1.8699790239334106
1.784902572631836
1.868799090385437
1.79607093334198
1.9054778814315796
1.9218590259552002
1.9124678373336792
1.8964263200759888
0.0767260417342186
0.06220049038529396
-0.01995290257036686
0.035130057483911514
-0.7613123655319214
-0.6191117167472839
-0.6294803023338318
-0.6485998630523682
-0.6395004987716675
-0.7035162448883057
-0.6926358342170715
-0.6048420667648315
-0.6938582062721252
-0.6348848342895508
-0.6589367389678955
-0.6485182046890259
-0.7037087082862854
-0.6410173773765564
-0.6073667407035828
-0.6660062670707703
-0.7213222980499268
-0.6343938112258911
-0.6613823771476746
-0.6657953858375549
-0.7285217046737671
-0.6110420823097229
-0.6875045895576477
-0.6616076231002808
-0.7267860770225525
-0.6481196880340576
-0.6561484932899475
-0.5650575160980225
-0.6388949751853943
-0.6181751489639282
-0.6026366353034973
-0.6404977440834045
-0.5985163450241089
1.9778732061386108
-0.5023915767669678
0.0265430249273777
1.9166431427001953
-1.972050666809082
0.8329159617424011
0.04501409828662872
0.0707240104675293
-0.05077468603849411
0.8163286447525024
0.6372807025909424
-0.27070263028144836
1.982716679573059
1.8330470323562622
1.8422523736953735
1.8563998937606812
1.8650819063186646
1.8944780826568604
1.9213297367095947
1.8974287509918213
1.9107649326324463
-0.06450288742780685
-0.06355306506156921
0.10722748935222626
0.05212688446044922
-0.37767019867897034
-0.2760939598083496
-0.3162359297275543
-0.25119876861572266
-0.27192312479019165
-0.20684534311294556
-0.2387971132993698
-0.25292614102363586
-0.3126303255558014
-0.24786441028118134
-0.35857510566711426
-0.2598069906234741
-0.3480193316936493
-0.25110647082328796
-0.3312056064605713
-0.2654849886894226
-0.3504978120326996
-0.2612466514110565
-0.29699817299842834
-0.2658678889274597
-0.32976335287094116
-0.2293780893087387
-0.3181924819946289
-0.2919386625289917
-0.33652687072753906
-0.204001784324646
-0.26545029878616333
-0.263662725687027
-0.3026452660560608
-0.22943486273288727
-0.29536446928977966
-0.23432165384292603
-0.3323770761489868
-0.00899742916226387
-0.03440985456109047
1.9800848960876465
-1.3152345418930054
0.14444094896316528
0.04444956034421921
0.4815782904624939
-0.10103674978017807
-0.18489035964012146
-0.16238071024417877
-0.4772423803806305
-0.0748477503657341
1.0188482999801636
1.071492314338684
-0.06647270172834396
0.04973567649722099
0.11635162681341171
-0.09604392945766449
0.2870423495769501
0.021546291187405586
-0.257742702960968
0.27766239643096924
-0.042325638234615326
0.2497807741165161
-0.038272663950920105
-0.056867655366659164
-0.029372110962867737
-0.02133791521191597
-0.026356130838394165
0.14598402380943298
0.2644936144351959
0.2658851444721222
0.20031844079494476
0.011209823191165924
0.12176050245761871
0.1637158840894699
0.29455137252807617
0.06437467783689499
0.2584259510040283
0.06032340228557587
0.32656511664390564
0.19839277863502502
0.2077314853668213
0.10611775517463684
0.20602332055568695
0.3275088369846344
0.12105734646320343
0.07269097864627838
0.26648592948913574
0.02964089624583721
0.14215359091758728
-0.074527308344841
0.2088286131620407
-0.12662042677402496
0.16003425419330597
0.12831810116767883
0.32952141761779785
0.20969629287719727
0.42697229981422424
0.11652286350727081
-0.053248561918735504
-1.1180269718170166
-0.06384251266717911
-0.17827890813350677
-0.48570096492767334
0.15430580079555511
-0.03001553565263748
0.018976649269461632
0.6620740294456482
-0.03886927664279938
1.8786588907241821
1.8946967124938965
0.5987502336502075
1.677871584892273
1.4584088325500488
1.2956963777542114
1.8758511543273926
1.576710820198059
1.3588780164718628
1.4626134634017944
1.2646900415420532
1.4603887796401978
0.12695294618606567
0.18286912143230438
-0.11014057695865631
-0.04303225874900818
0.13819125294685364
1.982856273651123
0.08497383445501328
-1.9491546154022217
0.08437209576368332
1.9182602167129517
0.21635283529758453
-1.959808588027954
0.17864754796028137
-0.47815844416618347
-0.3054331839084625
0.6740807294845581
0.09728511422872543
-0.5898359417915344
-0.0109532680362463
0.6329960823059082
-0.31666886806488037
1.9755141735076904
-1.8537474870681763
-1.1440093517303467
-1.2864513397216797
1.2068284749984741
-0.9959138631820679
-1.7414462566375732
-1.9422383308410645
1.116908073425293
1.8510499000549316
-1.9707608222961426
1.6158863306045532
1.5418974161148071
1.080850601196289
-1.498765468597412
1.3828132152557373
-0.02752201072871685
0.09270722419023514
-1.9835423231124878
-0.7099119424819946
-0.16230878233909607
-0.033176079392433167
0.062307968735694885
-0.027146635577082634
0.24727000296115875
0.01503949798643589
0.08413241803646088
-0.000676764699164778
0.5467419028282166
0.579719066619873
-0.18759775161743164
1.8328909873962402
1.8891180753707886
1.89388108253479
1.833168387413025
1.847981572151184
1.8747516870498657
1.9060286283493042
1.9426602125167847
1.8439884185791016
0.01740916259586811
0.008417385630309582
-0.08041660487651825
-0.009912262670695782
-0.14305011928081512
-0.08542260527610779
-0.194105327129364
-0.040468890219926834
-0.033565133810043335
-0.04810809716582298
-0.06470950692892075
-0.10210253298282623
-0.06965812295675278
-0.06308085471391678
-0.11269219219684601
-0.10234296321868896
-0.07750076800584793
-0.1057329922914505
-0.16520124673843384
-0.0909038633108139
-0.058179426938295364
0.0006929515511728823
-0.09499063342809677
-0.021713072434067726
-0.07503099739551544
-0.0631786435842514
-0.152617946267128
-0.07531657069921494
-0.15644915401935577
-0.009706386364996433
-0.19592587649822235
-0.03591519221663475
-0.06565999984741211
-0.08918926864862442
-0.10757390409708023
-0.030740484595298767
-0.09732481092214584
-1.170953392982483
0.08858806639909744
-0.3115670382976532
-0.11950858682394028
0.09196848422288895
-0.0013509890995919704
-0.0061901407316327095
0.37651753425598145
0.04661747068166733
0.2742059826850891
0.3782813847064972
-0.42132580280303955
1.7866113185882568
1.8232553005218506
1.783421277999878
1.8061299324035645
1.901843547821045
1.6528847217559814
1.7068850994110107
1.7945530414581299
1.6912263631820679
0.11846257746219635
0.16570112109184265
0.006814769934862852
-0.0397653691470623
0.865856409072876
1.5793200731277466
1.5674479007720947
1.2407852411270142
1.0988870859146118
-0.7623913288116455
-1.207027792930603
-0.6261172890663147
1.1675655841827393
0.10826658457517624
0.5166217088699341
1.1045913696289062
1.533394694328308
1.0448323488235474
0.3433922231197357
-0.22601881623268127
0.3152291774749756
-1.6371325254440308
0.771272599697113
1.787976622581482
1.9720903635025024
1.9720464944839478
1.2205957174301147
-1.4005745649337769
-1.984032154083252
1.5597925186157227
0.7078248262405396
-1.939087152481079
-1.9841307401657104
-1.9594037532806396
1.044874906539917
1.8928656578063965
1.981637954711914
-0.04062075540423393
-0.03489106148481369
0.13721343874931335
1.9645228385925293
0.0006353080971166492
0.08848776668310165
-0.2014407515525818
-0.521909773349762
0.46393319964408875
0.41506636142730713
0.10297691822052002
0.0033411390613764524
1.6919236183166504
1.964622139930725
-0.450351744890213
-1.6070997714996338
1.5515133142471313
-0.3927558958530426
-0.22960469126701355
0.9096599817276001
0.3709483742713928
-1.561346411705017
-0.5622456669807434
1.0147342681884766
-0.0027237494941800833
-0.04168463498353958
-0.48481979966163635
-0.0639454796910286
-0.550866425037384
0.49201181530952454
-1.1161010265350342
-1.4128663539886475
-1.977030634880066
-1.850835919380188
0.8697799444198608
1.853423833847046
1.9827394485473633
-0.9313952922821045
-0.05297543853521347
-0.7975910902023315
-0.9265161156654358
-0.6182462573051453
1.235987663269043
0.0860343873500824
1.0247857570648193
-0.0626334622502327
-1.2094074487686157
-0.8097451329231262
-0.1047680601477623
0.22962580621242523
0.38192394375801086
0.6905845403671265
0.9275326132774353
1.5263969898223877
-0.178968146443367
-1.9438409805297852
-1.9419472217559814
-1.3796229362487793
0.5299170017242432
0.03128795325756073
1.958857536315918
1.0953761339187622
-0.198707714676857
-0.05851992219686508
-0.1101660430431366
-0.165324866771698
-0.4685193598270416
-0.1183546856045723
-1.6489756107330322
-0.07833133637905121
1.1706960201263428
0.803195595741272
-0.1270618587732315
0.22273384034633636
1.9822901487350464
-1.9816961288452148
-1.8091802597045898
1.980144739151001
-0.8552076816558838
-1.4226235151290894
0.7184552550315857
1.341096043586731
0.053342122584581375
0.0780906155705452
0.14444279670715332
0.058290958404541016
0.29911983013153076
-0.5626044869422913
0.005860042292624712
1.864395260810852
1.9494426250457764
-0.36820271611213684
0.591378390789032
0.8155820369720459
0.19344781339168549
-0.21049612760543823
0.15623223781585693
0.23349261283874512
1.7057136297225952
0.07397672533988953
0.14491190016269684
-0.12065020948648453
-0.07723742723464966
-0.7890467047691345
0.27263009548187256
-0.18208368122577667
-0.19499051570892334
-0.6396573185920715
-0.08384274691343307
-1.167927622795105
-1.7714273929595947
-0.5680460333824158
0.19782628118991852
-0.4424916207790375
-0.15861152112483978
0.1623496413230896
-0.3297082185745239
-1.9240013360977173
-1.8618247509002686
-0.27162960171699524
-0.4468691945075989
0.43254366517066956
-0.0010560282971709967
-0.05460014194250107
-0.02513088285923004
-0.040528688579797745
-0.016475750133395195
-0.015882708132267
0.02207874320447445
-0.024906666949391365
0.02588033303618431
-0.04353901743888855
-0.037673935294151306
-0.09492439776659012
0.08602261543273926
-0.011113530024886131
-0.07017018646001816
-0.08916755765676498
0.0719190388917923
-0.043567974120378494
0.03802254796028137
-0.005507643334567547
-0.07996595650911331
0.018382810056209564
0.03939410299062729
0.05994773656129837
-0.08925416320562363
0.008025513961911201
-0.03320000320672989
-0.02275635302066803
-0.04959161579608917
0.08232971280813217
-0.050609271973371506
0.031754087656736374
-0.016252420842647552
-0.02647470496594906
0.042795952409505844
0.012611912563443184
0.0027895274106413126
-0.04312784597277641
0.03504543378949165
0.07368960231542587
-0.04737085849046707
-0.04088236764073372
-0.07992657274007797
-0.040284164249897
-0.03095647133886814
0.07904955744743347
0.084568090736866
-0.045824334025382996
-0.020763656124472618
0.04665127024054527
-0.05924743786454201
0.03676534816622734
0.033551473170518875
0.047375209629535675
0.03846992179751396
0.06478224694728851
0.04008234292268753
0.013852443546056747
0.07956312596797943
0.0317113921046257
-0.06252692639827728
-0.02475414052605629
0.08742216229438782
0.07201260328292847
0.06216998025774956
0.018383467569947243
-0.008422098122537136
-0.0802617073059082
0.009711172431707382
-0.013972696848213673
0.03848313167691231
0.053385064005851746
0.039751265197992325
-0.007771866396069527
-0.04128461331129074
-0.04168056324124336
0.04567817226052284
0.012353392317891121
-0.018972299993038177
0.03282320126891136
-0.08962790668010712
-0.08883993327617645
-0.003096454543992877
0.03191670402884483
0.04586679860949516
0.08713280409574509
0.028159024193882942
-0.021116644144058228
-0.014614926651120186
0.07723987847566605
-0.09232456237077713
-0.026942934840917587
-0.05318938195705414
0.004012685734778643
0.05270683392882347
-0.07831689715385437
-0.03902757540345192
-0.04165065661072731
0.020157279446721077
-0.06961250305175781
-0.020138105377554893
-0.050399988889694214
-0.06591380387544632
-0.0004718278651125729
-0.024749284610152245
0.005558803211897612
0.020129401236772537
-0.06150662153959274
-0.008407399989664555
-0.03336271643638611
0.0690237283706665
-0.08925078809261322
0.043799515813589096
-0.016002655029296875
-0.057609789073467255
-0.020198797807097435
0.01999649591743946
0.048953134566545486
0.02640683203935623
-0.08238334208726883
0.08370847254991531
0.018621137365698814
-0.008226674050092697
0.06831631809473038
0.07007817924022675
-0.003929562866687775
0.0010777530260384083
0.08237605541944504
-0.06450042873620987
-0.06630536913871765
0.035071033984422684
-0.043688543140888214
-0.02686353772878647
0.019736066460609436
-0.07724891602993011
0.06398516893386841
0.06890356540679932
0.009328807704150677
0.007598910480737686
0.06676965206861496
0.0005837464123032987
-0.03322373703122139
0.042844679206609726
-0.08346602320671082
0.04896504804491997
0.05802693963050842
0.01764257811009884
-0.07986605912446976
0.05280013754963875
-0.03175749629735947
-0.07486514747142792
-0.07570841908454895
-0.01371827069669962
-0.05898008123040199
0.08155245333909988
-0.0039041663985699415
-0.03992879018187523
-0.013418398797512054
0.01388239674270153
-0.0351601280272007
-4.068456473760307e-05
-0.07154573500156403
0.0772559642791748
0.007851694710552692
0.07833202183246613
-0.06967759877443314
-0.06968402117490768
-0.023382367566227913
-0.011095738969743252
-0.04896146059036255
0.014124427922070026
0.02580299600958824
-0.07445941865444183
0.07941664010286331
-0.03116600401699543
0.030428851023316383
0.027718285098671913
0.04951540753245354
0.05035775154829025
-0.0075826495885849
-0.0030156299471855164
-0.09147398918867111
-0.05371009185910225
0.0755438357591629
0.007473294157534838
0.045548178255558014
0.003440856235101819
-0.07826346158981323
0.06342563778162003
0.025062259286642075
0.042837753891944885
0.0586048848927021
-0.03326600790023804
-0.09166853129863739
-0.06352915614843369
-0.08251471072435379
-0.025596152991056442
-0.05561184138059616
-0.0322231687605381
-0.05831485614180565
0.015405352227389812
-0.05188022553920746
0.04107561707496643
0.014738313853740692
-0.004355346318334341
0.02615063451230526
0.07308973371982574
-0.08830422908067703
0.002115346025675535
-0.07285712659358978
0.066111259162426
0.01596488244831562
-0.011655007489025593
-0.006619617808610201
-0.0017275585560128093
0.018770193681120872
-0.027885371819138527
-0.06160890683531761
-0.038919512182474136
0.03682022914290428
-0.0019832057878375053
-0.027777569368481636
0.029327450320124626
-0.044667039066553116
-0.07882021367549896
0.05185367166996002
-0.08741972595453262
0.053270429372787476
-0.033364083617925644
0.05177822709083557
0.04747684299945831
0.00793759897351265
-0.07384598255157471
0.07108315825462341
-0.020264890044927597
-0.006177278235554695
-0.029657768085598946
-0.04390858858823776
1.77210533618927
0.47912290692329407
0.05225258693099022
1.4098937511444092
-1.962523102760315
-0.4918724000453949
-0.7247163653373718
-1.9769015312194824
0.05602489411830902
-1.5299421548843384
-1.8713680505752563
0.4057762920856476
-0.986125111579895
-1.7849857807159424
-0.16575178503990173
-1.918304204940796
-0.10090620070695877
-0.17617440223693848
-0.2663573622703552
-0.2131735384464264
-0.1063084602355957
0.08154013007879257
0.09369689226150513
0.7143848538398743
0.31951430439949036
-1.2820065021514893
-1.5207010507583618
-1.973736047744751
-1.3509918451309204
-0.8559848666191101
-0.9896396994590759
-1.0123176574707031
-0.8428537845611572
-1.2620680332183838
-0.44289106130599976
-0.476637065410614
-0.6792954206466675
-1.1999932527542114
-0.7925999164581299
-0.9138469099998474
-0.6415001153945923
-1.8432105779647827
-1.305080771446228
-1.080271601676941
-0.7510402202606201
-1.9632784128189087
-0.5802667140960693
-0.5809605717658997
-0.8201566934585571
-1.392920732498169
-0.6314681768417358
-1.2385640144348145
-1.4118726253509521
-1.2262907028198242
-1.3189032077789307
-1.9677971601486206
-1.3849120140075684
-0.9939647316932678
1.984375
-0.4052213430404663
-1.340018630027771
0.43724820017814636
1.1188745498657227
0.6706775426864624
0.05883478745818138
-1.984375
-0.04173117130994797
1.4185189008712769
1.1303493976593018
-0.39538076519966125
-1.6567174196243286
-0.26715824007987976
-1.2101352214813232
-0.518072247505188
-1.1123042106628418
-0.21097290515899658
-0.29776492714881897
-0.30090221762657166
-0.21830326318740845
0.3986203372478485
0.6389360427856445
-0.049382131546735764
0.34066683053970337
-0.03958277776837349
1.7480124235153198
0.43331530690193176
1.444222092628479
1.000510811805725
1.9332493543624878
0.4574638903141022
1.4799562692642212
0.9195037484169006
1.373734951019287
0.5096227526664734
1.5658583641052246
1.2549337148666382
1.8902764320373535
0.21153025329113007
1.9485074281692505
0.7112787961959839
1.772782325744629
0.061768971383571625
1.9630188941955566
0.6434337496757507
1.3572731018066406
0.44294390082359314
1.4342683553695679
0.8663758039474487
1.960039734840393
0.6129902601242065
1.5313771963119507
0.8985206484794617
1.661604881286621
0.4885573089122772
1.4274073839187622
0.9764739871025085
1.335057020187378
0.9247266054153442
-1.982569932937622
-0.9891971349716187
-0.016115400940179825
0.3635760247707367
-1.9837769269943237
1.7003428936004639
0.33081939816474915
0.07319194823503494
-0.028706829994916916
0.04587433114647865
1.9621307849884033
1.9223521947860718
-0.38770610094070435
1.4331659078598022
1.4115521907806396
1.4281705617904663
1.4288958311080933
1.4038983583450317
1.4176398515701294
1.4239102602005005
1.4273509979248047
1.4014698266983032
-0.26506736874580383
-0.2573535144329071
0.0498817153275013
0.019452331587672234
-0.40474244952201843
-0.08723291754722595
0.09336862713098526
-0.007955734618008137
0.08835986256599426
-0.09309488534927368
0.06068864464759827
-0.032937224954366684
0.11111591756343842
0.007539653684943914
0.042950283735990524
-0.038131631910800934
0.07658588141202927
-0.00024251153809018433
0.09433293342590332
-0.016093719750642776
0.04671149700880051
-0.02667973004281521
0.05283528193831444
-0.0656583234667778
0.029149018228054047
-0.02212349884212017
0.0019119429634884
-0.06790300458669662
0.06761917471885681
-0.10480349510908127
0.07876788824796677
-0.041788987815380096
0.09906439483165741
-0.06249695643782616
0.05142282322049141
-0.017902139574289322
0.09031771123409271
-1.6349742412567139
0.06025130674242973
-1.3138231039047241
0.9198399782180786
-0.2797156870365143
-0.08722954988479614
-0.660714328289032
0.16211757063865662
-0.07301805913448334
1.9057867527008057
1.9561753273010254
-0.2949032187461853
1.5968304872512817
1.5876965522766113
1.566738247871399
1.5844959020614624
1.5766650438308716
1.6120699644088745
1.6096820831298828
1.60573410987854
1.5897737741470337
0.7142520546913147
0.5321608781814575
0.05278642475605011
0.006004142574965954
0.1898343414068222
0.14773695170879364
0.10463573783636093
0.13692066073417664
0.09971233457326889
0.1907111406326294
0.07495979964733124
0.10703594982624054
0.10083959996700287
0.11296457052230835
0.09633073955774307
0.1904844492673874
0.15940801799297333
0.19344636797904968
0.14419089257717133
0.17373932898044586
0.11176244914531708
0.15068356692790985
0.10695412009954453
0.17711612582206726
0.1166917085647583
0.14251677691936493
0.10948523879051208
0.19242285192012787
0.14275513589382172
0.16671763360500336
0.07395679503679276
0.12805867195129395
0.08503961563110352
0.1545192450284958
0.07501933723688126
0.12717634439468384
0.08162058144807816
-0.05248787999153137
-0.07356300204992294
-1.0980751514434814
-1.3507260084152222
0.260415256023407
-0.18724752962589264
-1.974114179611206
-1.9782692193984985
-0.5646915435791016
-0.053363900631666183
-1.9773166179656982
-0.038926899433135986
-0.7616371512413025
1.6648348569869995
-1.8844085931777954
-1.9245718717575073
1.984375
1.0630394220352173
1.984251856803894
1.172630786895752
-1.9372875690460205
-1.5132920742034912
-1.6751536130905151
-1.5634888410568237
-0.15942737460136414
-0.02004314586520195
-1.984375
-0.9922239780426025
0.4337635934352875
1.7310737371444702
-0.5076049566268921
0.12749595940113068
-0.20641446113586426
-0.17619159817695618
1.0841319561004639
-0.7944087386131287
-0.8164229393005371
0.7033678889274597
-1.4933499097824097
1.7871341705322266
-0.07427814602851868
0.8755830526351929
-1.4799224138259888
1.3546375036239624
-0.9258028864860535
1.022691249847412
-1.4072544574737549
1.408270001411438
-0.809221625328064
0.7205137610435486
-1.3906140327453613
1.8314616680145264
0.024251947179436684
-0.34692293405532837
1.158859133720398
-0.9799133539199829
-0.7140449285507202
1.7349662780761719
-0.4825797975063324
0.01375667192041874
-0.3157161474227905
-1.984375
0.10010762512683868
-0.19139330089092255
-0.030807238072156906
-0.9184817671775818
1.8238152265548706
0.2647457420825958
-1.8734527826309204
-0.09127651900053024
-1.8930317163467407
-1.5734009742736816
-0.8022534847259521
-0.8398929834365845
1.984375
-1.931695818901062
1.9839506149291992
-1.893025279045105
0.48732826113700867
0.052419476211071014
0.46606796979904175
-0.026946865022182465
0.34868529438972473
0.3534131944179535
-1.0756312608718872
-0.5256314277648926
-1.1208722591400146
-1.602342128753662
1.8858909606933594
-1.1421724557876587
-0.9831098914146423
-1.973249912261963
0.968174397945404
-1.1145652532577515
-1.5167957544326782
-1.7446311712265015
1.978804111480713
-1.6871871948242188
-0.08288101851940155
-0.6696146130561829
1.9340118169784546
-1.9772340059280396
-1.543425440788269
-0.7563813328742981
1.9617208242416382
-1.982830286026001
-1.6674220561981201
-1.5937124490737915
1.9789621829986572
-1.6215639114379883
-0.12922494113445282
-1.9762808084487915
1.0650118589401245
-1.0941390991210938
-1.588857889175415
-1.5229741334915161
1.853092074394226
-1.0652785301208496
-1.037559151649475
0.9861891865730286
0.7406842708587646
-0.47279614210128784
0.06743335723876953
0.008040432818233967
-0.12177032977342606
-0.12853766977787018
-0.05760360136628151
-0.07811106741428375
-0.0787540078163147
0.031516365706920624
-0.06075502559542656
0.04761326685547829
-0.04779824614524841
-0.00349006918258965
0.03879652917385101
0.0239682849496603
-0.013643273152410984
-0.05972546711564064
-0.0038902105297893286
-0.08069921284914017
0.02418823353946209
-0.025296971201896667
0.047119054943323135
-0.06712044030427933
-0.1011807918548584
0.04779370129108429
-0.07136335968971252
-0.05381761118769646
-0.02130957320332527
0.025563078001141548
-0.10267825424671173
-0.07931658625602722
-0.0630437508225441
-0.06442714482545853
-0.10791556537151337
-0.11098426580429077
-0.09197543561458588
-0.01404700055718422
0.004786841571331024
0.02775469608604908
-0.10125776380300522
-0.0058572678826749325
-0.03754512593150139
-0.11742070317268372
-0.019779544323682785
-0.05415775626897812
-0.07615238428115845
0.013852647505700588
-0.061478860676288605
-0.11366827040910721
-0.10720168054103851
-0.033052705228328705
0.027651958167552948
-0.08084812760353088
0.040842194110155106
0.01584596559405327
0.01008621510118246
0.05708157643675804
-0.04589621722698212
-0.008305306546390057
-0.002337683690711856
-0.10535139590501785
0.002559095388278365
-0.016468361020088196
0.0005923709832131863
-0.005996547173708677
0.022633235901594162
-0.01881123147904873
-0.015864389017224312
-0.09731978923082352
0.02620168775320053
-0.07078640908002853
-0.09198592603206635
0.04036758467555046
-0.05222715809941292
-0.042426519095897675
-0.09054272621870041
0.07358817011117935
-0.05453227087855339
-0.09095972031354904
-0.05894298851490021
-0.049251556396484375
-0.007909548468887806
0.00901329331099987
0.02584032341837883
-0.07682573050260544
0.003499894170090556
-0.11584872007369995
0.000781260896474123
0.03817129507660866
-0.08773697912693024
-0.11157381534576416
-0.09909093379974365
-0.09802035242319107
-0.007532155141234398
-0.10303352028131485
-0.10936519503593445
-0.11176129430532455
-0.0657263994216919
-0.008422727696597576
-0.030304115265607834
-0.01275080256164074
-0.003251511137932539
-0.054061368107795715
-0.04893995076417923
-0.033045560121536255
0.04513375833630562
0.01091268565505743
0.035376183688640594
-0.10472643375396729
0.020604712888598442
-0.038284048438072205
-0.07369625568389893
-0.06692168116569519
-0.031273506581783295
-0.09476960450410843
-0.059551388025283813
-0.07761460542678833
-0.08096928894519806
0.01216394267976284
-0.02934308722615242
0.03309119865298271
0.25238004326820374
-0.03617333620786667
0.000677331059705466
-1.984375
0.29687461256980896
0.6220521330833435
-1.9817602634429932
-0.03694933280348778
1.1554127931594849
1.0891307592391968
-1.9823839664459229
1.4511548280715942
1.4084519147872925
1.3536986112594604
1.4013874530792236
1.4140158891677856
1.4257290363311768
1.4380611181259155
1.4594532251358032
1.4843413829803467
-1.9073905944824219
0.25820598006248474
0.06061587855219841
0.025938237085938454
0.3280937373638153
0.16213610768318176
-0.7562450766563416
-0.2842598557472229
-0.1395799070596695
0.06485600024461746
-0.049283288419246674
0.7351797223091125
-0.7376589179039001
0.9662034511566162
0.015105404891073704
0.4850190579891205
0.14909721910953522
0.43558454513549805
-0.2335631251335144
0.4893539845943451
0.3639566898345947
0.54106205701828
-0.3699253499507904
0.6985625624656677
-0.09732010960578918
0.8106301426887512
-0.14610765874385834
0.326156347990036
0.0023421647492796183
0.08729851245880127
-0.02854893170297146
0.47951599955558777
-0.44707491993904114
-0.24084699153900146
-0.5254809856414795
-0.29347285628318787
-0.061017028987407684
-1.9734662771224976
-0.06439002603292465
-0.557288408279419
0.6547905802726746
-0.5992075204849243
-0.06830161809921265
-0.8258522152900696
-1.9769173860549927
0.05491388961672783
0.40858516097068787
0.45093202590942383
-0.23830033838748932
1.433708667755127
1.34857976436615
1.3234245777130127
1.3520326614379883
1.3316913843154907
1.353367805480957
1.333099603652954
1.3273907899856567
1.3406474590301514
-1.9839916229248047
0.43035125732421875
0.0049519953317940235
-0.017965223640203476
0.487702876329422
-0.24163751304149628
-0.2586464285850525
-0.5155760049819946
-0.6140448451042175
-0.6715918183326721
-0.45596107840538025
-0.5280731320381165
-0.4033173620700836
-0.4760126769542694
-0.23745772242546082
-0.5774893760681152
-0.2150990515947342
-0.4427909851074219
-0.35406729578971863
-0.6246540546417236
-0.32240864634513855
-0.49635469913482666
-0.5028902292251587
-0.5673480033874512
-0.35566702485084534
-0.46842098236083984
-0.265943706035614
-0.5384905338287354
-0.21833249926567078
-0.713890016078949
-0.4325595796108246
-0.4852873682975769
-0.36518579721450806
-0.4533904492855072
-0.27806854248046875
-0.5259212255477905
-0.49112996459007263
-0.0005291303968988359
-1.9830200672149658
-1.984375
-1.983499526977539
1.8317854404449463
-1.7641695737838745
-1.9781038761138916
1.817992925643921
-1.6315038204193115
-0.6623082160949707
-1.8942477703094482
0.036769457161426544
0.2516272962093353
0.05902344733476639
-1.984375
1.587441325187683
1.7969521284103394
1.893136739730835
1.6083310842514038
1.783447027206421
1.7220304012298584
1.9234585762023926
1.6767910718917847
1.622333288192749
0.768333911895752
1.5297468900680542
-0.03963456675410271
-0.08410069346427917
-1.6740899085998535
1.4842097759246826
1.797224998474121
1.6552791595458984
1.6999015808105469
1.2236489057540894
1.078163743019104
1.4673231840133667
1.7481967210769653
1.6846421957015991
1.7094838619232178
1.6729604005813599
1.408704161643982
1.5141607522964478
1.4686229228973389
1.3345738649368286
1.4786826372146606
1.865527868270874
1.479811191558838
1.2431684732437134
1.3261723518371582
1.5667296648025513
1.5765786170959473
1.7709474563598633
1.6504453420639038
1.7724770307540894
1.6440889835357666
1.6678757667541504
1.6473634243011475
1.7287378311157227
1.822400450706482
1.8484443426132202
1.5740537643432617
-1.9717363119125366
-0.8313318490982056
-0.7008175253868103
-1.984375
1.8651654720306396
1.0369982719421387
-0.3621850907802582
-0.4530685245990753
0.005323088262230158
0.1631982922554016
0.25587859749794006
-0.8905786871910095
1.7185139656066895
1.784044861793518
1.6947503089904785
1.9076838493347168
1.489535927772522
1.5589760541915894
1.7052310705184937
1.8326998949050903
1.69729483127594
-0.17017939686775208
0.3636675477027893
-0.09042127430438995
-0.1338943988084793
-0.7089368104934692
-0.3985983431339264
-0.2605193257331848
-0.27982279658317566
-0.28717920184135437
-0.1306612640619278
-0.3396458625793457
-0.3399637043476105
-0.37942302227020264
-0.38925090432167053
-0.26279643177986145
-0.23188506066799164
-0.18942400813102722
-0.35324782133102417
-0.2813521921634674
-0.14096000790596008
-0.5488778352737427
-0.18720321357250214
-0.12635338306427002
-0.25661760568618774
-0.3245755732059479
-0.30201807618141174
-0.32376328110694885
-0.4224500358104706
-0.42532068490982056
-0.2439466267824173
-0.4220750331878662
0.0321941003203392
-0.2999221682548523
-0.3236396610736847
-0.4351109266281128
-0.24702954292297363
-0.3824072778224945
0.06277257204055786
-0.2302095741033554
-0.04690949246287346
0.5463123917579651
0.047318775206804276
0.00937542226165533
-0.03630251809954643
-0.0655691847205162
-0.06956732273101807
-0.065446637570858
0.12717437744140625
-0.041449517011642456
-0.007716818246990442
-0.11028092354536057
-0.0012765709543600678
-0.04844396933913231
0.0894726887345314
-0.02168700471520424
0.13189886510372162
0.00440424308180809
-0.09197254478931427
-0.08615461736917496
-0.1385280191898346
-0.12352930754423141
-0.040017541497945786
-0.01861971616744995
0.0583709180355072
-0.0817752406001091
-0.11679551750421524
-0.08582059293985367
-0.10573136061429977
-0.06812179088592529
0.03301186114549637
-0.039582978934049606
0.03997432067990303
0.03804844990372658
0.009633474983274937
-0.04739786684513092
-0.0313057079911232
-0.013583284802734852
-0.024351375177502632
0.021960996091365814
0.046769168227910995
0.006807832978665829
-0.11926788836717606
0.020475959405303
-0.06005840748548508
-0.0007175445789471269
-0.06425883620977402
-0.03409779816865921
-0.0849992036819458
0.019669510424137115
-0.12223164737224579
0.01790265366435051
-0.08270900696516037
0.02913203462958336
-0.061516616493463516
-0.06428331881761551
-0.05696035549044609
0.03288881108164787
-0.031078610569238663
0.5568609237670898
-0.8168216943740845
-0.7475007772445679
-0.6605170965194702
-0.8019794821739197
-0.7378206253051758
-0.11337906867265701
0.14344444870948792
0.04677039757370949
-0.06663694977760315
-0.017239242792129517
-0.061201710253953934
-0.1776205152273178
-0.005250175017863512
-0.009365115314722061
-0.11344001442193985
0.005501080770045519
-0.15671424567699432
-0.08923551440238953
-0.10669826716184616
-0.026655107736587524
-0.7459296584129333
0.02245972491800785
-0.48497268557548523
-0.03354264423251152
-0.8477227091789246
-0.010104513727128506
-0.09791454672813416
-0.008575089275836945
0.05473780632019043
0.01917923241853714
0.046785369515419006
-0.033276770263910294
-0.0785243958234787
0.05665211006999016
-0.050644975155591965
-0.05570616200566292
0.015900982543826103
0.0019486540695652366
-0.06221725791692734
0.04438527300953865
0.013621000573039055
-0.03271247074007988
-0.08987277746200562
0.005946946330368519
-0.013220047578215599
-0.05910664051771164
-0.04248969256877899
0.01778692938387394
-0.07208361476659775
0.036643773317337036
-0.04556499421596527
0.07647661119699478
0.01275789737701416
-0.006413126830011606
-0.026425397023558617
0.03760325908660889
-0.06700119376182556
-0.17249450087547302
0.03301951289176941
1.8094689846038818
-0.9467692375183105
0.5865962505340576
-1.0059394836425781
-0.19992674887180328
-0.03322947025299072
-0.8404278755187988
0.2884514033794403
-0.09884418547153473
0.040073126554489136
-1.6492133140563965
-1.6755123138427734
0.4913398325443268
-1.887945532798767
-1.8397579193115234
-1.8945670127868652
-1.8741105794906616
-1.8660249710083008
-1.8973026275634766
-1.8821396827697754
-1.899552583694458
-1.9093519449234009
0.4537893533706665
0.6225910782814026
0.024748727679252625
-0.0053529213182628155
0.4198935329914093
0.3246251940727234
0.3771754503250122
0.3711239695549011
0.2746978998184204
0.45816051959991455
0.2809298038482666
0.31173571944236755
0.3699469268321991
0.3539748191833496
0.3580743968486786
0.35143759846687317
0.25252223014831543
0.37823018431663513
0.22722212970256805
0.38286587595939636
0.28247737884521484
0.3936634063720703
0.29661646485328674
0.39879322052001953
0.28360483050346375
0.31860029697418213
0.3506976366043091
0.3602074682712555
0.2555575370788574
0.3760271370410919
0.3290214240550995
0.27265867590904236
0.33187878131866455
0.2824624478816986
0.3853624761104584
0.3614240288734436
0.28641369938850403
1.984375
0.6424339413642883
-0.49063679575920105
1.9807732105255127
-1.2144124507904053
-1.1575905084609985
-1.977514624595642
-0.5255307555198669
0.011984811164438725
1.1786553859710693
1.3504763841629028
0.898368239402771
-1.069298505783081
-0.901496171951294
-0.8805106282234192
-0.8711754679679871
-0.8914989829063416
-0.9804216027259827
-0.9883306622505188
-0.9740550518035889
-1.003915786743164
0.4336760640144348
0.3760833442211151
-0.01601259969174862
-0.02083461545407772
0.5814635157585144
0.35031387209892273
0.3043396770954132
0.3031335473060608
0.29937684535980225
0.37255895137786865
0.31736212968826294
0.30562925338745117
0.32990550994873047
0.31115174293518066
0.3281210958957672
0.3429056704044342
0.38480648398399353
0.33498841524124146
0.38202735781669617
0.39373937249183655
0.38993126153945923
0.2881154417991638
0.33648550510406494
0.42743316292762756
0.3506951928138733
0.3029056191444397
0.3272571265697479
0.3661174178123474
0.3425648510456085
0.349810391664505
0.3485681116580963
0.3529651165008545
0.36748725175857544
0.3094359040260315
0.3021976351737976
0.31632304191589355
0.30677545070648193
0.02137400023639202
0.06295810639858246
-1.9842842817306519
1.9843544960021973
0.5635848045349121
0.6150176525115967
-1.9805305004119873
-1.9591436386108398
-1.0782804489135742
1.0533652305603027
1.2198286056518555
0.017447087913751602
0.9661009907722473
0.6264126300811768
-1.970282793045044
1.9461201429367065
1.7504408359527588
1.9395414590835571
1.7482414245605469
1.9283846616744995
-1.918519139289856
-1.9496350288391113
-1.9627665281295776
-1.9658035039901733
-1.715667963027954
-1.5534292459487915
-0.13679239153862
-1.275223970413208
-0.6100620031356812
-1.3984410762786865
-1.4314128160476685
-1.2622047662734985
-0.9411241412162781
-1.2057517766952515
0.7513276934623718
-1.7979313135147095
-1.9688777923583984
-1.135953664779663
-1.3063316345214844
-0.8989874720573425
-0.05463597923517227
-0.8487563729286194
-0.7193965911865234
-0.9966248273849487
-0.5835134983062744
-1.4002987146377563
-1.1967540979385376
-0.8642979264259338
-0.5235164165496826
-1.2632499933242798
-1.5526072978973389
-1.4379674196243286
-0.8235937356948853
-1.454816222190857
0.49277588725090027
-1.9140797853469849
-1.9425336122512817
-1.501021146774292
-1.6340142488479614
-1.8129955530166626
-1.1438846588134766
1.485816478729248
-0.5935698747634888
-0.3606258034706116
-1.9786791801452637
1.8954352140426636
1.9677098989486694
0.39029958844184875
1.7525259256362915
-0.02242790348827839
-0.5784168243408203
0.3849014937877655
-0.1822281777858734
-0.6137415766716003
-0.2148212194442749
1.3451263904571533
-0.46000242233276367
0.8745507001876831
1.9786790609359741
1.2647374868392944
1.8061299324035645
1.5437499284744263
1.8581743240356445
1.944531798362732
-0.6121131181716919
0.6796429753303528
-0.5674802660942078
1.8817405700683594
0.4013744592666626
0.7756108045578003
-0.686046838760376
1.979576587677002
0.6441674828529358
-0.206003800034523
0.4168362617492676
0.758395254611969
-0.7831854224205017
1.9683774709701538
-0.08172997832298279
0.43183082342147827
0.08627388626337051
1.8525681495666504
-1.145683765411377
0.35099300742149353
-0.027905499562621117
1.7479569911956787
-1.204230785369873
1.1639941930770874
-0.31571856141090393
1.9745688438415527
-0.021345604211091995
1.9782975912094116
0.7554458379745483
-0.17087265849113464
0.48402315378189087
1.9364947080612183
0.47213292121887207
1.0490509271621704
-0.24891401827335358
-0.824364960193634
0.7310775518417358
0.48898300528526306
0.38179200887680054
-0.025105107575654984
-0.07573041319847107
-0.004508071579039097
-0.022121740505099297
-0.16148719191551208
-0.3103272020816803
-0.017662202939391136
0.025221534073352814
0.981529712677002
0.9455850720405579
0.2558269500732422
1.9339582920074463
1.8510749340057373
1.9140098094940186
1.85893714427948
1.8996983766555786
1.8149750232696533
1.9121261835098267
1.8129299879074097
1.9326237440109253
0.059415798634290695
0.06880657374858856
0.0520276203751564
0.008696540258824825
0.21156597137451172
-0.0022900712210685015
-0.027540812268853188
-0.012880658730864525
-0.039096638560295105
-0.06299592554569244
-0.017514701932668686
-0.08136476576328278
-0.08052966743707657
0.00970980990678072
0.06255360692739487
0.02877775952219963
0.013605991378426552
0.010366765782237053
-0.06473569571971893
0.06706298142671585
-0.06005608290433884
-0.009820858016610146
-0.11287899315357208
0.04839710891246796
-0.11148427426815033
-0.026054436340928078
-0.039339374750852585
0.022289736196398735
-0.019426532089710236
0.02169913612306118
-0.036669980734586716
-0.08335123211145401
-0.07106924802064896
-0.05515272915363312
-0.017729412764310837
0.0071067106910049915
0.033651821315288544
-1.984375
0.0328189842402935
-0.27084559202194214
-0.1180884912610054
-0.012488750740885735
-0.06462934613227844
0.33368685841560364
-0.8031163811683655
0.00809555035084486
0.8218223452568054
1.0015006065368652
0.4297715723514557
1.8258734941482544
1.9430561065673828
1.8162117004394531
1.8439829349517822
1.823748230934143
1.8528456687927246
1.860985279083252
1.8679497241973877
1.9056371450424194
0.11609333753585815
0.18005216121673584
-0.027071688324213028
-0.04795954003930092
-0.8392260074615479
1.7484537363052368
1.9811947345733643
1.6201738119125366
-0.5156711935997009
-1.9836418628692627
-1.9828739166259766
-1.9081546068191528
-0.35704872012138367
-1.9750182628631592
-1.281799554824829
-1.4034887552261353
-0.5121650099754333
1.7592381238937378
1.984225869178772
0.9451500177383423
-1.532387137413025
1.8073794841766357
1.7447044849395752
1.3618773221969604
-0.6897957921028137
-1.9556779861450195
-1.9835882186889648
-1.4089546203613281
0.09505501389503479
-1.6213643550872803
-1.981788158416748
-1.5099087953567505
-0.2639343738555908
1.9522563219070435
1.9669898748397827
1.8027632236480713
-0.24527131021022797
-0.07509815692901611
-0.014167038723826408
-0.01364001352339983
0.5402669906616211
-1.350199818611145
-1.3788176774978638
-1.2882229089736938
-1.2601029872894287
-1.4092564582824707
-0.23409566283226013
0.07655968517065048
0.02533012442290783
-0.033068519085645676
-0.046276941895484924
-0.02307216450572014
0.07135357707738876
-0.008110865950584412
0.056369464844465256
0.16125068068504333
-0.007232900243252516
-0.1678137630224228
0.055771443992853165
-0.12869514524936676
0.0329422652721405
-1.4303803443908691
-0.12901194393634796
0.08847841620445251
-0.14565905928611755
-1.4349641799926758
-0.046330466866493225
0.009595734067261219
-0.013010738417506218
0.0027618631720542908
0.03483576700091362
-0.0630977600812912
-0.04395303502678871
0.04532509297132492
0.024697065353393555
-0.01901109889149666
-0.08758608996868134
-0.05657220631837845
-0.006646695546805859
-0.054905615746974945
0.06420797854661942
-0.0640738233923912
-0.0001805388310458511
-0.07497645914554596
-0.009693020023405552
-0.11355682462453842
-0.06886151432991028
0.04498967528343201
-0.04450089484453201
0.008087393827736378
-0.06286393851041794
-0.04243443161249161
-0.012009209021925926
0.009031654335558414
0.044625282287597656
-0.09353556483983994
-0.08301971107721329
0.04422948509454727
0.8485605716705322
-1.6413705348968506
-1.6358835697174072
-1.5408343076705933
-1.6023198366165161
-1.5761833190917969
-0.3594716489315033
0.22288809716701508
-0.054243143647909164
-0.1480100303888321
0.1441916823387146
-0.015844549983739853
-0.19818653166294098
-0.3671886622905731
-0.3496082127094269
-0.5144326090812683
-0.2276599258184433
0.0945073589682579
0.5542613863945007
0.23596829175949097
0.19159778952598572
-1.5385124683380127
-0.0861874595284462
-1.984375
0.07901480793952942
-1.6535444259643555
0.051398880779743195
0.054218441247940063
-0.09243355691432953
0.06694461405277252
0.018816746771335602
0.01056377962231636
0.04764881357550621
0.029089774936437607
0.028554469347000122
0.062003687024116516
-0.05737557262182236
-0.005691974889487028
-0.015663249418139458
0.058425046503543854
0.04641081392765045
-0.011160200461745262
0.03427039086818695
-0.0539575070142746
0.0011979487026110291
-0.08222834765911102
-0.027054982259869576
-0.010697832331061363
0.0077378652058541775
-0.03660064563155174
-0.06122163310647011
-0.02189190499484539
0.02606276050209999
-0.07133190333843231
0.02330056205391884
0.031079139560461044
0.0007534348405897617
-0.10968399792909622
-0.34574925899505615
0.3513982594013214
1.980215311050415
-1.3532497882843018
-0.36659491062164307
-0.15323041379451752
0.06287078559398651
0.029421159997582436
-0.1037992462515831
0.08547826111316681
-1.6779381036758423
-0.02825263701379299
0.4986426830291748
-0.40134140849113464
0.6996380090713501
-0.5617783665657043
-1.9253515005111694
-0.9503442645072937
1.8724478483200073
-1.672481894493103
-1.984375
-0.02535286918282509
0.6655601859092712
-1.9243725538253784
0.07438893616199493
0.004329593386501074
-0.6119587421417236
0.1863989681005478
-0.6849682331085205
-1.984375
-1.984375
-1.984375
-1.7697854042053223
-1.965851068496704
-1.4945247173309326
-1.9488341808319092
-1.984375
-1.59946608543396
-1.6026432514190674
-1.1689413785934448
-0.8601952791213989
-0.6416276693344116
0.0013937837211415172
-1.244176983833313
-1.67516028881073
-1.8522882461547852
-1.0429378747940063
-1.984375
-1.9476492404937744
-1.984375
-1.856929063796997
-1.869028091430664
-1.984375
1.9054535627365112
1.9299633502960205
1.9236022233963013
1.925684928894043
1.8966044187545776
1.9303550720214844
1.9106870889663696
1.984375
0.6467164754867554
0.061994701623916626
-0.0618240162730217
-0.21308229863643646
0.04354815185070038
-0.24904705584049225
-0.14533662796020508
-1.465726375579834
0.07226409018039703
-1.253785490989685
0.4499521851539612
-0.6763089299201965
-0.38252219557762146
-1.8199961185455322
-1.1206461191177368
1.9097551107406616
-0.1401025652885437
-1.2693641185760498
1.7211092710494995
0.47766995429992676
-0.906867265701294
0.0873781368136406
-0.008996658958494663
-0.41880589723587036
0.11180948466062546
-0.2660759687423706
0.8914421796798706
0.277291476726532
1.388951063156128
0.4729064106941223
0.057293325662612915
0.0200207456946373
-0.07860488444566727
-0.10732851177453995
1.1640617847442627
0.738670289516449
1.5276861190795898
-0.12177307903766632
-0.9073590636253357
-0.13428622484207153
0.26390206813812256
0.4322918951511383
0.5272644758224487
1.8598027229309082
0.9624254107475281
0.1910417675971985
-0.7370522022247314
-1.0308958292007446
0.5536234378814697
0.549071192741394
-0.5335547924041748
1.905306100845337
0.20540949702262878
1.3526922464370728
-0.256393164396286
-1.4037481546401978
-1.0502731800079346
0.821526288986206
0.047494277358055115
0.16661804914474487
-1.933287501335144
1.8777719736099243
-0.027483895421028137
-1.0648980140686035
-1.5686229467391968
1.4570555686950684
-0.009400006383657455
-1.0476206541061401
0.7396119832992554
0.0653478354215622
-0.1371351182460785
-0.17525523900985718
-0.3596591055393219
0.03701169788837433
-0.013934674672782421
0.12045414745807648
-0.011328285560011864
0.012143779546022415
0.1080571860074997
0.006479665637016296
0.09989887475967407
-0.06167794018983841
-0.2902538478374481
0.019653858616948128
0.00917818397283554
-0.057156432420015335
-0.42647865414619446
0.10824375599622726
-0.2617199122905731
-0.103984035551548
-0.3466205596923828
0.3798302114009857
-0.41733959317207336
0.11092602461576462
-0.46753934025764465
-0.2628417909145355
-0.47353464365005493
0.08558899909257889
-0.012897640466690063
-0.022156521677970886
-0.2852513790130615
0.057858582586050034
-0.2273336946964264
-0.01765322871506214
-0.3570467531681061
0.034045904874801636
-0.14697496592998505
-0.018071960657835007
-0.07750323414802551
-0.21759791672229767
-0.13977037370204926
0.195050910115242
-0.6253867149353027
-0.028475765138864517
-0.6175308227539062
-0.1945333480834961
-0.4158882796764374
-0.23905029892921448
-0.47102460265159607
1.8869737386703491
0.2696778178215027
-1.4364523887634277
-0.24144001305103302
0.8178682327270508
0.6833605766296387
1.5293593406677246
-0.1926881968975067
-0.012228765524923801
-0.12951543927192688
-0.030644360929727554
-0.1408529281616211
0.028247857466340065
0.03163723647594452
-0.11588548123836517
0.10364506393671036
0.08675199002027512
0.056423984467983246
0.047009699046611786
-0.17319875955581665
-0.026376506313681602
0.02983071655035019
-0.2737012803554535
-0.15204495191574097
-0.048776775598526
1.0672187805175781
-0.3709268569946289
-0.41376522183418274
-0.27232274413108826
-0.30416712164878845
-0.31745266914367676
-0.43735751509666443
-0.29932111501693726
-0.3237363398075104
-0.42437446117401123
-0.41173988580703735
-0.37781110405921936
-0.31344568729400635
-0.39041000604629517
-0.36074021458625793
-0.31868767738342285
-0.45669227838516235
-0.26173409819602966
-0.4804229140281677
-0.3870888650417328
-0.36250177025794983
-0.3664052188396454
-0.33221831917762756
-0.42814815044403076
-0.3163813650608063
-0.2607067823410034
-0.2873770296573639
-0.3166268467903137
-0.33534684777259827
-0.26669177412986755
-0.37590157985687256
-0.42434319853782654
-0.30990079045295715
-0.02752450481057167
-1.984375
-1.843307614326477
-1.522550344467163
0.18606820702552795
-0.3017808198928833
-0.12290804088115692
0.11248879879713058
-0.153879776597023
0.02347622998058796
0.08524568378925323
0.018346618860960007
1.954803228378296
1.9051871299743652
0.4169059097766876
1.5278053283691406
1.6453132629394531
1.637223243713379
1.318644642829895
1.4132992029190063
1.5207589864730835
1.337998867034912
1.6014899015426636
1.4868463277816772
0.10218220949172974
0.1938088834285736
-0.08132295310497284
-0.0076048849150538445
0.32419589161872864
1.2229856252670288
0.9692835211753845
-1.3766837120056152
0.18853433430194855
1.9726513624191284
0.03827918693423271
-1.0381591320037842
0.8028450012207031
1.2843959331512451
1.071669578552246
-1.9832547903060913
0.32012757658958435
1.9698126316070557
-0.6309572458267212
-0.5242831707000732
0.039430681616067886
-1.9694267511367798
1.5820947885513306
1.4617042541503906
0.39279428124427795
-0.7934651374816895
-0.5304968357086182
1.9842305183410645
0.7336558103561401
-0.16818447411060333
-1.591284155845642
1.9219704866409302
0.053301043808460236
-1.9808694124221802
0.060634125024080276
1.8013755083084106
-1.3434433937072754
0.009018789045512676
0.06070176512002945
0.026990266516804695
0.0832851305603981
0.029235050082206726
-0.1225208193063736
-0.04742208495736122
-0.07284828275442123
-0.043523553758859634
0.03459291532635689
0.08450217545032501
0.30083513259887695
-0.7514280676841736
-0.9219013452529907
-0.8369248509407043
-0.35535499453544617
-0.4897691607475281
-0.9075852632522583
-0.7269348502159119
-0.38423699140548706
-0.665667712688446
0.026889337226748466
0.028040487319231033
-0.06733688712120056
0.00885021686553955
-0.18953311443328857
0.0354115255177021
0.00531896622851491
-0.13570816814899445
-0.08334149420261383
0.09750958532094955
-0.05187000706791878
-0.17722578346729279
-0.11403169482946396
-0.1280176043510437
-0.07051540166139603
-0.22066588699817657
-0.10965728014707565
0.013048973865807056
-0.06399089843034744
-0.08974136412143707
-0.0046807327307760715
-0.12097635120153427
-0.16987615823745728
-0.10276653617620468
-0.21438753604888916
0.009190751239657402
-0.09765107929706573
0.020583633333444595
-0.12267504632472992
-0.11444979161024094
-0.14431747794151306
0.09499967098236084
-0.09008919447660446
-0.06947266310453415
-0.1612997204065323
0.1033916100859642
-0.08095518499612808
-0.011283393949270248
-0.01661495491862297
1.983355164527893
-0.07552310824394226
0.006901295389980078
0.061252135783433914
-0.050595466047525406
-0.004461467266082764
0.04343552887439728
0.006891318131238222
0.010363231413066387
-0.045052606612443924
-0.04150459170341492
0.07654259353876114
0.04204973205924034
-0.05997578799724579
-0.054899297654628754
-0.007877801544964314
-0.030688650906085968
0.08939588814973831
0.01208311878144741
-0.08215506374835968
0.0660003051161766
-0.07899469882249832
-0.037707313895225525
-0.058073338121175766
0.03669627383351326
-0.07192971557378769
0.029638731852173805
-0.009078875184059143
-0.07120717316865921
-0.0064852372743189335
-0.08118243515491486
0.031159458681941032
0.07847976684570312
0.016860872507095337
0.05873965844511986
0.04692160710692406
-0.050600145012140274
-0.050568047910928726
-0.006618109531700611
-0.027356866747140884
-0.03596121817827225
-0.005429875571280718
0.043071992695331573
0.06759174913167953
0.04370804876089096
0.08450724929571152
-0.03178388997912407
-0.038095250725746155
-0.0862286388874054
-0.08871277421712875
0.07669806480407715
0.0009110369719564915
0.03231065720319748
-0.05789899453520775
0.04765259474515915
0.05908260866999626
0.06728535890579224
0.07964004576206207
-0.07564423978328705
0.059952907264232635
-0.009782915934920311
-0.06252509355545044
-0.07453477382659912
-0.08949149399995804
-0.011657018214464188
-0.05499216541647911
-0.061163946986198425
0.009875454008579254
-0.05384247377514839
0.0028696549125015736
0.04792333394289017
-0.0367765836417675
-0.06143348291516304
-0.016496939584612846
0.056463103741407394
0.08514714241027832
0.08893069624900818
-0.029478758573532104
-0.06373812258243561
0.053470127284526825
-0.04014599323272705
-0.038218170404434204
-0.014864465221762657
0.07174136489629745
-0.047663718461990356
-0.01154895219951868
-0.07742398232221603
0.005453797057271004
0.021659115329384804
0.05289647728204727
0.04705872759222984
-0.02472795359790325
-0.006276077590882778
0.010237374342978
-0.029724908992648125
0.01265083346515894
0.08920171856880188
-0.0193741787225008
-0.05351990461349487
-0.03501336649060249
0.07671965658664703
-0.013918273150920868
0.07953757792711258
-0.05637853220105171
0.027858860790729523
0.030143260955810547
0.07092244178056717
-0.03876101225614548
-0.06842359900474548
-0.0675421878695488
0.03022747114300728
-0.00637076748535037
-0.07060867547988892
-0.04361356794834137
0.07181151956319809
-0.05672772228717804
-0.08497916907072067
0.07617051899433136
-0.057074759155511856
-0.090842604637146
0.34221845865249634
0.0004553366161417216
-0.020165199413895607
0.01730460114777088
-0.01269839983433485
-0.0075302813202142715
-0.014296681620180607
0.0001646788150537759
-0.0020153557416051626
0.18249426782131195
0.21267031133174896
-0.05689091607928276
1.801812767982483
1.7620038986206055
1.7214481830596924
1.7946399450302124
1.9423339366912842
1.8091435432434082
1.7291436195373535
1.8203190565109253
1.8521630764007568
0.013065719977021217
-0.00302415294572711
-0.06883405148983002
-0.006255754269659519
0.11338960379362106
0.07515426725149155
0.07156515121459961
0.06204008683562279
0.14796997606754303
0.11580178886651993
-0.022722747176885605
0.08110763132572174
0.0300283282995224
0.13921934366226196
0.062258750200271606
0.06846427172422409
0.15241611003875732
0.1229618638753891
0.11532964557409286
0.1437862664461136
0.11482080072164536
0.02074766531586647
0.059753742069005966
0.11099429428577423
0.06338638812303543
0.05784779042005539
0.06466181576251984
0.08734647184610367
0.08295784145593643
0.18028147518634796
0.17635267972946167
0.037768952548503876
0.1673797219991684
0.08167021721601486
0.0464211143553257
0.06364575028419495
0.05583466216921806
-1.8323101997375488
-0.04312039539217949
-0.2262016236782074
-0.026484783738851547
0.029351605102419853
0.122986800968647
0.049460019916296005
-0.010026142932474613
-0.0018638184992596507
0.38700777292251587
0.37921440601348877
-0.5118300318717957
1.7463022470474243
1.9096360206604004
1.8978898525238037
1.6333651542663574
1.6994518041610718
1.739181399345398
1.7064127922058105
1.7240080833435059
1.7790107727050781
0.06842804700136185
0.086429163813591
-0.07331672310829163
-0.006436125375330448
0.4053334593772888
-1.833463191986084
0.5903763175010681
0.6706591248512268
1.2449582815170288
0.05245397984981537
-0.17603985965251923
-1.983817458152771
-1.618106484413147
1.9694639444351196
0.9741828441619873
-1.6433942317962646
-1.984375
-1.863157868385315
0.39455538988113403
1.6130868196487427
1.9691888093948364
1.2156295776367188
-0.14565002918243408
-1.1341732740402222
-0.6137090921401978
-0.47350579500198364
0.6701102256774902
1.975965976715088
1.9828617572784424
1.9752771854400635
0.701494038105011
-0.45652881264686584
-0.9068753123283386
-0.7701402306556702
0.4924035668373108
1.8815537691116333
1.978541612625122
-0.01622256264090538
-0.033578839153051376
0.043209005147218704
1.9764567613601685
-0.38468286395072937
0.022836867719888687
0.26306602358818054
0.04008375480771065
0.8173903822898865
-0.1654563695192337
0.42261621356010437
0.008529726415872574
0.5765553116798401
0.5947977304458618
-0.22101666033267975
-0.7904583811759949
-0.2285597175359726
-0.4157350957393646
-0.27399516105651855
-0.43387818336486816
-0.4804505407810211
-0.5431416630744934
-0.47644370794296265
-0.49938300251960754
-0.06333307921886444
-0.04099775105714798
0.042024075984954834
-0.04034753143787384
-0.5693789124488831
-0.11628079414367676
-0.2496197521686554
-0.3064754605293274
-0.35048991441726685
-0.34071317315101624
-0.38446128368377686
-0.4279652237892151
-0.3656286597251892
-0.42430809140205383
-0.3666272759437561
-0.31518101692199707
-0.351561576128006
-0.3614189624786377
-0.2970218360424042
-0.32016220688819885
-0.29564154148101807
-0.36059141159057617
-0.33823731541633606
-0.2955106794834137
-0.33212944865226746
-0.4113469123840332
-0.30997148156166077
-0.22964300215244293
-0.3242615759372711
-0.387291818857193
-0.4164421856403351
-0.4841644763946533
-0.5214254856109619
-0.2047966867685318
-0.3015802800655365
-0.28578922152519226
-0.2996821999549866
1.982688546180725
0.7552374601364136
-1.9757777452468872
-1.3629289865493774
0.35625287890434265
-0.4417461156845093
-0.28003042936325073
1.9840121269226074
-0.0668061152100563
-0.42645785212516785
-0.6616784334182739
-1.9827169179916382
-0.5338559150695801
-0.6918333768844604
-0.23192442953586578
-0.6746081709861755
-0.22715988755226135
-0.542239785194397
-0.5064348578453064
-0.56834876537323
-0.5190757513046265
1.4788079261779785
-1.9706461429595947
0.2461785078048706
0.08062729239463806
-0.7312690615653992
-0.5022913217544556
-0.5400406718254089
-0.6012576222419739
-0.9473702311515808
-0.5836455225944519
-0.6138644218444824
-0.5548465251922607
-0.9161498546600342
-0.3967324197292328
-0.6413963437080383
-0.8253757953643799
-0.9546017050743103
-0.8144264221191406
-0.7266891598701477
-0.8608496785163879
-0.7580781579017639
-0.9808441996574402
-0.5810534358024597
-0.6387565732002258
-0.8345301747322083
-0.5871305465698242
-0.6612354516983032
-0.6622846126556396
-1.0024856328964233
-0.8549093008041382
-0.591711163520813
-0.39199015498161316
-0.8389093279838562
-0.43675026297569275
-0.4482729434967041
-0.38281726837158203
-0.8926756978034973
0.18893852829933167
0.15236236155033112
1.8505779504776
-0.06659626960754395
0.061877865344285965
-0.05287574604153633
0.03115975297987461
-0.03658701851963997
-0.042771585285663605
0.030775025486946106
0.041735369712114334
0.08377940207719803
-0.028417550027370453
0.040365032851696014
-0.020324140787124634
-0.048812951892614365
-0.03205908462405205
0.04035840928554535
-0.004412095062434673
-0.0685652494430542
0.018209615722298622
0.07094768434762955
-0.06327327340841293
-0.018622657284140587
-0.034207381308078766
0.021616507321596146
-0.07211615890264511
-0.011352643370628357
0.062531016767025
0.06104341149330139
0.04026433080434799
0.00016555764887016267
-0.0016526805702596903
0.0827154666185379
-0.04237079247832298
0.06472700834274292
0.07478661090135574
-0.06545741111040115
-0.06504131853580475
0.009121199138462543
0.049531832337379456
-0.06019018217921257
-0.006883461028337479
-0.017664389684796333
-0.07988883554935455
-0.011904939077794552
-0.07234641164541245
-0.07153115421533585
0.0649670958518982
0.0795167088508606
0.037990178912878036
0.025644727051258087
-0.08395928144454956
0.03496231138706207
-0.02905663475394249
-0.0049216412007808685
-0.07463451474905014
0.03176632896065712
0.013208375312387943
0.034828782081604004
0.034830860793590546
0.08114902675151825
0.008015546947717667
-0.043103232979774475
-0.0298648402094841
0.010065325535833836
-0.08146053552627563
0.00485842302441597
-0.06576531380414963
0.05145649611949921
-0.052846331149339676
-0.01989828050136566
0.08707214146852493
0.05313689261674881
-0.03403696045279503
0.03006557561457157
0.03089010715484619
-0.06158377230167389
0.01125722099095583
0.038303788751363754
0.07493230700492859
-0.04045563563704491
-0.040996454656124115
-0.07368181645870209
-0.07356493175029755
0.03986246883869171
-0.07217758148908615
0.035900603979825974
-0.02987746149301529
0.05660680681467056
-0.030463896691799164
0.09143196046352386
0.06214253976941109
-0.07103830575942993
0.0034467901568859816
0.018510470166802406
0.05318910628557205
-0.0420273058116436
-0.05728238821029663
-0.04243908077478409
0.030497752130031586
-0.06831635534763336
0.003043496049940586
-0.08016145974397659
0.09102892130613327
0.08894895762205124
-0.061528436839580536
0.011018184013664722
-0.0316830575466156
-0.08755727857351303
-0.06146414577960968
-0.057749830186367035
0.04714195802807808
-0.03512473404407501
0.0588565431535244
-0.04772481694817543
0.02780441753566265
-0.07097822427749634
-0.021390670910477638
0.0009650863357819617
0.02339494600892067
0.0015690821455791593
-1.984375
-1.8499711751937866
0.3033025562763214
-1.984314203262329
-1.8499468564987183
1.9140448570251465
-0.7767319083213806
-0.861296534538269
-0.0029729781672358513
0.7588261365890503
0.7741273045539856
-1.984375
0.5991619229316711
0.753832995891571
0.8521329164505005
0.7731962203979492
0.8728293776512146
0.8521565794944763
0.8170474171638489
0.8584606647491455
0.8085742592811584
1.010583758354187
-1.9838145971298218
0.07364796102046967
-0.04482632130384445
-1.930565357208252
-1.984375
-1.984375
-1.6532119512557983
-1.984375
-1.665647268295288
-1.984375
-1.7021961212158203
-1.984375
-1.7426586151123047
-1.8692752122879028
-1.9102122783660889
-1.8774534463882446
-1.897976040840149
-1.9184613227844238
-1.9758530855178833
-1.984375
-1.9068472385406494
-1.7698147296905518
-1.967759132385254
-1.8708513975143433
-1.613284945487976
-1.7466446161270142
-1.8624935150146484
-1.8312777280807495
-1.6613470315933228
-1.8978793621063232
-1.8028770685195923
-1.8771902322769165
-1.9681001901626587
-1.924387812614441
-1.721697211265564
-1.93287992477417
-1.984375
-1.465533971786499
0.24363112449645996
-1.984375
1.905199408531189
1.905800461769104
1.307180404663086
0.049044035375118256
-0.0010733490344136953
0.522433340549469
0.4079332947731018
-1.984375
0.5884268879890442
0.9210784435272217
0.7516437768936157
0.8939043879508972
0.6375593543052673
0.5749990940093994
0.5705580711364746
0.5662956833839417
0.4903325140476227
-0.28911158442497253
-0.34040898084640503
0.16041985154151917
-0.030146151781082153
-1.4974205493927002
-0.825947105884552
-0.7691685557365417
-0.9178679585456848
-0.890758216381073
-0.7868740558624268
-0.7273076176643372
-0.7477098703384399
-0.7257950305938721
-0.7390967011451721
-0.4232062101364136
-0.7269549369812012
-0.7078474760055542
-0.7833495736122131
-0.6441128849983215
-0.8490780591964722
-0.5536191463470459
-0.5823433995246887
-0.6947280168533325
-0.5750371217727661
-0.6301432847976685
-0.6054450869560242
-0.45800885558128357
-0.6017650365829468
-0.5979318618774414
-0.8020420670509338
-0.6901407837867737
-0.7752547860145569
-0.5679276585578918
-0.7717849016189575
-0.6805846095085144
-0.8406563997268677
-0.6657139658927917
-0.1814487725496292
-0.05534861981868744
-1.984375
0.0816212147474289
-0.06807724386453629
-0.03922683745622635
-0.14330296218395233
-0.005211917217820883
-0.09186780452728271
-0.08253908902406693
-0.001845796126872301
0.05686579644680023
-0.025578681379556656
0.026251472532749176
0.05613761395215988
-0.072929747402668
0.03586651012301445
0.0627114400267601
0.08030633628368378
0.027896251529455185
-0.07105772197246552
0.046275146305561066
-0.08179446309804916
-0.009724736213684082
-0.040626876056194305
-0.1307111382484436
0.11382699757814407
-0.05684502795338631
0.008442729711532593
-0.006215848959982395
0.035589393228292465
-0.0105515718460083
-0.09909723699092865
0.018128888681530952
-0.07005299627780914
-0.01594175584614277
-0.053902123123407364
-0.03639865294098854
-0.06126193702220917
-0.11363527178764343
-0.10221400856971741
-0.09788862615823746
-0.012621008791029453
-0.00813034363090992
0.024286886677145958
0.047575149685144424
0.036591965705156326
-0.10880988836288452
-0.05230513960123062
0.04672516509890556
-0.027554279193282127
0.0037605201359838247
-0.07285203039646149
-0.10178268700838089
-0.026706598699092865
0.010169802233576775
-0.0946025550365448
0.042183905839920044
0.01355715747922659
-0.02690398506820202
0.01907830499112606
0.03676217049360275
0.0020924387499690056
-0.07912906259298325
-0.10602878779172897
0.06665123999118805
-0.07200765609741211
0.039203327149152756
-0.10089791566133499
-0.03824404627084732
-0.005379123147577047
0.05807393416762352
-0.05326826497912407
-0.03560710698366165
0.013297549448907375
-0.02203069068491459
-0.11102168262004852
-0.05941912159323692
-0.02296418696641922
-0.005537574645131826
-0.07266858220100403
-0.06621848046779633
0.022181563079357147
0.033555563539266586
-0.03985583409667015
-0.10103107243776321
-0.02141672559082508
-0.01667063683271408
0.0013830590760335326
-0.014786409214138985
-0.07066869735717773
-0.05002716928720474
-0.10239893943071365
-0.010037221014499664
-0.048887912184000015
0.056270334869623184
-0.016703128814697266
0.05903172120451927
-0.030160993337631226
0.016072429716587067
0.03855186700820923
0.0392460860311985
-0.027837371453642845
0.03380099684000015
-0.032014116644859314
-0.020949002355337143
-0.06665191799402237
-0.10351625829935074
-0.04468657821416855
-0.05007227882742882
-0.022918717935681343
-0.06451671570539474
0.012399610131978989
-0.06182826682925224
-0.06983033567667007
-0.03219806030392647
0.016492728143930435
0.0336296372115612
-0.10942209511995316
-0.03265015035867691
-0.01827074959874153
0.06115838512778282
-1.6186381578445435
0.3812265992164612
-0.04188646376132965
-0.11182377487421036
0.031295571476221085
-0.27482226490974426
0.05096201226115227
0.46514323353767395
0.0583229660987854
1.9277228116989136
1.9560993909835815
-0.07485143840312958
1.3546067476272583
1.7101448774337769
1.851237177848816
1.0328116416931152
1.3729239702224731
1.6411584615707397
1.494081974029541
1.432752251625061
1.5633841753005981
0.04392228648066521
0.035979583859443665
0.08771836012601852
-0.018298575654625893
0.5885508060455322
-0.14377610385417938
0.40915796160697937
1.9385912418365479
1.8469525575637817
-1.9667617082595825
1.7165884971618652
1.9650967121124268
0.448782742023468
0.7970401644706726
1.3473882675170898
0.5152912735939026
1.4128835201263428
0.6281915307044983
1.2766740322113037
0.5874500870704651
1.2951171398162842
1.960054874420166
1.9738305807113647
-1.9788037538528442
1.9732455015182495
1.8464034795761108
1.2554996013641357
-0.5131992697715759
1.4734214544296265
0.06978418678045273
-1.984375
0.8103672862052917
-1.973202109336853
0.5421248078346252
-1.9760246276855469
0.7136861681938171
-1.9686368703842163
0.1379813402891159
-0.022153034806251526
-0.022706972435116768
0.06073690578341484
0.006135185249149799
-0.0012810523621737957
0.04937335476279259
-0.19005534052848816
-0.06870269775390625
0.25368842482566833
0.16046127676963806
-0.07101041823625565
-1.0558271408081055
-0.8342611193656921
-0.7070296406745911
-0.686977744102478
-0.8083778023719788
-0.7339885830879211
-0.6899563074111938
-1.189914345741272
-0.931220293045044
0.004271290730684996
0.01561790332198143
-0.03481060639023781
0.05588787421584129
-0.24753965437412262
0.15043801069259644
-0.12708288431167603
-0.03424229845404625
-0.22177912294864655
-0.2025466412305832
-0.23032304644584656
0.08549486100673676
-0.17878592014312744
-0.3747391998767853
-0.34696823358535767
-0.1974262297153473
0.13430997729301453
0.1312752515077591
-0.017862016335129738
-0.03110741265118122
-0.3018816113471985
-0.21114327013492584
-0.2971038818359375
-0.1856711208820343
0.14235974848270416
0.1228330135345459
0.13433025777339935
-0.03040252812206745
-0.17183703184127808
-0.10210656374692917
-0.15659290552139282
0.07828983664512634
0.10228438675403595
0.05023409426212311
-0.05847012996673584
-0.007255642209202051
-0.17830362915992737
-0.05601571500301361
0.061793047934770584
1.982855200767517
1.984375
0.18020844459533691
-0.49395158886909485
-1.3222434520721436
-1.984375
0.16620729863643646
0.45946162939071655
1.983313798904419
0.017171651124954224
-0.31478604674339294
-0.35407403111457825
-1.9825438261032104
-0.391979843378067
-0.41502711176872253
-0.397195965051651
-0.3373285233974457
-0.43285441398620605
-0.4438868463039398
-0.3946850597858429
-0.3921405076980591
-0.44033995270729065
-1.984375
0.4335845410823822
-0.03658933937549591
0.019866466522216797
-0.6383031606674194
-0.305521160364151
0.2188553661108017
-0.3145809471607208
-1.3001856803894043
-1.1391328573226929
-1.6181926727294922
-0.7460584044456482
-1.0661312341690063
-1.03461754322052
-0.5553067326545715
-1.2735167741775513
-0.7935057282447815
-1.0230419635772705
-0.9976776838302612
-1.6382806301116943
0.2799988090991974
-1.3764147758483887
-1.3270856142044067
-1.7522556781768799
0.01234162412583828
-1.3621608018875122
-0.8537871241569519
-1.4772405624389648
-1.0382269620895386
-0.8501660227775574
-1.5528181791305542
-0.43918466567993164
-1.0417921543121338
-0.24309313297271729
0.42890724539756775
-0.27398931980133057
-1.0309336185455322
0.7367269992828369
-0.5722494721412659
0.5135834813117981
0.46810266375541687
-1.9784677028656006
0.22022753953933716
-0.8326810002326965
-0.8300923109054565
-0.038650158792734146
-0.501228392124176
-0.5196307897567749
-1.9827344417572021
-0.9532045722007751
-0.9437713623046875
-0.894001841545105
-0.8865334987640381
-0.9131004214286804
-0.962291419506073
-0.9225313067436218
-0.9141241312026978
-0.953093409538269
-1.9820876121520996
-0.38961178064346313
0.04743656888604164
-0.0037481598556041718
0.916716456413269
0.3929964303970337
0.3950513005256653
0.5453055500984192
0.5383265614509583
0.5796957612037659
0.45397472381591797
0.4599618911743164
0.4251893162727356
0.4882754981517792
0.37972506880760193
0.48730212450027466
0.4006957411766052
0.5741600394248962
0.45479387044906616
0.5646528005599976
0.36609792709350586
0.5610920786857605
0.526546061038971
0.618383526802063
0.3379548490047455
0.5011722445487976
0.3759835362434387
0.4553999602794647
0.3831866383552551
0.5156716108322144
0.4404769539833069
0.4697228670120239
0.5627709627151489
0.5485550165176392
0.47862035036087036
0.5537456274032593
0.4333088994026184
0.012120452709496021
1.982511043548584
1.984375
-0.1863342523574829
-0.07257150113582611
0.006590894889086485
-0.021245388314127922
-0.26250267028808594
-0.27204158902168274
-0.5424222350120544
-0.6155956387519836
-0.06691683083772659
0.3743991255760193
-0.3761262595653534
-0.23215410113334656
-0.28222212195396423
-0.18138206005096436
0.17984770238399506
0.1454053521156311
0.19675762951374054
0.01860669255256653
-0.1248106062412262
-0.0894746333360672
0.024366332218050957
0.15949809551239014
-0.005203958135098219
0.3984091281890869
-0.018098777160048485
-0.08060624450445175
-0.2790927290916443
0.07590416818857193
-0.26731884479522705
0.17511612176895142
0.11380302160978317
0.4629138708114624
-0.09882935136556625
-0.17248882353305817
0.4652457535266876
0.312263160943985
0.24310430884361267
0.3386523127555847
0.10403755307197571
0.2075362205505371
0.21663545072078705
-0.07941297441720963
0.08348250389099121
0.23754896223545074
0.0882573202252388
-0.08343745768070221
0.17848072946071625
0.09125281870365143
0.12924520671367645
0.16844581067562103
0.10161269456148148
0.42943212389945984
-0.03856537118554115
-0.027890721336007118
-0.16018180549144745
0.04972190037369728
-0.07691598683595657
0.14621037244796753
-0.05340391770005226
0.09953005611896515
-0.020717494189739227
-0.11241170018911362
0.6861073970794678
0.1592932641506195
0.1936240792274475
-1.3433611392974854
0.08393155783414841
-0.21298722922801971
0.07618537545204163
0.09593573957681656
-0.11237648874521255
-0.31489068269729614
-0.1270323097705841
-0.28590449690818787
0.02073332667350769
0.1565665453672409
-0.09051914513111115
-0.04413171485066414
-0.013190778903663158
-0.08474917709827423
-0.03125382587313652
0.1269691437482834
-0.2144116312265396
-0.22134175896644592
0.23622436821460724
-0.18034732341766357
-0.2840602695941925
0.04317794740200043
0.049837250262498856
0.05101203918457031
-0.14848874509334564
-0.13663603365421295
-0.11620576679706573
-0.05173591151833534
-0.22234010696411133
0.15025220811367035
-0.18672502040863037
-0.26483243703842163
-0.04030070826411247
0.10121825337409973
-0.1159290224313736
-0.2749170958995819
0.008243642747402191
0.2938128709793091
0.0027566328644752502
-0.03897282853722572
-0.009199168533086777
0.0796532854437828
-0.012335938401520252
-0.027410300448536873
0.1562511920928955
0.01619112305343151
0.15029318630695343
0.03722992539405823
-0.1161712035536766
-0.06604930758476257
0.00333692179992795
-0.07476179301738739
-1.984375
0.05639798566699028
0.023675870150327682
-0.0633782148361206
-0.08782394230365753
-0.016306521371006966
0.024423174560070038
0.08426164090633392
-0.061445340514183044
0.01270133163779974
0.07859879732131958
0.07111172378063202
0.0019131033914163709
-0.004903653636574745
-0.04089236631989479
0.05348217114806175
0.06963027268648148
0.04024912044405937
0.0019666063599288464
-0.041630830615758896
0.020703580230474472
-0.008499128744006157
0.03891200199723244
-0.003092573257163167
0.09089788049459457
0.0743667483329773
-0.06649214029312134
-0.08103878796100616
0.05284235253930092
-0.013770134188234806
0.04497681185603142
0.07010092586278915
0.06661678105592728
0.08984287083148956
-0.04589413106441498
0.06880311667919159
0.03789442032575607
0.07533634454011917
-0.03643564507365227
-0.038417864590883255
0.09042205661535263
0.010856800712645054
-0.025735123082995415
0.009194361977279186
0.010994765907526016
-0.0014792985748499632
-0.08834818750619888
-0.07220415025949478
0.05875477194786072
0.05008387565612793
-0.005540028680115938
0.07595424354076385
0.026313908398151398
-0.03717474266886711
-0.03445156291127205
-0.0640198290348053
0.00783318281173706
0.07053540647029877
0.05040205270051956
0.00048576691187918186
0.07488008588552475
-0.02250424586236477
-0.08818943798542023
-0.03192589804530144
0.005035302136093378
-0.06470253318548203
0.054307740181684494
-0.08034753054380417
0.03943357989192009
-0.05112126097083092
-0.06354179233312607
0.06289911270141602
0.0010270148050040007
0.015795620158314705
0.02879602648317814
0.05522942170500755
-0.005795009434223175
0.042750678956508636
0.04805569350719452
-0.032087892293930054
-0.057441238313913345
0.04573864862322807
0.007390297017991543
-0.02553645335137844
-0.07109762728214264
0.07634706050157547
0.05635382607579231
-0.018993986770510674
0.07736831158399582
-0.07629939913749695
0.013187174685299397
-0.020167555660009384
0.07587150484323502
-0.06768670678138733
0.04480234906077385
-0.08673305064439774
-0.049973320215940475
-0.08114253729581833
0.04630418121814728
0.034392256289720535
-0.00018974108388647437
0.03881989046931267
0.06621428579092026
0.08167135715484619
0.013479976914823055
0.059224724769592285
0.06588822603225708
0.018799185752868652
0.00042815503547899425
0.01947134919464588
0.013575355522334576
0.004820055328309536
0.08169212192296982
0.00834460835903883
0.053673986345529556
-0.023173416033387184
0.055567048490047455
-0.06116131320595741
0.02094116248190403
0.030817599967122078
-1.644334316253662
0.014605211094021797
-0.2779347598552704
-0.1551373302936554
0.1912509799003601
0.031054630875587463
0.013705900870263577
0.2649195194244385
0.08075112849473953
1.9476613998413086
1.9172269105911255
0.7342808842658997
1.676735758781433
1.6622873544692993
1.5648325681686401
1.7997859716415405
1.6201294660568237
1.3530340194702148
1.5654078722000122
1.68055260181427
1.5420916080474854
0.09185715764760971
0.18629607558250427
-0.08336066454648972
0.015517709776759148
0.2282813936471939
1.9544645547866821
1.3135267496109009
-1.95921790599823
1.2042291164398193
1.9758106470108032
0.7290486693382263
-1.6790711879730225
1.0715912580490112
-1.0123775005340576
-1.8631559610366821
0.4533933103084564
-1.9573314189910889
-1.1684869527816772
-1.9744675159454346
0.7967832088470459
-1.9803680181503296
1.9838618040084839
0.20211683213710785
-1.983507752418518
0.304619699716568
1.9638487100601196
0.34794992208480835
-1.9374650716781616
0.18946507573127747
1.980517029762268
0.09081210941076279
-1.5413827896118164
1.2541136741638184
0.7949405312538147
1.061694860458374
-1.0314197540283203
-0.20886385440826416
-0.1148110032081604
0.09290515631437302
0.04077937453985214
0.18436045944690704
0.021904010325670242
-0.23746824264526367
-0.10510295629501343
-0.06454425305128098
-0.04604426026344299
0.3196136951446533
0.4121681749820709
0.13690528273582458
0.6366159915924072
0.6684178113937378
0.7125443816184998
0.8348522782325745
0.758965790271759
0.6771751642227173
0.9065989851951599
0.6595764756202698
0.9072579145431519
0.018030952662229538
0.017466891556978226
-0.04057202860713005
-0.013180157169699669
0.01028958149254322
0.00919772032648325
0.08799577504396439
0.01686655543744564
0.18374182283878326
0.16116800904273987
0.19217579066753387
-0.06194530054926872
0.066898413002491
0.03183552622795105
0.014711297117173672
0.020206058397889137
0.0399470292031765
0.18278270959854126
0.016923291608691216
0.00606356980279088
0.02837899886071682
0.11875893920660019
0.04657243192195892
-0.05221138522028923
0.02143946662545204
0.004796950146555901
0.08740624040365219
-0.06275613605976105
0.054100606590509415
0.14020229876041412
0.09378333389759064
-0.15312620997428894
-0.02522130496799946
-0.01960773952305317
-0.022591078653931618
-0.01532706804573536
0.04892568662762642
0.018367290496826172
-0.06692332774400711
1.982938528060913
-1.9748283624649048
0.026248494163155556
0.24773375689983368
-0.11820594221353531
-0.13296253979206085
-0.24746964871883392
1.9058462381362915
-1.2597850561141968
-0.027298303321003914
1.8682172298431396
1.8128206729888916
-0.23502248525619507
1.3353818655014038
1.5753793716430664
1.8422178030014038
1.3911080360412598
1.6184126138687134
1.7165194749832153
1.727526307106018
1.5228163003921509
1.6963582038879395
0.07854878157377243
-0.011371254920959473
0.04821077361702919
-0.02360094152390957
-1.5569651126861572
-1.8820788860321045
-1.087780475616455
-1.58110773563385
-0.8738684058189392
-1.9508485794067383
-0.9985867738723755
-1.8206994533538818
-1.071394681930542
-1.933025598526001
-0.9819453358650208
-1.9386554956436157
-1.0041522979736328
-1.8322473764419556
-1.0524386167526245
-1.9806766510009766
-1.064105749130249
-1.6463090181350708
-0.9767155647277832
-1.9821752309799194
-1.057675838470459
-1.8067281246185303
-0.9460139870643616
-1.759185791015625
-0.8917429447174072
-1.9336826801300049
-1.0012012720108032
-1.6804214715957642
-1.0306605100631714
-1.8011685609817505
-1.3475171327590942
-1.7016921043395996
-0.9421584010124207
1.983612060546875
-1.1328709125518799
-0.6681885123252869
-0.36613547801971436
0.5903764963150024
-0.4651499390602112
-1.982903003692627
1.9843724966049194
0.025375058874487877
-0.40916499495506287
-0.2928984761238098
-0.41969239711761475
1.1719975471496582
1.6237000226974487
1.742531657218933
1.5290248394012451
1.5475995540618896
1.9644885063171387
1.9027271270751953
1.7883319854736328
1.8560709953308105
0.2047734409570694
0.2927328050136566
-0.030779313296079636
0.006692752242088318
1.5256843566894531
-0.8334839940071106
-0.4894413948059082
-0.3484559953212738
-0.4971165657043457
-0.13222140073776245
-0.37048712372779846
-0.07173744589090347
-0.615716814994812
-0.04237467423081398
-0.4794808030128479
-0.09363258630037308
-0.7552351951599121
-0.4369814097881317
-0.4458528459072113
0.004815514665096998
-0.5620721578598022
-0.013500415720045567
-0.1124039962887764
0.05217767134308815
-0.653448760509491
-0.10196606069803238
-0.3807336091995239
-0.4003155529499054
-0.719065248966217
0.15940521657466888
-0.6322908401489258
-0.22658871114253998
-0.6105564832687378
-0.1999613344669342
-0.3135824501514435
-0.3776543438434601
-0.7514790296554565
0.006570126861333847
-0.30128157138824463
-1.9770710468292236
-1.423714280128479
-0.07402105629444122
-1.9771337509155273
-0.8370919227600098
0.1924353539943695
0.14361363649368286
0.001624407130293548
0.2511938512325287
0.07753728330135345
1.3604284524917603
1.429711103439331
0.4632669985294342
-1.6185007095336914
-1.409247875213623
-1.5750068426132202
-1.6270678043365479
-1.5729594230651855
-1.2408180236816406
-1.7761719226837158
-1.902524709701538
-1.4121953248977661
0.8942599296569824
0.9771715998649597
-0.13235409557819366
-0.03251860290765762
1.0164803266525269
-1.9718358516693115
0.9903705716133118
1.7195993661880493
-1.6059813499450684
1.9731531143188477
-1.915881872177124
1.9752010107040405
0.992764413356781
1.7600332498550415
1.5914384126663208
-1.239401936531067
1.550087332725525
1.9838428497314453
0.573093593120575
0.6725672483444214
0.473612517118454
1.9273442029953003
1.6435014009475708
-1.979191541671753
1.5662771463394165
1.7781054973602295
-1.9527442455291748
1.9751890897750854
-1.9597053527832031
1.9839200973510742
1.976921558380127
-1.3767495155334473
1.9398798942565918
1.9371356964111328
1.030749797821045
0.2768574059009552
0.7870371341705322
-1.4594238996505737
0.17087474465370178
-0.3476146161556244
-0.05600940063595772
-0.05782083049416542
-0.16426703333854675
-0.09683660417795181
-0.10043448954820633
0.0418974831700325
1.9227614402770996
1.9308589696884155
0.5912245512008667
-0.5495370626449585
-0.41316360235214233
-0.48903700709342957
-0.7161306142807007
-0.610478401184082
-0.45069196820259094
-0.5935266017913818
-0.7391523718833923
-0.26864147186279297
0.17515036463737488
0.2612883448600769
0.09703835844993591
-0.012852554209530354
-0.2133529931306839
-0.1987168937921524
-0.24847312271595
-0.18410728871822357
-0.20620110630989075
-0.030263876542448997
-0.11387167125940323
-0.23244133591651917
-0.3484903573989868
-0.10237996280193329
-0.18804045021533966
-0.1644468903541565
-0.29929304122924805
-0.22822099924087524
-0.193489208817482
-0.22368305921554565
-0.27901574969291687
-0.1792888343334198
-0.285458505153656
-0.2029607892036438
-0.15580138564109802
-0.23366309702396393
-0.08942441642284393
-0.19117572903633118
-0.022892490029335022
-0.05159968510270119
-0.07518430054187775
-0.23653559386730194
-0.11630015075206757
-0.1871275156736374
-0.15521548688411713
-0.26896777749061584
-0.0615987665951252
-0.049834877252578735
-0.020965218544006348
0.11358881741762161
-1.9814536571502686
-0.014294241555035114
-0.33270078897476196
-0.21630826592445374
0.19377978146076202
0.7026587128639221
-1.2831286191940308
1.2844665050506592
-0.03753483667969704
-1.1906830072402954
-0.9642433524131775
-1.8660563230514526
-0.4731433391571045
-0.4961111843585968
-0.5225594639778137
-0.4790237247943878
-0.5197736620903015
-0.4362059533596039
-0.519883394241333
-0.4169180989265442
-0.5289633274078369
0.41741421818733215
0.3839399218559265
-0.11488740891218185
-0.08945142477750778
-1.8121984004974365
1.2947312593460083
1.982028841972351
1.4719514846801758
1.0314582586288452
1.0805178880691528
0.739123523235321
1.3140474557876587
1.5581995248794556
-0.8323237299919128
-0.16914190351963043
-0.33762702345848083
0.49603238701820374
-0.12641599774360657
0.5284956693649292
-0.09342193603515625
-0.06602118164300919
0.6641332507133484
1.0347298383712769
-0.10359165817499161
0.9424000978469849
0.34880906343460083
0.6094282269477844
0.42042794823646545
1.6890312433242798
0.20010679960250854
0.7167240977287292
0.8309391736984253
1.4284306764602661
0.8646629452705383
1.5172464847564697
0.6641359329223633
0.7485353946685791
1.9800080060958862
0.1298501044511795
0.17256079614162445
1.1329385042190552
0.19649547338485718
0.494235098361969
-1.0570918321609497
-0.5309551954269409
0.08051136136054993
0.21727915108203888
0.3270359933376312
-1.9719922542572021
0.5476115345954895
0.38954076170921326
0.5362223386764526
0.454867422580719
0.4842291474342346
0.31901824474334717
0.3222936689853668
0.3541817367076874
0.3313930630683899
0.12021845579147339
-0.012060805223882198
0.31273213028907776
-0.03250976279377937
-1.6472291946411133
1.2057262659072876
1.1324208974838257
0.48089051246643066
0.5722371935844421
0.16976359486579895
0.8398337960243225
0.39647093415260315
1.159242868423462
-0.12020958960056305
1.0007846355438232
0.4497954249382019
1.5138736963272095
0.9586641192436218
1.1592483520507812
0.23518307507038116
1.124121069908142
0.36177322268486023
0.4454134702682495
-0.2777341306209564
1.3616093397140503
0.07538778334856033
0.9029839634895325
0.9619579315185547
1.8528823852539062
-0.11885944753885269
1.3003188371658325
0.5522252321243286
0.99232017993927
-0.08794108033180237
0.31518879532814026
-0.14177030324935913
1.124700665473938
-0.012769619934260845
-0.1006075069308281
-1.9836390018463135
0.06389005482196808
-0.01793619804084301
0.04087263345718384
-0.06068698689341545
0.08618804812431335
0.004048644099384546
-0.0009756536455824971
0.05406533554196358
-0.07318495213985443
0.007975267246365547
-0.04085491970181465
0.028223076835274696
0.00019041862105950713
-0.024379396811127663
-0.05876002833247185
0.027299702167510986
-0.013366349041461945
0.0898175910115242
0.004324551671743393
0.022273864597082138
-0.00420437753200531
-0.0371270515024662
-0.009175324812531471
-0.09045777469873428
0.009616932831704617
-0.024152183905243874
-0.05071359872817993
0.031944844871759415
-0.03548248112201691
0.040619563311338425
0.08840867877006531
-0.04012228921055794
0.0038836547173559666
0.01214600820094347
-0.06255196034908295
0.07446900010108948
0.00258292886428535
-0.06768541783094406
-0.005069440696388483
0.06313421577215195
0.061814386397600174
-0.05551439896225929
-0.064173623919487
0.061894018203020096
0.006585730239748955
0.028304249048233032
0.0356258861720562
0.020129209384322166
0.023633426055312157
-0.04164646938443184
0.06969548761844635
0.06394899636507034
0.0027670201379805803
-0.019911056384444237
-0.05058354511857033
0.0719231590628624
-0.043203651905059814
-0.02749490737915039
0.06052340567111969
0.05847567319869995
0.07820048183202744
-0.06757098436355591
0.0489250048995018
-0.05401841178536415
-0.026838677003979683
-0.05868382751941681
0.0074628801085054874
0.03309280052781105
-0.02699444256722927
-0.053983770310878754
-0.015744740143418312
-0.013414770364761353
0.046859174966812134
0.024198954924941063
-0.0745079442858696
-0.0410565584897995
0.004986683838069439
0.08805211633443832
-0.05634551867842674
-0.04893200099468231
-0.03370823711156845
0.043318457901477814
0.008549211546778679
0.05790621042251587
0.06469633430242538
-0.008919568732380867
-0.061181169003248215
0.08792799711227417
0.03373187407851219
0.03925272449851036
0.06195242702960968
-0.07996530830860138
-0.05061757564544678
-0.036285143345594406
0.01482467632740736
0.02301858924329281
-0.05438489094376564
0.059949617832899094
0.03221660107374191
-0.00434150081127882
0.05260400474071503
-0.08756142109632492
-0.024136699736118317
0.03030746430158615
-0.07867640256881714
-0.010489929467439651
0.04352699592709541
-0.036507800221443176
-0.09146232157945633
-0.01490235235542059
-0.0588458776473999
0.023664308711886406
-0.01614484377205372
-0.08468426018953323
-0.04595737159252167
0.07401730865240097
0.04908748343586922
-0.007151686120778322
0.00956752710044384
-0.9984813332557678
0.08998438715934753
-0.003439086489379406
-0.2626197636127472
-0.03065684251487255
-0.08891353756189346
-0.030596433207392693
-0.5763721466064453
-0.006709947716444731
1.4417729377746582
1.515600562095642
0.6116543412208557
1.5154412984848022
1.694236397743225
1.7742770910263062
1.8721791505813599
1.3888695240020752
1.867844581604004
1.7914702892303467
1.167108416557312
1.6193302869796753
0.059582360088825226
0.06575675308704376
-0.033173076808452606
-0.04725192114710808
-0.03674807399511337
0.33693447709083557
0.23426364362239838
-0.01171004306524992
0.06833593547344208
-0.02093542367219925
0.23339606821537018
-0.13048529624938965
-0.2713567912578583
0.11401602625846863
0.030465001240372658
0.286605566740036
0.4346133768558502
0.19939763844013214
0.23249319195747375
0.16068246960639954
-0.08453283458948135
-0.2232857644557953
-0.21894344687461853
0.26495441794395447
0.27198201417922974
0.18421491980552673
-0.007624659687280655
-0.14864102005958557
-0.10505307465791702
-0.030686603859066963
-0.10790926963090897
-0.017155442386865616
0.04011235758662224
-0.010655874386429787
-0.0349203497171402
0.22122955322265625
-0.15074877440929413
0.5021425485610962
-0.12362943589687347
-0.03772924840450287
-0.10654358565807343
-0.02632816880941391
0.06385806202888489
0.010021543130278587
-0.2777061462402344
-0.06917056441307068
1.9341789484024048
1.6137919425964355
0.2555179297924042
1.2126622200012207
1.3150087594985962
1.9456720352172852
0.4779762029647827
0.27476346492767334
1.0846097469329834
0.8911411762237549
0.7223065495491028
0.985531747341156
0.005590436980128288
0.01979052647948265
-0.10754414647817612
0.0703488439321518
-0.07688721269369125
1.9739502668380737
1.424536108970642
1.6008973121643066
1.8400249481201172
1.4672462940216064
1.7348836660385132
1.8798818588256836
1.982914924621582
-1.5565706491470337
-0.7032703757286072
-1.836315393447876
-1.8898040056228638
-1.9825069904327393
-1.299716591835022
-1.725669264793396
-1.3401377201080322
1.9603413343429565
1.807307243347168
1.7711200714111328
0.8967782855033875
1.0648880004882812
0.6430495381355286
1.186795949935913
1.9834518432617188
-1.5096898078918457
-0.9484096169471741
-1.9833180904388428
-1.983702301979065
-1.8721626996994019
-1.1432123184204102
-1.9657952785491943
-1.4693816900253296
0.14118307828903198
0.14292752742767334
0.6798937916755676
-0.7630411386489868
0.1462916135787964
-1.9621320962905884
-0.6017362475395203
0.10659508407115936
-0.09903235733509064
-0.005975042469799519
0.08224137872457504
-0.06666836142539978
1.8627612590789795
1.9398380517959595
-0.3307110071182251
-0.7165066003799438
-0.7472742199897766
-0.5493980050086975
-0.7258749604225159
-0.6583101153373718
-0.44205546379089355
-0.7195829153060913
-0.37459346652030945
-0.9147727489471436
0.8077226281166077
0.8837980628013611
-0.09777689725160599
-0.05860830098390579
0.6915480494499207
-1.9659819602966309
0.8119426965713501
1.9623613357543945
-1.647271990776062
1.9194458723068237
-1.9598665237426758
1.9616204500198364
0.5337328314781189
-0.17752304673194885
0.28189343214035034
1.468522071838379
0.388948917388916
-0.29139444231987
0.9505777359008789
1.1056833267211914
0.6286113262176514
1.9656493663787842
-0.5759039521217346
1.1360913515090942
-0.4348779022693634
1.167278528213501
1.6442400217056274
-1.9807490110397339
1.6312867403030396
1.9643802642822266
-1.975249171257019
1.9723044633865356
0.4571630656719208
-1.9712046384811401
0.7368721961975098
1.978205919265747
-1.9750876426696777
-1.9678682088851929
0.027901165187358856
-0.3226732313632965
-0.33894798159599304
-0.06953059136867523
-0.04922264441847801
0.08699768781661987
-0.003958581015467644
0.026784561574459076
1.8947657346725464
1.9389352798461914
0.5380768179893494
0.6441428065299988
0.42195525765419006
0.4029187262058258
0.43424004316329956
0.4783627390861511
0.6264890432357788
0.4812064468860626
0.6630171537399292
0.36585909128189087
0.19902485609054565
0.25417661666870117
0.0879218652844429
-0.0015844827285036445
-0.21848991513252258
-0.3386601209640503
-0.2902580797672272
-0.24339313805103302
-0.22948092222213745
-0.1807766556739807
-0.20310460031032562
-0.1524827480316162
-0.3096940219402313
-0.2005392462015152
-0.21422532200813293
-0.2041541039943695
-0.29317253828048706
-0.25493133068084717
-0.2829199731349945
-0.18126162886619568
-0.37482237815856934
-0.3429529070854187
-0.2839021384716034
-0.22609756886959076
-0.31822994351387024
-0.17350609600543976
-0.21556280553340912
-0.2605256140232086
-0.40334558486938477
-0.2050798386335373
-0.07539195567369461
-0.21696187555789948
-0.3594999313354492
-0.27119216322898865
-0.25572115182876587
-0.3002398610115051
-0.24723437428474426
-0.06042497232556343
-0.010272087529301643
0.04761899262666702
-1.4627717733383179
0.015621310099959373
-0.390157550573349
1.1462063789367676
-0.2896750271320343
0.05234234035015106
-1.9800697565078735
-0.6357517838478088
-0.06863723695278168
1.9316619634628296
1.8741869926452637
0.04116890951991081
-0.3626159429550171
-0.36214160919189453
-0.4434482157230377
-0.33119115233421326
-0.4421635866165161
-0.3354877233505249
-0.3413766324520111
-0.33050182461738586
-0.33945608139038086
0.21950916945934296
0.2532423734664917
0.001231767819263041
0.005975529085844755
-0.17405003309249878
0.08700377494096756
0.07369351387023926
0.04761088266968727
0.0071849762462079525
0.11106220632791519
-0.010079481638967991
0.04312235489487648
0.07059594988822937
0.05922834575176239
0.038981977850198746
0.10173425078392029
-0.03726309537887573
0.06704702973365784
0.0014609823701903224
0.1186312660574913
0.04539092630147934
0.09664766490459442
0.03299665451049805
0.12149669975042343
0.043438151478767395
0.07602909207344055
0.09794994443655014
0.09985600411891937
-0.023541441187262535
0.08382643014192581
0.021988531574606895
0.05541902035474777
0.1016436368227005
0.09850054979324341
0.10885632783174515
0.09492077678442001
0.057953860610723495
-1.50578773021698
0.10574536770582199
-0.36056557297706604
1.144085168838501
1.616995930671692
-0.10776210576295853
-1.9026260375976562
-0.1306799203157425
0.08604682236909866
-1.3645793199539185
-1.3663451671600342
-0.12189441919326782
-1.8938511610031128
-1.9156967401504517
-1.973699927330017
-1.9486432075500488
-1.9699727296829224
-1.9021730422973633
-1.9265588521957397
-1.9166449308395386
-1.9046695232391357
0.11418945342302322
0.22652040421962738
-0.062138721346855164
-0.014119748957455158
0.13660983741283417
0.4121371805667877
0.28793010115623474
0.3754587769508362
0.3082928955554962
0.32952067255973816
0.2853837013244629
0.3716505765914917
0.35053369402885437
0.3925325572490692
0.2703125476837158
0.33421096205711365
0.25663524866104126
0.36335647106170654
0.24566981196403503
0.36269673705101013
0.2792264521121979
0.3395979106426239
0.27472856640815735
0.35924848914146423
0.26590290665626526
0.37969958782196045
0.3136594295501709
0.34379538893699646
0.2686344385147095
0.309293270111084
0.27479085326194763
0.39054930210113525
0.33590370416641235
0.40278109908103943
0.2943457365036011
0.41225138306617737
0.26534944772720337
-0.00941348448395729
0.008638894185423851
1.9840927124023438
0.033327456563711166
-0.09987884014844894
0.0317353792488575
-0.10509371012449265
-0.054126083850860596
-0.01800469681620598
-0.11431913077831268
-0.02788528800010681
0.007853945717215538
-0.00840604305267334
-0.10028901696205139
0.06302373111248016
0.024418005719780922
0.07016932219266891
0.0696730688214302
0.04008323326706886
0.08053822070360184
-0.09614764153957367
0.005580564495176077
0.0192954670637846
0.034517187625169754
-0.04973634332418442
-0.012044333852827549
-0.021012725308537483
-0.03469206392765045
0.03479417413473129
0.10720816999673843
0.009995236992835999
-0.021161997690796852
-0.11233304440975189
0.03468761965632439
-0.06953772902488708
-0.04993721470236778
-0.10406915843486786
-0.030595185235142708
0.02981165610253811
-0.07236845046281815
0.026046890765428543
0.030574364587664604
-0.014037146233022213
0.038871653378009796
0.02112007699906826
-0.11060889810323715
-0.10374514013528824
0.04530130326747894
0.02344474010169506
0.022378336638212204
0.03787104785442352
-0.022625353187322617
-0.0525018684566021
0.058518681675195694
-0.07731878757476807
-0.05345337465405464
-0.10341324657201767
0.0907183438539505
0.06455352902412415
0.034296322613954544
-0.11339351534843445
-0.020114392042160034
0.04853536933660507
-0.09899864345788956
-0.0960347130894661
0.07487067580223083
-0.027066804468631744
0.007393949199467897
-0.08416678011417389
-0.0675036758184433
0.006235526874661446
-0.03890112787485123
-0.07113078981637955
-0.04487514868378639
-0.01885526441037655
0.055299609899520874
-0.10651779174804688
-0.08670666068792343
-0.06883818656206131
0.0019941520877182484
0.11294577270746231
-0.07055961340665817
0.01689271815121174
0.07584398239850998
0.06486459076404572
0.011906550265848637
-0.07240825146436691
0.09153122454881668
-0.09196993708610535
-0.09752701222896576
-0.04842808470129967
-0.02946389466524124
0.004900544416159391
0.037823840975761414
0.10535655915737152
-0.014885255135595798
-0.013506135903298855
-0.10842756181955338
-0.028747132048010826
-0.0017449987353757024
-0.04696531593799591
0.036808039993047714
0.0522557832300663
-0.08843956887722015
-0.015105783008038998
0.11506352573633194
-0.03220507502555847
0.04355708509683609
0.08752911537885666
0.04359882324934006
0.03208368644118309
-0.0667317807674408
0.04509793967008591
0.007304846774786711
-0.000860276457387954
-0.052967581897974014
0.05851864814758301
-0.018683742731809616
0.03644147887825966
-0.10607695579528809
-0.022093281149864197
0.09173043072223663
0.13957630097866058
0.09435045719146729
-0.09716139733791351
0.003785058157518506
0.0036120584700256586
-0.35005447268486023
-0.4029397964477539
-0.11174800992012024
0.04926862195134163
0.2844237983226776
0.2819907069206238
0.27074769139289856
1.8972796201705933
1.837618350982666
1.9237375259399414
1.8423802852630615
1.8609040975570679
1.8224343061447144
1.8117952346801758
1.899824619293213
1.8819317817687988
0.06182790920138359
0.08929399400949478
0.015243097208440304
-0.0026239771395921707
0.4314398169517517
0.11643508076667786
0.19896309077739716
0.13140155375003815
0.13369911909103394
0.1282196193933487
0.25253692269325256
0.11233653128147125
0.1347256302833557
0.21770840883255005
0.294482558965683
0.17440129816532135
0.0974579006433487
0.13461914658546448
0.17157870531082153
0.17229698598384857
0.03523621708154678
0.21013134717941284
0.11833472549915314
0.2252412736415863
0.08979952335357666
0.17158621549606323
0.1538407951593399
0.14910833537578583
0.15909485518932343
0.24585963785648346
0.23190400004386902
0.11898104846477509
0.16670076549053192
0.1241513192653656
0.12688465416431427
0.24794195592403412
0.20124730467796326
-1.9818341732025146
0.056550417095422745
-0.32509613037109375
-0.17412684857845306
-0.041777241975069046
-0.10812009125947952
0.3931078612804413
-1.3896890878677368
0.05683911219239235
0.3405057489871979
0.37144383788108826
0.7656025290489197
1.661736249923706
1.4961721897125244
1.7083823680877686
1.8559616804122925
1.84913170337677
1.8150404691696167
1.7723263502120972
1.9317405223846436
1.8630014657974243
0.16930165886878967
0.2052735537290573
-0.0521509125828743
0.005752048455178738
-1.5231397151947021
-1.3087656497955322
-1.8780547380447388
-1.130631446838379
-0.858566403388977
1.9687246084213257
1.9831347465515137
1.7777106761932373
-0.7354975938796997
1.1856149435043335
1.9838119745254517
1.7229865789413452
-0.8031606078147888
-1.3500815629959106
-1.5744047164916992
-1.9767918586730957
-1.368648886680603
-1.6584230661392212
-1.194181203842163
1.3965182304382324
1.9815207719802856
1.6835182905197144
-0.7654629945755005
-1.5200719833374023
-1.6755770444869995
1.5981570482254028
-0.7142603993415833
-1.4491453170776367
-1.9725502729415894
-1.983147382736206
-0.9659407734870911
1.2429808378219604
1.9789093732833862
-0.01644446700811386
-0.000691568071488291
-0.12997843325138092
-1.134578824043274
0.09970501065254211
-0.0063142674043774605
-0.18074238300323486
-0.12450922280550003
-0.11547502130270004
-0.038419730961322784
-0.5531592965126038
0.06015195697546005
1.471329927444458
1.5084760189056396
0.08115211129188538
1.5145597457885742
1.862220048904419
1.4525161981582642
1.7176398038864136
1.8188586235046387
1.16461181640625
1.613661766052246
1.9008984565734863
1.846949577331543
0.0443803146481514
0.049616675823926926
-0.022729964926838875
-0.03234038129448891
-0.030053459107875824
-0.013958831317722797
-0.07068905234336853
0.1928730309009552
-0.20162256062030792
-0.041600409895181656
-0.14927314221858978
0.0009397027897648513
-0.008564659394323826
0.22472892701625824
0.04870358854532242
-0.0865420252084732
-0.09600663185119629
-0.20034708082675934
-0.21406547725200653
0.2600976824760437
0.23513218760490417
0.16161993145942688
0.2629050612449646
0.12089316546916962
-0.17081376910209656
0.038853731006383896
-0.023704959079623222
0.2469390481710434
0.4086326062679291
-0.06874313205480576
0.23997315764427185
-0.17678797245025635
-0.23345036804676056
0.4145757853984833
0.29849016666412354
-0.06324999034404755
0.09765924513339996
0.4994530975818634
-0.13971447944641113
-0.024822980165481567
-0.16370537877082825
0.0774727314710617
0.06663165241479874
0.009872691705822945
-0.29236719012260437
-0.07714007049798965
1.9364978075027466
1.66693115234375
0.5260583758354187
1.1514101028442383
0.43663859367370605
0.1452234983444214
1.1932356357574463
1.9027764797210693
0.6541711688041687
0.9624434113502502
1.0969737768173218
0.8841932415962219
0.014454202726483345
0.025889258831739426
-0.12098385393619537
0.07336747646331787
-0.10646415501832962
-1.896289348602295
-1.1433234214782715
-1.949478030204773
-1.4619956016540527
-1.5262359380722046
-1.0784341096878052
-1.9840950965881348
-1.9703185558319092
0.9686370491981506
0.611198365688324
1.1998347043991089
1.9792985916137695
1.9496986865997314
1.7516740560531616
1.6602485179901123
0.7835994362831116
-1.9725223779678345
-1.372402310371399
-1.787446141242981
-1.4905624389648438
-1.6432561874389648
-0.7552787661552429
-1.724673867225647
-1.821779489517212
1.4379260540008545
1.817459225654602
1.888275384902954
1.9816017150878906
1.9609822034835815
1.493389368057251
1.617984652519226
1.79525625705719
0.12167108058929443
0.13777188956737518
0.71174556016922
-1.984375
-0.013668041676282883
-0.27559009194374084
-0.10328278690576553
0.06337730586528778
-0.008227033540606499
0.08765494078397751
0.16821619868278503
0.06560730934143066
1.9488518238067627
1.8601282835006714
0.5854645371437073
1.6749244928359985
1.6540790796279907
1.6324013471603394
1.8823440074920654
1.7924928665161133
1.7022744417190552
1.7313441038131714
1.642012596130371
1.6496474742889404
0.09268524497747421
0.18985706567764282
-0.03285200148820877
0.01664159446954727
0.017122259363532066
-1.6638702154159546
-0.048929356038570404
1.731844425201416
0.5202236175537109
-1.9816786050796509
0.4714837670326233
1.6287505626678467
0.050315532833337784
1.0426084995269775
-0.2619587481021881
-1.7095682621002197
-1.2476054430007935
1.9758927822113037
-1.1382801532745361
-1.7295728921890259
-0.29593589901924133
-0.26536035537719727
-1.9745137691497803
1.9695152044296265
-1.4348170757293701
-0.5863577127456665
0.6731001734733582
-0.7071287035942078
0.10212455689907074
1.979326605796814
-0.08593236654996872
-1.8377537727355957
0.23719295859336853
1.9717628955841064
0.43623086810112
-1.9725826978683472
0.47318416833877563
-1.0070064067840576
0.22450245916843414
0.05093323811888695
0.1266699731349945
-0.0019128982676193118
-0.3606528043746948
-0.024783242493867874
-0.0954621434211731
-0.04421648010611534
0.36200249195098877
0.3837169110774994
0.14749568700790405
0.1450163871049881
0.5618475675582886
0.4965819716453552
0.13387295603752136
0.20841915905475616
0.5277925133705139
0.3904551565647125
0.09921848773956299
0.2741309702396393
0.005927175749093294
0.0021558029111474752
-0.05883978307247162
-0.0012562486808747053
0.11109160631895065
0.1878974437713623
0.22088274359703064
0.20675891637802124
0.11798951029777527
-0.008424893021583557
0.13648708164691925
0.1735040694475174
0.08614233881235123
0.1008577048778534
0.22293536365032196
0.1543826311826706
0.13506673276424408
0.1464785486459732
0.15289416909217834
0.1359734982252121
0.08596113324165344
0.32404378056526184
0.22726504504680634
0.1301039159297943
0.17296911776065826
0.1448095738887787
0.2358226478099823
0.08722946792840958
0.1611182540655136
0.19477762281894684
0.26993560791015625
0.08161165565252304
0.19549211859703064
0.17020078003406525
0.192252516746521
0.04101647809147835
0.21735775470733643
0.0552469827234745
-0.05026506260037422
1.9842774868011475
1.9792265892028809
-0.17286957800388336
-0.19954104721546173
0.02104581892490387
-1.9841156005859375
0.11595062911510468
0.13607653975486755
-1.2448710203170776
0.022218983620405197
1.954183578491211
1.9469598531723022
1.9690756797790527
1.7297104597091675
1.879914402961731
1.751033067703247
1.8427822589874268
1.727073073387146
1.7916715145111084
1.8377081155776978
1.7733956575393677
1.8465261459350586
0.09297686815261841
0.14183755218982697
-0.13853798806667328
-0.00804057251662016
-0.5217285752296448
-0.44547274708747864
-0.6967337131500244
-0.42545318603515625
-0.6161462664604187
-0.3869078457355499
-0.3270784318447113
-0.4078942537307739
-0.6900196671485901
-0.4732525050640106
-0.6766158938407898
-0.323901504278183
-0.5877857804298401
-0.233571857213974
-0.6693896651268005
-0.3833441436290741
-0.6005100607872009
-0.1712578982114792
-0.5717394351959229
-0.40335512161254883
-0.5652835965156555
-0.4354758858680725
-0.6152375340461731
-0.3456606864929199
-0.5123379826545715
-0.40788498520851135
-0.3693885803222656
-0.4024754762649536
-0.5298940539360046
-0.5503664612770081
-0.5185742378234863
-0.4648990035057068
-0.630773663520813
0.46199724078178406
-0.04182831197977066
0.014875613152980804
1.9487707614898682
0.11368773877620697
-0.13234348595142365
-0.16639912128448486
1.8088065385818481
0.012014524079859257
1.9814211130142212
1.864659070968628
-0.9298849105834961
1.833470344543457
1.787233829498291
1.8226748704910278
1.7789727449417114
1.8398072719573975
1.8183835744857788
1.8616842031478882
1.818006992340088
1.842187523841858
-0.002355904085561633
-0.002086828462779522
0.15618513524532318
-0.015181590802967548
0.17833617329597473
-0.196085587143898
-0.30386924743652344
-0.1481652408838272
-0.2486860454082489
-0.12043875455856323
-0.23668979108333588
-0.20453912019729614
-0.13690027594566345
-0.25732120871543884
-0.32422536611557007
-0.04607268422842026
-0.1882306933403015
-0.1864713877439499
-0.20083723962306976
-0.2139785885810852
-0.27272337675094604
-0.17228834331035614
-0.22501589357852936
-0.21148599684238434
-0.27278947830200195
-0.2323945015668869
-0.3563331067562103
-0.08313499391078949
-0.22509002685546875
-0.07815725356340408
-0.27867913246154785
-0.2377537488937378
-0.18895260989665985
-0.16126778721809387
-0.2823668420314789
-0.17988640069961548
-0.31803908944129944
-0.17857322096824646
-1.9834258556365967
-1.9724645614624023
-1.9806020259857178
1.0376695394515991
-1.9798849821090698
-0.42268216609954834
1.3726763725280762
-0.8260816335678101
0.42648857831954956
1.9389463663101196
-0.05017867684364319
0.37839436531066895
-0.21909531950950623
0.9602466225624084
-0.7822462916374207
-0.42538708448410034
-0.18504491448402405
-0.568403422832489
-0.28247514367103577
-0.537114679813385
-0.6454276442527771
-0.672581672668457
-0.6143450140953064
0.8067458271980286
-1.9779207706451416
0.03602128475904465
0.22955819964408875
1.3098770380020142
1.5603076219558716
1.9739930629730225
1.5117757320404053
1.4805002212524414
1.9819302558898926
1.626559853553772
1.834725260734558
1.8591673374176025
1.3365284204483032
1.9739208221435547
1.1570382118225098
1.470123529434204
1.223754644393921
1.6583324670791626
1.563485860824585
1.9559203386306763
1.1646016836166382
1.4572304487228394
1.5499001741409302
1.7691434621810913
1.333950400352478
1.952115535736084
1.223026156425476
1.0906553268432617
1.7832494974136353
1.5637725591659546
1.6206525564193726
1.3524268865585327
1.4792994260787964
1.792481541633606
1.4409631490707397
1.4736772775650024
-0.9309964776039124
-0.4546072483062744
-0.04715272784233093
0.8148005604743958
-0.17250792682170868
0.26235345005989075
0.3108300268650055
-0.21544431149959564
-0.04408445209264755
-0.01828058436512947
0.2186286300420761
-0.290439635515213
-1.4319130182266235
-0.9116666316986084
-1.1026850938796997
-0.8175763487815857
-1.0252598524093628
-1.126954436302185
-1.1403350830078125
-1.0725635290145874
-1.1549614667892456
-0.04732488468289375
-0.03359869122505188
0.027552107349038124
-0.047646064311265945
0.23539145290851593
0.31584832072257996
-0.11427779495716095
0.14349789917469025
-0.10845652222633362
0.3448618948459625
-0.16295765340328217
0.30612292885780334
-0.052359260618686676
0.03888553008437157
-0.3325763940811157
0.22630798816680908
0.07794519513845444
0.12744387984275818
-0.19000880420207977
0.17231230437755585
-0.10963732749223709
0.1154918223619461
-0.25548312067985535
0.170920267701149
-0.0225196722894907
0.0896410271525383
-0.23620742559432983
0.3542416989803314
0.0548010990023613
0.4386105537414551
-0.15847443044185638
0.29422250390052795
0.07510533183813095
0.4070667028427124
-0.023224279284477234
0.16332893073558807
-0.0047479718923568726
0.14678440988063812
0.17969752848148346
-0.8487847447395325
-0.9908961057662964
-0.017256110906600952
-0.5689026713371277
-0.3356917202472687
0.08258397877216339
0.14986470341682434
0.0582551471889019
0.15954388678073883
-0.04751192033290863
0.508466899394989
0.5040902495384216
0.13685967028141022
1.827347993850708
1.9664613008499146
1.8155173063278198
1.9467048645019531
1.805022954940796
1.8193048238754272
1.756649136543274
1.6876239776611328
1.7621550559997559
0.2737445533275604
0.29161372780799866
-0.030832381919026375
-0.0022570742294192314
0.39468392729759216
-1.1589008569717407
1.2117666006088257
1.975676417350769
1.9836552143096924
1.2465364933013916
-0.32925647497177124
-1.9693375825881958
-1.8116878271102905
-1.9708564281463623
0.04391030594706535
1.6530656814575195
1.9802628755569458
1.879961371421814
0.7308180928230286
-1.5464720726013184
-1.9815514087677002
-0.09680435806512833
0.6687320470809937
1.7876245975494385
1.4835290908813477
1.4947013854980469
0.03532418981194496
-0.5885591506958008
-1.0086592435836792
-1.9840208292007446
0.07795406132936478
0.9239832758903503
1.9820330142974854
1.4690256118774414
0.7512544393539429
-1.6791765689849854
-1.9842464923858643
1.9427454471588135
-0.04341611638665199
-0.10410123318433762
0.004972750786691904
-0.0537891648709774
-0.054146118462085724
0.05879506841301918
0.008568706922233105
0.04187355190515518
0.11171573400497437
0.013004526495933533
-0.00022694710060022771
1.8594495058059692
1.9494407176971436
1.8998947143554688
1.901094675064087
1.8576993942260742
1.9228595495224
1.9259591102600098
1.941909670829773
1.8141783475875854
0.04510307312011719
0.06220246106386185
0.03135132044553757
0.015091163106262684
0.07705539464950562
-0.14693497121334076
-0.014045328833162785
-0.00946548581123352
0.02628505788743496
-0.07822204381227493
0.08880868554115295
-0.08187847584486008
-0.06602410227060318
-0.09503456950187683
0.037264589220285416
-0.09553942084312439
0.08265027403831482
-0.12948894500732422
-0.03949296846985817
-0.02016325294971466
-0.020514830946922302
-0.006309468764811754
0.01699185185134411
-0.0061390213668346405
-0.08761473000049591
-0.08825866878032684
-0.13868464529514313
-0.052170202136039734
-0.0892828106880188
0.018707262352108955
-0.10461560636758804
-0.05298805236816406
-0.15370455384254456
0.07051180303096771
-0.07847779989242554
-0.10299508273601532
-0.08774761855602264
-0.008142003789544106
-0.01127178966999054
0.11063354462385178
-1.2521753311157227
0.20767293870449066
-0.12272868305444717
0.08058802783489227
0.18379336595535278
-0.22022095322608948
-0.41040515899658203
1.1004732847213745
0.0847763791680336
1.8376153707504272
1.7123980522155762
-0.23509123921394348
0.8699998259544373
0.6525402069091797
0.5418267250061035
0.6383364796638489
0.5279775261878967
0.7328768968582153
0.7130486965179443
0.7062021493911743
0.7405992746353149
0.10872017592191696
0.10476037859916687
0.061989087611436844
0.03163803368806839
0.33705300092697144
0.11049234122037888
0.036218758672475815
0.2835589051246643
0.2388821840286255
0.1523316651582718
0.1790907382965088
0.333598792552948
0.12241721898317337
0.2773955464363098
0.17813844978809357
0.21278099715709686
0.23579859733581543
0.32105281949043274
0.2821698784828186
0.057380300015211105
0.20379836857318878
0.20939382910728455
0.19668184220790863
-0.022709723562002182
0.14849591255187988
0.21695353090763092
0.07594103366136551
0.19411955773830414
0.14585286378860474
0.30408182740211487
0.05404413118958473
0.23878976702690125
0.1954147070646286
-0.023239942267537117
0.19982057809829712
0.18381275236606598
0.221064954996109
-1.984375
-0.44572094082832336
-1.1898709535598755
0.23686379194259644
-1.984375
0.6162687540054321
0.11659561097621918
-1.1314131021499634
0.05216154456138611
1.9541223049163818
1.8176268339157104
1.2604564428329468
0.8210346698760986
0.8945797085762024
0.5678153038024902
0.8619216680526733
0.5730530023574829
0.9158048033714294
0.9466229677200317
0.8749635219573975
0.9615069031715393
0.3494603931903839
0.4830174744129181
0.03444845229387283
0.04682469367980957
-1.4729197025299072
-1.4536733627319336
-1.4596515893936157
-1.5987260341644287
-1.4918644428253174
-1.4304029941558838
-1.4663881063461304
-1.5476373434066772
-1.4199978113174438
-1.5428216457366943
-1.3821684122085571
-1.548040509223938
-1.5316789150238037
-1.547742486000061
-1.5226937532424927
-1.579052209854126
-1.415825605392456
-1.4968721866607666
-1.490757703781128
-1.5136011838912964
-1.4579002857208252
-1.5200763940811157
-1.4800077676773071
-1.5073336362838745
-1.4842411279678345
-1.5354163646697998
-1.3648185729980469
-1.4309537410736084
-1.4378982782363892
-1.543967843055725
-1.3901176452636719
-1.5154950618743896
-1.4547061920166016
0.1116364598274231
-0.14601905643939972
0.07738826423883438
1.9142472743988037
0.2668421268463135
0.6434915065765381
-1.7363672256469727
-1.984375
0.22336626052856445
-0.5985576510429382
-1.983557105064392
0.016405856236815453
-1.9696847200393677
1.9773651361465454
-1.9645214080810547
1.9462096691131592
-1.8698067665100098
-1.923068881034851
-1.9653308391571045
-1.9533231258392334
0.7205286026000977
0.22958512604236603
0.2157832533121109
0.9612592458724976
-0.3621509373188019
-0.5860113501548767
-1.1697421073913574
0.11615043133497238
1.007646918296814
-0.45375311374664307
-0.02719704993069172
0.26154789328575134
-0.14941470324993134
1.9123915433883667
-1.7519093751907349
1.280064582824707
-0.061398353427648544
1.0636876821517944
-0.9880207180976868
1.0364305973052979
-0.3111996352672577
0.8573052287101746
-1.9706926345825195
1.0214837789535522
0.9932724237442017
1.5215787887573242
-1.9467161893844604
1.5205708742141724
1.0294950008392334
1.363338589668274
-1.0690035820007324
1.9143513441085815
-0.26454225182533264
1.947903037071228
-1.595918893814087
1.2755929231643677
-0.12641046941280365
0.08258383721113205
-0.03393329679965973
0.8603807687759399
0.4582582116127014
1.9809650182724
0.07926399260759354
-0.5857028961181641
-1.5332697629928589
1.1379631757736206
0.46494096517562866
0.6332764029502869
1.9788891077041626
0.08259203284978867
-0.8730916976928711
1.8598973751068115
1.7148559093475342
-1.9496933221817017
1.9292471408843994
-1.9524528980255127
1.9200763702392578
-1.1352344751358032
-1.7257530689239502
-1.8479048013687134
-1.4377357959747314
-1.470443606376648
1.4785548448562622
1.6213364601135254
-1.5067874193191528
-1.563069224357605
-0.28036949038505554
-1.9050652980804443
-0.34049052000045776
-1.932695984840393
-0.994900643825531
-1.9775142669677734
-0.8294132351875305
-1.957430124282837
-0.5671609044075012
-1.9818150997161865
0.006307982839643955
-1.947282075881958
0.10570010542869568
-1.9703561067581177
-0.22149872779846191
-1.9822992086410522
-0.09838120639324188
-1.7096632719039917
0.24457021057605743
-1.9812724590301514
0.12714742124080658
-1.982883334159851
-0.5850841403007507
-1.9368821382522583
-0.15303507447242737
-1.9652765989303589
-0.3386196494102478
-1.8538540601730347
-0.20646388828754425
-1.6673213243484497
-0.3185035288333893
-1.9242730140686035
-1.2223135232925415
1.459950566291809
-1.9776090383529663
1.982991099357605
-0.3696766495704651
-0.031830620020627975
-0.07256732136011124
-0.32833132147789
-0.12693391740322113
0.10863421112298965
0.19097715616226196
-0.5736924409866333
0.08878546208143234
-0.5252960920333862
0.3139345347881317
0.005605106707662344
0.16812440752983093
0.24873344600200653
-0.057324714958667755
0.1343708336353302
-0.07977865636348724
-0.3213488757610321
-0.04063747823238373
-0.2166462391614914
-0.055335480719804764
-0.09181196242570877
0.03980167582631111
0.10109104961156845
-0.01918429508805275
-0.298565149307251
-0.0915975570678711
-0.011956358328461647
-0.15642720460891724
-0.06743064522743225
-0.39819517731666565
-0.10618322342634201
-0.1925097554922104
-0.11386381834745407
0.0440233089029789
-0.18478819727897644
-0.109962098300457
-0.051648981869220734
-0.06360510736703873
-0.3012121319770813
-0.2421954870223999
-0.06298275291919708
-0.16516894102096558
-0.20840266346931458
-0.1462678760290146
0.07634157687425613
-0.041547637432813644
-0.2299976795911789
-0.07242681086063385
-0.13046683371067047
-0.3586735725402832
-0.23997777700424194
-0.10245857387781143
-0.08906101435422897
0.005266728810966015
-0.1448814421892166
-0.11494050174951553
-0.05249525606632233
0.6491289734840393
-0.031585145741701126
-0.06774818897247314
0.003143028588965535
-0.0964401364326477
-0.18343612551689148
-0.6521679162979126
-0.008605686016380787
0.07962332665920258
-0.22303690016269684
0.014250338077545166
-0.5199631452560425
-0.4265303611755371
-0.039198826998472214
0.03368086367845535
0.06547125428915024
0.02372918464243412
0.12416309863328934
0.04125550016760826
0.04460598900914192
0.0275285504758358
-0.057028379291296005
-0.11401014775037766
-0.1535111516714096
0.022115042433142662
0.11700231581926346
-0.04218720272183418
-0.12086301296949387
-0.11585655063390732
0.01582147553563118
0.17457473278045654
-0.0791049674153328
0.002356664277613163
-0.19227169454097748
-0.08312387764453888
0.01810072362422943
0.09381436556577682
0.04720385745167732
0.04673324152827263
0.08513474464416504
0.008440009318292141
-0.22227416932582855
0.028026480227708817
0.018856976181268692
0.012184768915176392
-0.18842379748821259
-0.016591444611549377
-0.043103139847517014
0.08684756606817245
0.030209066346287727
0.028113119304180145
-0.09256302565336227
-0.007680990733206272
-0.15060396492481232
-0.14032164216041565
-0.0751567855477333
-0.17537927627563477
-0.00446102861315012
0.08455466479063034
-0.13246974349021912
1.9779188632965088
-1.6204650402069092
-0.27772319316864014
-0.044192466884851456
-0.40707799792289734
0.04976378008723259
0.07763905823230743
-0.057680465281009674
-1.9592376947402954
-0.028349895030260086
1.83281409740448
0.826109766960144
0.24689924716949463
-0.4419881999492645
1.9656099081039429
-1.8558000326156616
-1.8109511137008667
-0.44729676842689514
0.16033156216144562
-1.9690992832183838
-1.4716508388519287
0.4187640845775604
0.01692267879843712
0.05668438598513603
-0.1198512613773346
0.42103466391563416
-0.7172821164131165
1.969296932220459
1.983962059020996
1.9777075052261353
1.091485619544983
0.25579002499580383
1.9822098016738892
1.7981270551681519
1.036007285118103
-1.3011131286621094
-0.9318035244941711
-1.3190147876739502
-1.3422187566757202
-1.25621497631073
-0.66358882188797
-1.7386521100997925
-1.7516247034072876
-1.2301619052886963
-1.0665314197540283
-1.007261872291565
-1.1150747537612915
-1.280550479888916
-1.2278920412063599
-1.3205657005310059
-1.1956220865249634
-1.3022427558898926
-0.9103808403015137
-0.9923873543739319
-0.7933859825134277
-1.9843744039535522
-1.984342098236084
-1.9831410646438599
-1.1449172496795654
0.0692625343799591
0.1308007687330246
-0.04339146986603737
-0.026264099404215813
-1.9739140272140503
-0.2683110237121582
-0.11382205039262772
-1.9820765256881714
0.02325335331261158
1.1706886291503906
1.943587064743042
-1.6779906749725342
0.09937451779842377
1.96135675907135
-0.31478777527809143
-0.01917370967566967
0.110638827085495
1.0528863668441772
-0.12025541812181473
-0.14838077127933502
1.1493737697601318
0.106315016746521
0.06540597975254059
-0.178902268409729
-0.033453986048698425
-0.12594902515411377
0.46787184476852417
-0.45063289999961853
-0.060480933636426926
1.9397618770599365
-1.2818949222564697
1.9307984113693237
-0.5704138875007629
1.9123303890228271
0.0039902557618916035
-0.1344844251871109
0.22334252297878265
1.1208049058914185
-0.029582947492599487
0.9896845817565918
0.06405353546142578
0.6578888893127441
-0.18852598965168
-0.06478393077850342
0.43117794394493103
0.47434404492378235
-0.0023772134445607662
0.5308496952056885
0.204948291182518
0.07644259184598923
-0.10503116250038147
0.11635059118270874
-0.2790142893791199
-0.3707438111305237
0.18025779724121094
-0.1399616152048111
0.31555885076522827
0.2559186816215515
0.0034551823046058416
0.8067776560783386
0.9465957283973694
-1.977553129196167
0.6796646118164062
0.036587100476026535
1.1837900876998901
-0.037848349660634995
-1.9664853811264038
-1.1394171714782715
-1.8036402463912964
-0.053128380328416824
1.4851309061050415
0.9652796387672424
-0.47037145495414734
0.5573895573616028
-0.8675557374954224
-0.451302170753479
-0.591838538646698
-0.589419424533844
-0.12426131963729858
-0.13624435663223267
0.0431668646633625
-0.18820779025554657
-0.08070095628499985
-0.06874096393585205
1.017269492149353
0.266962468624115
1.887861967086792
-1.8806641101837158
-1.4933675527572632
-1.3682029247283936
-1.2014851570129395
-1.3187696933746338
-0.9568701386451721
-1.42768132686615
-1.6868915557861328
-1.321480393409729
-1.5515247583389282
-1.424564003944397
-1.4098995923995972
-1.4365506172180176
-0.9951018691062927
-1.7172913551330566
-0.9218469858169556
-1.164592981338501
-0.8402531743049622
-1.6387929916381836
-0.7885639667510986
-1.2887831926345825
-1.4122642278671265
-1.1382651329040527
-1.004606008529663
-1.2656034231185913
-1.0130043029785156
-1.2106395959854126
-1.6582738161087036
-1.8112821578979492
-1.706604242324829
-1.183820128440857
-1.0348070859909058
-1.981296420097351
-1.3285155296325684
-0.13777314126491547
-0.4589906930923462
0.3992387056350708
0.6527213454246521
1.8526443243026733
0.9642019271850586
-0.038845594972372055
-0.09174050390720367
1.9566229581832886
-0.425507515668869
-1.1290208101272583
0.8834474682807922
0.6081737279891968
1.1358754634857178
0.7031041383743286
0.535693883895874
0.8638366460800171
0.7384976744651794
0.7451653480529785
0.005069316364824772
0.03922397270798683
1.1281449794769287
-0.4385372996330261
-1.9834872484207153
-0.12985606491565704
0.2870649993419647
-0.09192152321338654
0.7064304351806641
0.4595724940299988
0.6386488080024719
0.08940888196229935
0.2708981931209564
-0.16863881051540375
0.5554624199867249
0.04876841604709625
0.34379661083221436
-0.186161071062088
0.3663405478000641
-0.07668134570121765
0.5344468951225281
-0.08172861486673355
0.4407038390636444
0.031895823776721954
0.6204818487167358
-0.2751680612564087
0.2502666711807251
-0.06504590064287186
0.19423836469650269
0.5032215714454651
0.6896560788154602
0.06646294891834259
0.12847431004047394
-0.2456226497888565
0.12352265417575836
-0.26309528946876526
0.5282312631607056
0.5037508606910706
-0.697561502456665
1.9659464359283447
1.9836890697479248
-1.984375
-1.984375
-1.984375
-1.984375
-1.984375
-1.982395052909851
1.9833028316497803
-0.08659754693508148
-1.4621546268463135
-1.705498218536377
-0.8644797205924988
-1.704708456993103
-1.7462626695632935
-1.713571310043335
-1.3244869709014893
-1.806451678276062
-1.8746225833892822
-1.6887584924697876
-1.7011526823043823
-1.9313684701919556
-1.984375
1.4949971437454224
0.018664715811610222
0.028583064675331116
-1.984375
1.982290267944336
1.9824602603912354
1.9831664562225342
1.9821146726608276
1.982657790184021
1.9822056293487549
1.982194423675537
1.9823185205459595
1.9825087785720825
1.9822962284088135
1.9826219081878662
1.9822890758514404
1.9831839799880981
1.982041358947754
1.9820538759231567
1.9822237491607666
1.9828754663467407
1.9825255870819092
1.9822086095809937
1.9823112487792969
1.9824175834655762
1.9821696281433105
1.982353925704956
1.982195496559143
1.9825496673583984
1.981985330581665
1.9823678731918335
1.982285737991333
1.9823698997497559
1.9823884963989258
1.9831629991531372
1.9820239543914795
0.8055949807167053
-1.9552421569824219
-1.9690076112747192
-1.9603774547576904
1.9731320142745972
0.9538519382476807
-0.6657535433769226
-1.0920681953430176
0.03136792778968811
-1.188076138496399
-0.9677147269248962
1.6150705814361572
-1.9396835565567017
-1.7659436464309692
-1.7316182851791382
-1.6199837923049927
-1.781868577003479
-1.9010759592056274
-1.7823777198791504
-1.6810499429702759
-1.8618494272232056
1.2590912580490112
1.654283881187439
-0.0921405479311943
-0.0178106427192688
-1.9701393842697144
-0.8603544235229492
-0.8467763066291809
-0.7657002806663513
-1.068524956703186
-1.2048194408416748
-0.9407175779342651
-0.9648111462593079
-1.0423970222473145
-0.8882541656494141
-0.6497088670730591
-0.9170656800270081
-0.8684244751930237
-0.9673073291778564
-0.9425919055938721
-0.9023965001106262
-0.5654220581054688
-1.0725146532058716
-0.638722836971283
-1.155353307723999
-0.48620861768722534
-0.889109194278717
-0.7356500625610352
-0.8496155738830566
-0.5139340162277222
-1.379345178604126
-0.17956165969371796
-1.0162644386291504
-0.3716598451137543
-0.9804652333259583
-1.1396416425704956
-1.087037444114685
-0.3343554139137268
0.08168294280767441
1.9803467988967896
-1.9775829315185547
1.9763814210891724
0.23478864133358002
0.06360730528831482
1.983447551727295
-1.9748207330703735
-0.544246256351471
-0.354567289352417
0.8400862812995911
-0.03678691014647484
-0.7909520268440247
-1.028459072113037
-0.8166890144348145
-1.4494671821594238
-1.7421947717666626
-1.7083607912063599
-1.723908543586731
-1.688464879989624
-1.7514523267745972
-1.7511460781097412
-1.714285135269165
-1.7629226446151733
-0.06536085903644562
-0.11474503576755524
0.1238422691822052
0.052332621067762375
0.5464160442352295
-0.076350137591362
0.17808976769447327
0.051755595952272415
0.16121764481067657
0.20302747189998627
0.1198669821023941
0.11984724551439285
0.21028880774974823
0.12723270058631897
0.054948385804891586
0.034510936588048935
-0.10080628097057343
0.06570935994386673
0.030534710735082626
0.010585848242044449
0.12451697140932083
-0.021769113838672638
0.10734844207763672
0.05807288736104965
0.029711445793509483
0.0018286742269992828
0.08875078707933426
0.0832078605890274
-0.07270736247301102
0.13128627836704254
0.15460030734539032
0.08735830336809158
0.07179336249828339
0.011738281697034836
0.09213651716709137
0.15642410516738892
0.15772941708564758
1.9788776636123657
0.11527925729751587
0.03789832815527916
-1.8935192823410034
1.6219459772109985
0.35766491293907166
0.8594580292701721
-0.07837525755167007
-0.07718782871961594
0.8438550233840942
1.002662181854248
0.8903393745422363
-1.2040340900421143
-0.8796758651733398
-0.7620958089828491
-0.8479666709899902
-0.7872011065483093
-0.872762143611908
-0.9228125214576721
-0.9255974292755127
-0.9371685981750488
-0.03458308428525925
-0.031366802752017975
-0.2130582481622696
-0.022729769349098206
-1.0466498136520386
-0.19835321605205536
-0.3410857915878296
-0.27293404936790466
-0.3106386363506317
-0.38682180643081665
-0.17115037143230438
-0.30837297439575195
-0.2747909426689148
-0.4095919132232666
-0.2132975459098816
-0.3880382776260376
-0.16649767756462097
-0.21128524839878082
-0.21332649886608124
-0.3712272346019745
-0.3229942321777344
-0.3405664265155792
-0.32519814372062683
-0.3776096701622009
-0.2688050866127014
-0.37296777963638306
-0.29466331005096436
-0.26626819372177124
-0.0797729343175888
-0.45466119050979614
-0.17904065549373627
-0.2947622835636139
-0.3363523483276367
-0.3950696885585785
-0.46052202582359314
-0.2959693670272827
-0.18957054615020752
0.012427916750311852
0.12364596128463745
-1.9839972257614136
0.3835810720920563
-0.03955536708235741
-0.12550535798072815
-0.053062062710523605
-0.21541154384613037
-0.21416060626506805
-0.11465731263160706
0.05538184195756912
-0.013044500723481178
0.02128566801548004
0.003663855604827404
0.045082539319992065
-0.08314372599124908
0.023159828037023544
-0.007594024296849966
0.06916284561157227
-0.060634832829236984
-0.12295576184988022
-0.09775177389383316
-0.10571152716875076
-0.14369776844978333
-0.10211323201656342
0.01117059588432312
0.033545270562171936
-0.06003580614924431
-0.1580556184053421
-0.04692608490586281
-0.10696931183338165
0.05606745555996895
0.044576629996299744
0.022075964137911797
-0.09972578287124634
0.06027007848024368
0.021604107692837715
0.05317845568060875
-0.07789480686187744
0.06138065084815025
-0.045582156628370285
-0.04320685938000679
0.048125259578228
-0.04388263821601868
-0.016694990918040276
-0.049534913152456284
-0.027968088164925575
0.004860876128077507
0.029529720544815063
-0.06820659339427948
0.037493787705898285
0.031700219959020615
0.011938401497900486
0.027602847665548325
-0.0527476891875267
-0.07800673693418503
0.006277559790760279
0.017097264528274536
0.04365655407309532
-0.013001726940274239
-0.10283046960830688
0.5816380381584167
-0.4330958127975464
-0.3083041310310364
-0.3269398808479309
-0.5175319910049438
-0.5045179724693298
-0.23075976967811584
0.15063676238059998
0.09100846946239471
-0.01864345744252205
-0.08198030292987823
-0.036231111735105515
0.007504533976316452
-0.07413047552108765
-0.07205482572317123
-0.017094910144805908
0.001935629639774561
-0.020664287731051445
-0.020355500280857086
0.011435545049607754
0.02168620377779007
-0.44858747720718384
-0.14299021661281586
-0.26983025670051575
-0.030714375898241997
-0.5120492577552795
0.037246108055114746
-0.07637757062911987
-0.04361883923411369
-0.0010018582688644528
-0.03676372021436691
-0.09025833755731583
0.011921951547265053
0.0616757906973362
0.04292794689536095
0.05112330988049507
-0.03220996633172035
0.034618258476257324
-0.06185835227370262
-0.0917184054851532
-0.09705838561058044
0.015114543959498405
0.031118106096982956
0.0414409264922142
0.03308092802762985
-0.036831632256507874
0.051465969532728195
-0.09393443912267685
-0.07463724166154861
-0.057350561022758484
-0.017569618299603462
0.025886444374918938
0.023715440183877945
-0.010297230444848537
0.007303881924599409
0.010955148376524448
0.05760706588625908
-0.05195562541484833
-0.09876000136137009
0.04143969342112541
1.9506149291992188
-0.026176882907748222
-0.015213275328278542
-0.07492110878229141
-0.0189681313931942
0.07959295064210892
0.02343764714896679
-0.034158483147621155
-0.07209036499261856
0.023848410695791245
-0.07972357422113419
-0.006527233403176069
-0.05842078477144241
0.0742231160402298
-0.061412204056978226
-0.019665423780679703
0.027158448472619057
0.005360465496778488
-0.07912810891866684
0.03972763568162918
0.033507999032735825
-0.0498691126704216
-0.06479532271623611
-0.018749918788671494
-0.0836576446890831
0.02571709454059601
-0.031040551140904427
-0.07685282826423645
-0.05083207041025162
0.0023331434931606054
0.006337991449981928
0.012681525200605392
-0.07355135679244995
-0.03189627826213837
-0.09965916723012924
-0.039004091173410416
-0.03941821679472923
0.059849608689546585
-0.07629109919071198
0.06923654675483704
0.05013546720147133
-0.0032327878288924694
-0.08717314898967743
-0.03123423457145691
-0.023799225687980652
0.01132007036358118
-0.10294704139232635
0.033668410032987595
-0.10777071118354797
0.014725593850016594
-0.06451482325792313
-0.02626328356564045
0.07435464859008789
-0.02523745223879814
-0.06568130105733871
0.052490074187517166
0.0505107045173645
0.052550267428159714
0.04489962011575699
-0.08072052150964737
-0.10286590456962585
0.011438466608524323
0.06204349175095558
-0.05686938017606735
0.049631331115961075
-0.027657128870487213
-0.01603963039815426
0.015080509707331657
-0.09009114652872086
-0.04710441082715988
-0.0804261565208435
-0.06984377652406693
0.04416560381650925
-0.04382828250527382
0.09676975756883621
0.07185842841863632
0.0021232699509710073
-0.03707519918680191
-0.08770567178726196
-0.008548742160201073
0.006994007620960474
0.07508305460214615
0.012131338007748127
0.025895575061440468
-0.034809473901987076
-0.060445159673690796
-0.0004520717484410852
-0.09837402403354645
-0.09250166267156601
-0.08730445802211761
0.05850599706172943
-0.05272962525486946
-0.08473485708236694
-0.09522915631532669
0.025023000314831734
0.07518060505390167
0.00790248904377222
0.0550868883728981
0.005927405785769224
0.04895913600921631
-0.08169001340866089
-0.07017119973897934
-0.027297887951135635
-0.07886196672916412
0.07277935743331909
-0.04222900792956352
-0.02722286246716976
0.009509500116109848
-0.06227916106581688
-0.0334552638232708
0.0730191245675087
0.011359574273228645
-0.09246640652418137
-0.01828133501112461
0.00015102539327926934
0.05101703479886055
-0.044266946613788605
-0.042670659720897675
0.05541141703724861
-0.10342740267515182
1.888236403465271
-1.984375
-0.25223302841186523
-1.984375
-1.9678955078125
1.2955100536346436
-1.6496515274047852
1.1788017749786377
0.05413104593753815
-1.4214153289794922
1.441977620124817
1.6506465673446655
-1.4359654188156128
1.920373558998108
-1.984375
1.9537986516952515
-1.984375
-1.917406439781189
-1.9652689695358276
-1.980202317237854
-1.956477403640747
0.7711411118507385
0.7902559638023376
1.3488329648971558
1.5875078439712524
0.7421163320541382
-1.9640072584152222
1.9614874124526978
-1.4062166213989258
-1.2374094724655151
-1.9764825105667114
1.9282628297805786
-1.984375
-1.984375
1.9504947662353516
1.7442138195037842
1.8370184898376465
-0.4595677852630615
-0.03564918413758278
-0.6113079786300659
1.9202829599380493
1.5627684593200684
0.5036956667900085
-0.7511932849884033
1.94500732421875
1.52859628200531
1.942196011543274
1.759709119796753
1.9383295774459839
-0.21741124987602234
-1.9800976514816284
1.9179482460021973
-1.972158670425415
-1.9236254692077637
-1.922670602798462
1.9588587284088135
-1.3470473289489746
-1.1199438571929932
-0.9744505286216736
-0.21959927678108215
-0.30594658851623535
0.7428791522979736
-1.452190637588501
-0.3096652328968048
0.9709640145301819
-1.940332055091858
0.016476405784487724
1.6676846742630005
-1.1114155054092407
-1.6898492574691772
-1.324370265007019
1.5594242811203003
-1.9539474248886108
1.5889883041381836
-1.9787949323654175
1.7731232643127441
1.673589825630188
1.8933497667312622
1.671045184135437
-0.016984570771455765
0.15920908749103546
0.39019617438316345
-0.6195999979972839
-1.6337755918502808
-1.9206264019012451
-1.9770514965057373
-0.12217795848846436
1.2206108570098877
-1.141260027885437
-1.8285503387451172
-1.002664566040039
1.6828486919403076
1.5491600036621094
-1.0005385875701904
0.5915387868881226
0.3222119212150574
0.6610731482505798
-0.7481422424316406
0.4011983871459961
1.7000502347946167
0.5426195859909058
-0.9129933714866638
0.4300074577331543
1.3053796291351318
1.0692524909973145
-0.9904162287712097
0.44744500517845154
0.3476933240890503
-0.7058609127998352
-1.5791690349578857
-0.9609058499336243
1.7922394275665283
-1.821872591972351
-1.9677923917770386
-0.09149721264839172
1.3026283979415894
0.5142837762832642
-0.25190386176109314
-1.9051764011383057
-0.05121844634413719
0.08747769892215729
-0.009608768858015537
-0.06558586657047272
-0.05485483258962631
-0.07106412202119827
0.04639916494488716
0.04854702204465866
0.05191655084490776
-0.057022370398044586
0.07339954376220703
0.0495816208422184
0.002524989191442728
0.06100081279873848
-0.036716338247060776
0.019600484520196915
0.08663791418075562
-0.04856375232338905
0.0006386481691151857
0.0018768883310258389
0.0857459232211113
-0.07780793309211731
-0.04071268066763878
-0.05372460559010506
-0.027391081675887108
-0.017632808536291122
-0.01808398775756359
0.05743010342121124
-0.02286984957754612
-0.08091099560260773
0.014259977266192436
-0.08970271795988083
0.05382584035396576
0.013701616786420345
0.058484677225351334
0.09103766828775406
0.01110958494246006
-0.08179203420877457
-0.023107444867491722
0.04524235799908638
0.04096534475684166
-0.022148914635181427
-0.047203611582517624
-0.01678391732275486
0.08912082016468048
-0.06549263745546341
-0.07715549319982529
-0.005797829013317823
-0.03264792636036873
-0.08094972372055054
0.05103638395667076
0.06531082093715668
0.073932945728302
0.03720468282699585
-0.061701226979494095
-0.02690736949443817
0.05214922875165939
-0.017115283757448196
-0.0708625540137291
-0.07398265600204468
0.08944062143564224
-0.07882189750671387
-0.028911961242556572
-0.023167382925748825
0.04223523288965225
-0.05215674638748169
0.0041975476779043674
0.01358733233064413
-0.03621299937367439
-0.005244243424385786
0.027581380680203438
0.066266268491745
-0.04862150549888611
0.020143110305070877
0.0497162863612175
-0.005677370820194483
0.020520558580756187
-0.0383707657456398
-0.027691686525940895
0.02504841424524784
-0.02681915834546089
-0.00797151867300272
-0.03290679678320885
-0.027548039332032204
0.017152778804302216
-0.07623329758644104
-0.08137382566928864
0.016667241230607033
-0.008150889538228512
-0.044161468744277954
-0.08149244636297226
0.02302779071033001
0.08968500792980194
0.0398377925157547
-0.008334314450621605
-0.07848577946424484
0.03882043808698654
0.08543284237384796
-0.04222656413912773
0.03288450464606285
-0.029155313968658447
-0.026707377284765244
0.06200748309493065
0.04802253842353821
-0.0341881588101387
0.07964181900024414
0.08881791681051254
0.08695600181818008
0.03605852276086807
0.05905797705054283
0.0005193811375647783
-0.0543389618396759
-0.08503421396017075
0.08451645821332932
0.07844565063714981
-0.013327390886843204
0.06619907170534134
-0.050908803939819336
0.07799272239208221
-0.021264245733618736
-0.01286622229963541
-0.07914397865533829
-0.08526907116174698
-0.016821082681417465
0.07273274660110474
-0.06568490713834763
0.05951094999909401
-0.04793688282370567
0.03720094636082649
-0.007335121743381023
0.07127504795789719
0.03216196224093437
0.027570124715566635
0.020795920863747597
0.011089073494076729
0.0033373143523931503
-0.07459811121225357
-0.05437633395195007
-0.010685199871659279
0.07940975576639175
0.03275692090392113
-0.0794045627117157
-0.006422391161322594
-0.018949072808027267
-0.02420896477997303
0.018551012501120567
0.04657423123717308
0.08942492306232452
-0.05581683665513992
0.03623748943209648
-0.03670550882816315
0.09106257557868958
-0.01768665947020054
-0.07918594032526016
0.014950762502849102
-0.052375391125679016
0.03699197247624397
-0.05770542100071907
-0.014258076436817646
-0.04555734619498253
0.0784802958369255
0.0038726830389350653
0.0018667909316718578
0.05771373584866524
0.02535005658864975
-0.014837527647614479
0.08494048565626144
0.021007375791668892
0.030357765033841133
-0.07171113789081573
-0.045239146798849106
0.011160771362483501
0.06076589599251747
-0.05733227729797363
0.027241172268986702
-0.003889555810019374
0.01105944812297821
-0.08536079525947571
0.06578437983989716
-0.04262392595410347
0.08365651220083237
0.01912364549934864
0.03370334208011627
-0.08821173012256622
0.08138090372085571
-0.08358924835920334
-0.03667811304330826
0.034410398453474045
0.03908385708928108
-0.01175637450069189
-0.0405421182513237
0.03988025709986687
0.06672263145446777
-0.08802889287471771
0.0007814430282451212
0.009819655679166317
-0.00497025903314352
0.014699956402182579
0.043074700981378555
-0.003806700464338064
-0.09141486138105392
-0.04284439608454704
0.033995114266872406
0.03464750200510025
-0.040334563702344894
0.011959251016378403
-0.0408783033490181
-0.0015185734955593944
-0.04023861885070801
0.059827178716659546
0.016187002882361412
0.0666792020201683
0.04084493964910507
0.08997896313667297
-0.022035647183656693
0.01909799873828888
0.01748264767229557
-0.07729548960924149
0.06407388299703598
-0.08857876062393188
-0.022738933563232422
0.028179846704006195
-0.05274965241551399
0.08299335837364197
0.06637880206108093
-0.046048905700445175
-0.010475591756403446
0.037314966320991516
0.027155859395861626
-0.052349578589200974
0.03433890640735626
-0.010580926202237606
0.06883358955383301
-0.04796278476715088
0.03978591784834862
-0.07284439355134964
0.004039628431200981
0.007561427541077137
0.015869056805968285
-0.08269208669662476
-0.041930779814720154
0.06484293937683105
-0.050517432391643524
-0.058811038732528687
0.058863285928964615
-0.03896939754486084
0.08460289984941483
0.027844643220305443
0.02108044922351837
-0.004084563814103603
-0.03219427540898323
-0.08836936205625534
-0.06999862939119339
-0.056293927133083344
0.0774899423122406
-0.07085686922073364
-0.0035166412126272917
-0.07344242185354233
0.025467148050665855
0.03566864877939224
-0.0033906097523868084
-0.08180179446935654
-0.07722720503807068
0.03897317871451378
0.08158846944570541
-0.04783313348889351
0.06788816303014755
0.04690302908420563
0.0017894541379064322
-0.03642687946557999
0.031408920884132385
0.03629964590072632
-0.08899585902690887
0.013611712493002415
-0.06935591250658035
-0.03962774947285652
-0.08763252943754196
0.0016456758603453636
0.0006531604449264705
-0.026000767946243286
-0.003840074175968766
0.03304791823029518
0.018138069659471512
-0.0009038682910613716
-0.030042976140975952
0.003949495032429695
0.020927907899022102
0.05569281801581383
0.02294527366757393
0.06786498427391052
-0.0910273864865303
-0.05621030926704407
-0.08640499413013458
-0.05838722363114357
0.04714149609208107
-0.036328647285699844
-0.005247652996331453
-0.07788430899381638
-0.08470587432384491
0.08272922039031982
-0.07063459604978561
-0.028425822034478188
0.07111965119838715
-0.07354801148176193
-0.07407226413488388
-0.01788710057735443
0.036325447261333466
0.0496811643242836
-0.08916741609573364
-0.04749729856848717
0.04800136014819145
-0.007695042993873358
0.08418678492307663
-0.05329041928052902
0.049928296357393265
-0.04578343406319618
0.07405335456132889
-0.0907498449087143
-0.06205331161618233
-0.03526071831583977
-0.07705492526292801
-0.013741722330451012
-0.03682918846607208
-0.04099588841199875
-0.0012848693877458572
-0.06008392944931984
-0.0027311439625918865
-0.025458766147494316
-0.015650508925318718
0.04679696261882782
0.018408184871077538
0.07598067075014114
-0.09110143780708313
-0.02876717783510685
0.024864058941602707
0.06930681318044662
0.002320200204849243
-0.017305221408605576
-0.010063260793685913
0.005784464068710804
-0.04812569543719292
0.09006036818027496
0.004952654242515564
0.03638571500778198
0.027636881917715073
0.07929980009794235
0.008120324462652206
-0.021176856011152267
-0.06945809721946716
-0.07461941987276077
0.0707349181175232
-0.07465030252933502
-0.051585543900728226
-0.0853276476264
0.08458204567432404
0.008714910596609116
-0.016598492860794067
-1.7126529216766357
0.9624016284942627
-0.029657943174242973
-1.9788976907730103
0.9681325554847717
-0.4038459062576294
-0.5140263438224792
-0.7007863521575928
0.057272106409072876
1.9417773485183716
1.4826116561889648
-1.2963892221450806
1.3574256896972656
1.5947896242141724
0.8300231695175171
1.0762547254562378
1.0467864274978638
0.6395660638809204
0.44911545515060425
0.2640487253665924
0.5233485698699951
-0.2731432616710663
-0.3176648020744324
0.7391307950019836
0.06554168462753296
0.11665476113557816
-0.9286810159683228
-0.2239963859319687
0.09669816493988037
-0.4180518090724945
0.06506073474884033
-0.9671255350112915
0.14714743196964264
-0.6499773859977722
-0.510558009147644
-0.319685161113739
-0.4039674997329712
-0.461825430393219
0.1012503132224083
-0.6785028576850891
-0.6838715672492981
-0.72621750831604
-0.1720055639743805
-0.7490508556365967
-0.602172315120697
-0.7509738802909851
-0.5085858702659607
-0.5353049039840698
-0.7527121305465698
-0.5912702679634094
-0.26731249690055847
-0.9891627430915833
-0.2520630359649658
-0.9056417346000671
-0.8713073134422302
-0.8656679391860962
-0.4921504557132721
-0.7959625124931335
-1.984375
-0.13834702968597412
-0.6413014531135559
1.5700620412826538
0.1524048149585724
0.6359735131263733
0.05086034908890724
1.984375
-0.011737425811588764
1.0239757299423218
1.831007957458496
1.830229640007019
0.720169723033905
0.5811644792556763
1.5856889486312866
0.5358763933181763
1.6734461784362793
0.004893501289188862
-0.16369208693504333
-0.3257923126220703
-0.21502234041690826
0.31137505173683167
0.45624426007270813
-0.3051537871360779
-0.4456903338432312
-0.9477388858795166
-0.9721320867538452
-0.30319562554359436
-0.795005738735199
-0.4996196925640106
-0.7005515098571777
0.7565168142318726
-0.9935107827186584
-0.608018696308136
-1.1867319345474243
0.2349616140127182
-1.6527445316314697
-0.07999268919229507
-0.9348785877227783
-0.47794005274772644
-1.445264458656311
-0.07254564762115479
-1.3872575759887695
-0.1531674563884735
-1.1269047260284424
-0.34551337361335754
-1.274149775505066
0.4262866675853729
-1.2732324600219727
-0.1491055190563202
-1.0796470642089844
0.7802138328552246
-0.5581014752388
-0.43384236097335815
-1.2970865964889526
-0.11158335208892822
-0.40236419439315796
-0.11956766992807388
1.4117028713226318
1.9811416864395142
1.975755214691162
-1.9843071699142456
-0.3242410719394684
-0.4428050220012665
0.09904173016548157
-0.10435232520103455
0.13612961769104004
0.2922958433628082
-1.0541120767593384
-0.09100764244794846
1.0735067129135132
0.9792567491531372
0.7648334503173828
1.6234272718429565
1.9004327058792114
1.7681416273117065
1.4039909839630127
1.2678370475769043
1.5857187509536743
1.5036860704421997
1.3400615453720093
1.5971778631210327
0.1707611232995987
0.24062049388885498
-0.03475987911224365
0.05252373218536377
-1.0787824392318726
-1.303215503692627
0.36785954236984253
-1.5169481039047241
-0.9386540055274963
-1.7489697933197021
-0.8223095536231995
-1.7267621755599976
-0.22854451835155487
1.978792667388916
-0.41206541657447815
-1.676216959953308
-1.9693615436553955
-1.7098023891448975
-1.0009849071502686
1.5821006298065186
1.9613382816314697
-0.5722072720527649
-0.25180840492248535
1.9803671836853027
1.8854901790618896
1.9838614463806152
-0.9277060627937317
-0.9039103388786316
-1.9684003591537476
-1.3333961963653564
-1.9811207056045532
-1.928255558013916
-0.9104477763175964
1.3919713497161865
1.981067180633545
1.981055498123169
-0.2731446623802185
-0.07494375854730606
0.4363102614879608
0.01682893931865692
-0.012016873806715012
0.07122611999511719
-0.6283753514289856
-0.32329443097114563
-0.02335326001048088
-0.06741556525230408
1.172293782234192
1.1781110763549805
0.27206432819366455
1.8179067373275757
1.847259759902954
1.8291209936141968
1.9084782600402832
1.837866187095642
1.9569003582000732
1.8063924312591553
1.7880440950393677
1.8111896514892578
-0.01537508424371481
-0.018767137080430984
-0.0017888600705191493
-0.008329391479492188
0.4592325985431671
0.2770850658416748
0.25350701808929443
0.2981766164302826
0.2087719887495041
0.24884039163589478
0.1471339762210846
0.3565042316913605
0.12858499586582184
0.06829234957695007
0.13581493496894836
0.19472135603427887
0.3975539803504944
0.32267263531684875
0.31812211871147156
0.22239655256271362
0.16301968693733215
0.16818350553512573
0.25034627318382263
0.22502386569976807
0.378342866897583
0.23131497204303741
0.2818341553211212
0.2187814861536026
0.24419140815734863
0.31089451909065247
0.24617601931095123
0.09506650269031525
0.2681327164173126
0.164475217461586
0.3031415045261383
0.234087273478508
0.24257688224315643
-0.020945733413100243
0.021437447518110275
0.12955857813358307
0.05416354537010193
-0.05549829080700874
0.07695141434669495
-0.0027641351334750652
0.06670231372117996
-0.03402157127857208
-0.058039188385009766
0.007328215520828962
0.017812833189964294
-0.0070295557379722595
0.03063236176967621
-0.08898066729307175
-0.05271604657173157
0.052241284400224686
0.04093744605779648
0.05835822969675064
0.019767310470342636
-0.05919778719544411
-0.03899678215384483
0.08789968490600586
0.013583824969828129
-0.08567921072244644
-0.054498299956321716
0.01858210377395153
-0.03301331028342247
-0.009730779565870762
-0.03800608217716217
0.07232305407524109
-0.0821990817785263
0.06155374273657799
0.008958340622484684
0.029186295345425606
0.014244219288229942
0.03837275505065918
0.0018414600053802133
0.04893859103322029
-0.08459103107452393
0.05956645309925079
0.09133506566286087
0.040541745722293854
-0.024630213156342506
-0.01941571570932865
0.04085591435432434
0.08557099848985672
0.07248701900243759
0.07732674479484558
-0.03725697472691536
-0.014193394221365452
-0.0036880671977996826
-0.07715778797864914
-0.058628860861063004
0.06056101992726326
-0.07521581649780273
-0.06193193793296814
0.06325112283229828
0.08288171142339706
0.008933654986321926
-0.0312739722430706
0.053146716207265854
-0.05492547154426575
-0.03988780081272125
-0.0012044619070366025
0.012015518732368946
-0.03525267541408539
0.08680973201990128
0.05780823901295662
-0.03986417129635811
0.07486971467733383
-0.06351880729198456
-0.08170758187770844
-0.06933842599391937
0.07669509202241898
0.007157576270401478
0.08743500709533691
0.07478439062833786
0.032789528369903564
0.029840197414159775
0.06944607943296432
-0.07067541033029556
-0.06741012632846832
-0.015504380688071251
0.011208340525627136
0.024348853155970573
-0.02927764132618904
0.0426756925880909
0.0011277153389528394
0.037328507751226425
0.04303373396396637
-0.025476623326539993
-0.01637112721800804
-0.04608873650431633
0.026267671957612038
0.026055069640278816
0.06035985052585602
0.009222893975675106
0.0658644512295723
-0.06388046592473984
0.00696526700630784
-0.05906103551387787
-0.07977518439292908
-0.06939636915922165
0.03152947500348091
0.07707849144935608
0.08965590596199036
0.09011087566614151
0.022310417145490646
0.04028166085481644
0.057374369353055954
-0.04364541172981262
-0.02140975184738636
-0.08935686200857162
-0.07306256890296936
-0.0031387435737997293
-0.05615069717168808
0.05833403766155243
-0.07032260298728943
-0.07616017758846283
-0.014521722681820393
-0.059396326541900635
1.9624824523925781
-0.3489247262477875
-0.07426585257053375
-0.05310039594769478
-0.05907593294978142
0.015179160051047802
-0.17908495664596558
0.14787326753139496
0.012663095258176327
-0.10836988687515259
1.4753680229187012
1.0357908010482788
-1.440667986869812
1.9822779893875122
-1.7885847091674805
-1.9680204391479492
-1.4844133853912354
-1.461815357208252
-1.9139505624771118
-1.878280520439148
-1.2646839618682861
0.018345020711421967
0.03393079712986946
-1.7875840663909912
-0.7539430260658264
-0.31002992391586304
1.2098690271377563
1.984204888343811
1.5434250831604004
1.9814003705978394
1.981886625289917
1.9815963506698608
1.971805214881897
1.9808906316757202
0.2596551179885864
-0.027814054861664772
0.2096652388572693
-0.1011325865983963
0.3492819666862488
-0.2951660454273224
-0.06520968675613403
-0.2645981013774872
0.03225728124380112
0.09059983491897583
-0.006079585757106543
-0.10976610332727432
-0.20999197661876678
-0.16300895810127258
-0.11309251934289932
-0.22492747008800507
-0.014958454295992851
-0.059711210429668427
-0.06175879389047623
-0.1869388222694397
-0.16277272999286652
-0.21457087993621826
-0.20085409283638
-0.23525696992874146
1.640175461769104
-0.010605069808661938
0.029731743037700653
-0.02132757008075714
-0.1015884056687355
0.056899555027484894
0.0398484468460083
-0.4188503623008728
0.07475640624761581
1.625441074371338
0.9156731367111206
0.11197181791067123
1.9182586669921875
-0.4353267550468445
1.2109107971191406
1.7184116840362549
1.4189280271530151
1.0283608436584473
1.5626901388168335
1.6021841764450073
1.2809568643569946
0.029382983222603798
0.012967705726623535
0.404035747051239
0.24581100046634674
-0.041991185396909714
-0.6129178404808044
-0.5713444352149963
-0.7669212222099304
-0.7992161512374878
-0.4393237829208374
-1.005984902381897
-0.47361406683921814
-0.5597787499427795
-0.4411548674106598
-0.3929143249988556
-0.49155762791633606
-0.5750131011009216
-0.6318821310997009
-0.7534003257751465
-0.40436574816703796
-0.44555577635765076
-0.5060334205627441
-0.2802887260913849
-0.36329546570777893
-0.31838279962539673
-0.33128052949905396
-0.3175450563430786
-0.44586631655693054
-0.3463195860385895
-0.4135569930076599
-0.31946277618408203
-0.36559244990348816
-0.2777080237865448
-0.4902645945549011
-0.20955750346183777
-0.29708579182624817
-0.11205627769231796
-0.6054118275642395
0.23286667466163635
0.2713702619075775
0.01924956776201725
0.003998510539531708
0.06585508584976196
-0.10758616030216217
-0.07594437897205353
-0.0245039165019989
-0.03713521733880043
0.007986039854586124
-0.08692268282175064
0.06683429330587387
-0.09019149839878082
-0.09351199120283127
-0.06788408011198044
-0.038929566740989685
0.002965811174362898
-0.01719936542212963
0.042218662798404694
-0.0388755165040493
0.08727571368217468
-0.06869298964738846
-0.10796750336885452
0.07030878216028214
-0.1026596948504448
0.05214313790202141
-0.03723010793328285
-0.04419029876589775
0.07746824622154236
-0.1340552121400833
-0.0723908394575119
-0.12816095352172852
0.016865570098161697
-0.02057195082306862
-0.029619257897138596
0.0428055077791214
0.05533522367477417
-0.052104104310274124
0.038138799369335175
-0.11015316098928452
-0.09485013037919998
-0.11398864537477493
-0.048911016434431076
-0.13155817985534668
0.044056665152311325
0.04265410453081131
-0.04728289321064949
-0.020113589242100716
-0.08672841638326645
0.015261512249708176
-0.09930164366960526
0.08444755524396896
-0.10422417521476746
-0.01767485961318016
-0.01796264573931694
-0.01970967836678028
0.027679428458213806
0.0040987404063344
-0.01961531676352024
-0.05652399733662605
-0.08597557246685028
0.04616929218173027
0.07708942890167236
-0.050083745270967484
-0.0687280148267746
0.020036228001117706
0.05211041495203972
0.05663035437464714
-0.05726788938045502
-0.0031338774133473635
-0.07972351461648941
-0.060710299760103226
-0.10157854855060577
0.06160830706357956
-0.07970624417066574
0.013114872388541698
0.010620198212563992
-0.1028367131948471
0.07848562300205231
-0.015416505746543407
-0.07628791779279709
-0.027380283921957016
-0.03823414817452431
-0.029543105512857437
0.023446308448910713
0.05700232833623886
0.02444290742278099
0.07475031912326813
0.03519408777356148
-0.01869255118072033
-0.08131667971611023
0.02003023959696293
0.04744793102145195
-0.09240227192640305
0.016856767237186432
-0.04322361946105957
0.020839855074882507
-0.018165545538067818
-0.0714152604341507
-0.004272594582289457
0.02740452066063881
-0.0004968044813722372
0.0556359589099884
-0.06556115299463272
-0.02005285769701004
-0.05440681427717209
-0.0873890221118927
-0.12063343077898026
0.03689475357532501
0.05400772765278816
-0.032689083367586136
-0.06780724227428436
-0.023833174258470535
-0.040543243288993835
-0.04993310198187828
-0.07397371530532837
-0.008697322569787502
-0.003873121924698353
-0.06537432968616486
-0.06553336977958679
-0.04709404334425926
-1.6253970861434937
-0.054639771580696106
-0.03197428956627846
-0.37506604194641113
-1.9797687530517578
-0.1082523986697197
-0.8538259267807007
-0.0005490361945703626
0.026326583698391914
0.8150036334991455
0.9847160577774048
-0.8349137902259827
1.7326586246490479
1.8975284099578857
1.9141300916671753
1.9437413215637207
1.896394968032837
1.8093026876449585
1.809539794921875
1.8448882102966309
1.7931735515594482
0.10694403946399689
-0.12271477282047272
-0.06415032595396042
-0.04909507557749748
-0.19194376468658447
-0.28929057717323303
-0.12022772431373596
-0.27362388372421265
-0.1084260642528534
-0.15483501553535461
-0.16952534019947052
-0.23661772906780243
-0.042313605546951294
-0.18114614486694336
-0.11941604316234589
-0.23822906613349915
-0.1941041797399521
-0.2720864415168762
-0.11088799685239792
-0.2848213315010071
-0.08230375498533249
-0.2580541968345642
-0.0054624043405056
-0.29285284876823425
-0.12394288182258606
-0.2050192505121231
-0.08696264028549194
-0.1824246495962143
-0.14750772714614868
-0.2959810197353363
-0.10524174571037292
-0.2709102928638458
-0.15982235968112946
-0.2649434506893158
-0.2128957062959671
-0.17432822287082672
-0.044022489339113235
-0.3687809705734253
-0.13733191788196564
-0.5605443120002747
1.9811909198760986
-1.3164267539978027
0.30666711926460266
1.9824230670928955
0.12578025460243225
-0.03797530755400658
0.19804054498672485
0.16763761639595032
0.1673356294631958
0.6498845815658569
0.6817452907562256
0.6982443928718567
0.7351292967796326
0.7099167108535767
0.7351630926132202
0.7328957915306091
0.7442901134490967
0.7056997418403625
0.32797887921333313
0.31971681118011475
-0.0361776128411293
0.017604947090148926
-0.36579617857933044
-0.13440272212028503
-0.13671614229679108
-0.17671506106853485
-0.15146194398403168
-0.22085526585578918
-0.10681715607643127
-0.18786828219890594
-0.08425585180521011
-0.25118398666381836
-0.08985185623168945
-0.2272123396396637
-0.07280509173870087
-0.08953866362571716
-0.04256010055541992
-0.20477676391601562
-0.1308416873216629
-0.13479740917682648
-0.15089181065559387
-0.230527862906456
-0.07769815623760223
-0.2277708351612091
-0.19175498187541962
-0.1962934285402298
-0.045511454343795776
-0.31156376004219055
-0.09193157404661179
-0.2004760205745697
-0.12726475298404694
-0.32277053594589233
-0.22446627914905548
-0.22313573956489563
-0.056651268154382706
-0.05110063776373863
0.02935425005853176
1.9841275215148926
-0.8829570412635803
0.10176233947277069
0.11018041521310806
0.0688081905245781
0.16232821345329285
-0.25828078389167786
0.012262171134352684
-1.9064066410064697
0.01633910834789276
-1.1916511058807373
0.36686375737190247
-0.22487109899520874
-0.811069667339325
0.5732964873313904
-0.043668150901794434
0.596688985824585
-0.027809590101242065
0.23748239874839783
-0.2094753086566925
0.5265147089958191
0.10825872421264648
-0.45901280641555786
-0.06659864634275436
-1.3050661087036133
-0.6166406869888306
0.10042104870080948
0.794764518737793
-1.0073872804641724
-0.2801502048969269
-0.21783049404621124
-0.04248768091201782
-0.37298527359962463
-0.30575039982795715
0.3418693542480469
-0.5429110527038574
-0.7994664907455444
-0.4201620817184448
-0.25631046295166016
-0.6743834018707275
-1.6034132242202759
-0.41398975253105164
0.10935819894075394
-0.5714432001113892
-1.9303216934204102
-0.34418103098869324
-0.15564925968647003
-0.7218919992446899
-0.7382011413574219
-0.5394367575645447
-0.24953137338161469
-0.14077986776828766
-0.5776338577270508
-0.4396977126598358
0.29862844944000244
0.47923052310943604
-1.0512232780456543
-0.3278326690196991
-0.3134436011314392
0.05916552618145943
0.2775191068649292
0.004183369223028421
0.13315217196941376
-0.06305790692567825
-0.36771804094314575
-0.09669174253940582
-1.9840317964553833
-0.04151943325996399
0.7341986894607544
-0.34311643242836
-0.13884125649929047
-0.12631595134735107
0.5087968111038208
-0.8993016481399536
0.28424307703971863
-0.9990532398223877
0.5337545275688171
-0.07485742121934891
0.4535538852214813
0.008796554058790207
-0.2987543046474457
-0.10878294706344604
0.04626309499144554
-0.40818819403648376
0.3305284380912781
-0.47014546394348145
0.710674524307251
-0.9772794246673584
-0.5225416421890259
-1.0377391576766968
0.004824891686439514
-0.7172677516937256
-0.10762453079223633
-0.6335716843605042
1.1015435457229614
-0.600696861743927
-0.5290592312812805
-0.5323994755744934
1.0850611925125122
-0.8635552525520325
-0.4301810562610626
-0.3820610046386719
1.1111912727355957
-0.7181096076965332
-0.3185739517211914
-0.3564516007900238
1.305875539779663
-0.6425058245658875
-0.793570876121521
-0.8823243379592896
0.003628210164606571
-0.7438034415245056
-0.14617036283016205
-0.45836642384529114
0.752619206905365
-0.9222772717475891
-0.2895437479019165
0.25527945160865784
0.041341014206409454
-1.9715583324432373
0.061329472810029984
-0.032201312482357025
0.021499983966350555
-0.0364738367497921
-0.00095973169663921
0.07827858626842499
0.06712178885936737
0.07313138991594315
0.006365478504449129
0.029850732535123825
0.050789449363946915
-0.08496560901403427
-0.02852168120443821
0.014341630972921848
0.05798987299203873
0.010756242088973522
0.042430806905031204
0.03539001941680908
-0.05973079428076744
0.01073883380740881
0.025295864790678024
-0.057928554713726044
0.08197607100009918
-0.07212351262569427
0.058709289878606796
-0.08570073544979095
-0.03470534086227417
0.007487008813768625
-0.061207812279462814
-0.035438209772109985
-0.054860733449459076
0.09017526358366013
-0.07549045234918594
0.06388427317142487
0.00805435236543417
0.01848090998828411
-0.022909747436642647
-0.015762586146593094
-0.07555016130208969
0.04036169871687889
0.049968477338552475
0.06604378670454025
0.08007407933473587
-0.07227430492639542
0.02822274900972843
-0.012903912924230099
-0.01652577891945839
-0.017119022086262703
0.06463213264942169
-0.018974851816892624
0.08165010064840317
0.061865199357271194
0.08018635958433151
-0.02515965886414051
-0.04535830393433571
0.01257316954433918
0.007836668752133846
-0.07609479874372482
-0.034756604582071304
0.03552442044019699
-0.08744177222251892
-0.06708984822034836
0.030060898512601852
0.011057830415666103
0.018656304106116295
0.0299388337880373
0.03336101397871971
-0.08701524138450623
-0.057024601846933365
0.03696279600262642
0.04179897904396057
0.009780927561223507
0.06133892387151718
-0.0710521712899208
0.053599774837493896
-0.03955088183283806
0.08636084944009781
-0.010551311075687408
-0.0007631497574038804
-0.020949413999915123
0.005263006780296564
-0.08393710851669312
0.07273094356060028
0.0785350427031517
-0.082420215010643
-0.056058093905448914
0.004978936165571213
-0.07291802763938904
-0.055718082934617996
0.02999972365796566
-0.04226991534233093
-0.04098059982061386
-0.0766555666923523
-0.015093797817826271
-0.03548584505915642
-0.031461767852306366
0.012303457595407963
-0.07470812648534775
-0.0795382410287857
-0.06716442108154297
0.023388367146253586
-0.06376558542251587
-0.0016240058466792107
0.03764529526233673
0.07010922580957413
0.07307200133800507
-0.0198283102363348
-0.031439900398254395
-0.06956362724304199
0.016171561554074287
0.042517270892858505
-0.015577685087919235
0.08273003995418549
0.03482142835855484
0.046370238065719604
-0.08611306548118591
-0.07495035231113434
-0.018644271418452263
-0.03965261951088905
-1.975243091583252
0.22375722229480743
0.6309352517127991
-1.9828718900680542
0.301297664642334
-0.11236181855201721
0.11203349381685257
0.5499388575553894
-0.0458197146654129
0.6541786193847656
0.5102204084396362
-1.984086513519287
1.1319867372512817
1.1249895095825195
1.276363492012024
1.128084421157837
1.2495208978652954
1.1756454706192017
1.1863529682159424
1.1649832725524902
1.1791245937347412
0.4649137258529663
-1.9752205610275269
0.008755014277994633
0.04681608825922012
-0.30107298493385315
-0.31142643094062805
-0.23326335847377777
-0.3591677248477936
-0.2582743167877197
-0.22622573375701904
-0.24288851022720337
-0.2383294701576233
-0.23260021209716797
-0.2598060965538025
-0.14017561078071594
-0.3421250581741333
-0.2827441990375519
-0.3561100363731384
-0.24422508478164673
-0.2754012644290924
-0.19263745844364166
-0.3869321346282959
-0.15326127409934998
-0.24277463555335999
-0.19172415137290955
-0.26677632331848145
-0.04310917481780052
-0.30179762840270996
-0.22759786248207092
-0.23080292344093323
-0.2515391707420349
-0.2443944215774536
-0.3062671720981598
-0.24844104051589966
-0.19320304691791534
-0.2769205868244171
-0.2778642475605011
-1.984375
-0.054164689034223557
0.03806472569704056
0.13738444447517395
-0.04237695783376694
0.12142706662416458
0.03813888132572174
0.3003722131252289
-0.04465349763631821
0.31716033816337585
0.3870982825756073
-0.09033277630805969
1.482561469078064
1.6947996616363525
1.681747555732727
1.6812950372695923
1.6889936923980713
1.6922321319580078
1.6794843673706055
1.6734371185302734
1.699997901916504
-0.03124885819852352
-0.03275049477815628
-0.03347524255514145
-0.02331666275858879
0.14637337625026703
0.16599352657794952
0.08681783080101013
0.191741481423378
0.1424330472946167
0.24244438111782074
0.11880319565534592
0.2123105227947235
0.10957802087068558
0.10055207461118698
0.10453686863183975
0.22967137396335602
0.15126429498195648
0.22871793806552887
0.13359037041664124
0.19134745001792908
0.10770043730735779
0.23070955276489258
0.12085001170635223
0.16757957637310028
0.10783611983060837
0.1334974616765976
0.10357710719108582
0.22768966853618622
0.14571906626224518
0.29827284812927246
0.11332191526889801
0.20122218132019043
0.09639225900173187
0.18213893473148346
0.04977232962846756
0.1863916665315628
0.12811729311943054
0.0401439405977726
0.0207467433065176
0.1826866865158081
-1.8907192945480347
0.3924303948879242
-1.9690814018249512
0.42768487334251404
0.5575311183929443
-0.15004652738571167
-0.13984818756580353
1.9638657569885254
0.05611405521631241
1.5972274541854858
1.2288402318954468
1.9830281734466553
0.672182023525238
0.4280725419521332
1.2266887426376343
0.518043041229248
1.156052827835083
0.6645016670227051
0.6960102319717407
0.7301915884017944
0.6832351684570312
1.2943296432495117
-1.803771734237671
0.34382522106170654
0.09078934788703918
-1.915103554725647
-1.3857951164245605
-1.4511809349060059
-1.3826121091842651
-1.6905341148376465
-1.5282177925109863
-1.5546144247055054
-1.5365307331085205
-1.529569149017334
-1.3495655059814453
-1.366389274597168
-1.4750701189041138
-1.5121394395828247
-1.5530565977096558
-1.4432456493377686
-1.4294699430465698
-1.318439245223999
-1.4862322807312012
-1.416754126548767
-1.520784854888916
-1.314035415649414
-1.5969767570495605
-1.579089641571045
-1.5859947204589844
-1.4847646951675415
-1.7879363298416138
-1.401838779449463
-1.4382880926132202
-1.468614101409912
-1.346562385559082
-1.4874881505966187
-1.4772838354110718
-1.522296667098999
0.6425600647926331
-0.2146330624818802
0.08315183967351913
0.1344638168811798
0.12962186336517334
0.5187922716140747
-0.20349784195423126
1.9598439931869507
-0.04269622638821602
0.5954946279525757
0.9772839546203613
-0.7719873189926147
0.994947075843811
1.4769690036773682
1.6675504446029663
1.5682852268218994
1.6990280151367188
1.3912461996078491
1.3557671308517456
1.4637055397033691
1.2886884212493896
-0.003230805043131113
-0.060019202530384064
0.08508887887001038
-0.07748400419950485
-0.3431125283241272
0.5147011280059814
0.15902407467365265
0.3567597568035126
0.0958087295293808
0.4377182424068451
-0.022190546616911888
0.32208430767059326
0.22785642743110657
0.25044479966163635
0.14051738381385803
0.5110480785369873
0.14719870686531067
0.5961394309997559
0.17684414982795715
0.3609231114387512
0.24124504625797272
0.5651232600212097
0.11199529469013214
0.4166891276836395
0.3559754192829132
0.29755377769470215
0.1932566612958908
0.5755137801170349
0.13893340528011322
0.49093931913375854
0.08421961963176727
0.47348296642303467
0.3447161912918091
0.5211662650108337
0.2758646309375763
0.4101349115371704
0.285666286945343
0.21797621250152588
-0.2548198103904724
-1.847633719444275
-1.2061210870742798
-0.6529309749603271
-0.11630569398403168
0.2753905951976776
0.6855689883232117
-0.1979970932006836
-0.14468450844287872
-1.984375
-0.0862923264503479
0.9612265825271606
-0.7001092433929443
-1.984375
-0.7784211039543152
1.936313271522522
-1.974412202835083
-1.7721840143203735
-0.9102821946144104
1.3429609537124634
-1.984375
-1.984375
1.462467908859253
-0.06624948233366013
0.2254217118024826
-0.08200358599424362
0.6220084428787231
-1.1483181715011597
1.9284664392471313
1.9390875101089478
1.9706439971923828
1.3354451656341553
1.925310492515564
1.9302626848220825
1.9240511655807495
1.732102394104004
-1.9556481838226318
-0.17196086049079895
-1.9747414588928223
-1.957805871963501
-1.8749407529830933
1.4237828254699707
-1.984375
-1.7674262523651123
-1.5827566385269165
-1.553363561630249
-1.9400969743728638
-1.9565544128417969
-1.9119004011154175
-1.8883403539657593
-1.7750416994094849
-1.0640774965286255
-1.85450279712677
-0.973166286945343
-1.703224539756775
-1.5369644165039062
-1.984375
-1.984375
-1.984375
-1.864938735961914
-0.7331089377403259
0.08390488475561142
0.05012055113911629
-0.3908756971359253
1.4972285032272339
-0.26624688506126404
-0.19630645215511322
1.7626690864562988
0.011868559755384922
-0.821883499622345
0.2021159529685974
0.46477580070495605
-1.7798043489456177
1.9366306066513062
-1.984375
-1.984375
-1.984375
0.602405309677124
-1.7897828817367554
-1.9780079126358032
1.3532483577728271
-0.011696023866534233
-0.0016338052228093147
0.6032437682151794
0.5446217060089111
-0.4008784592151642
0.49132901430130005
-1.5049043893814087
-0.5967673063278198
1.9262832403182983
-0.27087393403053284
1.9146182537078857
-0.626340925693512
1.9214433431625366
0.49710172414779663
-0.47197225689888
0.5909143686294556
1.8475728034973145
0.17636914551258087
1.840153455734253
0.5075609087944031
1.2596089839935303
-0.2986983060836792
-0.8182236552238464
1.130242943763733
0.3740229904651642
-0.13689419627189636
0.11790726333856583
1.341618299484253
-0.07035952806472778
0.01406991109251976
-0.4372240900993347
-0.477423757314682
-1.4833658933639526
0.882057249546051
-0.5128728151321411
1.3694562911987305
0.1436324119567871
-0.31319546699523926
0.3394352197647095
1.9130995273590088
-1.9801619052886963
0.4954761564731598
-1.9721559286117554
0.8069071769714355
-0.11732307821512222
-0.3464898467063904
-0.3987579643726349
1.9842236042022705
0.028521474450826645
1.463857889175415
1.1883362531661987
-1.983259916305542
1.6671360731124878
1.5122220516204834
1.8657197952270508
1.6501344442367554
1.8672211170196533
1.6877985000610352
1.798479676246643
1.8339143991470337
1.7467318773269653
1.3094247579574585
-1.9504457712173462
0.09602082520723343
0.15278519690036774
-0.6891579031944275
-0.419455349445343
-0.6556268930435181
-0.3618229329586029
-0.859735369682312
-0.4065708518028259
-0.6679595708847046
-0.36524781584739685
-0.6158158779144287
-0.5961224436759949
-0.8042051196098328
-0.809359610080719
-1.0345178842544556
-0.7631810903549194
-1.0176573991775513
-0.5640736818313599
-0.652380645275116
-0.7412357926368713
-0.9295124411582947
-0.6310409903526306
-0.5868398547172546
-0.676676332950592
-0.8319937586784363
-0.7516151666641235
-0.9354207515716553
-0.6656007170677185
-0.602754533290863
-0.3717472553253174
-0.7425739765167236
-0.3855133056640625
-0.747858464717865
-0.30075913667678833
-0.7095327973365784
1.5695927143096924
-0.5545369982719421
0.15052476525306702
-0.2012334018945694
0.15853309631347656
0.8834713101387024
-0.08413805067539215
-0.23715169727802277
-0.05564099922776222
1.1685360670089722
1.7509936094284058
-0.9147583842277527
1.1640809774398804
1.7061858177185059
1.8178919553756714
1.8265445232391357
1.66648530960083
1.5491383075714111
1.481870174407959
1.5178277492523193
1.3802499771118164
-0.06112992763519287
-0.13874000310897827
-0.18528352677822113
-0.1712462455034256
-0.8364093899726868
0.3641201853752136
-0.07519304752349854
0.1310465931892395
-0.20012514293193817
0.07436934858560562
-0.1648910790681839
0.1956573873758316
-0.02591053955256939
-0.07855284214019775
-0.27437958121299744
0.09494971483945847
0.05063281208276749
0.32583579421043396
-0.05788498371839523
-0.047553546726703644
-0.13226647675037384
0.2575046122074127
-0.13951627910137177
-0.004841560497879982
-0.0451960563659668
-0.05229545384645462
-0.33648762106895447
0.12381245195865631
0.09886865317821503
-0.07724175602197647
-0.19014081358909607
0.22578378021717072
0.011155039072036743
0.28856468200683594
-0.06274958699941635
0.1619044840335846
-0.09843197464942932
0.25937357544898987
0.07833922654390335
1.978785514831543
-1.984375
0.656345546245575
-0.09703738242387772
-0.14849208295345306
0.11578160524368286
-0.2539898157119751
0.9597845077514648
-0.7280722856521606
-0.0075470576994121075
1.5778976678848267
1.921701431274414
0.8703386187553406
0.7454464435577393
1.3078246116638184
1.4274982213974
1.2193561792373657
1.421372890472412
1.1344683170318604
1.1180553436279297
1.0351777076721191
1.1640604734420776
0.09070571511983871
0.18887081742286682
-0.16797864437103271
-0.09248916804790497
-0.7715914249420166
0.749045193195343
1.1325602531433105
0.9119458198547363
0.7366980314254761
1.1607797145843506
0.8020033836364746
1.1368552446365356
0.9201895594596863
0.7601163387298584
0.9473655223846436
0.9238072037696838
0.7142067551612854
1.064480185508728
0.8926095962524414
0.8741962909698486
0.6941508054733276
1.2037761211395264
1.1393483877182007
0.8139715790748596
0.8257132172584534
0.9072072505950928
1.0973429679870605
0.9105287790298462
0.9517650008201599
0.9412035942077637
0.8485101461410522
1.0762884616851807
0.817291796207428
0.7486481070518494
1.0455341339111328
0.9564053416252136
1.0047496557235718
1.0522668361663818
0.7311971187591553
-0.30105099081993103
0.2684718370437622
-1.1960997581481934
1.4299744367599487
-1.977795124053955
-1.421341061592102
-0.023578742519021034
-0.02284340374171734
0.14385777711868286
0.8054764866828918
-1.5932247638702393
-0.7852632999420166
-0.7951262593269348
-0.8588191270828247
-0.8305957317352295
-1.032759189605713
-1.1359509229660034
-1.0374171733856201
-1.101862907409668
0.05945838615298271
0.13191206753253937
0.07133540511131287
-0.004519679117947817
0.6586976051330566
1.5202995538711548
1.403153419494629
1.7401044368743896
1.280055046081543
1.8753206729888916
1.4177289009094238
1.859297275543213
1.4191514253616333
1.8558355569839478
1.3845926523208618
1.9056810140609741
1.4998703002929688
1.917762041091919
1.4331321716308594
1.7540223598480225
1.5365256071090698
1.9239758253097534
1.5518487691879272
1.8364592790603638
1.5994374752044678
1.7666023969650269
1.3182411193847656
1.9106593132019043
1.5692304372787476
1.8961782455444336
1.460497498512268
1.9260615110397339
1.417272925376892
1.5612717866897583
1.4509934186935425
1.8900388479232788
1.3637217283248901
-0.5890533924102783
-0.02214249037206173
1.9842699766159058
-1.9830986261367798
-0.30855488777160645
-0.3329545557498932
-0.008945303037762642
-0.006462096236646175
0.373757004737854
0.23677118122577667
-0.17726340889930725
-0.06470426917076111
0.7702323198318481
0.7180771231651306
-0.07770310342311859
1.856055736541748
1.9618936777114868
1.8907791376113892
1.868782877922058
1.83696448802948
1.9520031213760376
1.7123996019363403
1.9112178087234497
1.6899135112762451
0.09865008294582367
0.13257703185081482
-0.08846300095319748
0.025970226153731346
-0.033279187977313995
-1.55071222782135
0.8380990028381348
1.7311595678329468
1.9789502620697021
1.0248337984085083
-0.2767116129398346
-1.9822065830230713
-1.92445969581604
-0.3345180153846741
-0.6052761077880859
-0.4303976893424988
0.0696445107460022
0.7256091237068176
0.980292797088623
1.1201890707015991
0.016228673979640007
1.9831386804580688
0.1296398788690567
-1.3254250288009644
-1.969226360321045
-1.3539776802062988
-0.12303107976913452
1.9816135168075562
1.9843543767929077
1.3705350160598755
0.1545897275209427
-1.9812744855880737
-1.9829597473144531
-1.878133773803711
0.3825420141220093
1.636269450187683
1.9806227684020996
1.8579645156860352
0.17114956676959991
0.08790470659732819
-0.021127184852957726
-0.05249195545911789
-0.35641103982925415
-0.11962780356407166
0.114815853536129
-0.0270362738519907
1.0456820726394653
1.018550157546997
0.1066165640950203
1.718800663948059
1.834499478340149
1.818219542503357
1.7837592363357544
1.9439538717269897
1.9287981986999512
1.70432710647583
1.9372491836547852
1.7637251615524292
-0.011372169479727745
-0.03389165550470352
0.0368691012263298
-0.010309869423508644
0.2771344482898712
0.08745458722114563
0.076268270611763
-0.021046074107289314
0.06798902899026871
0.05716101825237274
0.050410088151693344
-0.08065184205770493
0.07682884484529495
0.052729614078998566
0.03273703157901764
0.0246296264231205
0.013740507885813713
0.05905594676733017
-0.0028366181068122387
0.05672900378704071
-0.028996553272008896
0.023133251816034317
0.00288770766928792
0.03327742591500282
0.04950512573122978
-0.024021195247769356
0.032241638749837875
-0.03640484809875488
0.09554748237133026
-0.0474737286567688
0.16209420561790466
-0.07629668712615967
0.06933397054672241
0.041737399995326996
0.05298790708184242
-0.004979335702955723
0.10320363193750381
0.08145348727703094
0.0008821160299703479
0.10343467444181442
-0.335735946893692
-0.1872771680355072
-0.14158688485622406
-0.25141680240631104
-0.35939180850982666
-0.008731655776500702
0.23451359570026398
-0.8960632681846619
0.042006827890872955
-0.7013835310935974
0.31355583667755127
0.007485451642423868
-1.1125855445861816
1.910823941230774
-0.5358703136444092
1.7253087759017944
-0.2688474953174591
-0.17516037821769714
-0.030483843758702278
-0.20447099208831787
-0.03589686378836632
-0.015614074654877186
-0.019177036359906197
-0.1266334056854248
-0.3096112310886383
-0.20000523328781128
-0.27148908376693726
0.2720462679862976
-0.4502869248390198
-0.5679135322570801
-0.7879542112350464
0.4923959970474243
-1.0803922414779663
-0.4711509644985199
-0.06002826616168022
-0.6917756199836731
-0.08287222683429718
-0.026095177978277206
-0.32052120566368103
-0.5498352646827698
-0.2908245921134949
-0.21669013798236847
-0.41054701805114746
-0.5857712030410767
-0.3642871081829071
-0.19556133449077606
-0.06721755862236023
-0.5541229844093323
0.03430749103426933
-0.11112020164728165
-0.5666115880012512
0.4779316186904907
-0.9331925511360168
-0.5094466805458069
-0.292286217212677
0.2613024115562439
-0.34174004197120667
-0.39523449540138245
-0.1325962096452713
0.010803270153701305
-0.21066778898239136
0.0748765841126442
-0.12297703325748444
0.3893960416316986
-0.2868363559246063
0.3027198910713196
0.07050660997629166
0.2117915004491806
-0.2657707631587982
-0.18811330199241638
0.08511603623628616
0.4729916453361511
-1.774081826210022
0.303244948387146
-1.778530240058899
0.12315710633993149
0.11596550047397614
0.11457902938127518
0.07576444745063782
-0.1141052097082138
0.08465627580881119
-1.2351722717285156
-0.22038644552230835
0.037832099944353104
-0.46625757217407227
0.7724148631095886
-0.5433340072631836
-0.15175886452198029
-0.530436635017395
0.4366760849952698
-0.36482706665992737
-0.7771494388580322
-0.5885564088821411
0.6895707845687866
-0.4889829754829407
0.43648630380630493
-0.8960505723953247
0.6584094762802124
-0.5245240330696106
-0.40644749999046326
-0.3879201114177704
0.7667920589447021
-0.5633608102798462
-0.24012282490730286
-0.5178565382957458
0.8763278722763062
-0.5071284770965576
0.4135599732398987
-0.4541662335395813
0.49351146817207336
-0.426702082157135
-0.6120439171791077
-0.3326570689678192
0.6228457689285278
-0.5033221244812012
0.010314350947737694
0.068033866584301
-0.062292229384183884
1.9471631050109863
-1.9733740091323853
0.5443726181983948
0.1452765017747879
-1.9626976251602173
1.9008634090423584
-0.6579339504241943
0.15718112885951996
-1.5663535594940186
-0.00018167629605159163
0.5961728692054749
0.4915142059326172
-0.3471055328845978
-0.13481779396533966
1.4367854595184326
1.1463309526443481
1.6351836919784546
0.9070011973381042
0.6673672199249268
0.7155930995941162
0.7254251837730408
0.41435086727142334
-0.00496654212474823
-0.09270528703927994
0.2119254171848297
-0.07398607581853867
-0.2705139219760895
-1.089212417602539
-0.46262967586517334
-0.7508834004402161
0.7384616136550903
0.21639055013656616
0.2741672098636627
-0.6615864634513855
-0.0801120474934578
-0.3494172990322113
0.7598552703857422
-0.0979723259806633
0.4768615961074829
0.06350523978471756
0.4074353575706482
-0.3461020886898041
0.21159468591213226
-0.33507439494132996
0.28897714614868164
-0.5373091697692871
0.42262357473373413
-0.39462482929229736
0.7662187814712524
-0.03074091672897339
-0.024324823170900345
-0.12108464539051056
0.17182902991771698
0.028365585952997208
0.22394247353076935
-0.7061797380447388
-0.567387580871582
-0.49783802032470703
0.3120128810405731
-1.981858253479004
-0.15667791664600372
-0.13829956948757172
1.9773883819580078
-1.5556827783584595
0.3034726083278656
-1.30472731590271
1.9319512844085693
-0.03355995565652847
0.9351561665534973
0.8868514895439148
1.5822399854660034
1.34452486038208
1.0551413297653198
1.736733317375183
1.4614630937576294
1.0061180591583252
1.9231061935424805
1.9629789590835571
1.3849955797195435
1.4867624044418335
0.13612298667430878
0.18848860263824463
-0.4107821583747864
-0.05649262294173241
0.7416796684265137
1.7932511568069458
1.2763240337371826
1.5106626749038696
1.8311922550201416
1.6053608655929565
1.5672438144683838
1.6524927616119385
1.9419223070144653
1.4856916666030884
1.4822672605514526
1.3072452545166016
1.8627451658248901
1.765141248703003
1.6901328563690186
1.9307416677474976
1.8529752492904663
1.7237069606781006
1.6445146799087524
1.9129301309585571
1.8052446842193604
1.408210277557373
1.0466337203979492
1.5944762229919434
1.9757739305496216
1.4893038272857666
1.5071721076965332
1.6463984251022339
1.6904302835464478
1.426308035850525
0.8432716727256775
1.8982030153274536
1.9367101192474365
-0.9517905712127686
-0.8457016944885254
1.9805374145507812
-0.36140650510787964
-0.2595002353191376
-0.12089625000953674
-0.04761092737317085
-0.03221889212727547
0.329761266708374
-0.01613997295498848
0.11570079624652863
0.08027330785989761
0.7705078721046448
0.8668860197067261
0.09099242091178894
1.8460400104522705
1.8324607610702515
1.8440653085708618
1.8080711364746094
1.9322096109390259
1.9493634700775146
1.8304728269577026
1.844353199005127
1.8619270324707031
0.06491543352603912
0.08777236193418503
0.03545525670051575
-0.013532767072319984
-0.12047779560089111
-0.1281547248363495
-0.32368141412734985
-0.1547403335571289
-0.05478034168481827
-0.14393924176692963
-0.16591639816761017
-0.1763859987258911
-0.15228262543678284
-0.10168050229549408
-0.14581754803657532
-0.09899427741765976
-0.16544683277606964
-0.07328835874795914
-0.24280408024787903
-0.12543821334838867
-0.19872115552425385
-0.05387483537197113
-0.2666432559490204
-0.07194618135690689
-0.2503963112831116
-0.0618729330599308
-0.17408476769924164
-0.13187038898468018
-0.2536291480064392
-0.05946693941950798
-0.1533856838941574
-0.14698749780654907
-0.10929673910140991
-0.20532891154289246
-0.09790229052305222
-0.16161608695983887
-0.08230666816234589
-1.9584720134735107
0.22714969515800476
-0.33072853088378906
-0.27091479301452637
0.06843031942844391
-0.09409862011671066
0.04084086790680885
0.27412158250808716
-0.08873012661933899
0.4879237115383148
0.7379348278045654
-0.1961175948381424
1.7546288967132568
1.9288257360458374
1.853632926940918
1.6185647249221802
1.697348713874817
1.8783754110336304
1.7639003992080688
1.8697646856307983
1.8058584928512573
0.15586896240711212
0.2066584825515747
0.12576231360435486
-0.05698021501302719
0.8333845138549805
-1.7866562604904175
-1.9787710905075073
-1.7933595180511475
1.2017662525177002
1.970344066619873
1.9835044145584106
1.9737663269042969
1.1312578916549683
-1.3696213960647583
1.6724627017974854
1.9735291004180908
1.9667469263076782
1.8792612552642822
1.351651668548584
-1.878469705581665
-1.9838430881500244
1.4843262434005737
1.6536232233047485
-1.3880010843276978
-1.9816001653671265
-1.077471375465393
1.9647778272628784
1.9434751272201538
1.4970800876617432
1.7326604127883911
1.8848328590393066
1.5923644304275513
0.5644316673278809
1.1086454391479492
0.8473405241966248
1.1240557432174683
0.5512838959693909
-0.04787033423781395
-0.030620701611042023
0.005209808237850666
-0.2965756356716156
0.005006920546293259
0.030085252597928047
0.05029667168855667
0.000405317812692374
0.015144397504627705
-0.017412524670362473
0.03422166034579277
0.08465457707643509
0.797522783279419
0.797296404838562
-0.09016124159097672
1.8727244138717651
1.8719000816345215
1.9037302732467651
1.9168806076049805
1.8918219804763794
1.9059721231460571
1.9691977500915527
1.9129974842071533
1.8915890455245972
-0.01605301909148693
-0.02972264401614666
0.010621379129588604
3.1407307687914e-05
-0.04806360602378845
-0.05845535919070244
-0.06770619750022888
-0.03372553363442421
-0.07109609246253967
-0.06128459796309471
-0.08931426703929901
-0.013993974775075912
-0.09199162572622299
-0.009593592956662178
-0.040764883160591125
-0.0949789360165596
-0.049003418534994125
-0.008078566752374172
-0.0693977028131485
-0.024244768545031548
-0.06504716724157333
-0.04752557724714279
-0.08844363689422607
-0.028963979333639145
0.026366014033555984
-0.10351523011922836
-0.010774198919534683
-0.06309453397989273
-0.06728533655405045
-0.02369767427444458
-0.06796472519636154
-0.014268859289586544
-0.06452835351228714
-0.08242104947566986
-0.06929297000169754
-0.06799948215484619
-0.0184056106954813
-1.9595751762390137
-0.04538587108254433
-0.3600795567035675
-0.08074093610048294
0.031434331089258194
0.06801031529903412
-0.00027483643498271704
-0.08451060205698013
-0.018319036811590195
0.7345526814460754
0.7281211614608765
-0.4073829650878906
1.9176318645477295
1.984200119972229
1.8258497714996338
1.8461756706237793
1.8027352094650269
1.8011589050292969
1.835337519645691
1.8198837041854858
1.8458305597305298
0.15204402804374695
0.14584843814373016
-0.032103706151247025
-0.0061761983670294285
0.4199768006801605
0.3347269296646118
0.45753487944602966
-1.9814119338989258
-1.9711412191390991
-1.984375
0.32073208689689636
0.22948133945465088
0.9128714799880981
1.9659267663955688
1.9815937280654907
1.9801138639450073
0.6571930050849915
-1.5758326053619385
-1.9635450839996338
-1.843442440032959
0.6836201548576355
1.9811826944351196
1.9008643627166748
1.7697954177856445
0.2094734013080597
-0.8558640480041504
-0.9679890871047974
-0.2721045911312103
0.8333391547203064
-0.3537157475948334
-0.25486788153648376
0.06950616091489792
0.6505446434020996
1.8675464391708374
1.7799880504608154
1.4428045749664307
0.21768532693386078
-0.009129012003540993
-0.015115253627300262
0.05264765024185181
-0.03631547465920448
-0.07497474551200867
0.00030889007030054927
-0.006819268222898245
-0.02951194904744625
-0.10950057208538055
0.003610156709328294
-0.010993235744535923
0.03170521929860115
0.08865855634212494
-0.08615155518054962
-0.01306336373090744
-0.08352016657590866
-0.07601900398731232
-0.051911961287260056
-0.06772415339946747
-0.00872802734375
-0.00508966576308012
-0.038044292479753494
0.03423677757382393
-0.06781446188688278
-0.025507260113954544
0.03304630145430565
0.0102034080773592
0.0493665412068367
-0.07339899241924286
0.059945959597826004
0.06171908229589462
0.06402302533388138
-0.04760518670082092
-0.05785934254527092
-0.011971822008490562
-0.07241140305995941
0.014966548420488834
-0.04000832885503769
0.03976280614733696
-0.08072447031736374
-0.05053705349564552
-0.06725982576608658
0.03938036784529686
0.06164572015404701
0.07555994391441345
-0.0768866017460823
-0.039046693593263626
0.03393988311290741
-0.049045056104660034
0.05678173899650574
0.04627850651741028
0.02767316997051239
-0.06327220052480698
-0.046589840203523636
0.0827760323882103
-0.06642455607652664
-0.04563062638044357
-0.08895572274923325
0.05149342119693756
0.007482181303203106
-0.018746890127658844
-0.06263110041618347
-0.015442963689565659
-0.06132149696350098
-0.008959075435996056
0.08752817660570145
0.07965882122516632
-0.033483248203992844
-0.09171394258737564
-0.03421039506793022
0.04017797112464905
-0.01598903350532055
0.0397723913192749
-0.052682291716337204
-0.060061272233724594
0.06113516166806221
-0.04728300869464874
-0.009964939206838608
-0.07731319218873978
-0.017263025045394897
0.0967165157198906
0.022577546536922455
-0.008047022856771946
0.0302960816770792
0.053236134350299835
-0.06399322301149368
-0.06603129953145981
-0.07088536769151688
-0.1472913771867752
0.05654030293226242
-0.03473852574825287
0.03262485936284065
-0.10710708796977997
-0.07581017911434174
-0.08948002010583878
-0.11492996662855148
-0.006131771486252546
-0.11494765430688858
-0.07693132758140564
-0.09192507714033127
-0.11526453495025635
-0.02181163616478443
-0.0902060717344284
-0.04578744247555733
-0.016369381919503212
0.015805387869477272
0.06386161595582962
-0.07047327607870102
-0.02712203934788704
-0.07181336730718613
-0.06117355078458786
-0.020736657083034515
0.009232863783836365
-0.04385823756456375
-0.030601393431425095
-0.023820163682103157
-0.07121238857507706
-0.003577408380806446
-0.071506068110466
0.0002491361228749156
-0.08573209494352341
-0.18975359201431274
1.9787967205047607
0.3073479235172272
-0.17964501678943634
1.9760611057281494
-0.8564231991767883
1.631055235862732
-0.9035883545875549
-1.2847236394882202
-0.06393174082040787
-0.7848983407020569
-0.3226942718029022
-0.03868745267391205
-0.6812174916267395
-0.7914056181907654
-0.8863908052444458
-0.6502796411514282
-1.1242151260375977
-0.8330682516098022
-0.8203198909759521
-0.7936848402023315
-0.9986699223518372
-0.2111758589744568
-0.13761846721172333
-0.32632893323898315
-0.25171032547950745
-1.973404884338379
-1.3065601587295532
-1.028886079788208
-1.0655007362365723
-1.1892412900924683
-1.4390028715133667
-1.3935621976852417
-1.3065682649612427
-1.1690200567245483
0.20146889984607697
-0.44252175092697144
-0.3621128499507904
-0.3008763790130615
-0.19892024993896484
-0.2226111739873886
-0.7265847325325012
-0.17995698750019073
-0.9773158431053162
-0.9385004043579102
-1.2943594455718994
-0.9076223373413086
-0.6128475069999695
-1.017475962638855
-1.139563798904419
-1.1359912157058716
-1.4630470275878906
-1.2269350290298462
-0.7988847494125366
-1.085676670074463
-0.6937102675437927
-1.262850284576416
-0.6743456125259399
-1.222406029701233
1.9775086641311646
-0.039402373135089874
-0.04867842048406601
-1.8766611814498901
1.2078287601470947
-0.769312858581543
0.19159044325351715
1.873873233795166
-0.033745281398296356
-1.2423993349075317
-1.527500867843628
-1.446372389793396
-1.913557529449463
-1.3312017917633057
-1.4214497804641724
-1.1291934251785278
-1.566122055053711
-1.2934123277664185
-1.1331015825271606
-1.3133896589279175
-1.2703304290771484
0.5755372047424316
0.3559513986110687
0.2765980362892151
0.03238917142152786
-0.1936596781015396
1.2117661237716675
0.8481981754302979
0.8439337611198425
0.9140499830245972
0.9543359875679016
0.6964865326881409
0.4422420263290405
1.1931411027908325
0.1179446205496788
0.9786001443862915
1.061692237854004
1.6114823818206787
1.805864691734314
1.451649785041809
0.6418071985244751
0.34574154019355774
1.1620723009109497
0.7836301326751709
0.4484987258911133
0.8656848669052124
0.4607123136520386
0.49720290303230286
1.4017022848129272
1.9600712060928345
0.5586305856704712
1.004513144493103
0.8390637636184692
1.0601402521133423
0.2566904127597809
0.034836381673812866
0.2879369258880615
1.0742605924606323
-0.24800416827201843
0.20325425267219543
1.983548879623413
0.015221414156258106
-0.01579131931066513
-0.09318461269140244
0.04002441465854645
-0.024552462622523308
-0.08868429064750671
0.0741017684340477
-0.0844954252243042
-0.05743615701794624
0.03709883615374565
0.008382420055568218
0.0778941661119461
0.08350919932126999
0.05740588530898094
0.090614914894104
0.030380211770534515
0.07033348083496094
0.061400193721055984
0.022173812612891197
-0.09334850311279297
-0.05583495646715164
0.03167015314102173
-0.03680041804909706
-0.0005049890605732799
0.024520384147763252
-0.019257044419646263
-0.04294903203845024
-0.054312244057655334
-0.013440734706819057
-0.06171160936355591
0.07752131670713425
0.0017811727011576295
-0.07600205391645432
0.008183116093277931
0.05661560967564583
0.06605812907218933
-0.03574715554714203
0.049958325922489166
0.033325858414173126
-0.08920928090810776
0.02465815655887127
-0.08574404567480087
-0.01947493478655815
-0.042827799916267395
0.053756337612867355
-0.03298795968294144
-0.07847433537244797
-0.08063964545726776
0.034516092389822006
0.06363840401172638
-0.06359385699033737
0.025486145168542862
-0.026576712727546692
0.07710462808609009
-0.03123585134744644
0.015140321105718613
-0.08665754646062851
-0.030569829046726227
-0.07346639782190323
-0.054120272397994995
0.06815416365861893
-0.0020730518735945225
0.08000816404819489
0.03518066555261612
-0.033572372049093246
0.012657412327826023
-0.0006659351638518274
0.03348338231444359
0.03329046070575714
0.06209934130311012
0.012274804525077343
0.06157658249139786
0.07616129517555237
0.03866492211818695
0.05549769848585129
0.06161341071128845
0.017757367342710495
0.015431508421897888
-0.007196446880698204
0.0008823651005513966
-0.06840783357620239
-0.04845674708485603
0.015520434826612473
-0.04262824356555939
0.07497409731149673
0.037556953728199005
-0.04877534881234169
-0.08254247158765793
0.029774008318781853
0.04964052140712738
0.05463263764977455
-0.024422360584139824
0.011919856071472168
-0.02043268457055092
0.004063475411385298
0.06350840628147125
0.05672185495495796
-0.07269297540187836
-0.03913438692688942
-0.0705740749835968
-0.03746377304196358
-0.06479823589324951
0.009778337553143501
0.027149219065904617
-0.05552998185157776
-0.06798699498176575
0.036419741809368134
-0.005182293243706226
0.07180027663707733
0.013239861465990543
0.008565069176256657
-0.030503135174512863
0.04088876023888588
-0.0646485984325409
0.0704324021935463
-0.07340636849403381
0.04765153303742409
0.043939486145973206
-0.034099042415618896
-1.984375
-0.086112380027771
-0.13531945645809174
1.7928345203399658
-1.9283274412155151
-1.5304981470108032
-0.8348645567893982
-1.984375
-0.0841541588306427
1.7492003440856934
-1.7643425464630127
-1.981845498085022
-1.9455257654190063
-1.9378749132156372
1.6855558156967163
-1.9732760190963745
1.3206815719604492
1.9355303049087524
1.9576750993728638
1.8987540006637573
1.9695570468902588
-1.9822720289230347
0.1823267787694931
1.7488062381744385
0.9859605431556702
-0.023212486878037453
0.11346787214279175
0.08288904279470444
-1.436591625213623
0.5027268528938293
0.9299737811088562
1.9790459871292114
0.09951803088188171
0.1293117105960846
1.5281319618225098
0.7039903402328491
1.6548277139663696
-0.050691958516836166
0.6913630962371826
0.338469922542572
1.9577786922454834
-1.92133367061615
0.11493322998285294
0.21801799535751343
1.9499702453613281
-1.9169917106628418
1.152483344078064
0.7962379455566406
1.4576810598373413
-0.15245646238327026
0.6431147456169128
1.595064401626587
-0.2911163866519928
-0.14734919369220734
0.00835585780441761
-0.2686823904514313
-1.4464926719665527
0.19028572738170624
-1.984375
-0.27388331294059753
-0.7448005676269531
-0.555222749710083
-1.984375
1.149823784828186
1.2289420366287231
-1.984375
-0.016965365037322044
-1.9370641708374023
1.9669296741485596
-1.981937050819397
0.7562310695648193
-0.8504716753959656
0.0027771983295679092
-1.5422123670578003
-0.2227761298418045
0.9040864109992981
0.8176354765892029
0.5871235132217407
0.8256482481956482
-1.9817407131195068
0.3970368802547455
-1.34735906124115
-0.7652252316474915
-1.7344813346862793
0.13340504467487335
-1.1012862920761108
-0.5718663334846497
-1.8316885232925415
0.1851285845041275
-0.9730507731437683
-0.31055501103401184
-1.4356555938720703
-1.1988310813903809
-0.8498100638389587
-1.0892865657806396
-1.2006850242614746
-0.7462068796157837
-1.6050779819488525
-0.35712355375289917
-1.1153862476348877
-0.9716213345527649
-1.9100619554519653
-0.38855409622192383
-1.0639963150024414
-0.9168074727058411
-0.6591667532920837
-1.2828372716903687
-1.4529365301132202
0.3955044150352478
-1.081703543663025
-0.3250841498374939
-1.4417051076889038
0.24634812772274017
-1.1229150295257568
-0.6872655153274536
-1.940399408340454
1.1456379890441895
0.26412636041641235
1.9831359386444092
0.6805262565612793
0.05156981945037842
0.30333411693573
-1.797885775566101
1.5577802658081055
-0.2340584099292755
1.0866339206695557
-0.8691881895065308
-0.08494596928358078
1.4151431322097778
1.1459765434265137
-1.9824442863464355
1.9746166467666626
-1.8695343732833862
-1.9526841640472412
-1.9040911197662354
-1.9520390033721924
-1.0542473793029785
-0.9248782396316528
-1.1973627805709839
-0.8607900738716125
0.019414475187659264
-0.07514682412147522
0.5552197694778442
0.020881859585642815
0.16908825933933258
-0.3570171892642975
0.2141059786081314
-0.3564303517341614
-0.48551222681999207
-0.9969395995140076
-0.8560649156570435
-0.0475698821246624
-0.2752973437309265
-1.0082733631134033
-0.48966285586357117
-1.0123491287231445
-0.4655835032463074
-0.3936832547187805
-0.2199602872133255
-0.8012571334838867
-0.3436264991760254
-0.5298121571540833
-0.5392016768455505
-0.9647272825241089
-0.39475247263908386
-1.0730199813842773
-0.5326068997383118
-1.186362862586975
-0.4580138623714447
-0.6898235082626343
-0.7473490834236145
-0.5294815301895142
-0.5891578793525696
-0.8820079565048218
0.12435033172369003
-0.659894585609436
-0.18188118934631348
-1.96811842918396
-0.680657148361206
-0.33304551243782043
1.0751197338104248
-0.7466722726821899
0.2235443890094757
-1.9698008298873901
1.9829634428024292
-0.08338996022939682
0.16240595281124115
1.831084132194519
-0.8863046169281006
0.4634608328342438
1.1721309423446655
1.2442587614059448
1.1425385475158691
1.8730520009994507
1.2484327554702759
1.322326421737671
1.6748980283737183
1.6090642213821411
0.04826407879590988
0.12567976117134094
-0.3461437523365021
-0.23615805804729462
1.8633121252059937
0.12568889558315277
-0.32105010747909546
0.267780601978302
-0.2689615786075592
1.162095308303833
0.09971196949481964
0.6777990460395813
-0.3498234152793884
0.3165009021759033
-0.20638449490070343
1.0166009664535522
0.38347330689430237
0.49434787034988403
-0.18401311337947845
0.8133060336112976
-0.09460373222827911
0.6432222127914429
-0.15232840180397034
0.7052879929542542
0.0562995970249176
0.6083237528800964
0.2283710241317749
0.7026589512825012
0.18271689116954803
1.4187049865722656
-0.10707558691501617
0.42385929822921753
-0.23417939245700836
0.6746410727500916
-0.14793217182159424
-0.23334303498268127
-0.7527492642402649
0.8772162199020386
-0.7541207075119019
1.9791874885559082
1.9677984714508057
-0.17942669987678528
0.1525144726037979
-0.8475975394248962
-1.975338101387024
1.9493077993392944
1.981701135635376
-0.687738835811615
-0.08894567936658859
1.8280811309814453
1.5350778102874756
-1.4586127996444702
-0.9830100536346436
0.27682164311408997
0.8247472643852234
1.0485905408859253
0.4912289083003998
0.20308396220207214
1.0218946933746338
0.6153611540794373
-0.15410171449184418
-0.06971190869808197
-0.11649101227521896
0.12059587240219116
0.16237495839595795
-1.9659444093704224
-1.7904003858566284
-0.6507641673088074
-0.6834543943405151
0.6179835200309753
0.30221596360206604
-0.37907201051712036
-1.8796861171722412
-1.848880410194397
-0.22317981719970703
-0.4750336706638336
-0.25891023874282837
-0.29964327812194824
-0.6539451479911804
-0.9064154028892517
-0.8929451107978821
-1.0050020217895508
-1.0678958892822266
0.041725289076566696
-0.4468674659729004
-0.442410945892334
-0.8304612636566162
-0.6146050095558167
-1.0140300989151
-1.5235110521316528
-1.3038506507873535
0.09035611152648926
0.034636471420526505
0.3033645749092102
-0.7112149596214294
-0.9083031415939331
-1.2721582651138306
-1.3726640939712524
0.7036932706832886
-0.37603482604026794
-0.11642052233219147
-0.21587426960468292
-0.16776129603385925
-1.6966136693954468
-0.6417504549026489
-1.9650057554244995
-0.07718506455421448
1.201603889465332
1.451805591583252
-0.804054319858551
-0.7582579255104065
-0.43979084491729736
1.2111737728118896
1.0709452629089355
-1.008009433746338
0.005623970180749893
0.2596636414527893
-0.665526807308197
-0.9698714017868042
0.14928343892097473
0.16708527505397797
0.056631576269865036
0.047321103513240814
0.7004788517951965
-1.0430548191070557
-1.026334285736084
-1.8101768493652344
-1.481380820274353
-0.7767894864082336
-0.843366265296936
-0.9701401591300964
-0.8017345070838928
-1.3886852264404297
-0.8978729248046875
-1.5175796747207642
-1.6790765523910522
-1.3913675546646118
-0.8894183039665222
-1.3500370979309082
-0.8675434589385986
-1.4045500755310059
-1.3512078523635864
-1.6890032291412354
-0.9013164043426514
-1.3857674598693848
-1.2811826467514038
-1.1171746253967285
-0.6488267183303833
-1.0171440839767456
-0.7073630690574646
-0.8030639290809631
-0.7550382018089294
-1.9394280910491943
-1.049662470817566
-0.22274479269981384
0.24814720451831818
-0.31558164954185486
-0.45501017570495605
1.9461371898651123
0.060583315789699554
0.06583399325609207
-0.03653622418642044
-0.0695187970995903
0.018545646220445633
0.0755346417427063
0.004937976133078337
0.03690236806869507
0.000512900878675282
0.07039963454008102
0.04295405000448227
-0.08453250676393509
0.032469797879457474
-0.038474783301353455
0.06504125893115997
0.05890335515141487
-0.060485031455755234
0.09332562983036041
-0.013289264403283596
-0.05559637397527695
-0.11139542609453201
0.04050315544009209
0.08432333171367645
-0.12216107547283173
-0.01085739303380251
-0.06475303322076797
-0.005572045687586069
-0.05726227909326553
-0.10508700460195541
-0.12487754970788956
-0.08155284076929092
0.04613712430000305
-0.09275614470243454
-0.022784922271966934
-0.10143416374921799
-0.012751775793731213
0.06446026265621185
-0.0685112401843071
0.0239229928702116
0.015484531410038471
0.05249274894595146
-0.061975762248039246
0.03314916044473648
-0.10845787823200226
-0.00701422244310379
-0.0548543855547905
0.05210768058896065
0.06435487419366837
-0.05405640974640846
-0.031239617615938187
0.06737244874238968
0.059787213802337646
-0.11909342557191849
-0.01721382327377796
-0.10709970444440842
-0.06446326524019241
0.06519199907779694
-0.08253878355026245
-0.05014733597636223
-0.09505856782197952
0.060562990605831146
-0.08107420057058334
-0.009219817817211151
0.0380796454846859
-0.06945634633302689
-0.049296967685222626
-0.056363221257925034
0.055849261581897736
-0.07647853344678879
-0.02098827436566353
0.06055593490600586
0.06595055758953094
0.03204182907938957
0.039684660732746124
-0.0407218374311924
-0.04530853033065796
-0.018106017261743546
-0.06802979111671448
-0.09800335764884949
-0.00040191799052990973
-0.09930991381406784
-0.058343078941106796
0.05113406851887703
-0.08881588280200958
0.04652756452560425
-0.0101335309445858
-0.08713095635175705
-0.08454237133264542
0.0068441457115113735
-0.042818017303943634
-0.067815862596035
0.029640572145581245
-0.057028237730264664
-0.10677913576364517
0.00439362833276391
-0.13239485025405884
-0.08209670335054398
-0.08009818196296692
-0.025816792622208595
-0.10805350542068481
0.07759647071361542
-0.043473776429891586
-0.12880751490592957
-0.04736119136214256
0.008220410905778408
0.031335558742284775
-0.12152542918920517
-0.03172539174556732
-0.039929233491420746
0.01084219105541706
-0.05937935784459114
0.03283965587615967
0.04019247740507126
-0.06906819343566895
-0.06291518360376358
0.06406710296869278
-0.11067179590463638
-0.03849964216351509
-0.09845719486474991
-1.7272599935531616
-0.016075458377599716
-0.08292222768068314
0.3322954475879669
-0.053336333483457565
0.1538023054599762
0.05131880193948746
-0.43669378757476807
-0.017873482778668404
1.3045052289962769
1.4317156076431274
-0.24123649299144745
-0.54069584608078
0.27157893776893616
0.07646335661411285
0.4559924900531769
0.3527103066444397
-0.27595195174217224
0.12385149300098419
0.16898544132709503
0.22593647241592407
-0.030890488997101784
0.0019268584437668324
-0.03577885031700134
-0.03796851634979248
-0.1472589522600174
0.3928908705711365
0.41891223192214966
0.34625044465065
0.173574298620224
0.22371342778205872
0.28170254826545715
0.36773866415023804
0.28026583790779114
0.24224914610385895
0.4372485876083374
0.1204977035522461
0.24623249471187592
0.15666387975215912
0.16398581862449646
0.22941696643829346
0.4442121088504791
0.21986296772956848
0.041767947375774384
0.17331159114837646
0.3655867278575897
0.23845162987709045
0.3022480607032776
0.1361650675535202
0.2052241712808609
0.14474676549434662
0.12501166760921478
0.3353116512298584
0.3322370946407318
0.3532067537307739
0.475821852684021
0.2654333710670471
0.0896667018532753
-1.922080636024475
0.18331167101860046
-0.11450134962797165
-0.3951994776725769
-0.12044748663902283
-0.3486497700214386
0.06251397728919983
-0.02450505830347538
0.07593069225549698
1.6816726922988892
1.9435360431671143
0.3074306547641754
1.2181156873703003
1.4878084659576416
1.6991682052612305
1.630687952041626
1.849055290222168
1.614723563194275
1.739846110343933
1.7818458080291748
1.736678123474121
0.12607342004776
0.1700001209974289
-0.22891101241111755
-0.08750113099813461
-0.15290915966033936
-0.9662560820579529
-0.5794606804847717
0.578479528427124
-0.7921408414840698
-0.0813533216714859
-0.8032429814338684
0.6801748275756836
-0.30539557337760925
1.6062058210372925
0.025526437908411026
-1.9701732397079468
-0.2703748941421509
1.966463327407837
-0.2683538496494293
-1.8480815887451172
0.1016305685043335
1.9621047973632812
-0.5845111608505249
-1.5878677368164062
-0.11894287168979645
1.4206438064575195
-0.13895395398139954
-1.9651658535003662
-0.4048725962638855
-1.973467469215393
-0.5494908094406128
1.9721935987472534
-0.19636541604995728
-1.9711551666259766
-0.27670198678970337
1.9750025272369385
-0.37403735518455505
-0.21909232437610626
0.07959374040365219
-1.9843734502792358
0.34048694372177124
-0.18418444693088531
-0.09626732021570206
-0.13942332565784454
-0.21861474215984344
-0.07666995376348495
-0.02774834632873535
0.016058314591646194
0.02611282281577587
-0.005892226006835699
-0.06807725876569748
0.013319691643118858
-0.06042591854929924
0.0014996223617345095
0.014668810181319714
0.008873894810676575
-0.011070707812905312
-0.043821848928928375
0.012704123742878437
0.09766707569360733
0.10348381847143173
-0.1809573620557785
-0.09150975197553635
0.043874986469745636
0.04100213572382927
-0.13563644886016846
-0.05403459817171097
0.046598635613918304
-0.017834777012467384
-0.023952966555953026
-0.0738988071680069
-0.055707164108753204
0.04570816084742546
-0.09807465970516205
-0.10464976727962494
-0.04053117334842682
0.013629855588078499
0.03452305868268013
-0.09653513133525848
-0.05133778229355812
-0.039409760385751724
-0.014040031470358372
0.02996455319225788
-0.0010985835688188672
0.03545170649886131
-0.1072651594877243
-0.04024335741996765
-0.04282132536172867
-0.01674729958176613
-0.021326040849089622
0.010682452470064163
0.04966782033443451
-0.018111351877450943
-0.005336515139788389
-0.0894891545176506
-0.06091484799981117
-0.03194528445601463
0.04120299592614174
0.29520896077156067
-0.056452713906764984
-0.20651154220104218
-0.05820343270897865
-0.12291952222585678
-0.161286398768425
-0.11572559922933578
0.10497599095106125
0.02397279068827629
-0.09233228862285614
-0.03426375612616539
0.031594712287187576
-0.1636425107717514
0.033807069063186646
-0.059160083532333374
-0.05815461277961731
-0.13440288603305817
0.04637167975306511
0.05170778930187225
-0.010808886028826237
0.013385075144469738
-0.11652687191963196
-0.09755229204893112
-0.06568274646997452
-0.002636620309203863
-0.026070646941661835
0.05239618197083473
-0.11827011406421661
-0.011528744362294674
-0.06876040250062943
0.03487486019730568
0.031128589063882828
-0.023701155558228493
0.03428642079234123
0.04430445656180382
0.04672793298959732
0.04654598608613014
0.031430188566446304
-0.021850861608982086
-0.07185602933168411
-0.041491903364658356
-0.0951790064573288
-0.0018836251692846417
-0.0639369860291481
-0.07703176885843277
-0.07619811594486237
-0.047148197889328
-0.02618783712387085
0.006700726691633463
-0.04867741838097572
-0.037828538566827774
-0.06122458353638649
0.01162869855761528
-0.03280334919691086
-0.0891323834657669
-0.07078079879283905
-0.0777425616979599
-0.010669843293726444
-0.03669464960694313
-0.1560731679201126
0.5845913290977478
-1.050463080406189
0.016817258670926094
-0.02335098758339882
0.2445685863494873
-0.12479739636182785
0.0795912891626358
-0.026602448895573616
-0.2839619517326355
0.08471507579088211
1.1026217937469482
1.121649146080017
0.13077101111412048
-0.3126975893974304
-0.7223533987998962
-0.7631353139877319
0.021424923092126846
-0.14057691395282745
-0.7764590978622437
-0.2567808926105499
-0.2523890733718872
-0.3270200490951538
-0.005796259269118309
-0.0072897644713521
-0.03415375202894211
-0.006302719935774803
-0.19283509254455566
-0.0012454347452148795
-0.07534724473953247
0.08169311285018921
0.1834268420934677
0.14163212478160858
0.08260424435138702
-0.022935960441827774
0.05661042407155037
0.10293320566415787
-0.006139914970844984
0.021858492866158485
0.18557694554328918
0.02044910565018654
-0.028365496546030045
-0.03571118414402008
0.324495404958725
-0.41725099086761475
-0.226654052734375
-0.380916953086853
0.18200890719890594
0.10060136765241623
0.2048158049583435
-0.2133733630180359
-0.17044001817703247
-0.15157069265842438
-0.09392193704843521
0.09119370579719543
0.019108455628156662
0.01379381213337183
0.05259266495704651
0.012982897460460663
-0.042053356766700745
-0.20739737153053284
0.3270655870437622
0.0076698544435203075
-0.4362005889415741
0.10745009779930115
-0.09422852098941803
-0.027093779295682907
0.5541120767593384
-0.07236391305923462
1.6568734645843506
1.8744982481002808
-0.12122683972120285
1.5646926164627075
1.626238465309143
1.744399905204773
0.9053900241851807
1.1031494140625
1.5128822326660156
1.4779198169708252
1.558711290359497
1.4315041303634644
0.06709249317646027
0.03995941951870918
0.026204507797956467
-0.11915814876556396
0.3252228796482086
1.7713795900344849
0.7458639144897461
-1.0352894067764282
0.4995952844619751
1.8467280864715576
0.7008473873138428
-1.1052590608596802
0.5922474265098572
-0.4006420373916626
1.0933704376220703
1.3456878662109375
1.4876892566680908
-0.9638718366622925
1.7305872440338135
1.1694118976593018
1.2583601474761963
0.05497799441218376
1.968374490737915
0.4025966227054596
1.2610689401626587
0.5093702673912048
1.1753387451171875
0.6773343682289124
1.939979076385498
-0.2791129946708679
-1.9819176197052002
1.926486611366272
-1.9839767217636108
-0.538301944732666
-1.694009780883789
1.3606681823730469
-1.9815441370010376
-0.21006833016872406
0.10757549852132797
-1.9843698740005493
-1.636111855506897
-0.15681993961334229
-0.009236110374331474
-0.11140504479408264
-1.0052484273910522
-0.19713535904884338
-0.24546389281749725
-1.984375
-0.010363416746258736
0.366072416305542
-0.11882288753986359
-0.1689041405916214
-0.3523140847682953
-0.544536828994751
0.48198240995407104
-0.5002033114433289
0.4113061726093292
0.16739965975284576
0.19646741449832916
0.2419901341199875
0.22653146088123322
-0.8489733934402466
0.043029945343732834
-0.17526260018348694
0.11613480001688004
-0.2261389195919037
-0.14030404388904572
-0.3396921753883362
0.23348750174045563
0.10080988705158234
0.10824050009250641
0.12452148646116257
0.23758205771446228
-0.06638684868812561
0.42191699147224426
0.3931007981300354
0.2770818769931793
0.061962008476257324
0.6309929490089417
0.33992043137550354
0.24760816991329193
-0.04631778597831726
0.6246510148048401
0.4421164393424988
0.2606143355369568
-0.007208085618913174
0.5385202169418335
0.2661411464214325
0.190632626414299
-0.007105006370693445
0.018792293965816498
0.1097245141863823
0.19309279322624207
-0.07367251813411713
-0.12179099023342133
-0.455183744430542
0.08780284970998764
0.09340756386518478
-0.28836262226104736
-0.03397736698389053
0.036803923547267914
-0.04223348945379257
0.14438539743423462
-0.07345905154943466
-0.0589807964861393
1.6203930377960205
0.039506349712610245
-0.20483280718326569
0.020954085513949394
-0.09075073897838593
-0.08335886150598526
-0.08648218214511871
0.2751199007034302
-0.006905072834342718
0.17447185516357422
-0.17239148914813995
0.010472385212779045
-0.07390900701284409
-0.10706830769777298
-0.05170596390962601
-0.10137223452329636
-0.12219683825969696
-0.0779683068394661
0.14205539226531982
0.20639850199222565
-0.4553825259208679
0.11852505058050156
0.2176983505487442
0.16196303069591522
0.0595589242875576
-0.11441150307655334
0.16987772285938263
-0.03011707216501236
-0.5019673705101013
-0.013612642884254456
0.2581038773059845
0.10973429679870605
-0.41932910680770874
0.4005849361419678
0.12250199168920517
0.0644642785191536
-0.3233201801776886
0.305298388004303
0.1641155183315277
0.08665569126605988
-0.34233754873275757
0.06298357248306274
0.24489520490169525
0.18527460098266602
-0.20744097232818604
-0.09333232790231705
0.21168853342533112
0.2977954149246216
-0.3124484717845917
0.07258035242557526
0.06640449911355972
0.025443216785788536
-0.13387055695056915
-1.9829152822494507
0.03334075212478638
-0.00951685756444931
-0.033027809113264084
0.039340950548648834
-0.08138088136911392
-0.13667817413806915
-0.003054695902392268
0.011633550748229027
0.07972068339586258
-0.043333522975444794
-0.1445276290178299
0.04428138583898544
-0.06919986009597778
0.011713649146258831
-0.030589519068598747
0.00040390994399785995
-0.07570501416921616
-0.15387380123138428
0.007856005802750587
-0.11124925315380096
-0.06381217390298843
-0.10291659086942673
0.04204275459051132
0.001309228129684925
-0.07168017327785492
0.0017546290764585137
0.028043195605278015
0.01488301157951355
-0.11310005933046341
-0.03416081890463829
-0.07217768579721451
0.112210713326931
-0.013671261258423328
-0.0013990674633532763
0.056460265070199966
-0.09168381243944168
0.02539099007844925
0.07794301956892014
-0.03724822774529457
0.07043801248073578
0.06708744913339615
-0.06440692394971848
0.03378830477595329
-0.03660040348768234
-0.0683630034327507
0.05020546540617943
0.028988664969801903
0.016218073666095734
0.009972604922950268
0.054720330983400345
0.07814756035804749
-0.03766999393701553
-0.0008494566427543759
0.04180459305644035
-0.002567092888057232
0.054617688059806824
0.07756570726633072
0.11131700873374939
-0.050435055047273636
0.06286103278398514
0.02900412119925022
-0.015256434679031372
0.020635409280657768
-0.01295456662774086
-0.06858284026384354
-0.01673547737300396
0.08407715708017349
0.009458156302571297
-0.10288598388433456
-0.08899958431720734
-0.04586365446448326
-0.07978522777557373
-0.013596613891422749
-0.02061517722904682
-0.13346578180789948
0.018539374694228172
0.019457712769508362
-0.01957838237285614
0.06908545643091202
0.011653340421617031
0.018541131168603897
-0.04827061668038368
-0.11320196837186813
-0.057226140052080154
0.046385154128074646
0.022949470207095146
-0.12098834663629532
0.013695470057427883
-0.0974016934633255
-0.10186243802309036
-0.06144626811146736
0.0070872437208890915
-0.15351325273513794
-0.011146553792059422
-0.02902286686003208
0.045343831181526184
0.01992441527545452
-0.12915927171707153
0.06350143998861313
-0.02091139368712902
-0.07796820253133774
0.04409148171544075
0.0659291222691536
-0.11360173672437668
-0.022258708253502846
0.039625756442546844
-0.1705615222454071
-0.0987568274140358
-0.010518700815737247
-0.12511253356933594
-0.0701492428779602
-0.05951492860913277
0.09208162128925323
-0.06269587576389313
-0.14732791483402252
-0.1865549087524414
0.030606376007199287
0.008545298129320145
-0.7390671372413635
-0.020509423688054085
-0.14194636046886444
-0.07680845260620117
-0.1068108081817627
-0.08770649880170822
-0.10123391449451447
-0.11434614658355713
0.03443000838160515
-0.08132527023553848
0.005248417146503925
-0.06384266912937164
-0.07028446346521378
-0.0744527280330658
-0.08941411972045898
-0.0195009782910347
0.032257337123155594
-0.0003917162830475718
0.025084638968110085
-0.06169113144278526
-0.12108360975980759
-0.022803155705332756
0.009835855104029179
0.03219344839453697
-0.06278880685567856
-0.05447186902165413
-0.04333845153450966
-0.08606033772230148
-0.006359606049954891
-0.0016134062316268682
-0.05216740071773529
0.012263658456504345
-0.03853128105401993
-0.0036099834833294153
-0.1172843724489212
-0.02373492531478405
-0.07985126227140427
-0.03532708063721657
-0.1135287657380104
0.01267233770340681
-0.09679818153381348
-0.09865118563175201
-0.10060857236385345
0.048934437334537506
-0.09261412173509598
-0.08886227756738663
0.000299086794257164
-0.0007839910686016083
-0.08636639267206192
-0.11158258467912674
-0.0960816815495491
-0.0846022218465805
0.015054745599627495
0.048105765134096146
-0.13154223561286926
-0.05322197824716568
-0.06920530647039413
-0.1253850758075714
0.01941472478210926
-0.07337561994791031
-0.04847242683172226
-0.025246966630220413
0.022948026657104492
0.018755760043859482
-0.013066998682916164
-0.06473509967327118
0.0695650726556778
-0.08150674402713776
-0.057725295424461365
-0.04347535967826843
-0.13575111329555511
-0.11756926029920578
0.05838638171553612
-0.00583731709048152
0.008534878492355347
0.03856257349252701
-0.009921705350279808
-0.024261368438601494
-0.046899713575839996
0.0037229247391223907
-0.0024514745455235243
0.032804086804389954
-0.04764615744352341
-0.033625174313783646
-0.07341388612985611
0.01762104593217373
-0.09162947535514832
-0.07590766251087189
-0.027457233518362045
-0.03219456970691681
-0.1411685198545456
-0.12679877877235413
-0.004909194074571133
-0.11848274618387222
0.02405715174973011
-0.13923238217830658
0.04833340272307396
0.0458199717104435
0.009784053079783916
-0.09312990307807922
-0.004813256673514843
-0.10371356457471848
-0.11042381078004837
-0.004805432632565498
-0.13344208896160126
-0.10572152584791183
-0.07208197563886642
-0.09894803911447525
-0.06671500205993652
-0.08520922064781189
-0.10341698676347733
-0.026900049299001694
-0.02576427161693573
-0.03236917406320572
-0.04627923667430878
-0.011580593883991241
-0.03330262005329132
-0.008044148795306683
-0.09375286102294922
-0.15017017722129822
-0.08053471893072128
0.004789391532540321
0.0876990333199501
0.03705082833766937
-0.072122722864151
0.009359755553305149
0.0482332818210125
0.005481335334479809
0.05499320104718208
-0.04612809792160988
0.011994121596217155
-0.07610788196325302
0.07398055493831635
-0.07750125974416733
-0.08820902556180954
0.0758485272526741
0.030417781323194504
0.06916536390781403
0.03416796401143074
0.04863972216844559
-0.08037549257278442
-0.013787717558443546
-0.06950440257787704
-0.08871617913246155
-0.06645910441875458
-0.08261315524578094
0.078483447432518
0.03500944375991821
0.07847597450017929
0.029612384736537933
0.09008666127920151
-0.0783238634467125
-0.07941146939992905
-0.06799967586994171
-0.031811777502298355
0.0901915431022644
0.0664844736456871
0.0316167026758194
-0.028188206255435944
0.04610305279493332
-0.029044199734926224
0.05972021818161011
0.002233891747891903
-0.0486900694668293
-0.07821036130189896
0.004165277350693941
0.0035235476680099964
0.0012840826530009508
-0.017841344699263573
-0.01642371155321598
0.08009456098079681
0.09047085046768188
0.03887474909424782
0.07290759682655334
-0.027513528242707253
-0.01329214870929718
0.08761827647686005
-0.06141854450106621
0.06937089562416077
0.02413668856024742
-0.044112373143434525
0.035499896854162216
-0.04890899732708931
0.05014549940824509
0.04938998818397522
-0.07540763169527054
0.02299230732023716
-0.028898192569613457
-0.08062424510717392
0.03444367274641991
-0.04504501447081566
-0.032016608864068985
-0.02059248648583889
0.004698799457401037
-0.024033846333622932
0.048764728009700775
0.056148357689380646
-0.07776796072721481
0.0692003145813942
-0.02622850611805916
-0.02245839312672615
0.03727215155959129
-0.008930256590247154
0.054907526820898056
0.08366599678993225
0.0482245497405529
-0.008657692931592464
0.012156674638390541
0.043360140174627304
-0.047762662172317505
0.06771623343229294
0.07419811189174652
-0.012179644778370857
-0.07602963596582413
0.03255912661552429
-0.044218722730875015
-0.02011824958026409
-0.07429847866296768
-0.061319220811128616
-0.08328141272068024
-0.05449085682630539
0.03260473906993866
0.06478884816169739
-0.07714816182851791
0.0899527370929718
0.03138834238052368
-0.021931951865553856
-0.01766159199178219
0.03999074175953865
0.05030028149485588
-0.046465616673231125
-0.0878981277346611
-0.022043416276574135
-0.0766228660941124
-0.06634426862001419
-0.0016390207456424832
-0.08202727138996124
0.08236362040042877
-0.05540365353226662
-0.007407136727124453
0.015795402228832245
-0.01296080369502306
-0.08385583758354187
0.039523135870695114
-0.08751929551362991
-0.017839595675468445
0.002577453851699829
-0.08263663947582245
-0.03617655485868454
-0.0702102780342102
0.032114315778017044
0.04305356740951538
-0.04989791661500931
-0.03048515133559704
-0.06675396114587784
0.06315147876739502
-0.044837985187768936
0.06311696767807007
0.08693314343690872
0.05163610726594925
-0.08692263811826706
0.07783526182174683
0.0703040286898613
0.07702193409204483
-0.029690541326999664
-0.06474780291318893
0.0102476691827178
0.08303184807300568
0.05459459498524666
-0.08137567341327667
-0.013888625428080559
-0.0105977114289999
0.05527361109852791
-0.07655134052038193
-0.01883416622877121
0.08771303296089172
0.04796450957655907
0.05074603110551834
-0.057887304574251175
0.08234653621912003
-0.011173502542078495
-0.08743251115083694
-0.0583864226937294
-0.06804388016462326
-0.07481513172388077
-0.027929794043302536
-0.0177911426872015
-0.06747690588235855
0.08645167201757431
-0.06067398190498352
0.022003736346960068
0.05742977559566498
0.010988526046276093
-0.026480568572878838
0.052823882550001144
0.06842871755361557
0.048523854464292526
0.05920298770070076
-0.05901210010051727
-0.01886214129626751
0.028549831360578537
0.029649309813976288
0.001870123902335763
0.03787703439593315
-0.08673882484436035
-0.08446776121854782
-0.03512037172913551
0.026470055803656578
0.0649133175611496
-0.0711037665605545
-0.018501488491892815
-0.004682188853621483
0.058645348995923996
0.08690855652093887
-0.038839440792798996
-0.07863560318946838
-0.0029102631378918886
-0.03910645470023155
-0.020996348932385445
-0.05112139508128166
-0.06642847508192062
-0.06038582697510719
-0.06102946773171425
-0.029782980680465698
0.08846469968557358
-0.05348395183682442
-0.006844218820333481
-0.08399000018835068
0.04458903521299362
0.03564002737402916
-0.012337585911154747
-0.04434536397457123
0.005904463119804859
-0.08094937354326248
0.041283126920461655
0.05303829908370972
-0.03423480689525604
0.02790164388716221
0.03142021968960762
-0.07630819082260132
0.0747133269906044
0.07521659135818481
-0.058651819825172424
-0.029687240719795227
0.05449541658163071
-0.02835376374423504
0.006596166640520096
0.03306375443935394
0.06330348551273346
0.0014884233241900802
0.06441584974527359
0.059540364891290665
-0.06967051327228546
0.0721319243311882
0.001924173324368894
0.05259273573756218
0.053446654230356216
0.08610738813877106
-1.984375
0.2124127298593521
0.09975376725196838
0.05331498757004738
-0.35282909870147705
-0.23641714453697205
0.02347475290298462
-0.958384096622467
0.011169109493494034
1.8504385948181152
1.40130615234375
0.5049148201942444
1.2467608451843262
1.7319066524505615
1.9362859725952148
1.6918748617172241
1.9741809368133545
1.1512919664382935
1.7981375455856323
1.170546054840088
1.8270906209945679
0.04032602161169052
0.02759825438261032
0.5037646889686584
0.20809617638587952
0.07358469069004059
0.02133483812212944
0.1474839299917221
0.29348722100257874
-0.17007382214069366
0.11421940475702286
0.26057276129722595
0.04118918627500534
0.09614047408103943
0.6772043108940125
0.1434793323278427
0.2615550756454468
-0.08306749910116196
0.222537100315094
0.11507591605186462
0.4196448028087616
0.12497728317975998
0.13725407421588898
0.07513551414012909
0.2676047086715698
0.06573694944381714
0.546284556388855
0.17300871014595032
0.20748589932918549
-0.11539096385240555
0.0655205100774765
0.2587566077709198
-0.00842837430536747
0.18473486602306366
0.046303726732730865
0.30267617106437683
0.30839070677757263
-0.12060314416885376
1.3355324268341064
-0.28179168701171875
-0.12251736968755722
-0.46508127450942993
0.16395512223243713
0.09562259167432785
-0.011285125277936459
0.05205351859331131
-0.07746100425720215
1.6552984714508057
1.9302877187728882
-0.3348774015903473
1.5167077779769897
1.6772022247314453
1.9033091068267822
1.5567502975463867
1.9217702150344849
1.6493581533432007
1.649492859840393
1.6525163650512695
1.681496500968933
-0.0031938443426042795
0.027032140642404556
-0.11799616366624832
-0.09107004106044769
-0.38503575325012207
-1.9778844118118286
-1.3935929536819458
-1.946541666984558
-1.900819182395935
-1.4096168279647827
-1.3988656997680664
-1.981904149055481
-1.945811152458191
1.833410382270813
1.2153867483139038
1.6322959661483765
1.980973482131958
1.9276028871536255
1.6690869331359863
1.855254054069519
1.9832226037979126
1.9525258541107178
1.674415946006775
1.8258131742477417
1.947660207748413
1.766355037689209
1.2038224935531616
1.5769022703170776
1.984375
-1.5230849981307983
-1.4734498262405396
-1.9816536903381348
-1.9048805236816406
-1.9160724878311157
-1.4282182455062866
-1.9558717012405396
-1.9553921222686768
-0.16789868474006653
0.4575207233428955
0.8454023599624634
-1.9286717176437378
0.022316565737128258
-0.215131014585495
-0.23996907472610474
-0.08339910954236984
-0.2562778890132904
0.12633979320526123
-0.06461387872695923
-0.021307652816176414
1.4886174201965332
1.512335181236267
0.3904961347579956
-0.6278443932533264
-0.8129713535308838
-1.120151400566101
-0.7729239463806152
-0.5367951393127441
-1.3666270971298218
-0.9245641827583313
-0.18587888777256012
-0.5878932476043701
0.15150505304336548
0.19403840601444244
0.0580434575676918
-0.013168378733098507
0.06523428112268448
-0.1542186141014099
-0.16640986502170563
-0.1862417459487915
-0.21671055257320404
-0.07390603423118591
-0.14516369998455048
-0.28232482075691223
-0.13058598339557648
-0.06603165715932846
-0.0854869857430458
-0.28191813826560974
-0.15532246232032776
-0.22683341801166534
-0.08749264478683472
-0.21835049986839294
-0.1333286166191101
-0.06859590858221054
-0.15059028565883636
-0.15362748503684998
-0.35802480578422546
-0.2406339794397354
-0.2584579885005951
-0.050163108855485916
-0.11589296162128448
-0.274254709482193
-0.3071323335170746
-0.13779443502426147
-0.24317090213298798
-0.029083605855703354
-0.2189217358827591
-0.1579359918832779
-0.20318438112735748
1.1748443841934204
-0.3316877484321594
-1.9751540422439575
-0.7782496213912964
0.09625447541475296
0.28151658177375793
-0.042582277208566666
-0.002466956153512001
0.04953277111053467
0.8477253317832947
0.8350454568862915
1.276556134223938
-0.10225292295217514
-0.14593347907066345
-0.4773005545139313
0.0036275798920542
0.11215177923440933
-0.25336766242980957
-0.12909311056137085
-0.12616273760795593
-0.20799334347248077
0.8962609171867371
1.1838804483413696
0.0070420303381979465
0.008045505732297897
0.16908645629882812
1.948837161064148
-0.1521303504705429
-1.9618102312088013
-0.29095613956451416
1.9842901229858398
-0.26219138503074646
-1.963803768157959
-0.11233829706907272
1.0642666816711426
0.34976428747177124
-1.425169587135315
0.3525127172470093
1.3202838897705078
0.04618096351623535
-1.020963191986084
0.10002245754003525
-1.9705730676651
-0.210044264793396
1.9342561960220337
-0.7283990383148193
-1.665008306503296
-0.8921612501144409
1.9783506393432617
-0.927221417427063
-1.9657690525054932
1.7508881092071533
1.3227100372314453
0.7076743245124817
-0.7611902952194214
1.0112035274505615
1.1671606302261353
1.4987422227859497
-0.021435242146253586
0.00042483239667490125
-0.1322341412305832
1.9776570796966553
-1.9640480279922485
-1.9642006158828735
-1.964060664176941
-1.9710818529129028
-1.9710819721221924
-1.9826205968856812
1.9806970357894897
0.04728231579065323
1.7989344596862793
1.7157201766967773
0.8598402142524719
0.6784518957138062
0.5816830992698669
0.6631737351417542
1.0614274740219116
0.4823514223098755
0.6093457341194153
0.8518242835998535
0.7878402471542358
0.459419846534729
-1.9512721300125122
0.8484572172164917
0.003983493894338608
0.012549270875751972
-1.9640464782714844
1.2297385931015015
1.8190137147903442
1.496530294418335
1.9814039468765259
1.73565673828125
1.8249093294143677
1.1599633693695068
1.9804373979568481
1.9814996719360352
1.980843186378479
1.9814437627792358
1.9801609516143799
1.1505722999572754
1.843161702156067
1.9816068410873413
1.9802579879760742
0.793700635433197
1.8768783807754517
1.9811238050460815
1.9812695980072021
1.7402496337890625
1.9814069271087646
1.4297069311141968
1.9803310632705688
1.047352910041809
1.3449839353561401
0.9970487952232361
1.9785622358322144
1.2016915082931519
1.709261178970337
1.5646398067474365
1.9814817905426025
1.9663188457489014
1.965431571006775
-1.9519215822219849
-1.9765952825546265
-1.9721295833587646
-1.972241997718811
-1.9821304082870483
1.7084499597549438
-0.08344379812479019
1.5541139841079712
1.795216679573059
-1.982195258140564
0.4819401204586029
0.5430466532707214
0.6325193047523499
0.8680298328399658
0.41130825877189636
0.45486053824424744
0.6873461604118347
0.6016378998756409
0.5018420219421387
-1.9583771228790283
1.9512763023376465
-0.20034170150756836
-0.07230374962091446
-1.4278473854064941
-0.317556768655777
-0.27052372694015503
-0.2823665738105774
-0.1442912071943283
-0.28861403465270996
-0.19714611768722534
-0.5054364204406738
-0.30774298310279846
-0.34349316358566284
-0.26531049609184265
-0.26076945662498474
-0.24635115265846252
-0.3901202380657196
-0.2999613583087921
-0.34478995203971863
-0.1690228134393692
-0.3708084523677826
-0.1552688330411911
-0.38195931911468506
-0.18585462868213654
-0.37612688541412354
-0.22450178861618042
-0.2731708884239197
-0.026670929044485092
-0.6039482355117798
-0.08367183059453964
-0.48776984214782715
0.04853924363851547
-0.2696879804134369
-0.2348286360502243
-0.2976561486721039
0.040148794651031494
-0.09736769646406174
1.9822272062301636
1.9752240180969238
-0.5044558644294739
-0.8849465250968933
-1.9717509746551514
-0.42309272289276123
0.09394601732492447
0.7375296950340271
0.031041188165545464
0.5103323459625244
-0.005752456374466419
0.5867429971694946
0.7550671100616455
1.1122243404388428
-1.8348580598831177
-1.7060940265655518
-1.7442649602890015
-1.7431093454360962
-1.6668275594711304
-1.820478081703186
-1.71895432472229
-1.6964259147644043
-1.6537033319473267
0.8145055174827576
1.1987074613571167
-0.14534996449947357
-0.04683207720518112
1.0599876642227173
0.409335196018219
0.904581606388092
0.9365580677986145
0.5351563692092896
1.4759465456008911
0.5560509562492371
1.1624466180801392
1.2533568143844604
0.5866943001747131
-1.7683069705963135
0.9563388824462891
-1.9842479228973389
0.5781698822975159
-1.9718048572540283
0.4383571743965149
-1.5829886198043823
0.5881131887435913
1.9646931886672974
1.3142540454864502
1.6993299722671509
0.9807686805725098
1.9320778846740723
1.137515902519226
1.951714038848877
-1.9791442155838013
1.9755486249923706
1.984012484550476
-0.22452417016029358
1.0181227922439575
-0.16604673862457275
1.9754083156585693
1.8432128429412842
-1.984375
0.6071174144744873
-0.33498415350914
-0.010200661607086658
-0.07517141848802567
-0.8387494087219238
0.0852111279964447
-0.17895124852657318
-0.030818255618214607
0.7950021028518677
0.6986420750617981
0.21307308971881866
-1.8327417373657227
-1.9455249309539795
-1.9355244636535645
-1.8384361267089844
-1.8231806755065918
-1.7722561359405518
-1.9134074449539185
-1.8673551082611084
-1.8069424629211426
0.1259823739528656
0.18525458872318268
0.07830943912267685
0.004363968502730131
0.5561733245849609
0.4501033127307892
0.44929739832878113
0.34771546721458435
0.5089650750160217
0.3811347782611847
0.5063239932060242
0.34339216351509094
0.41749700903892517
0.240515798330307
0.39975884556770325
0.3756971061229706
0.48582571744918823
0.4588181674480438
0.36968347430229187
0.3821215331554413
0.5309134125709534
0.2542223334312439
0.4103500247001648
0.39472246170043945
0.29982128739356995
0.3175792396068573
0.4387182295322418
0.3400523066520691
0.4423654079437256
0.1365879774093628
0.362120121717453
0.3403419256210327
0.2908830940723419
0.26087823510169983
0.29835817217826843
0.2802460193634033
0.38832560181617737
0.0039862170815467834
-0.08189377933740616
-0.02560102939605713
-1.9480845928192139
-0.10940127819776535
0.2204257696866989
-0.9958140254020691
-1.9584776163101196
1.598940134048462
0.20349803566932678
-1.9818143844604492
-0.08654291927814484
-0.9400715827941895
1.9019938707351685
-1.9424078464508057
1.894407868385315
-1.3141628503799438
-1.7866548299789429
-1.2057462930679321
-1.9149467945098877
-0.23381231725215912
-0.5078493356704712
-0.20938585698604584
-0.35354629158973694
0.2509613037109375
0.18999356031417847
-1.3857481479644775
-0.34841516613960266
-0.27764979004859924
0.21749000251293182
-1.39854896068573
1.2884262800216675
0.15448664128780365
0.8165320158004761
0.7076706886291504
1.5430587530136108
-0.9749385118484497
1.783183217048645
-0.180750772356987
0.6687907576560974
0.30732688307762146
1.455857276916504
-0.020612817257642746
1.1539909839630127
0.009352783672511578
1.543328046798706
-0.025380168110132217
0.8539219498634338
-0.2555745542049408
1.6389158964157104
-0.2562521994113922
0.43206506967544556
0.366677463054657
1.1498786211013794
0.5530403852462769
1.5037628412246704
-0.9658174514770508
0.38390305638313293
-1.2235997915267944
1.3814932107925415
0.5820406675338745
-1.9304122924804688
1.0913726091384888
-0.5214042663574219
-1.562654972076416
-0.20679283142089844
-0.8782042860984802
-0.025696204975247383
-1.9746389389038086
0.015049058943986893
1.9278429746627808
-0.49408450722694397
-0.7028278708457947
-0.2916771173477173
1.9774651527404785
0.2968517541885376
1.9648699760437012
0.8676590919494629
-1.9772510528564453
-1.978569746017456
-1.86710786819458
-1.890838384628296
0.0652485266327858
0.14863170683383942
0.678478479385376
0.1359732300043106
0.007919254712760448
1.5407968759536743
0.616540789604187
1.957668423652649
1.9834834337234497
1.9841182231903076
1.2376680374145508
1.884324312210083
1.9842859506607056
1.1988900899887085
0.06905373185873032
1.383110523223877
1.7839456796646118
0.7448282837867737
0.42186352610588074
1.3523696660995483
1.0188721418380737
0.5925970077514648
0.35089898109436035
1.3270540237426758
1.282639980316162
1.1612873077392578
0.1657373160123825
1.012879490852356
1.2857948541641235
1.9836608171463013
1.2526135444641113
1.8573665618896484
1.9839965105056763
1.6610997915267944
0.7582578659057617
1.8631067276000977
1.9841076135635376
-0.47636494040489197
1.0994588136672974
-1.984372854232788
1.9777716398239136
-1.5375089645385742
-0.7715837359428406
-0.5548620223999023
1.619996190071106
1.3669966459274292
1.188876748085022
-1.984375
0.06052640080451965
0.00035305359051562846
-0.1531982421875
0.1713288426399231
-0.005773060489445925
-0.08776621520519257
-0.012228035368025303
0.005395456217229366
-0.003927759826183319
0.046644676476716995
-0.006933185271918774
0.03019125945866108
0.02778702788054943
-0.2158493995666504
0.37251096963882446
-0.04509590193629265
-0.008306688629090786
-1.984375
1.9353649616241455
1.0573266744613647
0.443615585565567
-0.1002250537276268
-0.29401302337646484
-0.011867976747453213
1.164995789527893
1.920020580291748
1.1579031944274902
1.870177149772644
1.944454312324524
1.2368277311325073
0.6988641619682312
-0.20146803557872772
-0.3740459680557251
-0.1439415067434311
0.6477492451667786
-0.007003512233495712
0.24429793655872345
0.16773147881031036
1.1680183410644531
1.5551549196243286
1.933551549911499
1.0661346912384033
0.3635241389274597
-0.25003600120544434
0.18659627437591553
0.6749719977378845
1.7421748638153076
1.7594910860061646
1.617160439491272
0.7757516503334045
-1.984375
0.07707159966230392
0.6341068148612976
-1.982981562614441
-0.06379914283752441
0.2634431719779968
-0.8717016577720642
-0.1309840828180313
0.012630442157387733
-0.0944652259349823
-0.07732325047254562
-0.7005504965782166
0.035965126007795334
-0.07557530701160431
-0.014648445881903172
-0.010214501991868019
-0.04175129905343056
-0.07539650052785873
-0.08544707298278809
-0.04565771669149399
-0.08019623160362244
0.2453044354915619
-1.2500797510147095
-0.07627403736114502
-0.013965715654194355
-0.16286475956439972
-0.10014297813177109
-0.376720666885376
-0.2018200010061264
-0.3978520929813385
-0.27313870191574097
-0.4328123927116394
-0.3611343204975128
-0.3211384117603302
-0.2426014244556427
-0.2542651891708374
-0.2906601130962372
-0.25307777523994446
-0.2796424627304077
-0.19901126623153687
-0.14566074311733246
-0.4087264835834503
-0.42240679264068604
-0.2840895354747772
0.1402139514684677
-0.390480101108551
-0.3162792921066284
-0.361115038394928
-0.07835538685321808
-0.3802582621574402
-0.22533175349235535
-0.3232368230819702
-0.2765628695487976
-0.34068426489830017
-0.07551328092813492
-0.3257199823856354
-0.038361694663763046
-0.18285121023654938
0.021770719438791275
-0.12965822219848633
1.8595590591430664
1.9840439558029175
0.06668801605701447
-0.356452614068985
0.1256037950515747
0.03147200495004654
0.246861532330513
0.23713386058807373
0.780479371547699
0.02171916328370571
0.7818423509597778
0.6740908622741699
0.49133527278900146
-0.15852685272693634
0.028319545090198517
0.12004585564136505
0.07290809601545334
0.0937417596578598
0.07366111129522324
0.04670991003513336
0.12843109667301178
-0.006461635231971741
0.14831258356571198
0.21744292974472046
-0.4353736639022827
-0.015318646095693111
-0.6665285229682922
-0.2145482301712036
-0.1900680810213089
-0.4482344686985016
-0.24184222519397736
-0.3723810911178589
-0.34802183508872986
-0.38416561484336853
-0.21576060354709625
-0.0701020285487175
-0.39819756150245667
-0.11383785307407379
-0.10270426422357559
-0.17753151059150696
-0.027576904743909836
-0.12570326030254364
-0.42544424533843994
-0.4219430983066559
-0.1128275990486145
-0.27268657088279724
-0.33758851885795593
-0.19465157389640808
-0.3302541673183441
-0.19064614176750183
-0.016565661877393723
-0.3270796835422516
-0.3564947843551636
-0.34760063886642456
-0.27749940752983093
-0.2637607455253601
-0.13069212436676025
-0.3061641752719879
-0.1775559037923813
-1.1043745279312134
0.3491790294647217
1.9821122884750366
1.241753339767456
0.6243290305137634
-0.07590518146753311
-0.23437878489494324
-1.5683931112289429
-0.04507102072238922
0.9243261814117432
0.6191545128822327
0.19647984206676483
0.6800405383110046
0.5497579574584961
0.474090576171875
0.6297877430915833
0.3799819350242615
0.5519319176673889
0.6668344736099243
0.6720684766769409
0.6537318825721741
-0.8262782096862793
-1.9134535789489746
1.1785948276519775
0.1926574409008026
-0.9783509969711304
-0.9405294060707092
-0.6896468997001648
-0.9480270743370056
-1.0486034154891968
-1.1318281888961792
-0.8511045575141907
-1.0326555967330933
-1.0276060104370117
-0.8269295692443848
-0.5303147435188293
-0.846327006816864
-0.79912930727005
-1.1340134143829346
-0.6793270707130432
-1.0711944103240967
-0.7272395491600037
-0.9758389592170715
-0.5606149435043335
-0.9738671183586121
-0.7760655283927917
-0.9840367436408997
-0.7345027923583984
-0.8792815804481506
-0.8187329173088074
-1.1356205940246582
-0.8004162311553955
-0.9323093891143799
-1.0037567615509033
-0.8070759773254395
-0.6154752373695374
-0.9883049130439758
-1.0281407833099365
0.3473052978515625
-0.21235324442386627
1.9764214754104614
1.9660305976867676
-0.6310874819755554
1.9816702604293823
-0.9978089332580566
0.7608256340026855
0.2512844204902649
-0.7045151591300964
0.592494010925293
-0.05453837290406227
1.8786365985870361
1.8075288534164429
1.980001449584961
1.8079917430877686
1.732742428779602
1.935571551322937
1.7107796669006348
1.9477487802505493
1.6302564144134521
1.6789344549179077
1.6746166944503784
1.6060843467712402
0.9228639006614685
-1.8455780744552612
0.011586698703467846
0.018415458500385284
-1.2477787733078003
-1.8738694190979004
-1.5259182453155518
-1.3668407201766968
-1.5897237062454224
-1.8441283702850342
-1.55528724193573
-1.666237711906433
-1.9413083791732788
-1.9675588607788086
-1.639525055885315
-1.9483921527862549
-1.4602241516113281
-1.5243546962738037
-1.1372525691986084
-1.7674822807312012
-1.8009510040283203
-1.587615728378296
-1.31144380569458
-1.7055796384811401
-1.3114618062973022
-1.8096129894256592
-1.7046034336090088
-1.9619266986846924
-1.4233181476593018
-1.9640955924987793
-1.4758228063583374
-1.3781553506851196
-1.6672099828720093
-1.9694147109985352
-1.9554951190948486
-1.7803218364715576
-1.6074382066726685
1.9462475776672363
-0.2089795023202896
1.1649478673934937
1.643004298210144
-0.9359414577484131
-0.7992532253265381
-0.23344029486179352
-0.7287847995758057
-0.01816948689520359
0.8563488721847534
0.8940702080726624
-0.9130535125732422
1.8964664936065674
1.8816819190979004
1.7512433528900146
1.9788930416107178
1.7321354150772095
1.7258505821228027
1.7576957941055298
1.8110636472702026
1.7149183750152588
-1.0908716917037964
-0.8741434812545776
0.2924782633781433
0.04811127483844757
-0.3219989538192749
-0.834872305393219
-0.5103729367256165
-0.7777565717697144
-0.6687427163124084
-1.0628854036331177
-0.5494455099105835
-0.7657369375228882
-0.7895970344543457
-0.6735186576843262
-0.6919225454330444
-1.1642621755599976
-0.6763756275177002
-0.6813206672668457
-0.6368727087974548
-1.074296474456787
-0.41114044189453125
-0.9088937044143677
-0.6598054766654968
-0.9476467370986938
-0.3546888828277588
-0.7145419120788574
-0.7708052396774292
-0.7741934657096863
-0.512703001499176
-1.3189290761947632
-0.4082760512828827
-0.5711449384689331
-0.6967383027076721
-1.057274580001831
-0.5013032555580139
-0.6321669220924377
-0.3509002923965454
0.05362348631024361
-1.705919861793518
1.9806711673736572
0.05633744224905968
-0.06790131330490112
-0.04243301600217819
-0.03346116840839386
-0.043009430170059204
-0.007763462606817484
-0.06869015842676163
-0.03344760835170746
0.043191008269786835
-0.06338179856538773
0.036764223128557205
0.010999025776982307
0.014131196774542332
-0.09145565330982208
-0.09068654477596283
-0.07471402734518051
0.07442216575145721
-0.027316613122820854
0.07289940118789673
-0.09121191501617432
0.032229382544755936
-0.008681701496243477
-0.061754632741212845
-0.07018596678972244
-0.04901023581624031
-0.06510535627603531
-0.08257754892110825
0.048406071960926056
0.07477295398712158
-0.0612114816904068
-0.002031612442806363
-0.09233005344867706
0.05729961022734642
-0.07348005473613739
0.058113642036914825
0.02310083620250225
-0.010756745003163815
-0.08494929224252701
-0.023110948503017426
-0.010053382255136967
0.05264285206794739
0.03459905833005905
0.07663677632808685
-0.05030065402388573
-0.02551886811852455
0.0007180426619015634
0.02696060761809349
0.03609444200992584
-0.06507740914821625
0.06900425255298615
0.04971054568886757
-0.04398403316736221
-0.03990280255675316
-0.06076828017830849
-0.09257598221302032
0.0783882737159729
0.028079833835363388
0.00810205191373825
0.05534762889146805
-0.05786638334393501
0.004117012023925781
0.08641126751899719
-0.0698925256729126
0.01746402122080326
-7.300761353690177e-05
-0.04535650461912155
0.07770692557096481
-0.050622377544641495
-0.008742508478462696
-0.02623603865504265
0.028993740677833557
0.01528764795511961
0.010042681358754635
-0.0685727670788765
-0.06471841037273407
-0.08035575598478317
0.06351470947265625
0.04682205617427826
-0.007706909440457821
-0.07221575081348419
-0.049151092767715454
0.07468149065971375
-0.014080321416258812
0.022556815296411514
-0.042246412485837936
0.07187779247760773
-0.03764037787914276
0.006255330517888069
0.014977882616221905
0.020829973742365837
0.0026559182442724705
0.06274870783090591
-0.0894903913140297
0.0443841814994812
-0.04209110513329506
0.06055401265621185
0.036952290683984756
-0.08509071171283722
-0.08239185810089111
-0.059362735599279404
-0.02354651317000389
-0.0550268180668354
0.03709273785352707
-0.06886100023984909
-0.05076881870627403
0.032285816967487335
-0.06698582321405411
0.05363604426383972
0.016287565231323242
0.06452620774507523
-0.01317385584115982
-0.016126831993460655
0.0028696241788566113
0.039644159376621246
0.04496809095144272
-0.07241258025169373
0.055322714149951935
0.0340692438185215
0.021915536373853683
-0.913783609867096
-0.5303343534469604
-0.4618821442127228
0.06974134594202042
0.10299783945083618
0.7522655129432678
0.08804115653038025
0.89509516954422
0.04868621006608009
1.2133606672286987
0.9947223663330078
-0.9094588160514832
1.8609675168991089
1.7638475894927979
1.7675821781158447
1.9248260259628296
1.8749924898147583
1.7199997901916504
1.6910254955291748
1.8066953420639038
1.6481187343597412
0.0764768198132515
0.15932737290859222
-0.2358720451593399
0.06618936359882355
1.114137887954712
-1.4993226528167725
-1.9808382987976074
-1.9831918478012085
0.16668660938739777
1.5733393430709839
1.9831552505493164
1.9788305759429932
1.3711261749267578
1.9648000001907349
0.4569554924964905
-1.2748583555221558
-1.8380237817764282
-1.2564866542816162
0.37594321370124817
1.9819303750991821
1.9834463596343994
1.2953734397888184
1.9554417133331299
1.9583218097686768
1.3977395296096802
-0.8565959334373474
-1.9659790992736816
-1.5867164134979248
0.1469452679157257
0.16997087001800537
1.71135413646698
1.5380868911743164
1.650187373161316
-0.7343519926071167
-1.3505929708480835
-1.9842840433120728
-0.2695976495742798
1.9676529169082642
0.05164381489157677
0.30015796422958374
0.15752576291561127
-0.15610815584659576
-0.15307597815990448
0.011813384480774403
0.25008711218833923
-0.057574689388275146
0.9802478551864624
0.9827950596809387
-0.3824612498283386
1.7847980260849
1.9108386039733887
1.6984314918518066
1.8858575820922852
1.7018611431121826
1.9238576889038086
1.8238681554794312
1.8842604160308838
1.8433865308761597
-0.12124446779489517
-0.1924409419298172
0.03472035750746727
-0.007675723638385534
0.1631244271993637
0.08702593296766281
-0.04184436425566673
0.02732372097671032
0.0645499899983406
0.0269191674888134
0.056688010692596436
-0.079210564494133
0.02159140259027481
0.07187820971012115
-0.008012787438929081
-0.009424084797501564
-0.050194647163152695
0.01968853734433651
0.04931150749325752
-0.05129450559616089
0.022009234875440598
-0.04196825623512268
0.1068597212433815
0.03601520508527756
0.03888527676463127
-0.05205811560153961
-0.03129202127456665
-0.025865191593766212
-0.010928465984761715
-0.14938566088676453
0.1513558179140091
-0.052631184458732605
0.027552258223295212
0.015550515614449978
-0.05705365911126137
0.0166799146682024
0.10019468516111374
0.1674433797597885
0.0017518728272989392
0.03144408017396927
-1.5120240449905396
-0.16040384769439697
0.002573036588728428
-0.08489727973937988
-0.003831407753750682
0.11572425812482834
-0.06622428447008133
-0.7087478041648865
-0.024237049743533134
1.7678015232086182
1.9445701837539673
-0.4222869873046875
1.2771941423416138
1.4320648908615112
1.956760287284851
1.3324785232543945
1.8635780811309814
1.5220743417739868
1.4640990495681763
1.3710013628005981
1.5521053075790405
0.0019374818075448275
-0.004670131951570511
-0.007627407088875771
-0.0853058397769928
-0.17864695191383362
-1.9819416999816895
-1.9156687259674072
-1.9575773477554321
-1.5241833925247192
-1.4258290529251099
-1.2512778043746948
-1.6833049058914185
-1.7639981508255005
1.207504153251648
1.0418312549591064
1.0689148902893066
1.3534291982650757
1.2171076536178589
1.295233964920044
1.0397074222564697
1.2075051069259644
1.9821017980575562
1.9819111824035645
1.9219156503677368
1.5742384195327759
1.9698760509490967
1.700058102607727
1.954228401184082
1.94712495803833
-1.5087860822677612
-1.4383437633514404
-1.979093313217163
-1.9694961309432983
-1.984296441078186
-1.964975118637085
-1.9676672220230103
-1.5576106309890747
1.8547420501708984
0.18836843967437744
-0.08951772004365921
-0.15616226196289062
0.05756159499287605
-0.030422158539295197
0.07086582481861115
-0.30046284198760986
-0.05911014601588249
1.92338228225708
1.8058007955551147
0.3804846405982971
1.8522968292236328
1.6688910722732544
1.9142897129058838
1.5352661609649658
1.919479489326477
1.76798677444458
1.7954682111740112
1.6279288530349731
1.9284348487854004
0.037834133952856064
0.08355668932199478
0.07782188802957535
0.05848020315170288
0.10558976233005524
0.46097105741500854
0.2229575365781784
0.2548370361328125
0.15973135828971863
0.25052306056022644
0.20301112532615662
0.5106098055839539
0.41592496633529663
0.5327389240264893
0.2570652365684509
0.2902384102344513
0.1652221977710724
0.43600016832351685
0.20071609318256378
0.37830400466918945
0.24390310049057007
0.26682865619659424
0.1911039501428604
0.423468679189682
0.03806385397911072
0.6234519481658936
0.39731690287590027
0.3335159420967102
0.10831670463085175
0.10426340252161026
0.13816779851913452
0.44777917861938477
0.43296197056770325
0.4790351986885071
0.3063201308250427
0.32447174191474915
0.10596511512994766
-0.13193094730377197
0.16127637028694153
-0.21320399641990662
0.07331114262342453
-0.08816275745630264
-0.022831624373793602
-0.04358071833848953
-0.07924487441778183
0.027692506089806557
-0.05384192615747452
0.07912824302911758
0.029982097446918488
-0.06966222077608109
0.057222265750169754
-0.03204604983329773
0.02557036280632019
0.00048395287012681365
-0.07972273230552673
-0.01117764413356781
-0.030763670802116394
0.062420062720775604
0.02028878964483738
-0.011827416718006134
0.01884840428829193
-0.0231326874345541
-0.05775778740644455
-0.04154033586382866
-0.043246105313301086
-0.08899763971567154
0.05090297758579254
0.0780581682920456
-0.0025759348645806313
-0.06127635017037392
-0.056606169790029526
0.06153290346264839
0.08701638132333755
0.07742415368556976
-0.042410723865032196
-0.016684921458363533
-0.017148034647107124
0.07567901164293289
0.09009711444377899
0.04780920222401619
0.03665505349636078
0.05936291813850403
0.08084312081336975
-0.08138736337423325
-0.08110298961400986
-0.02911943756043911
-0.06473065912723541
0.00807896163314581
0.08288335800170898
-0.06109953671693802
-0.0014601091388612986
-0.021841272711753845
-0.006108257919549942
0.05180968716740608
0.09155023097991943
0.04324157163500786
-0.052942417562007904
-0.07266192883253098
-0.08913972228765488
-0.0864390879869461
-0.03724311664700508
-0.005118485074490309
-0.020087596029043198
0.057729896157979965
0.05956829711794853
-0.044186919927597046
0.0009218119084835052
0.07208267599344254
0.02035350538790226
0.019004259258508682
0.045259539037942886
-0.06199893727898598
-0.0612124428153038
0.05016830563545227
-0.006007043644785881
-0.028744949027895927
-0.03369418531656265
-0.04019332304596901
0.0456058643758297
-0.08180820196866989
0.03159523010253906
0.04155310243368149
-0.04474778473377228
0.033972855657339096
0.08797920495271683
0.03069288097321987
-0.0047409264370799065
-0.07406556606292725
-0.05795194208621979
-0.02138286828994751
0.011422515846788883
0.06841608881950378
0.028104018419981003
-0.0584101602435112
0.088199682533741
-0.025163725018501282
-0.04786605015397072
0.035314276814460754
0.0013734946260228753
0.07685206830501556
-0.08410029113292694
-0.03558441624045372
-0.026469487696886063
0.08944766968488693
0.01742299273610115
0.051096487790346146
-0.016793249174952507
0.04365420714020729
0.03844144940376282
-0.06936795264482498
0.03146445378661156
0.05215098708868027
0.018759703263640404
0.014665337279438972
0.0030965509358793497
-0.06839451938867569
0.01997758448123932
-0.060102518647909164
-0.03521696478128433
0.5885740518569946
-0.03793318569660187
-0.005082929041236639
0.09705718606710434
-0.07127463072538376
0.07691353559494019
0.04147692769765854
0.3238315284252167
-0.05272100865840912
-0.0543844997882843
-0.03334920480847359
-0.242730975151062
-0.0063805002719163895
-0.021533356979489326
-0.1672365367412567
0.014725945889949799
-0.08998921513557434
-0.06264456361532211
-0.053747717291116714
-0.006547953467816114
0.0370960533618927
-0.049631986767053604
-0.00405098544433713
0.07019896060228348
-0.0811997726559639
0.058970581740140915
0.13666853308677673
-0.12419859319925308
-0.07325191795825958
-0.07055559754371643
0.13376767933368683
-0.07956498116254807
-0.08097902685403824
-0.15403825044631958
-0.06033826991915703
-0.2297387272119522
0.0441073514521122
-0.007964476943016052
-0.03394300118088722
-0.1460222750902176
0.09184885025024414
-0.15503939986228943
-0.13513460755348206
-0.10927118360996246
0.03169676661491394
-0.23089303076267242
-0.0647699236869812
-0.29749631881713867
-0.04256788641214371
-0.11265580356121063
2.4340826712432317e-05
-0.15236422419548035
-0.0467396154999733
-0.2088976949453354
0.10843589901924133
-0.07088253647089005
-0.03055908903479576
-0.16009187698364258
-0.22073926031589508
-0.12949049472808838
-0.007373790722340345
-0.10609184205532074
-0.05272919684648514
-0.015680115669965744
0.15636248886585236
-0.2539007067680359
0.05381913110613823
-0.010308437049388885
-0.21051989495754242
0.02279701828956604
-0.15254013240337372
0.09848513454198837
0.07369682937860489
0.13741138577461243
-0.008296653628349304
-0.018158480525016785
-0.12038281559944153
-0.016996130347251892
-0.06584800034761429
0.003327753162011504
0.003969226032495499
0.08843009173870087
0.02719458006322384
-0.081281878054142
-0.25242990255355835
0.17388638854026794
-0.15760746598243713
-0.07565128803253174
-0.23582229018211365
0.0006334923673421144
-0.07232631742954254
-0.08076309412717819
-0.10395041853189468
-0.00967384222894907
-0.20770613849163055
-0.23775969445705414
-0.07379772514104843
0.007809474132955074
-0.18849055469036102
-0.1703011840581894
-0.19914591312408447
0.04428019002079964
-0.2656298875808716
-0.23233777284622192
-0.11053967475891113
0.0677017867565155
-0.3073631227016449
-0.10022496432065964
-0.3222130537033081
-0.08346030116081238
-0.02097894623875618
-0.055595580488443375
-0.3278070390224457
0.1838892102241516
-0.1594310700893402
-0.07073766738176346
-0.15234717726707458
-0.0993025079369545
-1.984375
0.06276949495077133
-0.023778919130563736
-0.05972573533654213
-0.07341032475233078
-0.03266270086169243
0.01749292016029358
0.04255228117108345
0.00111060228664428
0.04862081632018089
-0.02347528748214245
0.04783324524760246
-0.002555204788222909
-0.0455889068543911
0.06062857806682587
-0.04390939697623253
0.028871746733784676
-0.06275694817304611
-0.05251409858465195
0.012755840085446835
-0.047660332173109055
0.08028478175401688
0.07901548594236374
0.029419146478176117
0.058218713849782944
0.014341303147375584
-0.05537644401192665
0.043072931468486786
0.05418059229850769
-0.036206986755132675
0.0188607107847929
0.06552484631538391
0.0631842315196991
-0.039364516735076904
-0.03463367745280266
-0.006168743595480919
0.07072043418884277
-0.029907600954174995
-0.07522722333669662
0.017854109406471252
-0.04181221127510071
-0.006403354462236166
-0.02378125861287117
-0.02718953788280487
0.029062798246741295
0.057202670723199844
0.015050534158945084
0.01908039301633835
0.0018280077492818236
0.032794348895549774
0.02245478704571724
-0.07258472591638565
0.02390795573592186
-0.03040546551346779
-0.01583469845354557
0.04838999733328819
-0.07541067898273468
0.03850267827510834
-0.05509064719080925
0.06580293923616409
-0.07178132981061935
0.009688684716820717
0.05114711821079254
-0.012935319915413857
0.035100702196359634
0.004726140759885311
-0.014245301485061646
-0.08718300610780716
-0.042387839406728745
-0.08831531554460526
-0.0023306910879909992
-0.010992437601089478
-0.08644700050354004
0.08603745698928833
-0.05009252205491066
-0.040764424949884415
0.055546559393405914
-0.009435540065169334
0.009424775838851929
-0.07651626318693161
-0.08006240427494049
-0.0597149059176445
-0.027964938431978226
0.02531953528523445
-0.04568859934806824
0.0039568934589624405
0.08769656717777252
-0.042636919766664505
-0.05053369328379631
-0.019024474546313286
0.0779244527220726
0.08121498674154282
-0.0738714337348938
0.033780843019485474
-0.010920488275587559
0.06711744517087936
0.045189205557107925
0.017977898940443993
-0.010351636447012424
0.06319310516119003
-0.04242725670337677
-0.025441162288188934
0.029551079496741295
-0.03812427818775177
0.08869250118732452
-0.030236946418881416
-0.020094698294997215
-0.06035197153687477
-0.04740726202726364
-0.07198401540517807
0.07607164978981018
0.07145020365715027
0.045228611677885056
-0.021501021459698677
0.01790137216448784
-0.076228067278862
0.0768609419465065
-0.08190881460905075
0.02348228171467781
0.0826454609632492
1.9790061712265015
0.06291893124580383
-0.34872615337371826
1.8874831199645996
-0.2086338996887207
-0.18756020069122314
-0.09140276163816452
1.9714457988739014
-0.009583351202309132
1.8707990646362305
1.7792354822158813
0.6708987951278687
0.534535825252533
1.9648137092590332
1.9696863889694214
-1.9474503993988037
-1.9822648763656616
1.9703962802886963
-0.050729840993881226
-1.9819138050079346
0.4333501160144806
0.03638792783021927
0.13078652322292328
-0.07002488523721695
-0.1394018530845642
-0.4559257924556732
-0.1249881386756897
0.7054498791694641
-0.38963833451271057
0.4353744387626648
-0.13001878559589386
0.03914472833275795
-0.31726136803627014
0.26209312677383423
1.2916679382324219
1.4647483825683594
-0.32695451378822327
-1.0238462686538696
-0.9085623025894165
-0.8035963177680969
-0.9265109896659851
1.454962134361267
1.953361988067627
1.9688717126846313
0.053286198526620865
-1.766549825668335
-1.9824283123016357
-1.7137590646743774
0.7748448848724365
1.9495149850845337
-0.7618334293365479
-0.7825528979301453
-1.1229841709136963
-1.755201816558838
-0.8314081430435181
-1.9386571645736694
-1.7206251621246338
-1.4235434532165527
1.9795933961868286
0.04350397735834122
0.33827534317970276
-0.3818497359752655
-1.9830400943756104
0.3428424298763275
0.02788483165204525
-1.860541582107544
-0.04525044560432434
1.796162724494934
1.9495153427124023
-1.3290684223175049
1.0563561916351318
1.7368007898330688
1.5708165168762207
0.5614311099052429
0.8822096586227417
0.9410302639007568
1.2210454940795898
0.7921388745307922
1.7257059812545776
0.16869646310806274
-0.05392884090542793
0.06643172353506088
0.10920294374227524
-0.2748394012451172
0.08377330750226974
0.08700887113809586
-0.00567131582647562
0.026493286713957787
0.14754696190357208
-0.3462699353694916
-0.030131911858916283
-0.1657458394765854
-0.14746303856372833
0.43892407417297363
0.16538755595684052
-0.2406109720468521
-0.21056056022644043
0.07306920737028122
0.3779243230819702
0.07626861333847046
-0.20739945769309998
-0.16041415929794312
-0.023299692198634148
0.13717149198055267
0.02314761094748974
-0.17336323857307434
0.12262333929538727
0.10341015458106995
-0.13502374291419983
0.10556081682443619
0.4626043438911438
0.3640498220920563
0.031998299062252045
-0.15884695947170258
-0.1411629170179367
-0.24253590404987335
-0.4674152135848999
-1.9828449487686157
-0.2255260944366455
-0.02483234740793705
0.05588361993432045
-0.06903131306171417
0.004592909011989832
-0.08064858615398407
-0.0370405837893486
0.054297205060720444
0.03292933851480484
0.005588439293205738
-0.0848650187253952
-0.043055929243564606
-0.09795309603214264
-0.07741126418113708
0.05055674910545349
-0.004191690124571323
-0.03959675505757332
-0.023898011073470116
0.03671267628669739
0.013009976595640182
-0.0033157209400087595
0.026140110567212105
-0.009205907583236694
-0.09035780280828476
0.0643264502286911
0.011629774235188961
0.04212558642029762
-0.021355625241994858
0.00883523840457201
-0.04330981522798538
0.015583543106913567
0.011808369308710098
-0.05401118844747543
0.05600741133093834
-0.03821209445595741
0.05871926248073578
-0.022872190922498703
-0.10613976418972015
0.009086831472814083
0.06598600000143051
0.05840994045138359
0.032637838274240494
-0.06557165831327438
-0.08548025786876678
-0.0023577760439366102
0.03063751757144928
0.07433577626943588
-0.10781218856573105
0.010696051642298698
0.01565445400774479
0.05210040137171745
0.08911648392677307
0.08976085484027863
0.0023056771606206894
-0.06916201114654541
0.06380530446767807
-0.10203319042921066
0.001587998354807496
0.0006372931529767811
0.017151521518826485
-0.04404174163937569
-0.010957421734929085
-0.04494956508278847
0.0854058787226677
-0.027126451954245567
-0.10451296716928482
-0.015803739428520203
0.07381293177604675
-0.08060162514448166
0.032487086951732635
0.01967887207865715
-0.07672294974327087
0.058651961386203766
0.02730746939778328
-0.035365670919418335
0.08810487389564514
0.05810149013996124
-0.029103288426995277
0.056678712368011475
0.012809721753001213
0.04479522630572319
-0.024371609091758728
0.044855184853076935
-0.01713051274418831
-0.034045930951833725
-0.049825269728899
0.07149563729763031
0.03924838453531265
-0.014792345464229584
-0.009636759757995605
-0.07726440578699112
0.013748410157859325
-0.009834681637585163
-0.06744175404310226
-0.01962200552225113
0.05459780618548393
-0.03640424832701683
-0.06368167698383331
0.031225616112351418
0.0319678820669651
0.08229270577430725
0.08529599010944366
-0.08770471811294556
-0.029364923015236855
-0.041934169828891754
0.06062384694814682
0.037912022322416306
0.036043375730514526
0.01256362535059452
0.015053080394864082
-0.012621615082025528
-0.07033264636993408
0.014164463616907597
-0.0782838985323906
-0.08578816056251526
0.06529195606708527
-0.056614652276039124
-0.04774219170212746
-0.03017529472708702
0.033234499394893646
-1.9828535318374634
-0.4771997332572937
-0.3463411331176758
0.08212384581565857
-0.05991936847567558
0.3577117919921875
0.4327518343925476
-1.1085561513900757
-0.037047889083623886
0.5034500956535339
0.42146530747413635
0.5637244582176208
1.6366965770721436
1.376723289489746
1.310912013053894
1.841981053352356
1.8152415752410889
1.4553953409194946
1.6872429847717285
1.5803850889205933
1.661765694618225
0.10862582176923752
0.1954309642314911
-0.041796278208494186
0.051624562591314316
-1.339260220527649
1.1692389249801636
-1.1083070039749146
-1.9470303058624268
-1.9805223941802979
-1.2423113584518433
-0.17743617296218872
1.9752154350280762
1.9834575653076172
1.7125513553619385
1.9840853214263916
1.9838916063308716
-1.0401808023452759
-1.5345114469528198
-1.9833818674087524
-1.9623991250991821
-1.6247599124908447
-1.181560754776001
-1.978055715560913
-1.6149001121520996
-1.2660895586013794
1.8387446403503418
1.9838721752166748
1.9710493087768555
-0.7733168601989746
-1.4010913372039795
0.20201778411865234
-1.4043372869491577
-0.8407219052314758
-1.9187051057815552
-0.5898191332817078
-1.7753140926361084
-0.7511788010597229
-0.05311932787299156
0.44583240151405334
-0.026167532429099083
0.05199277400970459
0.046476706862449646
-0.7444854974746704
-0.45624756813049316
0.13784049451351166
-0.007828418165445328
0.21052050590515137
0.17249180376529694
0.22192063927650452
1.7271366119384766
1.8276461362838745
1.729232907295227
1.799157977104187
1.8664000034332275
1.6964632272720337
1.808998465538025
1.9570387601852417
1.8437491655349731
0.019852617755532265
0.011332664638757706
0.038058631122112274
-0.005105643067508936
0.5286999344825745
0.09260222315788269
0.2639584541320801
0.12819132208824158
0.18680261075496674
0.28664901852607727
0.0995509997010231
0.08260199427604675
0.1856432855129242
0.2043439745903015
0.23385965824127197
0.13042128086090088
0.03203626349568367
0.054823946207761765
0.07894042879343033
0.13726121187210083
0.13238143920898438
0.1814240962266922
0.20316100120544434
0.18634293973445892
0.045094188302755356
0.006295960862189531
0.02202744595706463
0.1284101903438568
0.294344961643219
0.14993204176425934
0.04140090197324753
0.2119140923023224
0.04537072032690048
0.22186295688152313
0.1256031095981598
0.237434983253479
0.24165384471416473
-0.0025820047594606876
0.01954657770693302
0.19611945748329163
0.08498319983482361
-0.03933613747358322
0.05119403079152107
-0.037724971771240234
0.04967881366610527
0.06177952513098717
0.02184605784714222
0.0300910584628582
-0.03798901289701462
-0.08516562730073929
0.04905862361192703
-0.08106349408626556
-0.046543218195438385
0.060127370059490204
0.022719547152519226
0.026215557008981705
-0.048817168921232224
0.04821942374110222
0.03896452113986015
-0.002374391769990325
-0.08222407102584839
0.047378260642290115
-0.07620421051979065
-0.04179643467068672
-0.010623326525092125
-0.0015088258078321815
0.08567479252815247
-0.001620301278308034
0.038202300667762756
-0.08589822798967361
0.033719297498464584
-0.021017221733927727
-0.05785786360502243
-0.03769301995635033
-0.003982322756201029
-0.05856188386678696
-0.044352937489748
0.07772031426429749
0.039173673838377
-0.03840718790888786
-0.02028030902147293
0.08050045371055603
0.08648417890071869
0.07704044133424759
-0.09037697315216064
-0.050118573009967804
0.011510529555380344
-0.04316553473472595
0.017699237912893295
-0.06459281593561172
0.06150546297430992
-0.07081029564142227
0.046819910407066345
0.03127484396100044
-0.04256080836057663
-0.04262848198413849
-0.07920141518115997
-0.034973230212926865
0.07978486269712448
0.09095211327075958
-0.018552357330918312
-0.017926035448908806
0.08636894822120667
0.016006309539079666
0.030605042353272438
0.06331155449151993
0.05523643642663956
0.0632416233420372
-0.0007843498606234789
0.07299118489027023
-0.05723702907562256
-0.07466191053390503
-0.011151897720992565
-0.04817698150873184
0.05853985249996185
-0.016204247251152992
0.011278956197202206
-0.009253383614122868
-0.07753971964120865
-0.051395367830991745
-0.05360149219632149
-0.053487591445446014
0.04495079070329666
0.057077109813690186
0.05602505803108215
-0.023957252502441406
0.009543649852275848
-0.000843163812533021
-0.05411447957158089
0.01787680573761463
-0.011977478861808777
-0.031127024441957474
-0.002911618212237954
-0.0370323620736599
0.027662847191095352
0.05607018992304802
0.026478109881281853
-0.0706879273056984
0.022301893681287766
-0.021882284432649612
0.05095473304390907
-0.014524050056934357
-0.01124537456780672
0.015933126211166382
0.08675725013017654
-0.046500369906425476
-0.08759438991546631
-0.07194085419178009
0.06950754672288895
0.027453336864709854
-0.09053319692611694
-0.04309971630573273
-0.05678922310471535
0.06801708042621613
-0.07393890619277954
-0.030805272981524467
-0.031177641823887825
-0.00947427935898304
-0.01832936331629753
-1.975373387336731
-0.7831513285636902
-0.2721118927001953
-1.9614272117614746
0.6019379496574402
0.2885105609893799
-1.9679049253463745
0.2986415922641754
-0.061191439628601074
0.7898266911506653
-0.19892828166484833
0.5856369733810425
1.8341645002365112
0.6538251638412476
0.6779425144195557
0.006892530247569084
0.835076093673706
1.3170274496078491
0.9853833913803101
0.9345055818557739
1.2946285009384155
-0.06870784610509872
0.03764206916093826
0.4337832033634186
0.4432915151119232
0.12196293473243713
-0.747626006603241
-0.20424388349056244
-0.9982913732528687
-1.040687918663025
0.01746196299791336
-0.6822080016136169
-0.8480281829833984
-0.5790492296218872
-1.2685160636901855
-0.5674595832824707
-0.3298446536064148
-0.7697007656097412
-0.7464416027069092
-0.6425543427467346
-0.8333540558815002
-0.7953091263771057
-1.164273977279663
-0.7285352349281311
-0.8853902220726013
-0.8885433673858643
-1.2877073287963867
-0.7280672788619995
-0.6189396977424622
-1.1396247148513794
-0.564169704914093
-0.6157543659210205
-1.26227867603302
-1.1603162288665771
-1.0485633611679077
-0.7583777904510498
-1.4234216213226318
-1.2459306716918945
-1.9839277267456055
0.3043050467967987
0.3367610573768616
0.1946888267993927
-1.8112249374389648
-0.5298172235488892
0.6385003924369812
-1.9760382175445557
-0.08007273823022842
1.1592278480529785
1.7903116941452026
-1.7061100006103516
1.1100678443908691
1.473593831062317
1.3556110858917236
1.0523967742919922
1.5853298902511597
1.2634937763214111
1.1121410131454468
1.0365183353424072
1.348897099494934
-0.013823099434375763
-0.08942346274852753
-0.4349697530269623
-0.11493117362260818
-0.7760393619537354
-0.8260173201560974
0.04636453092098236
-0.6102042198181152
0.08140818774700165
-0.5320817232131958
0.7381820678710938
-0.2337564378976822
0.42543232440948486
-0.7139357924461365
0.546945333480835
-0.5068233609199524
0.37941738963127136
-0.15943264961242676
0.501066267490387
-0.28974318504333496
0.5100600719451904
-0.6389961838722229
-0.10819104313850403
-0.6011334657669067
0.54123455286026
-0.15362049639225006
0.9368590116500854
-0.20948058366775513
0.5716471076011658
-0.35596486926078796
1.0859935283660889
0.07388447970151901
0.7611085176467896
-0.8630173206329346
-0.0006217770278453827
-0.8303409814834595
0.4055887758731842
0.4398503303527832
1.9790483713150024
1.9831805229187012
-1.984375
-0.12382698059082031
-0.8983539938926697
-0.8322346210479736
-1.9730347394943237
-0.7059929370880127
1.0846314430236816
-0.32912394404411316
0.055043842643499374
1.930732011795044
1.909298300743103
-0.20294424891471863
0.6091471910476685
0.32984086871147156
0.3016138970851898
0.3117503821849823
0.3182121813297272
0.5078648924827576
0.487172394990921
0.49879899621009827
0.5506646633148193
0.6127426624298096
0.7147170901298523
0.07836746424436569
-0.0208003930747509
1.3909791707992554
0.26998618245124817
0.4507136046886444
0.17872574925422668
0.2126070261001587
0.09454178810119629
0.3743060231208801
0.33677029609680176
0.39835140109062195
0.23100656270980835
0.42227840423583984
0.11857012659311295
0.30517590045928955
0.029155556112527847
0.32918092608451843
0.09331226348876953
0.3398093581199646
0.16844546794891357
0.37244582176208496
0.13871677219867706
0.3145550489425659
0.14837513864040375
0.3408043384552002
0.04119875282049179
0.4466676414012909
0.19843530654907227
0.4418845474720001
0.35884687304496765
0.3220229744911194
0.26808661222457886
0.4969637393951416
0.2951885759830475
0.4025878310203552
1.9709397554397583
0.11587126553058624
0.11103232949972153
-1.9807988405227661
0.36361464858055115
0.1894693821668625
1.5673601627349854
-0.20538939535617828
0.03715169429779053
1.920698881149292
1.8945270776748657
-0.48993757367134094
1.0018877983093262
0.903645932674408
0.9567487239837646
0.7378106117248535
0.9637768268585205
0.9555777907371521
0.9408837556838989
0.9193381667137146
0.9703143835067749
-0.15450157225131989
-0.14552955329418182
0.03492097556591034
0.03241129219532013
0.6738003492355347
0.4819371998310089
0.3545505702495575
0.5342735052108765
0.4830680787563324
0.5524784922599792
0.4563156068325043
0.5211231112480164
0.34748080372810364
0.43228602409362793
0.3193921446800232
0.5217903852462769
0.3393438458442688
0.44417014718055725
0.3284764587879181
0.5335487127304077
0.32905250787734985
0.5147608518600464
0.3585054278373718
0.42552074790000916
0.333214670419693
0.49223557114601135
0.43637457489967346
0.44534748792648315
0.2523731589317322
0.6484526991844177
0.4423471987247467
0.5428769588470459
0.3957834541797638
0.5709574222564697
0.4401193857192993
0.4491226375102997
0.39764562249183655
0.20595332980155945
0.21066470444202423
0.7869177460670471
1.984375
0.023819848895072937
-0.10491225123405457
1.9800159931182861
-1.816872239112854
-0.07803545892238617
-0.36424440145492554
-0.2581248879432678
-0.0556224100291729
1.2239301204681396
1.2050830125808716
-0.23990066349506378
1.491668939590454
1.4781666994094849
1.4392261505126953
1.4671003818511963
1.4110469818115234
1.5132837295532227
1.5216655731201172
1.4956690073013306
1.4996669292449951
0.09948007017374039
-0.04635521396994591
-0.036089926958084106
0.007298976182937622
-0.13126029074192047
-0.12615478038787842
-0.0049858191050589085
-0.06526681780815125
-0.01870531216263771
-0.02962344139814377
-0.12691950798034668
-0.0906321182847023
-0.0011203150497749448
-0.10774678736925125
-0.02738366462290287
-0.07791253179311752
-0.11769051104784012
-0.05924741551280022
-0.010816918686032295
-0.11382098495960236
-0.13651645183563232
-0.04771192744374275
0.0061253150925040245
-0.04011828452348709
-0.09280411154031754
-0.04507746919989586
0.03964778035879135
-0.03558860346674919
-0.1064685806632042
-0.04425794631242752
-0.13493801653385162
-0.09175516664981842
0.0007349051302298903
-0.10192382335662842
-0.03628770262002945
-0.08114535361528397
0.0059366109780967236
-1.984375
-0.1644545942544937
-0.4157499670982361
-0.44719693064689636
-0.09643542021512985
0.3109547197818756
0.3100219964981079
-0.11568892002105713
-0.02600938081741333
-0.5688835382461548
-0.578051745891571
0.3490828573703766
-0.8495773673057556
-0.8710407018661499
-0.9162187576293945
-0.8649510145187378
-0.9182637929916382
-0.8308523893356323
-0.8620380759239197
-0.8399385809898376
-0.8852269649505615
0.22925232350826263
0.22385337948799133
0.0007057969341985881
0.027510054409503937
-0.04245719686150551
-0.04066845774650574
-0.09213139861822128
0.0156597550958395
-0.048555269837379456
0.0626557394862175
-0.03781575337052345
0.026392603293061256
-0.08292637765407562
0.01249643787741661
-0.08882786333560944
-0.002179371425881982
-0.13169728219509125
0.0014472395414486527
-0.08392059803009033
-0.028813965618610382
-0.14123594760894775
0.024606289342045784
-0.08388088643550873
-0.009639552794396877
-0.16206561028957367
-0.018652377650141716
-0.09011691808700562
-0.001824448467232287
-0.15077678859233856
0.06478583812713623
-0.03863441199064255
0.012780376709997654
-0.06723897159099579
-0.058044757694005966
-0.08690347522497177
0.062371764332056046
-0.07113734632730484
-0.12092087417840958
-0.0008492497145198286
1.984375
0.03470407426357269
0.015932956710457802
0.03354206308722496
-0.05205066502094269
-0.07578053325414658
0.0020503541454672813
0.006453226786106825
0.01293543353676796
-0.04008837044239044
0.08216086775064468
-0.018206341192126274
-0.0853104442358017
-0.012200902216136456
-0.09539978951215744
-0.09080828726291656
-0.034658703953027725
0.051033422350883484
-0.04142601415514946
-0.08373478055000305
0.044431302696466446
0.06025606021285057
0.034488994628190994
-0.03439297527074814
-0.04210545867681503
-0.057649437338113785
-0.046247631311416626
-0.024285895749926567
0.03673996776342392
-0.0289064459502697
-0.0810398980975151
-0.024190688505768776
0.08224114775657654
-0.04073692113161087
0.06165345013141632
-0.07303719222545624
-0.016942227259278297
-0.020928094163537025
-0.022987855598330498
-0.011281946673989296
-0.040842246264219284
-0.08416949212551117
-0.06793686002492905
0.004802129231393337
0.041494712233543396
-0.04296351224184036
-0.08645987510681152
-0.02855445072054863
0.06083867698907852
-0.08335570991039276
-0.03492327407002449
0.06468649953603745
-0.011346014216542244
0.058792103081941605
-0.030016202479600906
0.0739794597029686
-0.05621480941772461
-0.10844919830560684
0.06305662542581558
-0.032722946256399155
-0.02298133447766304
-0.013649987988173962
0.012471851892769337
0.04551601782441139
-0.08344006538391113
-0.07361017167568207
0.08055128157138824
-0.0081890057772398
0.049160413444042206
-0.008128670044243336
-0.03564233332872391
-0.026218146085739136
0.07218657433986664
0.05822645500302315
-0.07683715969324112
-0.06300642341375351
-0.08750131726264954
0.05686822906136513
-0.003951416350901127
0.013849170878529549
-0.06796585768461227
0.05921110510826111
-0.05533885955810547
-0.003207811387255788
0.001665449352003634
-0.00772952800616622
-0.03631914407014847
-0.0980498269200325
-0.09115693718194962
-0.09779325127601624
-0.0909510999917984
0.00020506104920059443
-0.047512613236904144
0.008562647737562656
-0.07010087370872498
0.056094177067279816
0.029467811807990074
0.015410968102514744
0.060407090932130814
-0.0417662151157856
-0.023913579061627388
-0.011727157048881054
-0.06873113662004471
0.04756688326597214
-0.0871477872133255
0.03265820071101189
-0.09092582762241364
0.002241281094029546
0.009145303629338741
-0.09757545590400696
-0.02255132980644703
-0.0662420317530632
0.029073301702737808
-0.06426975131034851
0.06611715257167816
-0.07320301979780197
0.006233680061995983
0.03142006695270538
0.015403487719595432
-0.03540516272187233
-1.984375
0.16690020263195038
-0.2946346700191498
0.4550287127494812
0.1821652501821518
-1.2995208501815796
-0.8019999861717224
-0.287163645029068
0.028081025928258896
-0.23106467723846436
-0.030871372669935226
-0.6134388446807861
-0.4449871778488159
-0.0832705870270729
-0.639750063419342
-0.053525764495134354
-0.6157981157302856
0.006302253343164921
0.34310203790664673
0.18426965177059174
0.031132865697145462
-0.15250270068645477
-0.18757052719593048
-1.0893001556396484
-0.06828141212463379
0.7772020101547241
-0.8462040424346924
-0.11545800417661667
-0.1503826379776001
0.16482937335968018
0.3907791078090668
0.13600307703018188
-0.5802168250083923
-0.4201962649822235
-0.8692991733551025
-0.5100849270820618
0.1795777529478073
-0.005407744087278843
-0.8510280847549438
0.5334100127220154
-0.6725608110427856
0.25081515312194824
-0.7388995885848999
0.584221363067627
-0.48944294452667236
0.5619310736656189
-0.30493971705436707
0.3670371174812317
0.34151795506477356
0.2509324848651886
0.32809507846832275
0.26187217235565186
-0.3405488431453705
0.24917057156562805
-0.20136971771717072
-0.26690950989723206
-0.5868398547172546
-0.19716507196426392
-1.6472781896591187
0.21503953635692596
-0.41856592893600464
-0.01332149002701044
-0.2441195547580719
0.7940798401832581
1.1823419332504272
-1.9488086700439453
0.056839220225811005
-0.2214983105659485
0.14758123457431793
-0.45826780796051025
0.017771955579519272
-0.2773798704147339
-0.7108675241470337
-0.23075494170188904
-1.103266716003418
0.00012782627891283482
-0.1649216115474701
-0.19604122638702393
0.2704925239086151
0.02559140883386135
0.22318755090236664
-0.05101035162806511
-0.3339915871620178
-1.2121458053588867
0.4371603727340698
-0.18101626634597778
-0.5596333742141724
-0.024741483852267265
-0.16432389616966248
-0.17891055345535278
-0.4715014100074768
-0.3193158507347107
-0.7700548768043518
-0.10332498699426651
0.31561630964279175
0.16455397009849548
-0.4686267673969269
0.3260250985622406
0.11161966621875763
-0.4403318166732788
-0.7837215662002563
0.41033434867858887
-0.08905070275068283
-0.46923863887786865
-0.21190010011196136
0.23121359944343567
0.13847823441028595
0.3525746166706085
-0.08450765907764435
-0.32047396898269653
-0.06041546165943146
-0.5318183302879333
0.22218869626522064
-0.2644095718860626
-0.19907540082931519
0.19057273864746094
0.4834224581718445
-0.2007831186056137
-1.984375
-1.5733939409255981
0.12021501362323761
-0.003965831361711025
0.27615857124328613
-0.07487219572067261
-0.09887956082820892
0.007264007348567247
-0.29780182242393494
0.07886648178100586
0.9670920968055725
1.0273188352584839
0.005258102435618639
-0.23586992919445038
0.12340288609266281
0.0005486940499395132
-0.1954435408115387
-0.36958590149879456
0.056513164192438126
0.04717378318309784
-0.6628798842430115
-0.08878467231988907
-0.013730828650295734
-0.024202441796660423
0.015705348923802376
-0.02803175151348114
-0.0671963170170784
0.21031861007213593
0.2458554357290268
0.20972231030464172
0.11813675612211227
-0.02613409049808979
0.1086663007736206
-0.029304571449756622
-0.007078577298671007
-0.06588833779096603
0.03092554397881031
0.04295510798692703
0.2211066484451294
0.25030389428138733
0.06485657393932343
0.11170761287212372
0.15559744834899902
-0.01597326062619686
0.10412948578596115
-0.032796718180179596
0.19979985058307648
0.1848454475402832
0.19209684431552887
-0.043753717094659805
0.2183963656425476
0.09206901490688324
0.08903209120035172
0.2064850777387619
0.4066418409347534
0.10303042829036713
0.2376507967710495
0.14154790341854095
0.10427132993936539
-0.5706208944320679
-0.016458803787827492
-0.11835888773202896
-0.4754139482975006
0.054599180817604065
-0.00864112563431263
-0.009823456406593323
0.3109939396381378
0.08116844296455383
1.8907583951950073
1.909049153327942
0.42998573184013367
1.4721635580062866
1.745303988456726
1.7038315534591675
1.0750192403793335
1.0651119947433472
1.2465741634368896
1.3659520149230957
1.255583643913269
1.4270581007003784
0.12728384137153625
0.1637277901172638
-0.0730254277586937
-0.032487187534570694
0.015737826004624367
-0.2089688777923584
1.3437761068344116
0.16397488117218018
1.8239842653274536
-0.9816151857376099
1.9573076963424683
-0.13057860732078552
1.4721373319625854
0.9365862607955933
-1.1568902730941772
-1.7981122732162476
-1.9728001356124878
1.9747676849365234
-1.983969807624817
-1.612570881843567
-1.4206122159957886
-1.2597967386245728
1.2888935804367065
0.6841076612472534
0.512725830078125
-0.7035782337188721
0.5898281931877136
0.8009032011032104
1.0688872337341309
1.9830827713012695
-1.2082481384277344
-1.9335968494415283
-0.773786187171936
1.8495100736618042
-0.6932566165924072
-1.7815366983413696
-1.2296032905578613
-0.05790744721889496
0.08842715620994568
-1.983017921447754
-0.05837756022810936
-0.056009452790021896
0.013735821470618248
0.03949674591422081
0.08237399905920029
0.07343880832195282
0.023850737139582634
-0.027363641187548637
-0.033087827265262604
-0.06776400655508041
0.004363990388810635
0.08004485070705414
-0.062321942299604416
0.07367239892482758
0.045474424958229065
-0.008654249832034111
0.030550392344594002
-0.0765010416507721
0.06997599452733994
0.030040200799703598
-0.06749814003705978
0.037513233721256256
-0.07510097324848175
-0.004520445130765438
0.01234391238540411
-0.08348147571086884
-0.061482615768909454
-0.06678781658411026
0.022477025166153908
0.0303327739238739
-0.03156483918428421
0.05321698263287544
-0.08355063199996948
0.030901722609996796
-0.09135295450687408
0.05434273183345795
-0.0015865667955949903
0.007332564797252417
-0.05151405557990074
0.007343678269535303
-0.0007388460799120367
0.033185556530952454
0.03633959963917732
-0.06894254684448242
0.06907059997320175
-0.02573966793715954
-0.0817960798740387
-0.027712373062968254
0.028412992134690285
-0.08606827259063721
-0.08804943412542343
-0.055690422654151917
0.007397213950753212
0.04462491348385811
-0.0724804475903511
0.06387036293745041
-0.07699774950742722
0.03728724271059036
0.0742974504828453
0.04815356433391571
0.06681233644485474
0.008032737299799919
0.09123571962118149
0.027450617402791977
-0.038123391568660736
0.07866095006465912
-0.05458137392997742
0.005801653489470482
0.02257155068218708
0.07121296972036362
-0.02073551155626774
0.05854340270161629
-0.09136860817670822
-0.00780071597546339
0.04686947911977768
0.08080501854419708
-0.015966292470693588
0.006410020869225264
0.05464595928788185
-0.08660497516393661
-0.07146649807691574
0.05140763893723488
-0.05491110309958458
-0.04387162998318672
-0.0213247649371624
0.04412687197327614
0.013665073551237583
-0.0016185964923352003
0.040256548672914505
-0.08759303390979767
-0.03689368814229965
0.019733553752303123
0.0673942118883133
-0.06613396853208542
0.0550115630030632
-0.07664070278406143
-0.053177203983068466
-0.06164778023958206
-0.06012534722685814
0.05513298138976097
0.08807523548603058
-0.06551288813352585
0.00019741247524507344
0.06800530105829239
0.06460586190223694
0.05728746950626373
-0.04392490163445473
0.002376216696575284
0.02959660440683365
-0.0352792963385582
0.0880575031042099
-0.08692191541194916
-0.017694702371954918
0.026002036407589912
-0.07439722865819931
0.08645357936620712
-0.016489509493112564
0.0501197874546051
0.01720399782061577
-1.9805006980895996
-1.6467543840408325
-0.16168688237667084
-0.15053656697273254
-1.389235019683838
-0.6013147830963135
-0.39222174882888794
-0.37761062383651733
-0.031530141830444336
1.852778434753418
1.4767365455627441
-0.9795188903808594
-0.35657939314842224
0.5880808234214783
0.7289080619812012
0.42643216252326965
0.7560345530509949
0.6514703631401062
0.4483437240123749
0.4896118640899658
0.5468727350234985
0.059166524559259415
0.09901116788387299
-0.08580704033374786
0.15166184306144714
0.6140587329864502
-1.9668644666671753
-1.8394725322723389
-1.7815455198287964
-1.8503468036651611
-1.9611927270889282
-1.2295925617218018
-1.9772369861602783
-1.8103249073028564
-1.4370168447494507
-1.3314884901046753
-1.910563588142395
-1.1106771230697632
-1.6696349382400513
-1.1617223024368286
-1.9058359861373901
-1.3120659589767456
-1.5820053815841675
-1.4118232727050781
-1.9112920761108398
-1.462030291557312
-1.338910698890686
-1.3960472345352173
-1.944108486175537
-0.9695819616317749
-1.9673101902008057
-1.1587766408920288
-1.9561620950698853
-1.9704574346542358
-1.967373013496399
-1.9194880723953247
-1.6391655206680298
-1.7025213241577148
-1.9811724424362183
0.025258462876081467
0.2189883142709732
-0.8372700810432434
-0.6231184601783752
1.7549614906311035
1.9795607328414917
0.7549513578414917
0.016434695571660995
1.9318541288375854
1.7163894176483154
-1.622880220413208
-0.5243025422096252
1.0844534635543823
1.2885922193527222
1.1508402824401855
1.4310804605484009
-0.2435683310031891
0.21142281591892242
-0.06351669877767563
0.24232600629329681
0.05370849370956421
-0.024476470425724983
-0.20054401457309723
-0.17159013450145721
-0.5293916463851929
-1.8492180109024048
0.09967043250799179
-1.62062406539917
-0.5280058979988098
-1.7133923768997192
0.029882900416851044
-1.5286725759506226
-0.2833308279514313
-1.7389545440673828
0.15677185356616974
-1.95237398147583
-0.39549729228019714
-1.7473732233047485
-0.3943237364292145
-1.9685704708099365
-0.34029752016067505
-1.7221382856369019
-0.25697964429855347
-1.9661883115768433
-0.46314024925231934
-1.9689210653305054
0.03764616325497627
-1.9741673469543457
-0.43141815066337585
-1.9584053754806519
-0.12794452905654907
-1.572297215461731
-0.3092092275619507
-1.984375
-0.13691462576389313
-1.9513847827911377
-0.5843678712844849
0.23175452649593353
-1.535641074180603
-1.3529863357543945
-0.3565163016319275
-0.6644026637077332
-0.3522782623767853
-0.05217568203806877
0.08552274852991104
0.7378854751586914
0.26527518033981323
1.2577729225158691
0.019480595365166664
1.7842302322387695
1.6182620525360107
-1.2829413414001465
1.7985763549804688
1.9499841928482056
1.8592666387557983
1.927587628364563
1.8269152641296387
1.4764193296432495
1.6884994506835938
1.6465715169906616
1.7049171924591064
0.01464743260294199
0.05108353868126869
-0.0644468367099762
0.009361153468489647
1.4971582889556885
1.6933895349502563
1.98206627368927
1.0376683473587036
-0.02976153790950775
-1.9697049856185913
-1.965301275253296
-1.3270608186721802
1.2017717361450195
1.3599892854690552
1.9810525178909302
1.6476812362670898
0.7218327522277832
-1.6409193277359009
-1.9718023538589478
-1.9830951690673828
0.540819525718689
-1.539061188697815
-1.921364188194275
-1.9684600830078125
0.9504090547561646
1.1654713153839111
1.960496425628662
1.298435091972351
0.9948830008506775
-1.0871326923370361
-1.9805901050567627
-0.8471760749816895
0.738982081413269
1.9662104845046997
1.5654689073562622
1.7482881546020508
0.5433683395385742
1.9720762968063354
-0.12827610969543457
0.16221337020397186
0.15696193277835846
-0.18851935863494873
0.03098359890282154
-0.02279551327228546
0.22727417945861816
0.0037822218146175146
1.475685715675354
1.3791733980178833
-0.24217857420444489
1.820178508758545
1.7474772930145264
1.8251816034317017
1.830467700958252
1.8176546096801758
1.8830180168151855
1.9208623170852661
1.8046807050704956
1.9457505941390991
-0.047136805951595306
-0.11331434547901154
-0.0035464742686599493
0.021057574078440666
0.09658360481262207
-0.11819243431091309
-0.2786542773246765
-0.09833948314189911
-0.15186096727848053
-0.19168385863304138
-0.07598266750574112
-0.2467176467180252
-0.18926702439785004
-0.19789394736289978
-0.2666497528553009
-0.25487396121025085
-0.2119380235671997
-0.1272430419921875
-0.11751743406057358
-0.24115808308124542
-0.1787170022726059
-0.19731229543685913
-0.24024523794651031
-0.19989250600337982
-0.18613971769809723
-0.1580066680908203
-0.168281689286232
-0.27616608142852783
-0.2344839721918106
-0.2480352222919464
-0.04915033280849457
-0.21481946110725403
-0.15914392471313477
-0.18434250354766846
-0.19116973876953125
-0.024950016289949417
-0.23384767770767212
0.05382134020328522
0.042244959622621536
0.21715189516544342
-1.9841774702072144
-0.020689141005277634
-0.18954691290855408
-0.1338464468717575
0.17451006174087524
0.06183028221130371
0.033380597829818726
0.49833691120147705
0.032864298671483994
1.9202697277069092
1.8086107969284058
0.48378801345825195
0.9557220339775085
0.930635929107666
1.0379632711410522
1.25424325466156
1.2809536457061768
1.119268774986267
1.2533403635025024
0.9959431290626526
1.081107258796692
0.0670810341835022
0.1395638883113861
0.01617843471467495
0.042061083018779755
0.3053308427333832
1.713672161102295
-1.9118831157684326
-1.163862705230713
-1.9835970401763916
1.8902466297149658
-1.945750117301941
-1.3168935775756836
-1.5641634464263916
1.1198252439498901
1.3068705797195435
0.06070209667086601
1.8088839054107666
1.073439359664917
1.9753382205963135
-0.5841382741928101
1.9112612009048462
1.9754074811935425
-1.9556515216827393
-0.36227965354919434
-0.8508197069168091
0.6066794395446777
-0.1919826865196228
-1.6126961708068848
-1.3558145761489868
-1.984375
1.6712229251861572
1.598276138305664
0.10314945131540298
-0.1745167076587677
0.32092416286468506
1.0385295152664185
1.9839208126068115
-0.4386778771877289
0.23840585350990295
0.05399320647120476
0.18907159566879272
-0.05711382254958153
-0.46480700373649597
0.06586553156375885
-0.2534434497356415
-0.00753787811845541
0.5302560329437256
0.48913440108299255
-0.10861872881650925
-0.8780902028083801
-0.7015379071235657
-0.8366213440895081
-0.7278023362159729
-0.5219357013702393
-1.2743444442749023
-0.6879324913024902
-0.5621795058250427
-0.5421179533004761
-0.023308152332901955
-0.023594653233885765
-0.005158665589988232
0.03242852911353111
0.20635782182216644
0.4082513153553009
0.36396098136901855
0.23529614508152008
0.253404438495636
0.33230066299438477
0.1929110437631607
0.20479220151901245
0.4111863374710083
0.45060956478118896
0.6020510196685791
0.21735438704490662
0.2421286404132843
0.23790335655212402
0.15948016941547394
0.1860542595386505
0.4528876841068268
0.37798571586608887
0.21525929868221283
0.2369622141122818
0.17010074853897095
0.033149536699056625
0.014806217513978481
0.28274622559547424
0.4340226352214813
0.039744213223457336
0.2616746723651886
0.334061861038208
0.21892349421977997
0.3618083596229553
0.239750936627388
0.2981659471988678
0.1921224445104599
0.03175431117415428
0.028632279485464096
1.982160210609436
-0.02875399775803089
-0.0702236071228981
0.0678575336933136
-0.054000578820705414
0.0823669508099556
-0.020773999392986298
-0.05101930722594261
0.05507952347397804
-0.02202138490974903
0.02865627035498619
0.026961177587509155
-0.04154571518301964
0.05547609552741051
-0.017459841445088387
-0.08419249206781387
-0.04427853971719742
-0.06938809901475906
-0.08116145431995392
-0.08739542216062546
0.031001396477222443
-0.0319216251373291
-0.002854760270565748
0.05303152650594711
0.07332834601402283
-0.009148573502898216
-0.08229774981737137
0.08947218209505081
0.04296598955988884
-0.04715770483016968
0.07603443413972855
0.015106528997421265
-0.07965265959501266
-0.08430511504411697
0.08148926496505737
0.02315482683479786
0.003761142026633024
0.09070431441068649
-0.052192796021699905
-0.0059201885014772415
-0.05478624999523163
0.009989672340452671
0.027884650975465775
-0.005386972799897194
-0.0041966186836361885
0.000931078742723912
-0.04031136631965637
-0.010166682302951813
0.03710705414414406
0.08265964686870575
-0.04209421947598457
0.07591547071933746
-0.03697125241160393
-0.030530022457242012
-0.08439897000789642
-0.08718311786651611
-0.07331987470388412
0.04727661982178688
0.006190337240695953
0.09039409458637238
-0.06274862587451935
-0.07652369886636734
-0.08301287144422531
-0.05898943543434143
-0.07646701484918594
-0.0313824862241745
-0.030288023874163628
0.009297707118093967
-0.08487499505281448
0.023957382887601852
-0.039940133690834045
-0.08678682893514633
-0.014299689792096615
0.015743253752589226
-0.05281371995806694
-0.09131863713264465
-0.029792236164212227
0.047456614673137665
0.026525208726525307
0.013203807175159454
-0.04733651503920555
0.08459299802780151
-0.06725515425205231
-0.0825585424900055
-0.06415105611085892
-0.02963252365589142
0.023685289546847343
0.050349075347185135
0.05277576670050621
-0.0321875661611557
0.027534838765859604
0.027480002492666245
0.03782982379198074
0.05117430537939072
-0.012379024177789688
0.05164413899183273
0.03784274309873581
-0.08650872111320496
-0.02060089074075222
0.06902126967906952
0.042545124888420105
0.005315219983458519
0.07047621160745621
0.0589744970202446
-0.02037172205746174
0.007418206427246332
0.007132496684789658
0.002894002478569746
-0.08288683742284775
0.07355153560638428
0.05861158296465874
-0.08016803860664368
0.06256327778100967
0.061609379947185516
0.024637339636683464
0.02254331298172474
-0.06292032450437546
-0.008740384131669998
-0.015962960198521614
0.05995190143585205
0.28435054421424866
-0.1856957972049713
-0.11565638333559036
0.09274648874998093
-0.3079255521297455
-0.2891943156719208
-0.3718591034412384
0.5059989094734192
-0.06924218684434891
-0.12858271598815918
-0.24216309189796448
-0.3614633083343506
-0.268456369638443
0.0033667280804365873
0.034456465393304825
-0.12322869896888733
0.07112610340118408
-0.1626570075750351
-0.236368790268898
-0.17497414350509644
-0.05436599627137184
-0.13096289336681366
-0.12627220153808594
-0.08003123849630356
-0.09635458141565323
0.1356019526720047
-0.06407490372657776
-0.2615991532802582
-0.15263456106185913
-0.025556715205311775
0.01900523155927658
-0.0696607232093811
-0.20166465640068054
-0.016409117728471756
-0.11836164444684982
0.04304761067032814
0.023445861414074898
0.13691513240337372
-0.12509165704250336
-0.07784408330917358
-0.04022560268640518
-0.08354522287845612
-0.23125474154949188
-0.13189788162708282
-0.0198996439576149
-0.08151976764202118
-0.15607033669948578
-0.1302061676979065
-0.09907180815935135
0.05031710863113403
-0.028188664466142654
-0.13700000941753387
-0.2538953423500061
-0.2283465415239334
-0.11415326595306396
-0.21509721875190735
-0.15817855298519135
-0.10509740561246872
-0.4194805920124054
0.04743116348981857
-0.16454966366291046
-0.13054487109184265
-0.037965480238199234
0.10009907186031342
0.27807295322418213
-0.6835381388664246
0.08161168545484543
-0.3930302858352661
0.0017480013193562627
0.08981046080589294
-0.011310119181871414
-0.186351478099823
-0.03386127948760986
-0.2890109717845917
0.0009183870279230177
-0.18618439137935638
-0.07605697959661484
-0.12981998920440674
0.004858024418354034
0.014169394038617611
0.09854636341333389
0.725142240524292
-0.1082562506198883
-0.265099436044693
-0.12767386436462402
-0.01950504258275032
-0.19089263677597046
-0.2507622241973877
-0.3087316155433655
-0.14834725856781006
-0.09445686638355255
-0.0032826384995132685
0.07914543896913528
-0.04303853586316109
-0.3192918300628662
-0.22801345586776733
-0.2682397663593292
-0.1868763118982315
-0.19654762744903564
0.012435996904969215
-0.29332035779953003
-0.37543725967407227
-0.08697058260440826
-0.054116278886795044
0.08872225880622864
-0.010295158252120018
-0.22106871008872986
-0.15456625819206238
-0.24136854708194733
-0.164129376411438
-0.18296898901462555
-0.05741346627473831
-0.21647226810455322
0.0031525392550975084
-0.17784087359905243
-0.1492263227701187
-0.06402403116226196
-0.051426712423563004
-1.984375
-0.034566089510917664
-0.12256991863250732
0.01598070003092289
-0.08118785917758942
-0.0385502465069294
-0.020777877420186996
-0.10683128982782364
0.02427712269127369
0.08165451884269714
-0.03917594254016876
-0.02832617051899433
-0.0073034148663282394
-0.08829999715089798
-0.0030311120208352804
-0.027899445965886116
-0.010686008259654045
0.06508705019950867
-0.1101275086402893
-0.03728243336081505
-0.024075910449028015
0.07413157820701599
-0.04981602355837822
0.038129933178424835
-0.09755837917327881
0.015556970611214638
-0.0578925684094429
-0.11502788215875626
-0.019459445029497147
-0.035497114062309265
-0.0412617065012455
-0.012632930651307106
0.02325432375073433
-0.10724984854459763
0.05275121331214905
0.007256159093230963
-0.05954916775226593
0.043513599783182144
0.02877064421772957
-0.04518699273467064
0.010024686343967915
-0.027981966733932495
-0.010601336136460304
-0.05544109269976616
-0.019792640581727028
-0.0026227617636322975
0.0018610322149470448
0.04069983586668968
-0.026710715144872665
-0.05542338266968727
0.054328013211488724
-0.036080602556467056
-0.04515339434146881
0.040107760578393936
-0.051438625901937485
-0.027190471068024635
0.07194936275482178
0.0533243864774704
-0.019720660522580147
0.06889844685792923
-0.11032889783382416
-0.10262372344732285
-0.0794336199760437
0.0004396804724819958
-0.010725812055170536
-0.025187458842992783
-0.058933377265930176
-0.0337974950671196
-0.006454663351178169
-0.007514052093029022
-0.07409017533063889
-0.03958871588110924
0.026629459112882614
0.04667661339044571
0.07045897841453552
-0.031410396099090576
0.040191590785980225
0.08402646332979202
-0.0007273122319020331
0.014059989713132381
-0.009053447283804417
-0.12911176681518555
0.058581482619047165
-0.040531083941459656
-0.03418705239892006
-0.027453698217868805
0.01131894439458847
-0.023081878200173378
-0.04260867089033127
0.007957151159644127
0.02453169785439968
-0.022955967113375664
-0.025542398914694786
-0.013579852879047394
0.0052344538271427155
-0.05842684209346771
-0.05715290084481239
0.06627451628446579
-0.07968784868717194
-0.010954142548143864
0.058359354734420776
0.03579329699277878
0.05039995536208153
-0.02552987076342106
-0.05740116909146309
-0.057833701372146606
0.037548504769802094
-0.07525988668203354
-0.07369735836982727
0.04282980412244797
-0.0041100443340837955
0.01236241776496172
0.06032852828502655
-0.03251877799630165
-0.040439873933792114
-0.03552059829235077
-0.08713916689157486
-0.03766253590583801
0.04041510075330734
-0.035877328366041183
-0.009093540720641613
-0.06994830071926117
0.019378965720534325
-0.018728656694293022
0.02427496947348118
0.07131452858448029
-0.010279392823576927
-0.049953848123550415
0.06812883913516998
0.08097730576992035
0.03900301083922386
-0.011098241433501244
0.0006026516784913838
0.024154894053936005
-0.039512861520051956
-0.06435809284448624
0.04334386810660362
0.07689844816923141
0.04400913417339325
0.04379498213529587
0.08470097929239273
0.046698350459337234
-0.07793818414211273
0.06220779940485954
0.0704457014799118
0.008512723259627819
0.045877039432525635
-0.061556410044431686
0.06618130207061768
0.0014878332149237394
0.0408465676009655
-0.006338235456496477
-0.015252569690346718
-0.033842310309410095
0.01810513250529766
-0.07125719636678696
0.04541853815317154
0.08653726428747177
0.05977519601583481
0.04062025249004364
-0.002774276304990053
0.02027415670454502
-0.0029598211403936148
0.06655941158533096
0.05163344368338585
0.0818270593881607
0.009264321997761726
0.06308382749557495
0.02781231887638569
-0.010831787250936031
0.07143927365541458
-0.07582630962133408
0.07621797919273376
-0.03877592831850052
-0.07935430854558945
0.08359833061695099
-0.0554332360625267
-0.06675286591053009
-0.06373774260282516
-0.09126901626586914
-0.04117300733923912
-0.04088776558637619
0.05619034171104431
0.08464167267084122
0.04733532667160034
0.04824640601873398
-0.08835194259881973
-0.06800265610218048
0.03670516982674599
-0.05715717747807503
-0.002116788411512971
0.04266943037509918
-0.08177107572555542
0.010876864194869995
-0.026761023327708244
0.059054020792245865
0.08420602232217789
-0.010996186174452305
-0.08718585968017578
-0.0016375454142689705
0.06355985254049301
0.04210195690393448
0.08235076069831848
-0.0458681583404541
-0.0836983174085617
0.014814656227827072
0.03415547311306
0.06079777330160141
0.002872343175113201
0.0639084205031395
-0.006114213261753321
0.013299393467605114
-0.06817976385354996
-0.05039659142494202
0.07179737836122513
0.05913577228784561
-0.06398489326238632
-0.02969796024262905
-0.09119531512260437
-0.022238971665501595
-0.042736854404211044
-0.046767458319664
0.04167450964450836
0.05213500186800957
-0.014250525273382664
0.08367471396923065
0.04218807816505432
-0.07985015958547592
0.0037152995355427265
0.07916554063558578
-0.07655386626720428
-0.038859352469444275
0.00872622150927782
-0.08159694820642471
0.07277483493089676
0.046799663454294205
0.08520116657018661
-0.039691466838121414
0.02400347776710987
1.9774911403656006
0.27615809440612793
-0.4175936281681061
-0.25054579973220825
1.6016238927841187
-0.7218741178512573
1.3599812984466553
0.5054364800453186
-0.06417760998010635
0.3114798069000244
0.2780284881591797
0.32762274146080017
-1.5964211225509644
-1.544132113456726
-1.4652234315872192
-1.5596730709075928
-1.4583873748779297
-1.5497007369995117
-1.5570017099380493
-1.5403321981430054
-1.5716358423233032
0.26384493708610535
0.3275347650051117
0.10606417059898376
0.0316474586725235
0.5094395279884338
0.034051112830638885
0.17265573143959045
0.020410533994436264
0.11070732772350311
0.10333754867315292
0.094338059425354
0.0063596926629543304
0.17602267861366272
-0.10335235297679901
0.07928361743688583
-0.00752086890861392
0.10448559373617172
-0.039810094982385635
0.14991404116153717
-0.013563503511250019
0.059386733919382095
0.014188584871590137
0.1862385869026184
0.028080875054001808
0.05786513164639473
-0.05935122072696686
0.055360618978738785
0.06945939362049103
0.1353973001241684
0.023978881537914276
0.10303761065006256
-0.05227821692824364
0.1638195812702179
0.001392596634104848
0.05603300780057907
-0.0058340528048574924
0.13972598314285278
0.9329177737236023
0.4051903188228607
-0.17457956075668335
-1.9808671474456787
-0.1627947837114334
-0.6672818660736084
-1.0852433443069458
-0.21477779746055603
-0.09108643233776093
0.10674387961626053
0.38639843463897705
0.5417563319206238
-1.4728543758392334
-1.4275009632110596
-1.3515067100524902
-1.3973000049591064
-1.3426991701126099
-1.4198890924453735
-1.4602810144424438
-1.448381781578064
-1.456512451171875
0.026767753064632416
0.12638859450817108
-0.029402069747447968
-0.0479300320148468
0.4468446373939514
0.006982329301536083
0.13649070262908936
0.07087699323892593
0.1616942584514618
0.01361288595944643
0.24280984699726105
0.012795683927834034
0.10820716619491577
0.08417226374149323
0.2837761640548706
-0.007848451845347881
0.2070532888174057
0.10409428179264069
0.229426771402359
0.038809988647699356
0.25658196210861206
0.09867608547210693
0.2628837525844574
0.02885356731712818
0.26980602741241455
0.09053467214107513
0.3096769452095032
-0.007403503637760878
0.24867992103099823
-0.0345737487077713
0.29827383160591125
0.045092836022377014
0.20617416501045227
0.0026653322856873274
0.1759789139032364
0.09101978689432144
0.22196069359779358
0.01508907601237297
0.1634902060031891
1.9843462705612183
0.05744170770049095
-0.030939390882849693
-0.0411546491086483
0.057846300303936005
-0.04248573258519173
-0.07310755550861359
0.08403494209051132
0.021449223160743713
-0.032869379967451096
-0.027458691969513893
-0.03499760851264
-0.08702218532562256
-0.010370389558374882
-0.03814736753702164
-0.062407463788986206
-0.054721228778362274
0.04814537614583969
-0.016786912456154823
0.04152238368988037
0.07976332306861877
0.08402711898088455
-0.009704705327749252
-0.015386010520160198
0.05902507156133652
0.00997655838727951
-0.0016166403656825423
-0.012249615974724293
0.03968517482280731
0.04423229396343231
-0.024455159902572632
0.012564143165946007
-0.0864933580160141
0.04644553363323212
0.0022075993474572897
0.04905712604522705
-0.03089025989174843
-0.07473348826169968
-0.04948902875185013
0.02112194336950779
0.061526380479335785
0.015733003616333008
0.07406850159168243
-0.06571023911237717
0.07520381361246109
-0.00996682234108448
0.06552456319332123
0.016354210674762726
-0.06117691844701767
-0.04390348494052887
-0.08941540122032166
0.08858676999807358
-0.08470603823661804
0.07383093237876892
-0.002884047105908394
0.044919759035110474
0.07725195586681366
-0.05672400817275047
-0.08487546443939209
-0.05344419553875923
-0.04268057644367218
-0.0897287130355835
-0.057077523320913315
-0.006651013623923063
-0.01396747026592493
0.06930477917194366
0.0227174274623394
0.02571956068277359
-0.0009293958428315818
-0.020659146830439568
-0.03235754743218422
0.05514838919043541
-0.08474008738994598
-0.08270229399204254
0.09012551605701447
0.08058959245681763
0.010843807831406593
0.05773596465587616
0.02014448679983616
-0.04965202882885933
0.01325027272105217
0.08582478016614914
0.01620999537408352
-0.08101783692836761
-0.015423678793013096
0.016027357429265976
-0.02729630470275879
0.07085065543651581
0.0011873597977682948
-0.02683156169950962
-0.016516150906682014
-0.0006012310623191297
0.08437920361757278
0.01334866788238287
-0.015517264604568481
-0.0758533701300621
-0.06642831861972809
-0.06433083862066269
-0.05770527571439743
0.06741928309202194
-0.08700335025787354
0.03853079304099083
0.08293275535106659
0.05844234302639961
-0.009909373708069324
-0.04370778799057007
0.01963169500231743
0.04950171709060669
0.032078079879283905
-0.08795177191495895
0.04488537833094597
0.06058276817202568
0.05520183965563774
0.02956092543900013
-0.06614519655704498
-0.07103525847196579
0.04708615690469742
0.08034387230873108
-0.015696056187152863
-0.02382880635559559
-1.984375
-0.26579076051712036
-0.04616331681609154
-1.9774748086929321
-0.060062289237976074
-0.513576090335846
-1.8478856086730957
-1.2381963729858398
0.015553217381238937
1.6012824773788452
1.3001021146774292
0.5187817811965942
0.7259915471076965
0.0909586027264595
0.08224175125360489
-0.0397733598947525
0.0003168897528667003
0.033259067684412
0.03611234202980995
0.04502076283097267
0.07257401943206787
-0.17058762907981873
-0.10620610415935516
0.06065000221133232
0.00997123122215271
1.887115716934204
0.1172577440738678
-0.0068967510014772415
-0.16064859926700592
-0.12702317535877228
-0.324565589427948
-0.3236267566680908
-0.24815455079078674
-0.11103874444961548
-0.0994129404425621
-0.28400713205337524
-0.09556646645069122
-0.5922383069992065
-0.4763064384460449
-0.6114123463630676
-0.3793817460536957
-0.24802497029304504
-0.39887383580207825
-0.2785869240760803
-0.21629226207733154
-0.25199154019355774
-0.21885207295417786
-0.29086214303970337
0.04114818572998047
-0.4629318416118622
-0.23498137295246124
-0.4401506185531616
-0.1379064917564392
-0.30707165598869324
0.13742439448833466
-0.2583504319190979
-0.2607226073741913
-0.14086070656776428
-1.984375
-0.1244160607457161
-0.1720321923494339
0.6540375351905823
1.911821961402893
-1.8944618701934814
1.645301342010498
1.0212678909301758
0.008333112113177776
1.3215527534484863
1.9403403997421265
0.08387167751789093
-0.06204214692115784
0.062170933932065964
0.17670874297618866
0.0029024151153862476
0.08165237307548523
0.12589149177074432
0.1319281905889511
0.0818236842751503
0.1379205584526062
0.08586926013231277
0.26915544271469116
-0.0462566576898098
-0.1149606928229332
-1.4734801054000854
-1.4803622961044312
-1.0062472820281982
-1.9258177280426025
-0.6482083797454834
-1.9482108354568481
-0.46451157331466675
-1.7729361057281494
-0.8051072359085083
-1.977349042892456
-0.7400121688842773
-1.6867009401321411
-0.7269744873046875
-1.8156009912490845
-0.8272819519042969
-1.7680433988571167
-1.1241240501403809
-1.9388316869735718
-1.038326382637024
-1.7826285362243652
-1.1333409547805786
-1.870162844657898
-0.8189666867256165
-1.5272305011749268
-0.8512185215950012
-1.982060194015503
-0.36668989062309265
-1.8317874670028687
-1.0196433067321777
-1.8212330341339111
-1.1849325895309448
-1.9337917566299438
-0.7222422361373901
1.0326423645019531
0.5524582862854004
-1.9816396236419678
-0.01738853007555008
0.045160338282585144
-0.002377324039116502
0.0068776169791817665
-0.08761660754680634
-0.06031041964888573
-0.08831410855054855
-0.09863051772117615
-0.06136056035757065
0.03462055325508118
-0.038562919944524765
-0.09432066977024078
0.0606420636177063
0.022262252867221832
0.08077803254127502
-0.04737814515829086
0.03763919323682785
-0.010431031696498394
0.055953383445739746
-0.10905366390943527
0.04985529184341431
-0.0004178362141828984
-0.02697603963315487
0.05935265123844147
0.01280251145362854
-0.09454577416181564
0.024496007710695267
-0.05084255710244179
-0.02547583542764187
0.019435128197073936
0.019052784889936447
-0.02818741649389267
0.005912913009524345
-0.0702231153845787
-0.051479190587997437
0.059199389070272446
0.037960004061460495
0.00906775426119566
-0.015850525349378586
-0.06626654416322708
0.04377323389053345
0.04408571496605873
0.05459805577993393
-0.014731917530298233
0.026733513921499252
-0.012069214135408401
-0.10441281646490097
0.05009835585951805
0.06417488306760788
-0.01648200862109661
0.007889588363468647
-0.04365852102637291
0.016574159264564514
-0.04703282192349434
-0.015216748230159283
-0.08158008009195328
0.006519467569887638
-0.04398128762841225
-0.04277796298265457
-0.09209618717432022
0.027283983305096626
-0.06079148128628731
0.04971896484494209
0.05365201085805893
-0.07863979786634445
0.03404238447546959
-0.03317391872406006
-0.043295715004205704
0.06592123210430145
0.02707071229815483
0.004106016829609871
-0.040153618901968
-0.004969506990164518
-0.011904338374733925
-0.0031524088699370623
0.014800176955759525
-0.03807137906551361
-0.002983478829264641
0.0076684970408678055
-0.06009956821799278
-0.020433956757187843
-0.043776534497737885
-0.02464238367974758
-0.05586542189121246
0.04090985655784607
-0.03292961046099663
0.005199088249355555
-0.09436389803886414
-0.10577694326639175
0.04219212755560875
-0.03151321038603783
0.05688367784023285
0.05309994891285896
-0.07010333240032196
-0.08356651663780212
-0.007287034764885902
-0.10156013071537018
-0.10691564530134201
0.04584667831659317
-0.07726932317018509
0.02943645976483822
0.02660311572253704
0.03263050690293312
0.040845196694135666
0.01379403192549944
-0.014944897033274174
-0.006874265149235725
0.06993386894464493
0.06548868864774704
-0.04855848103761673
0.031470995396375656
-0.021670155227184296
0.009611984714865685
-0.08957492560148239
0.06287771463394165
0.03381826728582382
-0.03882085904479027
0.06732169538736343
0.10200841724872589
0.06089756637811661
-0.05456288531422615
-0.02385302260518074
-0.03601887449622154
-0.05932139232754707
-0.053882043808698654
-0.08850563317537308
0.06476826965808868
-0.05948791280388832
0.03739989921450615
-0.024486172944307327
0.08449453860521317
0.004097458906471729
0.012938051484525204
0.04633030667901039
-0.08550482988357544
-0.01179454568773508
0.02975870855152607
-0.06646665185689926
0.030075935646891594
0.05581122264266014
0.04423213005065918
0.07270320504903793
0.04974087327718735
0.09157569706439972
0.06772563606500626
-0.07291463762521744
-0.044317957013845444
0.06404823064804077
-0.007739989552646875
-0.05314905568957329
0.07493110746145248
0.01768224500119686
0.04189162701368332
0.050391606986522675
0.03218837454915047
0.025490151718258858
-0.02758948877453804
-0.0787370428442955
-0.05564865842461586
0.03873809799551964
0.01804828643798828
-0.0599411241710186
-0.0401151217520237
0.0887509137392044
-0.08125131577253342
-0.07514110952615738
-0.07534296810626984
0.0682632252573967
0.007267576642334461
0.0286918506026268
-0.021279579028487206
-0.019731029868125916
-0.020465809851884842
0.03998351842164993
-0.010608190670609474
-0.018622612580657005
-0.004545065574347973
-0.06500577926635742
-0.024391504004597664
0.026701629161834717
-0.022062726318836212
0.09064500778913498
0.009819447994232178
-0.03723811358213425
-0.06563675403594971
0.08465135097503662
-0.005478821694850922
0.04043716564774513
0.009606310166418552
-0.02118958719074726
-0.028662389144301414
0.0224800743162632
-0.08727259188890457
0.033065468072891235
-0.041538797318935394
0.06427913159132004
-0.03563990816473961
0.06412952393293381
0.022356051951646805
-0.03759998828172684
-0.07541554421186447
0.029509641230106354
-0.026343652978539467
-0.057570818811655045
0.07095155864953995
-0.0863332748413086
0.05228352174162865
0.024255966767668724
0.08819422125816345
0.0011122087016701698
0.07808869332075119
0.019620297476649284
0.03344546630978584
-0.06862423568964005
-0.08816267549991608
-0.07585159689188004
0.0416957326233387
-0.02979901060461998
-0.07781456410884857
-0.07019262760877609
-0.050505444407463074
-0.03597705438733101
0.023858441039919853
-0.0030211484991014004
-0.02171006053686142
0.03789015859365463
0.015472165308892727
-0.08635348081588745
0.04672012850642204
0.038166195154190063
-0.0571930855512619
0.02714037336409092
-0.040844254195690155
-0.024949854239821434
-0.047953877598047256
0.06819376349449158
-0.09022150188684464
0.01316005177795887
-0.03562135621905327
0.027796022593975067
-0.11173330992460251
-0.0779951736330986
0.0850151926279068
-0.08915304392576218
-0.08068496733903885
-0.006567211356014013
0.022573966532945633
0.06870890408754349
-0.022784128785133362
0.0330052375793457
-0.05325205996632576
-0.09462706744670868
-4.27351051257574e-06
0.01101518515497446
0.016203632578253746
0.03780388459563255
-0.06826415657997131
0.06329157203435898
0.05288901925086975
-0.04514431580901146
0.040687110275030136
0.06184382736682892
-0.05367444455623627
-0.04952745884656906
0.06322033703327179
-0.036330610513687134
0.015973065048456192
0.024084221571683884
-0.09343335777521133
0.06500233709812164
0.02378028631210327
0.023489004001021385
0.07647006213665009
-0.07719844579696655
0.05853060632944107
-0.012585567310452461
-0.10090146958827972
-0.08314331620931625
0.0217092577368021
-0.08388333767652512
0.000610529852565378
0.0694032683968544
-0.06174318119883537
-0.05732505023479462
0.07247771322727203
0.06457902491092682
-0.04572730138897896
-0.09250571578741074
-0.03360958397388458
0.050147708505392075
-0.06903326511383057
-0.02897024154663086
-0.0961475595831871
-0.0830642506480217
-0.02863067202270031
-0.05209054797887802
-0.03661119192838669
0.026617031544446945
0.03746449574828148
-0.005788530223071575
-0.0889967605471611
-0.019724229350686073
-0.057925425469875336
-0.04097892716526985
-0.06316541135311127
-0.07791617512702942
-0.09129923582077026
-0.05694468319416046
0.04998434707522392
0.039346229285001755
-0.10362176597118378
0.03294331580400467
-0.09469577670097351
-0.11358791589736938
0.02131691388785839
0.012881729751825333
0.06349630653858185
-0.02502932958304882
-0.02925320714712143
-0.06910451501607895
-0.014956689439713955
0.037094809114933014
-0.016656765714287758
-0.014418467879295349
0.03592502698302269
-0.05379292368888855
-0.04254285618662834
0.01843375153839588
0.01880783773958683
-0.09463273733854294
0.07435914874076843
0.025699589401483536
-0.06662136316299438
-0.058926429599523544
-0.10766135156154633
0.06937507539987564
-0.03680459037423134
0.039258427917957306
-0.021130716428160667
-0.022357631474733353
-0.01866740733385086
0.05748038366436958
-0.0994081199169159
-0.05787314474582672
0.027133779600262642
0.06637699156999588
-0.0719422921538353
-0.09580521285533905
0.02699999324977398
0.04398628696799278
0.059873055666685104
-0.0897083729505539
-0.020859716460108757
-0.06739392876625061
0.042082421481609344
0.05613585561513901
0.03392598405480385
1.9714335203170776
-0.3472152352333069
-0.08413638174533844
-0.04490415006875992
-0.03358270972967148
0.008576923049986362
-0.15863412618637085
-0.04678550735116005
0.04257625713944435
0.42578184604644775
1.92543625831604
1.1768888235092163
-1.4013760089874268
-1.9797916412353516
-1.4924205541610718
1.9798264503479004
-1.9012596607208252
-1.8336151838302612
-1.2464148998260498
-1.4530662298202515
-1.9288718700408936
0.028230763971805573
0.049772582948207855
-1.5830267667770386
-0.6962999105453491
-0.33115506172180176
-0.2094191610813141
-0.2955663800239563
-0.2761605381965637
-0.2888692617416382
-0.025356141850352287
-0.018363531678915024
0.02505393512547016
-0.19508107006549835
-0.22979803383350372
-0.2862609922885895
-0.17427638173103333
-0.2814498841762543
-0.023844463750720024
-0.04168982058763504
-0.07116422057151794
-0.1454630196094513
0.2379554808139801
-0.367520272731781
-0.16561272740364075
-0.33035022020339966
0.13891766965389252
-0.1649184376001358
0.12347359210252762
-0.18404559791088104
1.9792596101760864
1.97994065284729
1.9784131050109863
1.9786741733551025
1.1930904388427734
1.983704924583435
1.6255227327346802
1.981876254081726
-1.9482849836349487
0.0011911406181752682
0.021063871681690216
-0.012216918170452118
-0.037156328558921814
0.027516333386301994
0.02712305821478367
-0.3524514138698578
-0.06945319473743439
1.6096549034118652
1.0168310403823853
0.14854669570922852
1.386547565460205
1.352414846420288
1.0112487077713013
-0.7562559843063354
0.7475288510322571
1.186728835105896
0.8340651392936707
0.54474276304245
1.0821658372879028
0.030326183885335922
0.017633263021707535
0.384755402803421
0.20666931569576263
-0.046065762639045715
-0.43340083956718445
-0.1605316549539566
-0.1614392250776291
-0.050078365951776505
-0.33231279253959656
-0.25040489435195923
-0.3224281370639801
-0.27721765637397766
-0.2621247172355652
-0.2407815158367157
-0.34166523814201355
-0.304322749376297
-0.4314199984073639
-0.19518668949604034
-0.32167568802833557
-0.23748230934143066
-0.5023963451385498
-0.6703246235847473
-0.2970122992992401
-0.39310336112976074
-0.3263527750968933
-0.3163250982761383
-0.40959811210632324
-0.4581000506877899
-0.4085234999656677
-0.9077874422073364
-0.45318660140037537
-0.4006475806236267
-0.5077387094497681
-0.5467022061347961
-0.7017313241958618
-0.6791563630104065
-0.6396571397781372
0.19228582084178925
0.3953211307525635
-1.984270453453064
-0.768489420413971
-0.3305893540382385
-1.9787260293960571
0.10474362224340439
0.5777093172073364
1.9819649457931519
0.08712685853242874
0.04581337422132492
1.7126408815383911
1.9230753183364868
0.06224721297621727
-0.2413187175989151
-0.06886988878250122
-0.1499498337507248
-0.038001518696546555
-0.15221458673477173
-0.16959838569164276
-0.16126751899719238
-0.18659301102161407
-0.18810994923114777
0.10266068577766418
0.18864081799983978
-0.06506150215864182
-0.04701850935816765
-0.27949342131614685
-0.6101215481758118
-0.7264398336410522
-0.6859826445579529
-0.7865158915519714
-0.546312153339386
-0.7804381847381592
-0.5409283638000488
-0.7058248519897461
-0.6384474039077759
-0.7801968455314636
-0.6624526381492615
-0.798206627368927
-0.7695846557617188
-0.8491055965423584
-0.7075645923614502
-0.8345322012901306
-0.8040988445281982
-0.9014018774032593
-0.7333145141601562
-0.9210702180862427
-0.6564681529998779
-0.7408403158187866
-0.6830961108207703
-0.9414723515510559
-0.5176975727081299
-0.7637720108032227
-0.5912267565727234
-0.7241659760475159
-0.6269969344139099
-0.7555458545684814
-0.661949872970581
-0.8178438544273376
-1.983433723449707
-0.25028249621391296
-0.09803230315446854
0.0398864820599556
0.19261930882930756
0.3138541281223297
-1.4195938110351562
-1.272349238395691
-0.07763920724391937
1.7112449407577515
1.9022098779678345
1.3658732175827026
0.8894413709640503
1.1020103693008423
1.0998709201812744
1.0809967517852783
1.1422476768493652
0.9822704792022705
0.9696981310844421
0.9948449730873108
0.9642271399497986
0.19837315380573273
0.2190079391002655
-0.15494844317436218
-0.08128349483013153
-1.8122684955596924
-1.9811490774154663
-1.4829579591751099
-1.7229403257369995
-1.2892694473266602
-1.9339854717254639
-1.4477670192718506
-1.8851318359375
-1.467466950416565
-1.7119218111038208
-1.4406185150146484
-1.8494006395339966
-1.4178462028503418
-1.7795662879943848
-1.5200190544128418
-1.823689579963684
-1.3497543334960938
-1.646630048751831
-1.4847807884216309
-1.8914551734924316
-1.3835972547531128
-1.6792786121368408
-1.3957806825637817
-1.9838417768478394
-1.4065017700195312
-1.909454107284546
-1.4559626579284668
-1.882291316986084
-1.3939216136932373
-1.9160704612731934
-1.4616869688034058
-1.779587984085083
-1.3599337339401245
0.046623505651950836
0.22062574326992035
-1.9804613590240479
-1.8421074151992798
-0.5481688976287842
-0.16247941553592682
0.3958021402359009
-1.9464384317398071
-0.16075637936592102
-0.11233415454626083
-1.984375
0.05437196418642998
1.4101407527923584
0.0627521350979805
-0.8627768158912659
-0.6384788155555725
-1.984375
-0.9429351687431335
1.932853102684021
-1.9202682971954346
-1.9620361328125
1.0914545059204102
1.0126879215240479
-1.977493405342102
-1.063310980796814
0.2942325174808502
-0.3198058605194092
0.5487426519393921
-1.1219704151153564
-1.984375
-1.984375
-1.974365472793579
-1.8218257427215576
-1.984375
-1.060744285583496
-1.3428617715835571
-1.3049733638763428
-1.9644273519515991
-1.7831120491027832
-1.984375
-1.0491600036621094
-1.6074414253234863
-1.4461052417755127
-1.446822166442871
-1.9607490301132202
-1.984375
0.6056056022644043
-1.984375
-1.6317838430404663
-1.3046891689300537
-0.39791277050971985
-1.984375
-1.956621527671814
1.8722301721572876
1.9419615268707275
1.9264187812805176
1.862851619720459
1.978086233139038
1.941130518913269
1.9342793226242065
1.269980788230896
-1.4301996231079102
0.10928361117839813
0.21262136101722717
-0.8851691484451294
-1.984375
-0.31683772802352905
-0.20308876037597656
1.6560447216033936
0.08971258997917175
-0.19951245188713074
0.5370534062385559
1.81875741481781
-1.984375
-1.889675498008728
-1.984375
1.9207758903503418
-1.984375
-1.5745254755020142
0.7233400344848633
0.4057448208332062
-1.34413743019104
-0.27719372510910034
-0.0946710929274559
0.24779945611953735
0.32825136184692383
-0.43985703587532043
0.12550371885299683
-0.9121375679969788
0.3835071623325348
-0.2443680316209793
-0.31576746702194214
-0.09881749004125595
-0.6213482618331909
-1.6832258701324463
-0.4966895878314972
0.12631717324256897
0.6136183738708496
-0.3915170729160309
-0.4504970908164978
-0.7668554782867432
0.40333881974220276
0.47874191403388977
-0.414663165807724
1.9535919427871704
0.18702223896980286
1.1303716897964478
-0.06351802498102188
-0.7965119481086731
0.5257554054260254
1.916975498199463
-0.9228771328926086
1.9356052875518799
-1.1576354503631592
1.9273072481155396
0.5209869146347046
-1.4911476373672485
-0.48233887553215027
1.9364280700683594
-0.18775701522827148
0.17771665751934052
1.8912380933761597
-1.9823346138000488
0.2371845245361328
-1.085670828819275
-1.9809948205947876
-0.06139673292636871
-0.04691869765520096
-0.38995805382728577
-1.9827051162719727
-0.06671641021966934
0.7500152587890625
1.271700382232666
-0.480143278837204
0.813778281211853
1.435799241065979
1.167563796043396
1.3294639587402344
1.1816647052764893
0.9614100456237793
0.9986592531204224
0.9861781597137451
0.9439669847488403
0.8116370439529419
0.6996498703956604
-0.23884369432926178
-0.2524389326572418
0.1936969757080078
0.24500206112861633
0.37775400280952454
0.3047344386577606
0.4461790919303894
0.17171579599380493
0.562777578830719
0.25693410634994507
0.36819741129875183
0.21434897184371948
0.3585340082645416
0.17253556847572327
0.08297185599803925
0.43401122093200684
0.3988122344017029
0.14955396950244904
0.26241350173950195
0.3315719664096832
0.4499536156654358
0.23722070455551147
0.5015865564346313
0.2951333522796631
0.5529352426528931
0.18194660544395447
0.2292107492685318
0.13556687533855438
0.6606531143188477
0.26204630732536316
0.34157177805900574
0.26944583654403687
0.31660670042037964
0.2697983384132385
0.48750388622283936
-1.5373455286026
0.1131451353430748
1.982418179512024
0.5882640480995178
1.9572796821594238
-0.12426777184009552
-0.24394121766090393
1.9191296100616455
0.07018797099590302
1.6760414838790894
0.6867941617965698
1.9692811965942383
1.7069321870803833
0.5436774492263794
1.6656852960586548
0.5511592030525208
1.6479805707931519
1.1991117000579834
1.2063519954681396
1.1784924268722534
1.1555030345916748
-0.5052648186683655
-0.9532842040061951
0.11488377302885056
0.2414720207452774
0.4043826460838318
-0.46586841344833374
-0.4564163386821747
-0.1704237163066864
-0.38659176230430603
-0.06540883332490921
-0.2682705819606781
0.03361718729138374
-0.7010148763656616
-0.27784979343414307
-0.44766080379486084
-0.2010950744152069
-0.4899750351905823
-0.1412627100944519
-0.43909141421318054
-0.15384316444396973
-0.6966267228126526
-0.1590753197669983
-0.36793437600135803
-0.2007542848587036
-0.6469992995262146
-0.15084505081176758
-0.37336310744285583
-0.26557156443595886
-0.5210488438606262
-0.08515531569719315
-0.2550649344921112
0.03743978217244148
-0.6106448173522949
-0.2382826954126358
-0.4237687885761261
-0.23726767301559448
-0.47145506739616394
0.057480234652757645
-1.7059842348098755
-1.0149503946304321
1.9822618961334229
0.2756909728050232
1.9727153778076172
0.4866997301578522
-1.9828335046768188
-0.032726969569921494
-0.24701805412769318
1.9822406768798828
0.03691612184047699
0.7904184460639954
0.8143211007118225
0.37981534004211426
0.2841665744781494
0.332205206155777
0.2772514224052429
0.2759483754634857
0.3121406137943268
0.2807256281375885
0.2768794298171997
0.26423054933547974
0.3048749268054962
-0.44819438457489014
-0.9335752129554749
-0.08841285854578018
-0.013125263154506683
0.05994103103876114
-0.1670900285243988
0.11845371872186661
-0.07112031430006027
0.0017489197198301554
-0.09231863915920258
0.13812255859375
0.13190798461437225
0.0009920160518959165
-0.14230497181415558
0.11485501378774643
-0.08908319473266602
0.0010834048734977841
0.016621289774775505
0.25898969173431396
-0.2572064697742462
0.12693075835704803
0.25653475522994995
0.24562831223011017
-0.28375616669654846
0.01314542442560196
-0.13981088995933533
-0.10497789829969406
-0.1245960220694542
-0.06694743037223816
-0.005548683926463127
-0.022382931783795357
-0.04347621276974678
0.024350300431251526
-0.15666748583316803
0.2690748870372772
-0.03914395347237587
-0.01588231511414051
1.9778050184249878
0.40340039134025574
-1.2625069618225098
-1.9809659719467163
-0.7409961223602295
-0.1376485377550125
-0.5475185513496399
-0.20667432248592377
0.034848716109991074
0.936855673789978
0.9687774181365967
0.1161646842956543
-0.6034126281738281
-0.6154234409332275
-0.5792028307914734
-0.6652013659477234
-0.5543405413627625
-0.5880141854286194
-0.6256886720657349
-0.6184741258621216
-0.6257685422897339
0.9446753859519958
0.7808004021644592
-0.013173103332519531
-0.014008680358529091
0.5944501757621765
0.6365041732788086
0.7812913656234741
0.7948967814445496
0.6859877705574036
0.7016704678535461
0.6918731331825256
0.6611586809158325
0.8631884455680847
0.8029829859733582
0.8149615526199341
0.694252610206604
0.7505123019218445
0.8319293856620789
0.645000696182251
0.6639617681503296
0.7361512780189514
0.84795081615448
0.6572436690330505
0.732793390750885
0.6979963183403015
0.7359025478363037
0.8105036020278931
0.7211291790008545
0.7257556915283203
0.6821279525756836
0.6875618696212769
0.692897617816925
0.746382474899292
0.6249818801879883
0.8021485805511475
0.8235516548156738
0.6275896430015564
-0.024883851408958435
-1.9837018251419067
1.2749383449554443
1.8497194051742554
0.07413196563720703
0.6935376524925232
1.9765030145645142
-1.9778653383255005
-0.7916163206100464
-0.2857632339000702
1.8076207637786865
-0.07683663815259933
1.9473941326141357
-1.953701376914978
-0.18506702780723572
-1.9431345462799072
0.7719511389732361
1.239987850189209
1.8557968139648438
-0.06894730031490326
-0.8542287349700928
-0.06308063119649887
-0.921295166015625
-1.0749937295913696
-1.6857948303222656
-0.35055452585220337
1.4881800413131714
0.3505084216594696
-0.3208872079849243
-0.02080150693655014
1.980184555053711
1.9326226711273193
0.12517987191677094
0.6186898946762085
1.9391446113586426
1.904416799545288
-0.2983880043029785
-0.13203395903110504
-0.23762068152427673
-1.0068246126174927
0.6927335262298584
0.7652171850204468
1.9545818567276
0.39802286028862
-0.3679359257221222
0.4807995557785034
1.6548199653625488
-0.00818658247590065
-1.1534479856491089
-0.914753258228302
-0.8408271074295044
-1.2653361558914185
0.4857042133808136
0.6131612658500671
1.9461044073104858
1.5903117656707764
-0.6616045236587524
-0.2068154513835907
1.9741082191467285
1.8996837139129639
0.36276233196258545
-0.7769083976745605
0.1506563425064087
-0.5150042772293091
-1.9789533615112305
0.6395156979560852
1.2248470783233643
0.009871666319668293
-1.9473706483840942
-0.0383271761238575
0.4072911739349365
1.7684357166290283
-1.4462196826934814
-1.831723690032959
1.2403758764266968
-0.4053424894809723
1.1601656675338745
-0.8659479022026062
0.6551803350448608
1.8838375806808472
0.6226913928985596
1.423409342765808
-1.930721640586853
0.5698731541633606
-0.5822010040283203
-0.5752763152122498
-1.4226245880126953
1.2029118537902832
-1.9773646593093872
-0.12566335499286652
-0.25874263048171997
1.9797449111938477
0.594519853591919
1.9807180166244507
-1.9808720350265503
-0.19921745359897614
-0.6473830342292786
1.5722942352294922
1.1296244859695435
1.4897847175598145
0.421024888753891
1.9751578569412231
-0.4687711298465729
1.441481113433838
0.3935553729534149
1.9684451818466187
-0.6120530366897583
-0.005227704998105764
-0.7466595768928528
1.212934136390686
0.8910247087478638
1.9718691110610962
0.8183680772781372
1.9667061567306519
-1.9777891635894775
1.5377237796783447
-1.9748080968856812
-0.2218407243490219
-0.47283443808555603
-1.857781171798706
0.5029173493385315
-1.9843629598617554
-1.9777776002883911
0.055774882435798645
-0.17427439987659454
-0.1703297644853592
0.16533632576465607
0.06994025409221649
0.04473975673317909
0.47216764092445374
0.04401542991399765
1.8571128845214844
1.9448561668395996
0.35964685678482056
1.345213770866394
1.1123665571212769
1.37310791015625
1.5311076641082764
1.759382963180542
1.3997515439987183
1.4035676717758179
1.4891513586044312
1.446168065071106
0.09908244013786316
0.15014861524105072
0.09533457458019257
0.0016713589429855347
0.3317455053329468
0.05393221601843834
-1.5567866563796997
0.2928345203399658
-1.9729424715042114
0.9810814261436462
-1.9727694988250732
0.3686671555042267
-1.4109183549880981
-0.5724627375602722
0.14214570820331573
1.970969557762146
1.1459544897079468
-1.8336485624313354
1.5471798181533813
1.615541934967041
0.4778919517993927
-1.9780926704406738
1.9732799530029297
1.9359976053237915
1.0027238130569458
-0.7887545228004456
0.9988476634025574
1.979279637336731
1.963456630706787
1.9424405097961426
0.4591037333011627
-1.35810124874115
0.30177396535873413
1.9511808156967163
-0.053159892559051514
-0.9905484914779663
-0.11065833270549774
-0.30811822414398193
0.16819559037685394
-0.07274018228054047
0.15527667105197906
0.02016899362206459
-0.27510660886764526
-0.09393225610256195
-0.13922595977783203
-0.0455913208425045
0.2778633236885071
0.18801917135715485
-0.0038301516324281693
0.09203945100307465
0.05892544612288475
-0.15562912821769714
-0.45828762650489807
-0.33432382345199585
-0.052484966814517975
-0.22055016458034515
-0.31057241559028625
0.027293816208839417
0.01706385612487793
0.050616152584552765
0.0070558818988502026
0.057843223214149475
0.19531312584877014
0.3745769262313843
0.20290012657642365
0.40099507570266724
0.1461443156003952
0.18183951079845428
0.10639109462499619
0.32927268743515015
0.2788606584072113
0.3789288103580475
0.16822129487991333
0.21527667343616486
0.10232724249362946
0.1363539844751358
0.03028831072151661
0.21347591280937195
0.2915896773338318
0.31755948066711426
0.25893667340278625
0.29771506786346436
0.17716899514198303
0.04284054785966873
0.02320079319179058
0.1839885115623474
0.3722737729549408
0.13823072612285614
0.14253076910972595
0.24575874209403992
0.16251887381076813
0.31366434693336487
0.09580390900373459
0.2644115388393402
0.040635865181684494
-0.053208597004413605
-0.041394855827093124
1.9842345714569092
-0.08677123486995697
0.05838388949632645
-0.01622505486011505
-0.02308567613363266
-0.06635823845863342
-0.03487897664308548
-0.08845705538988113
0.007686978206038475
0.030119363218545914
0.057468436658382416
-0.04796410724520683
0.03861994296312332
0.03830821439623833
-0.08719037473201752
0.053616318851709366
0.0709386095404625
-0.03307754546403885
0.03415605053305626
-0.06468424946069717
-0.06029468774795532
-0.05229282006621361
0.04570123180747032
-0.06864084303379059
-0.03703288733959198
0.02168656513094902
-0.017273979261517525
-0.036886267364025116
0.010326470248401165
-0.08092206716537476
-0.0010985815897583961
-0.03117245063185692
0.0036443336866796017
-0.055337823927402496
-0.0024490621872246265
-0.01874398998916149
0.04617732763290405
0.06082645058631897
0.0281344186514616
-0.07282444089651108
-0.058591946959495544
0.053774699568748474
0.025125345215201378
0.06090039759874344
-0.002267429605126381
-0.07614807039499283
-0.08110727369785309
0.08566881716251373
0.07154276221990585
-0.091488316655159
-0.08099079877138138
0.03699870407581329
0.08621395379304886
-0.006040089298039675
0.05297556146979332
-0.008026267401874065
0.014002942480146885
0.04817507043480873
-0.05602873116731644
0.008432785049080849
-0.03399116173386574
0.025627516210079193
-0.03296486660838127
0.006708516273647547
0.024850137531757355
0.018918879330158234
0.08741304278373718
0.04361298680305481
0.004290336277335882
0.023706095293164253
-0.014477912336587906
-0.05123501271009445
-0.0827305018901825
0.03564680367708206
0.023892449215054512
-0.007376440335065126
-0.05605125427246094
0.08917491137981415
-0.007290175184607506
0.009446161799132824
-0.021365592256188393
0.01237056590616703
-0.02059485763311386
-0.015482492744922638
0.08344797044992447
0.05807929486036301
-0.0727679431438446
-0.06129037216305733
0.0768342986702919
-0.03326486051082611
0.04951552674174309
0.016826678067445755
0.014194399118423462
-0.05059337988495827
-0.0046985698863863945
0.04925542324781418
0.08645956963300705
-0.05620456114411354
-0.038966674357652664
-0.05034717544913292
0.03643205761909485
0.01432042010128498
0.07507923245429993
-0.04731012508273125
-0.03657476603984833
0.026254503056406975
-0.01594710350036621
-0.02629907801747322
0.06616925448179245
-0.020399533212184906
0.024710893630981445
0.05450617894530296
-0.0654841810464859
0.04182151332497597
-0.0838400200009346
0.013425239361822605
0.032953161746263504
0.08138750493526459
0.09143316000699997
0.017356878146529198
0.047240305691957474
0.038628339767456055
-0.019941389560699463
-0.04251455143094063
-0.03145790845155716
0.031104492023587227
-0.07074804604053497
-0.02390572614967823
0.04188750684261322
-0.04553563892841339
-0.009632407687604427
-0.06257033348083496
-0.0753905177116394
0.03681300953030586
0.05552688241004944
0.08334500342607498
0.02374434284865856
0.06991282105445862
-0.08976525813341141
-0.040060143917798996
-0.014884124509990215
-0.018888473510742188
0.035619404166936874
0.05439164489507675
0.058527857065200806
-0.08547628670930862
0.0062766228802502155
0.057819709181785583
-0.005266591440886259
-0.05379457399249077
0.0472777783870697
-0.05303701013326645
-0.08379160612821579
-0.05873403325676918
0.07155996561050415
0.010738573968410492
-0.015551826916635036
0.05197339877486229
0.07422066479921341
0.029688876122236252
0.034128885716199875
-0.017254281789064407
-0.05538725107908249
-0.05345478281378746
0.024722129106521606
0.012258910574018955
0.0577394925057888
0.06709885597229004
-0.08397241681814194
-0.02754560112953186
0.0507488027215004
0.039101094007492065
0.05970983952283859
0.041528165340423584
-0.06297238916158676
-0.03958531469106674
0.045354317873716354
-0.006486112251877785
-0.059823572635650635
0.021383831277489662
-0.07029187679290771
-0.024416357278823853
-0.08872701227664948
-0.01831779070198536
-0.02845766954123974
0.02494773641228676
0.08260123431682587
-0.09229870140552521
0.0511547327041626
-0.05004727467894554
-0.006748201325535774
-0.052069518715143204
-0.10192471742630005
0.01800595596432686
-0.013607006520032883
0.05695025250315666
-0.09198087453842163
0.048434577882289886
0.028247961774468422
0.023975716903805733
0.052837301045656204
0.06962812691926956
-0.06389132887125015
-0.033809222280979156
-0.08083859086036682
0.06295887380838394
-0.08766300976276398
0.0022395560517907143
-0.0765058621764183
0.06779102981090546
-0.06722500920295715
-0.005802336614578962
0.007069544401019812
-0.037703730165958405
0.045500073581933975
-0.032464299350976944
-0.07457201182842255
0.022508058696985245
-0.04290549457073212
0.06337568908929825
0.07293932139873505
0.06173274666070938
-0.015985708683729172
0.07046166062355042
-0.09522904455661774
0.029824702069163322
-0.039194438606500626
-0.023924117907881737
-0.07831044495105743
0.07725397497415543
-0.05901510640978813
-0.03832368552684784
-0.04936061426997185
-0.00697598559781909
-0.0649772584438324
-0.03573256731033325
-0.020414572209119797
0.019014904275536537
0.03761901706457138
-1.9295814037322998
-0.05377604067325592
-0.02720043435692787
0.24924416840076447
-0.16357852518558502
0.17106163501739502
0.05526186525821686
-0.2669045031070709
-0.06360433250665665
1.299280047416687
1.311694622039795
-0.11313633620738983
-0.46842896938323975
-0.03660237416625023
-0.20032912492752075
-0.660728394985199
-0.7418404817581177
-0.40243756771087646
-0.3889698088169098
-0.6857492327690125
-0.35524266958236694
-0.028842801228165627
-0.02224775217473507
-0.0027581609319895506
0.0015310031594708562
-0.25945720076560974
0.09906908124685287
0.10131705552339554
0.14337246119976044
0.07640361785888672
-0.11887722462415695
-0.14037580788135529
0.008757677860558033
-0.08319675922393799
0.048557281494140625
0.31400981545448303
-0.16303129494190216
-0.17520643770694733
-0.43544721603393555
-0.08571849018335342
-0.3651002049446106
0.04679661616683006
-0.004200353287160397
0.02642589621245861
-0.02521619386970997
0.18114757537841797
0.08976797759532928
0.018651083111763
0.06481728702783585
0.08231820166110992
0.1070842295885086
-0.009418600238859653
0.018540116026997566
0.1794527918100357
0.12073825299739838
-0.026799969375133514
0.06079165264964104
0.06608846783638
0.693649411201477
0.36809608340263367
0.006015539634972811
-0.4451162815093994
0.12100335955619812
-0.16039246320724487
-0.03513406217098236
0.647255539894104
0.08330312371253967
1.593470811843872
1.9282821416854858
-0.12028396129608154
1.5084484815597534
0.6924179196357727
1.0138908624649048
1.7476119995117188
1.8326776027679443
1.55401611328125
1.494076132774353
1.5498813390731812
1.5001083612442017
0.07389453053474426
0.05276202782988548
-0.02850417047739029
-0.13808412849903107
0.5605935454368591
-0.7761198282241821
-1.9683259725570679
1.3252228498458862
-1.9786525964736938
0.089573435485363
-1.9799281358718872
1.8548955917358398
-1.9696722030639648
0.955774188041687
1.5885438919067383
0.4650995433330536
1.9801841974258423
0.35765916109085083
1.9758172035217285
0.541709840297699
1.5855978727340698
-0.3882615268230438
1.7131445407867432
1.2438644170761108
1.3135992288589478
-0.17832110822200775
1.0839141607284546
1.2321341037750244
1.139375925064087
1.5260577201843262
1.2642115354537964
-0.6254046559333801
1.1011977195739746
1.3845287561416626
1.1442677974700928
-0.1640280783176422
0.9800330400466919
-0.25840482115745544
0.12260992079973221
-1.984375
-1.09346604347229
-1.2011555433273315
-0.1613798439502716
-0.010815460234880447
-1.8675388097763062
1.9777014255523682
1.675874948501587
-0.1944817751646042
0.01831888221204281
0.8081796765327454
0.8487428426742554
-1.2717385292053223
1.2257201671600342
1.279566764831543
1.1876444816589355
1.2827403545379639
1.2184069156646729
1.2576427459716797
1.243906855583191
1.268646001815796
1.2417370080947876
0.040718257427215576
-0.04818544536828995
-0.11486666649580002
-0.00833541713654995
-1.9201133251190186
-0.8522028923034668
-0.7479581832885742
-0.845872700214386
-0.7706350684165955
-0.9262679219245911
-0.9019219279289246
-0.8470878601074219
-0.7722526788711548
-0.8892340660095215
-0.8599338531494141
-0.986042320728302
-0.8431575298309326
-0.9525889754295349
-0.8815309405326843
-0.958982527256012
-0.9311020374298096
-1.0222197771072388
-0.9030027985572815
-1.0650602579116821
-0.8629978895187378
-0.8794623613357544
-0.8618048429489136
-0.9617175459861755
-0.8235778212547302
-1.0063329935073853
-0.9004328846931458
-0.9311368465423584
-0.8301301598548889
-0.9504347443580627
-0.7479450702667236
-0.9196799397468567
-0.8262171149253845
-1.9806932210922241
-1.3251811265945435
0.08139996230602264
-1.9824120998382568
0.47848260402679443
1.979327917098999
1.9796124696731567
-0.09741335362195969
-0.0668109804391861
0.9764238595962524
0.867024838924408
-1.1785260438919067
0.836534321308136
0.9486910104751587
1.0088146924972534
0.9764284491539001
1.0191471576690674
0.8890625834465027
0.9192332625389099
0.9359647631645203
0.9298701286315918
-0.024053316563367844
-0.13252298533916473
0.11218913644552231
0.06181970611214638
-1.975704550743103
-1.0816748142242432
-1.101158857345581
-1.2127496004104614
-1.2302534580230713
-1.273019552230835
-1.175714135169983
-1.19808828830719
-1.1304223537445068
-1.3603053092956543
-1.2468115091323853
-1.30133855342865
-1.1822315454483032
-1.2880215644836426
-1.183264970779419
-1.2823537588119507
-1.1573386192321777
-1.3603790998458862
-1.32278311252594
-1.3527427911758423
-1.1006842851638794
-1.3281325101852417
-1.3259679079055786
-1.2237476110458374
-1.117037057876587
-1.3406471014022827
-1.1228809356689453
-1.1956442594528198
-1.1428848505020142
-1.2286181449890137
-1.1752516031265259
-1.3145256042480469
-1.1312452554702759
-0.13475550711154938
-0.07084028422832489
1.3363560438156128
-0.04737714305520058
0.2855900526046753
-1.9834353923797607
-1.7368675470352173
1.0002248287200928
-0.03886152058839798
-0.06634253263473511
-0.6985416412353516
0.06305927038192749
1.9728835821151733
1.8997974395751953
1.1387016773223877
1.9245420694351196
1.9653974771499634
1.8608871698379517
1.9472523927688599
1.8855137825012207
1.9021250009536743
1.9518918991088867
1.9269983768463135
1.9300520420074463
1.2782560586929321
1.8510923385620117
0.024179181084036827
0.00952015072107315
0.5365949273109436
0.5773715972900391
0.45282718539237976
0.4384744465351105
0.519657552242279
0.4588123857975006
0.6066571474075317
0.38922813534736633
0.45587465167045593
0.5689454078674316
0.38885653018951416
0.5814605355262756
0.5456055998802185
0.40109121799468994
0.48688948154449463
0.582497775554657
0.5652114748954773
0.34370672702789307
0.4801385998725891
0.43301597237586975
0.5487201809883118
0.4855523407459259
0.4670146703720093
0.4722267687320709
0.5271622538566589
0.4200187623500824
0.6115204095840454
0.48812076449394226
0.4636348783969879
0.6201924085617065
0.43100371956825256
0.5011961460113525
0.5693902969360352
0.013714532367885113
0.17346063256263733
-0.009398204274475574
-1.9648972749710083
-0.5850356817245483
-0.11996052414178848
0.2612082362174988
0.18207043409347534
0.0798940435051918
1.9753060340881348
1.8805936574935913
-0.15632601082324982
1.9793843030929565
1.8260776996612549
1.8497018814086914
1.864622950553894
1.805821180343628
1.943217396736145
1.9217549562454224
1.9135382175445557
1.9267629384994507
-0.04005210101604462
-0.05960128828883171
0.056685496121644974
-0.008318239822983742
0.1317547857761383
0.06675618886947632
-0.05119757354259491
0.08219843357801437
-0.10946260392665863
0.0673845037817955
-0.11227011680603027
0.01095790509134531
-0.07189416885375977
-0.008770992048084736
0.0039002078119665384
0.07002527266740799
-0.055012524127960205
0.04647179692983627
-0.003362374845892191
-0.012292316183447838
-0.1754075586795807
0.05072462558746338
0.016606518998742104
0.04850388318300247
-0.11015752702951431
0.013540457002818584
-0.05433409661054611
0.09154732525348663
-0.04755696654319763
0.10194303840398788
-0.1474979817867279
0.005702388472855091
-0.05617500841617584
0.11063306778669357
-0.06667017191648483
0.0860307589173317
-0.15865042805671692
0.1043500229716301
0.0067139738239347935
1.9810148477554321
-0.025849144905805588
-0.07468485087156296
0.018436936661601067
0.07185843586921692
0.03170143812894821
0.06284201145172119
-0.060113415122032166
0.05387197807431221
-0.08270525932312012
-0.01335256826132536
0.007628798019140959
0.06401843577623367
-0.029399191960692406
0.0349925272166729
-0.028342649340629578
-0.0007747114286758006
0.07888437062501907
0.07996217906475067
-0.05443987995386124
0.030822496861219406
0.013491003774106503
0.01749003492295742
-0.008123241364955902
0.007024518214166164
0.018435975536704063
0.07213973253965378
0.048676177859306335
0.06379621475934982
-0.03174528107047081
-0.09014367312192917
-0.01845155842602253
0.029132463037967682
0.020186154171824455
0.05538489297032356
0.00016414794663432986
-0.059944480657577515
0.0197986401617527
-0.05417864769697189
0.08679968863725662
-0.013018481433391571
0.010343309491872787
-0.01268053613603115
0.050606537610292435
-0.056051142513751984
-0.05002806708216667
0.08939505368471146
0.08980889618396759
0.04225963354110718
-0.015959352254867554
-0.025065308436751366
0.0674728974699974
-0.030624940991401672
0.04337822273373604
0.03242545574903488
-0.005498623009771109
0.006602985318750143
-0.08996804058551788
-0.06432706117630005
-0.010863619856536388
-0.08907131850719452
0.02824118547141552
0.07151172310113907
-0.09039896726608276
-0.010907255113124847
-0.05679560825228691
-0.048500917851924896
0.047739505767822266
0.022238610312342644
0.08329473435878754
0.03191918879747391
0.003957603592425585
-0.01660192385315895
0.024793509393930435
-0.02748986892402172
-0.032540079206228256
-0.018014606088399887
0.09159646928310394
0.04018189013004303
-0.06346926093101501
-0.07515472918748856
-0.03631820157170296
-0.010040213353931904
0.0009438534616492689
-0.07278407365083694
-0.06400973349809647
-0.08101523667573929
0.03115001693367958
-0.031567592173814774
-0.030368518084287643
-0.010769028216600418
0.036889076232910156
0.05302588641643524
0.08730803430080414
-0.06904669851064682
0.036844946444034576
0.04760216176509857
0.06849506497383118
0.0715220719575882
0.03912397101521492
-0.017366155982017517
0.07482649385929108
0.08287262916564941
0.03508342429995537
0.027720579877495766
0.0447971448302269
-0.03212323412299156
-0.0538070872426033
-0.0239876639097929
-0.03770975023508072
0.02028900757431984
-0.055149778723716736
-0.08087760210037231
0.0797029361128807
-0.032529957592487335
-0.07458236813545227
0.08307325839996338
-0.03616074100136757
-0.04363630712032318
-0.05352266877889633
-0.14854510128498077
-0.049699749797582626
-0.05054493620991707
0.08363018184900284
-0.005151981953531504
-0.03699915111064911
-0.23276624083518982
0.042723800987005234
0.07573423534631729
0.3860965967178345
0.3955344259738922
0.042164865881204605
1.8415093421936035
1.8295817375183105
1.8990525007247925
1.917636513710022
1.8661073446273804
1.830708384513855
1.9537982940673828
1.8634411096572876
1.9061704874038696
0.02282707951962948
0.03185261785984039
0.031044919043779373
-0.00181080331094563
0.1397022157907486
-0.07004963606595993
-0.09808073937892914
0.054967015981674194
-0.05601257085800171
-0.03175680339336395
-0.0775311142206192
-0.009926749393343925
-0.010955064557492733
-0.005357078276574612
-0.06029127165675163
-0.01923418417572975
-0.009385859593749046
0.034300100058317184
-0.08210282772779465
-0.04900307208299637
0.08036275207996368
-0.023765265941619873
-0.07766596227884293
-0.06878822296857834
-0.009836247190833092
-0.024469884112477303
-0.08818932622671127
-0.02605920471251011
-0.10628791898488998
0.10758587718009949
-0.11011543869972229
-0.014364480972290039
0.034069694578647614
-0.09700008481740952
-0.0467231385409832
-0.008906813338398933
-0.03496067225933075
-1.984375
0.06293680518865585
-0.38646286725997925
-0.0816781148314476
0.04197080060839653
-0.024422476068139076
0.21476508677005768
-0.462546169757843
-0.06264225393533707
0.506401002407074
0.5703830718994141
0.22783294320106506
1.7879849672317505
1.9458199739456177
1.9404361248016357
1.7626070976257324
1.7941648960113525
1.6421008110046387
1.8881380558013916
1.6475634574890137
1.7978395223617554
0.14029307663440704
0.23699788749217987
-0.03566198796033859
-0.012392321601510048
-0.35158124566078186
1.4555281400680542
1.0924190282821655
0.8509613275527954
-0.052860382944345474
-1.9593946933746338
-1.9764138460159302
-1.3745051622390747
0.49077415466308594
1.7083715200424194
1.9843007326126099
1.7415457963943481
-0.0859314501285553
-1.4452998638153076
-1.7284903526306152
-1.8750402927398682
-0.2162734717130661
-1.5584176778793335
-1.982970952987671
-1.9823054075241089
-0.04215359687805176
1.4878108501434326
1.9843292236328125
1.9728233814239502
0.43090322613716125
-1.2900058031082153
-0.33217287063598633
1.5606411695480347
1.9835766553878784
1.0957506895065308
-0.7538913488388062
-1.6430156230926514
-1.2410396337509155
-0.08956752717494965
-0.03890416398644447
0.12531931698322296
1.976541519165039
-0.23820215463638306
-0.10124567151069641
-1.9837965965270996
1.043863296508789
0.15318074822425842
-1.0540220737457275
0.16281241178512573
-0.04717527702450752
0.6931458115577698
0.6684039831161499
-0.5222544074058533
-1.600958228111267
-1.613713026046753
-1.6254777908325195
-1.6342408657073975
-1.6414766311645508
-1.6508502960205078
-1.6481904983520508
-1.6516139507293701
-1.657755732536316
-0.05494801327586174
0.06575620919466019
0.027340788394212723
0.008136057294905186
-0.09064064919948578
-0.29027020931243896
-0.24930545687675476
-0.24350497126579285
-0.22132693231105804
-0.32256099581718445
-0.21434079110622406
-0.30211108922958374
-0.24636682868003845
-0.265903115272522
-0.28121286630630493
-0.3389306664466858
-0.2474755346775055
-0.2924644947052002
-0.2643653452396393
-0.303705632686615
-0.23041951656341553
-0.29979386925697327
-0.26229390501976013
-0.31405171751976013
-0.2305319905281067
-0.2838236391544342
-0.2964904010295868
-0.29816102981567383
-0.2332763373851776
-0.29719898104667664
-0.25729870796203613
-0.3007294833660126
-0.221798837184906
-0.29260528087615967
-0.2652352452278137
-0.27237313985824585
-0.24412387609481812
-1.984375
-0.16126786172389984
0.05820932239294052
1.0172083377838135
0.16550330817699432
0.23956698179244995
1.408347725868225
0.22386817634105682
-0.02610897645354271
1.6380261182785034
1.6700392961502075
0.171870619058609
-1.3639053106307983
-1.3386677503585815
-1.3348660469055176
-1.3697410821914673
-1.3261406421661377
-1.3676210641860962
-1.3482807874679565
-1.3832433223724365
-1.3565396070480347
-0.050852660089731216
-0.01656016707420349
-0.012027021497488022
-0.01472269743680954
-0.5688629746437073
-0.5123980045318604
-0.45054012537002563
-0.5076796412467957
-0.37438490986824036
-0.521510124206543
-0.4161790907382965
-0.5043531656265259
-0.4442519545555115
-0.5039151906967163
-0.40901046991348267
-0.4745113253593445
-0.4487304091453552
-0.5643620491027832
-0.4138776957988739
-0.5122297406196594
-0.4428868889808655
-0.5229868292808533
-0.3949618637561798
-0.5048998594284058
-0.4187570810317993
-0.5110015869140625
-0.4144209027290344
-0.4905942976474762
-0.4315192699432373
-0.4629565477371216
-0.43646740913391113
-0.5346941351890564
-0.46600577235221863
-0.47798553109169006
-0.4585318863391876
-0.5273481607437134
-0.43298912048339844
0.030141150578856468
-0.1332143247127533
1.9831088781356812
-0.029414786025881767
-0.034457337111234665
0.0011782405199483037
-0.07417741417884827
-0.015196279622614384
-0.04714023321866989
0.03001568280160427
0.055694784969091415
0.032196734100580215
-0.09163013100624084
0.0642252191901207
0.030600043013691902
0.024339010939002037
0.10198444873094559
0.01908763498067856
-0.06884647160768509
-0.04059012606739998
0.010936380364000797
-0.06314194202423096
-0.015705538913607597
-0.02733032964169979
-0.00034273165510967374
0.06330433487892151
0.007148417644202709
-0.041032519191503525
-0.01773937977850437
-0.06615155935287476
0.11153385043144226
0.03076355904340744
-0.02558661438524723
-0.02340903878211975
-0.033803485333919525
-0.058701641857624054
-0.09178020060062408
-0.006684885360300541
0.009875606745481491
-0.11327870935201645
-0.05446241796016693
-0.02217666059732437
-0.06221991777420044
-0.03011811338365078
-0.058271028101444244
-0.06797382980585098
0.04508714750409126
-0.021609250456094742
-0.020330050960183144
-0.028498303145170212
-0.08142261207103729
0.052227459847927094
0.0023368403781205416
-0.055466823279857635
-0.10526536405086517
0.04189648851752281
-0.11701473593711853
-0.05708320438861847
-0.05693056806921959
-0.044108182191848755
-0.008285402320325375
0.0672847256064415
-0.0822848305106163
-0.016198907047510147
-0.100687175989151
-0.10672017931938171
0.046524569392204285
-0.060606058686971664
0.0635521188378334
0.05831225588917732
0.047320157289505005
-0.08512528985738754
0.027976395562291145
-0.10362635552883148
0.070071741938591
0.10303553193807602
-0.008996163494884968
-0.08131783455610275
0.04088630899786949
-0.012151204980909824
0.05073956027626991
-0.055339179933071136
-0.030582528561353683
-0.06494881212711334
-0.00407441845163703
0.01942525804042816
0.0362989604473114
-0.03338777646422386
-0.09374328702688217
-0.04584759473800659
0.06457878649234772
0.10685813426971436
-0.0357096903026104
-0.09631390124559402
0.02651752345263958
0.0739869549870491
-0.07100114971399307
0.06354241073131561
-0.007930145598948002
0.009245483204722404
0.035286206752061844
-0.11249324679374695
0.015256484039127827
-0.0035171343479305506
-0.006462031044065952
-0.02702980861067772
0.0711589828133583
0.10235932469367981
0.03026016801595688
0.010774385184049606
-0.008993561379611492
0.0464579239487648
-0.05731634050607681
0.042976733297109604
0.05228215083479881
0.00015344377607107162
0.043717194348573685
-0.06441190093755722
0.03372783213853836
-0.07567481696605682
0.010002600960433483
-0.039889536798000336
-1.2513350248336792
-0.1385408192873001
-0.07911279797554016
-0.27453476190567017
0.027928782626986504
0.16090843081474304
0.026744363829493523
-0.8263076543807983
-0.0005878006923012435
1.9523597955703735
1.8521313667297363
0.4848942160606384
0.5117030739784241
0.7478525638580322
0.822277843952179
0.21312987804412842
0.5616287589073181
0.7410681247711182
0.4812985956668854
0.19109414517879486
0.47270989418029785
0.05016350746154785
0.06422344595193863
-0.08958753198385239
0.056374870240688324
0.06410904973745346
1.9822827577590942
1.9826939105987549
1.9843316078186035
1.4306186437606812
1.9199036359786987
1.8250949382781982
1.973077416419983
1.776278018951416
1.8026801347732544
1.4568836688995361
1.525234341621399
1.6165577173233032
1.9212485551834106
1.5884538888931274
1.5627012252807617
1.3065083026885986
-1.9496386051177979
-1.5825293064117432
-1.8435839414596558
-1.1658283472061157
-1.984131097793579
-1.1506420373916626
-1.8361047506332397
-1.832344651222229
-1.352225661277771
-1.5450718402862549
-1.9356913566589355
-1.6581311225891113
-1.8115202188491821
-1.6694978475570679
-1.9834845066070557
-1.219241738319397
1.9652808904647827
0.08827292919158936
-0.10251328349113464
-0.19106782972812653
-0.09571399539709091
-0.03228507936000824
-0.020339131355285645
-0.3776297867298126
-0.027405155822634697
1.8704148530960083
1.9600316286087036
0.4282992482185364
1.119715690612793
1.1566601991653442
1.353865385055542
1.3654894828796387
1.2201281785964966
1.2741283178329468
1.4102442264556885
1.035296082496643
0.9176665544509888
0.08399435877799988
0.11432600021362305
0.10442949086427689
-0.007605426013469696
0.2391670048236847
0.14506924152374268
-0.006204027682542801
0.179399311542511
0.18500900268554688
0.14587800204753876
0.08476558327674866
0.4809674918651581
0.0027602871414273977
-0.24929377436637878
-0.13309437036514282
0.06427186727523804
0.7449458837509155
0.6354960799217224
0.6280207633972168
0.34206292033195496
-0.039173029363155365
0.16330070793628693
0.1282176971435547
0.4211805760860443
0.5892854332923889
0.8129505515098572
0.5808292031288147
0.6492871642112732
-0.010740791447460651
0.6540361046791077
0.4398552477359772
0.39017605781555176
0.6869377493858337
0.30442672967910767
0.5684455037117004
0.4522436857223511
0.4521063566207886
0.11287900805473328
0.1607206165790558
-0.35428741574287415
0.03393353894352913
0.013144665397703648
0.043919481337070465
-0.07969881594181061
-0.0014406247064471245
-0.0445101261138916
0.0415576808154583
-0.021198231726884842
0.002074879826977849
-0.04318082332611084
0.013337804935872555
-0.006048110779374838
0.009550293907523155
-0.04741625860333443
-0.09058252722024918
-0.09000209718942642
0.043669626116752625
0.019599851220846176
0.010824749246239662
-0.02189655601978302
-0.08628829568624496
0.05069704353809357
0.053203266113996506
-0.032555364072322845
0.02233920246362686
-0.06279998272657394
0.024491222575306892
0.0885157510638237
0.0823533833026886
-0.03231477737426758
0.09059971570968628
-0.021372957155108452
0.08034078031778336
-0.02221974916756153
-0.052321430295705795
-0.05257469415664673
-0.03458181396126747
-0.08081860095262527
0.011411162093281746
-0.020436828956007957
0.01755126379430294
-0.06731894612312317
0.0007852022536098957
0.05335446447134018
-0.08827409148216248
0.04531430825591087
-0.02170930616557598
-0.013409984298050404
0.0325252041220665
0.07352165877819061
-0.0033708084374666214
0.05425844341516495
0.05094337835907936
0.005361794959753752
0.009510265663266182
0.02104462869465351
-0.018639398738741875
-0.022396966814994812
-0.09163875877857208
0.03272227942943573
-0.08955499529838562
0.022742681205272675
-0.01754596456885338
-0.06646476686000824
0.04923286661505699
-0.03989138454198837
-0.030768316239118576
0.01247467566281557
-0.013654430396854877
-0.008355306461453438
-0.02445410005748272
-0.0016612153267487884
0.04811890050768852
-0.05582716688513756
0.08875331282615662
0.042740821838378906
0.010889639146625996
0.0010565528646111488
-0.033017244189977646
-0.06122463941574097
0.02888943813741207
0.015602207742631435
-0.06803690642118454
-0.012026457116007805
-0.020555561408400536
-0.012335093691945076
-0.06416833400726318
-0.08356280624866486
-0.0733618214726448
0.06424177438020706
0.045320503413677216
0.02393721044063568
0.03762431442737579
-0.008654785342514515
-0.03069520741701126
0.006794070824980736
-0.08499446511268616
0.020480934530496597
0.04562200605869293
-0.08415891230106354
0.06811024993658066
-0.02636297419667244
0.090898297727108
-0.04800250753760338
-0.029092609882354736
0.012631808407604694
0.005715946201235056
0.019771965220570564
-0.062077779322862625
-0.08250410854816437
0.04856957495212555
0.06740743666887283
-0.0020916869398206472
0.01811850816011429
0.07032229751348495
0.022866789251565933
0.02646813355386257
-0.08713129907846451
0.020665835589170456
-0.03220013156533241
0.08938570320606232
0.08856166154146194
0.013173154555261135
0.03862261027097702
-0.03767169639468193
0.018560213968157768
0.030165554955601692
-0.0019831075333058834
0.06362739205360413
0.022161677479743958
-0.08902478218078613
-0.07682089507579803
-0.0856575146317482
0.09048763662576675
0.03442321717739105
-0.020054025575518608
0.03848579525947571
0.0035757829900830984
-0.08973235636949539
-0.003745799185708165
0.011355506256222725
-0.024974847212433815
0.05322442576289177
0.026270251721143723
0.05975187569856644
-0.03916938975453377
0.005013861693441868
-0.07106232643127441
-0.06688719987869263
0.04333289712667465
0.004140504170209169
-0.02546347677707672
-0.047915980219841
0.00995550025254488
0.05119425058364868
0.01397003885358572
0.014908985234797001
0.084300696849823
-0.057944148778915405
-0.03224097937345505
-0.08843916654586792
0.024079512804746628
-0.041424840688705444
0.027231425046920776
0.02829243615269661
-0.06604492664337158
0.07854598015546799
0.020950516685843468
-0.020427409559488297
0.005996115505695343
0.03493015095591545
-0.004116593860089779
0.021528199315071106
0.024273047223687172
0.0872182697057724
-0.0322505421936512
0.06906265020370483
0.09102803468704224
0.055897749960422516
-0.08341342955827713
-0.04546084254980087
0.05034136027097702
-0.033066246658563614
0.028146078810095787
0.06059781461954117
-0.02216877043247223
-0.05533023178577423
0.03005521558225155
0.005951486062258482
-0.001971042947843671
-0.0818348377943039
-0.02284368872642517
-0.0349796861410141
0.09114813804626465
-0.0816250592470169
-0.015317142009735107
-0.06143849715590477
0.013785531744360924
0.07799527049064636
-0.07662166655063629
0.07885884493589401
-0.05926206707954407
0.061097417026758194
0.07533229142427444
0.026990192010998726
0.06471691280603409
0.08837217837572098
0.0757177546620369
0.008212457410991192
-0.0509326346218586
0.04301903396844864
0.07306826114654541
-0.0417790561914444
0.08712081611156464
0.057068224996328354
-0.061344463378190994
0.03547273203730583
0.043250083923339844
0.06294954568147659
0.0808689221739769
-0.04065834730863571
0.07691675424575806
0.042094700038433075
-0.032388605177402496
0.08737504482269287
0.04481238126754761
-0.08757565915584564
0.047049712389707565
-0.029273072257637978
0.0028453951235860586
-0.0330745168030262
0.04318402335047722
0.029834700748324394
-0.07722500711679459
-0.019400985911488533
0.07465457916259766
-0.07304468750953674
0.08328510075807571
0.43895936012268066
-0.1412220597267151
-0.014947748742997646
-0.02765202336013317
-0.06750182062387466
0.16108646988868713
0.017980026081204414
0.03246883675456047
0.07162313163280487
1.9668692350387573
1.9469714164733887
-0.19337771832942963
1.9226728677749634
1.8423866033554077
1.839490532875061
1.8209797143936157
1.89194917678833
1.6755073070526123
1.9193061590194702
1.8366165161132812
1.9503613710403442
-0.002464521676301956
-0.002846368355676532
-0.022776644676923752
-0.0038677898701280355
-0.052690353244543076
-0.12013136595487595
-0.1350710541009903
-0.07469736784696579
-0.1712094396352768
-0.06807391345500946
-0.17276515066623688
-0.0007411881233565509
-0.10571827739477158
-0.03532233089208603
-0.12576667964458466
-0.11484020203351974
-0.21883484721183777
-0.12593500316143036
-0.14256376028060913
-0.09085377305746078
-0.026779962703585625
-0.05690116807818413
-0.12687191367149353
-0.06662721931934357
-0.13209973275661469
-0.14878018200397491
-0.055249448865652084
-0.05794096365571022
-0.1314035803079605
-0.07507586479187012
-0.10637608915567398
-0.09177086502313614
-0.08454591035842896
-0.10183630138635635
-0.025113973766565323
-0.11550026386976242
-0.10634000599384308
-0.2790110111236572
0.22933150827884674
-0.4790536165237427
0.07228823006153107
-0.05615173652768135
-0.18741504848003387
0.10107710212469101
-0.9296334385871887
-0.07001343369483948
1.6124157905578613
1.6309614181518555
-0.6536099910736084
1.8424099683761597
1.780674934387207
1.8991000652313232
1.8244222402572632
1.8119863271713257
1.9350535869598389
1.8765263557434082
1.780904769897461
1.8248224258422852
0.1473417580127716
0.2243170291185379
-0.009469978511333466
-0.0058165607042610645
0.6204597353935242
1.9804203510284424
1.286518931388855
1.9729713201522827
1.2213588953018188
1.9798364639282227
1.3284626007080078
1.758139729499817
1.045547366142273
-1.9794074296951294
-0.9132343530654907
-1.9839832782745361
0.7405670881271362
-1.1249241828918457
-0.06662352383136749
-1.9772472381591797
0.08164799958467484
1.9090768098831177
1.02827787399292
1.6957964897155762
1.3033556938171387
1.5350406169891357
0.8243106603622437
1.9296345710754395
1.6946526765823364
1.9808751344680786
1.1221126317977905
1.7191420793533325
1.1054389476776123
1.772031545639038
1.1605921983718872
1.9782060384750366
1.4694743156433105
0.0036284364759922028
-0.020501358434557915
-0.0423874668776989
-0.010823809541761875
0.03740641102194786
-0.0035272303503006697
-0.0872419998049736
0.06093853712081909
-0.05521702766418457
0.041426077485084534
-0.0806828960776329
-0.06272229552268982
-0.08077375590801239
0.03707229346036911
0.077356718480587
0.06577657163143158
-0.028970511630177498
-0.01016305387020111
-0.05998668447136879
-0.04672856628894806
0.05423898249864578
-0.036507658660411835
-0.06917643547058105
0.06857415288686752
-0.0692315399646759
0.03498866781592369
-0.027055956423282623
0.013930479995906353
0.03833727166056633
-0.09102260321378708
-0.03926301747560501
-0.06599956005811691
0.048425622284412384
0.06945642083883286
0.07090993970632553
0.011223060078918934
-0.05931900069117546
-0.06515996903181076
-0.0740724503993988
0.08768833428621292
0.042922258377075195
0.0014762060018256307
-0.06490394473075867
0.046914175152778625
-0.0888863056898117
-0.04515241086483002
0.009554173797369003
0.06352522224187851
0.03438659757375717
0.08085013926029205
-0.03198420628905296
-0.08320698142051697
0.0674118846654892
0.06433587521314621
0.0352632999420166
0.007640381809324026
0.06609271466732025
-0.06274542212486267
0.07819800078868866
-0.005010353866964579
0.03508634492754936
0.0023930019233375788
0.036587879061698914
-0.08683200180530548
0.03858727961778641
-0.0867251381278038
0.0008229581289924681
-0.022704128175973892
-0.008248114958405495
-0.07814488559961319
0.005900168791413307
0.06070827320218086
-0.07988129556179047
0.006737704388797283
0.009720495902001858
0.07488526403903961
0.04187481850385666
-0.09032021462917328
-0.033110350370407104
0.01419827900826931
0.006308522541075945
-0.00964095164090395
-0.05594224855303764
0.04209098219871521
0.03441929444670677
-0.035866934806108475
-0.017133938148617744
-0.07606342434883118
-0.06320038437843323
-0.06317146867513657
0.062482986599206924
-0.024503067135810852
-0.01775181293487549
-0.08514269441366196
-0.037755414843559265
-0.01869816891849041
0.03458722308278084
-0.021765990182757378
-0.07552359998226166
0.06954166293144226
-0.0033958223648369312
-0.0624440498650074
-0.0417938306927681
0.009600300341844559
0.025849340483546257
0.054028596729040146
-0.0216396301984787
0.07862045615911484
0.08666634559631348
0.08478377014398575
-0.007248845882713795
0.018488822504878044
0.02967127412557602
-0.001054050400853157
-0.03855526074767113
-0.06544040143489838
0.0523749440908432
-0.08382589370012283
0.05465061217546463
0.015699399635195732
-0.05849765986204147
-0.0025528771802783012
-1.9791940450668335
-0.4169466495513916
-1.6835914850234985
-0.17146052420139313
0.8504322171211243
1.1735609769821167
-1.9823108911514282
-1.9831246137619019
0.05734884366393089
1.9373350143432617
1.8871828317642212
-1.982092261314392
1.9268710613250732
1.9037145376205444
1.9465305805206299
1.8769984245300293
1.9311251640319824
1.8281534910202026
1.8886821269989014
1.896378755569458
1.9006657600402832
0.6743419170379639
0.7480360269546509
-0.0851733386516571
0.029208334162831306
-0.6704640984535217
1.983093023300171
1.6316273212432861
1.977054476737976
1.6431586742401123
1.6963773965835571
1.335106611251831
1.727610468864441
1.6687431335449219
1.9823131561279297
1.6486575603485107
1.9527363777160645
1.5986748933792114
1.883544921875
1.5022428035736084
1.9664779901504517
1.5436246395111084
1.7187120914459229
1.276542067527771
1.7452208995819092
1.6695287227630615
1.9817990064620972
1.5113275051116943
1.8935480117797852
1.6045994758605957
1.8387823104858398
1.5197473764419556
1.8958814144134521
1.7058160305023193
1.9466748237609863
1.6598609685897827
1.9786415100097656
1.5890148878097534
1.982597827911377
-0.3908216953277588
0.40993160009384155
0.5744061470031738
-0.4609735310077667
0.429738312959671
0.8921729922294617
0.035087574273347855
-0.09069766104221344
1.9753727912902832
1.8355631828308105
-0.8320397138595581
1.8750003576278687
1.9255294799804688
1.9587821960449219
1.9083002805709839
1.9746100902557373
1.8819705247879028
1.9373533725738525
1.9027515649795532
1.8892042636871338
-0.18961277604103088
-0.3307742178440094
0.06408093869686127
0.014941764995455742
-0.385493665933609
-0.16068793833255768
-0.24273110926151276
-0.17620332539081573
-0.16483797132968903
-0.029375247657299042
-0.13586755096912384
-0.15805289149284363
-0.231679305434227
-0.16800549626350403
-0.16505151987075806
-0.12233900278806686
-0.20655715465545654
-0.1623723804950714
-0.16060051321983337
-0.13876168429851532
-0.15020452439785004
-0.14856119453907013
-0.16031980514526367
-0.08802153170108795
-0.17148712277412415
-0.17573636770248413
-0.21184013783931732
-0.08970856666564941
-0.21054816246032715
-0.07693731784820557
-0.181671604514122
-0.1393069624900818
-0.20920975506305695
-0.16881605982780457
-0.20864082872867584
-0.1515989750623703
-0.16465921700000763
-0.02990330196917057
0.052597932517528534
-1.0679816007614136
-0.899115264415741
-0.10762975364923477
-0.0466514527797699
0.022251203656196594
-0.030853161588311195
0.12787771224975586
0.01942516677081585
0.025179535150527954
-0.0019879923202097416
0.37950775027275085
0.38488006591796875
-0.04072351008653641
1.7504385709762573
1.9504419565200806
1.7099177837371826
1.8373088836669922
1.8016090393066406
1.895992398262024
1.7493449449539185
1.8924940824508667
1.8765403032302856
0.0214232224971056
0.03130589425563812
0.0356009341776371
0.014646884985268116
-0.06314808130264282
-0.08556780219078064
-0.14586737751960754
-0.10520240664482117
0.040556762367486954
-0.00535263167694211
-0.106074757874012
-0.02173910290002823
-0.0697428435087204
-0.04097629711031914
-0.09347617626190186
-0.0028715715743601322
-0.11518754065036774
-0.041592519730329514
-0.036420151591300964
-0.13551434874534607
0.04432425647974014
-0.11277659982442856
-0.06023722514510155
-0.08483533561229706
-0.045794904232025146
-0.026603007689118385
-0.12366561591625214
-0.07504413276910782
-0.028819840401411057
-0.01025321613997221
-0.10917185246944427
-0.08560381084680557
-0.08657962083816528
-0.05774061009287834
-0.10173580795526505
-0.018057290464639664
-0.08288437873125076
-1.9564182758331299
0.070059634745121
-0.2587117552757263
-0.008241795003414154
0.016679024323821068
0.019862378016114235
0.047553811222314835
0.19318754971027374
0.046026840806007385
0.4181649088859558
0.5597988367080688
-0.1878923624753952
1.7864218950271606
1.7471801042556763
1.7872846126556396
1.9400358200073242
1.9034236669540405
1.7132071256637573
1.5920439958572388
1.601112723350525
1.7757632732391357
0.06767159700393677
0.12494077533483505
-0.12523068487644196
-0.05448848009109497
0.7246747016906738
-1.6975749731063843
-1.9841965436935425
-1.9835225343704224
0.8671888113021851
1.6027936935424805
1.9819412231445312
1.9707955121994019
1.2623941898345947
0.08533865958452225
-0.7220902442932129
-0.374652624130249
0.70870441198349
1.544346809387207
1.5535480976104736
1.9596351385116577
1.18977689743042
0.4896337389945984
0.31889989972114563
1.3564751148223877
1.6896824836730957
1.003216028213501
-0.08917101472616196
0.22152261435985565
0.8146247267723083
-1.9834896326065063
-1.9619981050491333
-1.0988205671310425
1.3823460340499878
1.77804434299469
1.9512747526168823
1.0030903816223145
0.5230368375778198
-0.04293205589056015
-0.03938055783510208
0.14505410194396973
-1.984375
0.3473525047302246
-0.10040076822042465
-1.978470802307129
-0.26592472195625305
-0.14280831813812256
1.464877724647522
-0.5093017220497131
0.032406747341156006
1.871316909790039
1.8982365131378174
-0.5435813069343567
1.595378041267395
1.2624751329421997
1.268718957901001
1.109994888305664
1.176573634147644
1.3365789651870728
1.2850220203399658
1.2633535861968994
1.3470104932785034
-0.13064253330230713
-0.09271644800901413
0.04948019981384277
0.022337913513183594
0.7490993738174438
1.0191841125488281
0.07493513077497482
0.6767147779464722
0.24645623564720154
0.8813772201538086
0.335464745759964
0.6672784686088562
0.1459711343050003
0.4811231195926666
0.038406211882829666
1.062300205230713
0.1457519680261612
0.8316506743431091
0.3364100158214569
0.9316030144691467
0.2058475911617279
0.5333250761032104
0.1832200586795807
0.7585930228233337
0.38731178641319275
0.4928344190120697
0.08369919657707214
1.0001181364059448
0.11561981588602066
0.9457938075065613
0.4258454144001007
0.4781665503978729
0.2791427671909332
0.8800175786018372
0.23553778231143951
0.6142905950546265
0.24030761420726776
1.4874765872955322
-0.021413596346974373
-0.8113813996315002
-1.939202070236206
-1.9808529615402222
-0.476269394159317
1.5208725929260254
-1.0481750965118408
0.033879369497299194
1.8821312189102173
1.886691689491272
-0.47736603021621704
1.5833837985992432
1.191466212272644
1.2804484367370605
1.2714154720306396
1.2189236879348755
1.6428630352020264
1.51470148563385
1.6038645505905151
1.5481840372085571
0.8154617547988892
0.790137767791748
0.15642806887626648
0.05001537501811981
1.2591030597686768
0.6125568151473999
0.6279510855674744
0.5865313410758972
0.6449382901191711
0.416511207818985
0.48137566447257996
0.5326061844825745
0.6061141490936279
0.8480510711669922
0.7393542528152466
0.4595312178134918
0.6412146687507629
0.5627847909927368
0.7587067484855652
0.45608004927635193
0.8311991691589355
0.6322119832038879
0.7934978008270264
0.5196427702903748
0.706425666809082
0.6483768820762634
0.6028090715408325
0.6100891828536987
0.8953041434288025
0.4789910912513733
0.7837966680526733
0.7752962708473206
0.8661287426948547
0.5486167669296265
0.7888203263282776
0.7108538746833801
0.9927419424057007
0.24920552968978882
0.464083194732666
-1.2050037384033203
-1.9580928087234497
0.8975273966789246
-1.0796698331832886
-1.5917036533355713
0.0051962342113256454
-0.07735169678926468
-0.28616657853126526
-1.9829621315002441
0.027071135118603706
1.925766944885254
-1.9365217685699463
1.9406641721725464
-0.049081459641456604
1.5320192575454712
-0.5394218564033508
-0.5210861563682556
1.8173478841781616
0.9234225153923035
-0.7741867303848267
-1.7389086484909058
1.2692989110946655
1.2561959028244019
0.6356056928634644
0.8662604689598083
-0.023802777752280235
0.7235020995140076
0.9857537746429443
1.984375
1.8166007995605469
1.9412354230880737
0.6911008954048157
1.276151418685913
1.9769959449768066
1.371978998184204
1.957518219947815
1.8671612739562988
1.707729697227478
1.9395376443862915
1.3075706958770752
1.9100862741470337
1.7612018585205078
1.9299473762512207
-0.8629974722862244
0.024526776745915413
1.2845088243484497
1.8149359226226807
1.939400553703308
0.8023521900177002
0.5674671530723572
0.17463085055351257
-1.5271550416946411
0.5845649242401123
0.4176987409591675
-1.0319547653198242
-1.637534499168396
-1.59950590133667
-0.9622330069541931
0.9052637815475464
-1.9681463241577148
-0.4795730412006378
1.5932977199554443
-1.9778733253479004
-1.0719221830368042
1.2923868894577026
-0.19527746737003326
-1.9843512773513794
0.007490986492484808
-1.9130104780197144
1.9621676206588745
-1.9803887605667114
1.9731231927871704
-1.9088125228881836
-0.7133322954177856
-1.9836313724517822
-0.010379981249570847
-1.5666621923446655
-1.9801512956619263
-1.9801205396652222
-1.8347276449203491
-1.1662707328796387
-0.45293012261390686
-1.9836742877960205
-1.5526918172836304
0.1899012327194214
-0.911541759967804
0.03881409391760826
0.19933639466762543
1.8724236488342285
0.5523845553398132
1.65683913230896
0.21311704814434052
-1.9117505550384521
0.8731123208999634
0.9570298790931702
-0.8399769067764282
-0.6672736406326294
0.46325933933258057
0.9226064085960388
0.18197576701641083
1.9622395038604736
-0.5725579857826233
1.0121631622314453
-0.005723808892071247
1.8505949974060059
1.7422640323638916
1.425864815711975
0.4190082550048828
-0.10496135801076889
0.30146899819374084
1.5594086647033691
0.7224361896514893
-1.061976671218872
-0.008715830743312836
0.8840422630310059
0.5202344655990601
1.174487829208374
0.18775835633277893
-0.46239396929740906
0.9032473564147949
-1.9811125993728638
0.41893821954727173
-0.3302396237850189
-1.982452630996704
1.6310890913009644
1.3883557319641113
0.6180773377418518
-1.983106017112732
-0.07263293862342834
-1.196001648902893
-0.10338817536830902
-0.18653038144111633
-0.988057017326355
-1.076642394065857
-1.400770664215088
-0.9140976071357727
-1.6444309949874878
-1.2113507986068726
-1.1405786275863647
-1.1694387197494507
-1.3100506067276
-0.057709887623786926
-0.013802669942378998
-0.4474887549877167
-0.4327511191368103
-0.4730583429336548
-1.5875269174575806
-1.9754748344421387
-1.5806752443313599
-1.8626469373703003
-1.8904542922973633
-1.9780348539352417
-1.843576431274414
-1.9699209928512573
1.6168067455291748
-0.13660551607608795
0.5176532864570618
-0.4206041395664215
0.3543646037578583
-0.23090898990631104
-0.1823396384716034
0.5075948238372803
-1.044528841972351
-1.3615055084228516
-0.8541193604469299
-1.156189203262329
-0.2992546856403351
-1.3056674003601074
-0.7179079055786133
-1.9595348834991455
-1.3360050916671753
-1.6760793924331665
-0.9935164451599121
-1.9602570533752441
-0.6431084275245667
-1.9778190851211548
-0.5004961490631104
-1.4771779775619507
-1.9801812171936035
-0.08942268043756485
0.6693891882896423
1.6902116537094116
-1.971225380897522
-0.6069214344024658
0.6612860560417175
1.9280589818954468
-0.07162933051586151
0.18519288301467896
-0.34302574396133423
-0.7160277366638184
-0.5753171443939209
-0.3775250017642975
-0.4422761797904968
-0.18026237189769745
-0.5061491131782532
-0.2406574785709381
-0.03645770624279976
-0.20245391130447388
-0.11637838929891586
-0.22111709415912628
-0.3876870572566986
0.3102843761444092
0.07751303166151047
0.975450873374939
0.878799557685852
0.5418854355812073
0.9025751948356628
0.7801828980445862
1.0549126863479614
0.57973712682724
0.4287794530391693
0.8181191086769104
0.4391247630119324
0.8858063817024231
1.165501356124878
1.0960547924041748
1.461132287979126
1.2130765914916992
0.5960930585861206
-0.016819823533296585
1.1351318359375
1.0176361799240112
0.7928662896156311
0.47573888301849365
0.6320009231567383
0.3500562012195587
1.2730897665023804
1.4079310894012451
0.8123405575752258
0.6624996066093445
0.6601360440254211
0.7322837114334106
0.6198012232780457
0.2087903618812561
0.5300962924957275
0.6486365795135498
-0.20159810781478882
0.3473156988620758
-1.983913779258728
-0.03725657984614372
-0.050660181790590286
-0.005553846247494221
0.017141155898571014
-0.05958325043320656
0.014481434598565102
-0.08830416947603226
0.03422297164797783
0.011685889214277267
-0.09170784056186676
0.028566284105181694
-0.025693006813526154
0.06491630524396896
-0.004591324832290411
0.053300660103559494
-0.06312285363674164
0.04289429634809494
0.057657863944768906
0.04563530161976814
-0.07977302372455597
-0.0811615139245987
-0.007163123693317175
-0.025474704802036285
0.05516219884157181
0.06275461614131927
-0.05871942639350891
-0.05847318470478058
-0.059562910348176956
0.060674723237752914
-0.006702609360218048
0.03827543184161186
0.05474531650543213
-0.08247316628694534
-0.03597975894808769
0.07885102182626724
7.959632785059512e-05
0.05667301267385483
0.09864383935928345
-0.0356651209294796
0.027374036610126495
-0.0531013198196888
0.03495296463370323
0.01909048669040203
-0.0756801888346672
0.0505538284778595
-0.0624718964099884
-0.07778014242649078
0.09156285971403122
-0.0468098409473896
-0.07560110092163086
0.05136159434914589
-0.07765054702758789
0.03920348361134529
-0.005293203517794609
-0.08845242857933044
-0.010136745870113373
0.024332335218787193
-0.07080595940351486
-0.08824662119150162
-0.0664423331618309
0.012503819540143013
-0.039167795330286026
-0.0019925818778574467
0.017213692888617516
-0.045506805181503296
-0.03302226960659027
-0.02346179261803627
-0.03717266395688057
-0.08900880068540573
-0.08570517599582672
0.0030880977865308523
-0.05740359053015709
-0.06978898495435715
-0.06455438584089279
-0.09063715487718582
-0.0683092474937439
-0.071900874376297
-0.06634598970413208
-0.05182003229856491
-0.057666242122650146
0.006671013776212931
-0.06540867686271667
0.025348279625177383
-0.06486144661903381
0.013677295297384262
0.045494988560676575
0.04244683310389519
-0.016929540783166885
-0.051788680255413055
-0.06856206804513931
-0.005143522750586271
-0.08122801780700684
-0.08304133266210556
-0.03384792059659958
-0.008855190128087997
-0.08326247334480286
0.03998597711324692
-0.0810556411743164
0.013908684253692627
-0.029218172654509544
0.04774313420057297
0.04630552604794502
0.009780078195035458
0.011086753569543362
0.05866843834519386
-0.03777344897389412
-0.0217073243111372
-0.026358209550380707
-0.01968594267964363
0.05716852843761444
-0.010967415757477283
0.01784876175224781
-0.06059607118368149
0.004934262949973345
0.03752546012401581
-0.08407324552536011
-0.026115234941244125
0.06890294700860977
-0.043136823922395706
0.26045382022857666
-0.09209974110126495
-0.004134700167924166
-0.10655633360147476
-0.01530377846211195
0.14192286133766174
0.13832338154315948
-0.0027348301373422146
0.0679095983505249
1.9607378244400024
1.9564225673675537
-0.10469810664653778
1.9411038160324097
1.9285527467727661
1.9661707878112793
1.8910547494888306
1.9581116437911987
1.9595400094985962
1.9246716499328613
1.937558650970459
1.939461588859558
-0.01703859120607376
-0.016297614201903343
-0.004435956943780184
0.00565401092171669
-0.127010315656662
-0.03575615957379341
-0.10731925815343857
-0.06230675056576729
-0.10532356798648834
-0.0468161478638649
-0.1078694611787796
-0.05856182053685188
-0.11917325854301453
-0.0883045643568039
-0.14151965081691742
-0.06138131394982338
-0.13397248089313507
-0.05717424675822258
-0.11082139611244202
-0.0769319236278534
-0.14217844605445862
-0.05445217341184616
-0.10930971056222916
-0.058809515088796616
-0.15149691700935364
-0.0882950872182846
-0.14468087255954742
-0.06761901825666428
-0.12533296644687653
-0.02119589038193226
-0.1210917979478836
-0.05030130222439766
-0.11372722685337067
-0.05146273598074913
-0.10205397009849548
-0.058913759887218475
-0.09452441334724426
-0.42346346378326416
0.14663642644882202
1.803959846496582
-1.9796799421310425
-0.023315127938985825
-0.08243662863969803
-0.023446673527359962
-0.15306945145130157
0.08974646031856537
1.941840648651123
1.9474694728851318
-1.984375
1.9534591436386108
1.8631930351257324
1.9143311977386475
1.8768808841705322
1.9017781019210815
1.9395431280136108
1.9510531425476074
1.9245824813842773
1.9297606945037842
0.09174256026744843
-1.9824800491333008
0.026986435055732727
0.002034346805885434
-0.13903504610061646
-0.03988310322165489
-0.024508077651262283
-0.10002309083938599
-0.0021206806413829327
-0.021398061886429787
-0.01076609268784523
-0.05312451720237732
-0.01850046217441559
-0.10576040297746658
0.010587814263999462
-0.07975710183382034
0.021992797031998634
-0.05209280177950859
-0.00900790374726057
-0.08609513193368912
0.04704582318663597
-0.03056156262755394
-0.050350841134786606
-0.07752492278814316
-0.011572301387786865
-0.13144691288471222
0.002849687123671174
-0.07228582352399826
-0.04614939168095589
-0.0524335652589798
0.005863802507519722
-0.05355854704976082
-0.017114875838160515
-0.061597906053066254
-0.03190668299794197
-0.04358113184571266
-0.025733955204486847
0.003650764236226678
-0.0035700625739991665
-0.08937585353851318
1.9384607076644897
-0.02719680219888687
-0.051646988838911057
-0.10586338490247726
-0.05397232621908188
0.03053978830575943
-0.06053602695465088
-1.5623811483383179
-0.06865415722131729
1.4986423254013062
1.9486844539642334
-0.09016909450292587
1.6366004943847656
1.7178621292114258
1.966860294342041
1.6202255487442017
1.753221869468689
1.7954598665237427
1.6420000791549683
1.6053084135055542
1.7249850034713745
0.027873801067471504
0.042327024042606354
-0.16189393401145935
-0.1378289759159088
0.7128723859786987
1.9821845293045044
1.9832789897918701
1.9672367572784424
1.4236565828323364
1.96514892578125
1.4555575847625732
1.961599588394165
1.7334234714508057
-1.9843651056289673
-0.8586225509643555
-1.981775164604187
-1.4597935676574707
-1.9687066078186035
-1.1702909469604492
-1.983210802078247
-0.7429434061050415
1.9679505825042725
1.8811376094818115
1.9251307249069214
1.1220977306365967
1.9829914569854736
1.826705813407898
1.9470834732055664
1.6993310451507568
1.8611522912979126
1.636885166168213
1.8059965372085571
1.277255892753601
1.7526168823242188
1.6228667497634888
1.9795360565185547
1.5720772743225098
1.984375
0.036049652844667435
-0.2149915248155594
-0.24512556195259094
0.0476769357919693
0.057937417179346085
-0.02802504412829876
-0.37148311734199524
0.05784659832715988
1.808948040008545
1.9591153860092163
0.6126295924186707
1.6317803859710693
1.7568424940109253
1.8762341737747192
1.869219183921814
1.9523231983184814
1.747690200805664
1.8067002296447754
1.7681045532226562
1.8356605768203735
0.11549271643161774
0.20784024894237518
-0.010740833356976509
-0.02906080335378647
-0.07572299242019653
-0.06554943323135376
0.012654087506234646
0.12033838033676147
0.2609676122665405
0.4099556803703308
0.18048198521137238
0.18077290058135986
-0.08932960778474808
0.08795986324548721
0.03400275856256485
0.1689784675836563
-0.0041895960457623005
0.17103981971740723
0.0500037781894207
0.17916955053806305
0.12758733332157135
0.047253791242837906
0.111618772149086
0.2338205873966217
-0.06887108832597733
0.1658734679222107
0.049618761986494064
0.07674732804298401
-0.054430585354566574
0.07844090461730957
0.047692056745290756
0.1558113396167755
0.024715738371014595
-0.06608112156391144
0.03519980609416962
0.0023116518277674913
0.12911607325077057
-0.05764288455247879
0.09785756468772888
-0.6229769587516785
-0.07795701920986176
-0.021195633336901665
-0.05372031405568123
-0.054224736988544464
0.051301226019859314
0.06116172671318054
-0.02080993913114071
-0.018283898010849953
-0.0601683147251606
-0.03172542527318001
0.02112789824604988
0.05918009951710701
0.03603463992476463
-0.028488630428910255
-0.03898276016116142
-0.050142377614974976
0.013617657124996185
-0.051023948937654495
0.038100920617580414
-0.035992980003356934
-0.022649049758911133
0.06353284418582916
0.06590750813484192
-0.04724081605672836
-0.08154037594795227
0.02125595696270466
-0.10188844054937363
-0.03148270025849342
0.0335652232170105
-0.02405586652457714
0.0015380536206066608
-0.07422284781932831
-0.03151978552341461
-0.05920891836285591
-0.013622455298900604
-0.05938122794032097
0.0042472118511796
0.05140809714794159
-0.0838867798447609
-0.06074870750308037
0.053109411150217056
-0.044464170932769775
0.040670737624168396
-0.012039157561957836
0.040525902062654495
-0.02710088901221752
-0.03953326866030693
-0.008157462812960148
0.016572117805480957
-0.07657725363969803
0.007900763303041458
0.029626358300447464
0.062188521027565
-0.013057098723948002
-0.02321329526603222
-0.0799034982919693
0.07067988067865372
-0.06384798139333725
0.02588578499853611
0.05184340849518776
0.05486739054322243
0.0367259681224823
-0.0721607431769371
-0.06630437821149826
-0.09210728853940964
-0.01582011766731739
-0.03999684751033783
-0.0033500525169074535
-0.07980339974164963
-0.006880688946694136
0.005899062380194664
-0.07607325911521912
-0.08225135505199432
-0.01441451720893383
0.0433848537504673
-0.06304065883159637
0.07131204754114151
-0.05525590479373932
-0.07811763882637024
0.03704233840107918
0.026667075231671333
-0.10411924123764038
0.01974332146346569
0.028022950515151024
0.007501591928303242
-0.07349810749292374
0.042313575744628906
0.050646718591451645
0.038402948528528214
-0.07959520816802979
-0.0038436884060502052
0.004459507297724485
0.07775647938251495
-0.024688271805644035
0.03489908576011658
0.027399515733122826
-0.08514805138111115
0.016808755695819855
-0.0194051843136549
-0.001998950494453311
-0.050226349383592606
-0.06490759551525116
-0.04304642975330353
0.022487672045826912
0.06438874453306198
-0.09212468564510345
0.058118950575590134
0.06699880212545395
0.005809943191707134
-0.03504542261362076
-0.08616730570793152
0.026754766702651978
-0.06348146498203278
-0.027928777039051056
-0.025159098207950592
0.05504382774233818
-0.05256346985697746
-0.07849926501512527
-0.02126244455575943
-0.10884736478328705
0.013898075558245182
0.013662748970091343
-0.07921777665615082
0.02086244896054268
-0.024914659559726715
0.013386383652687073
-0.09073963016271591
-0.05453220009803772
0.035651810467243195
0.043786533176898956
-0.0007153780316002667
-0.06358049809932709
-0.11086906492710114
0.09511734545230865
-0.07436133921146393
-0.10908467322587967
-0.13612328469753265
0.021264836192131042
0.05034201219677925
-0.030469391494989395
-0.04852687194943428
0.004844010341912508
-0.02836121805012226
-0.1254575550556183
-0.028370115906000137
-0.012215562164783478
0.006811340339481831
-0.10504452139139175
-0.020326364785432816
0.10290536284446716
0.015493858605623245
-0.010317624546587467
-0.06447752565145493
0.05420156940817833
0.035269010812044144
0.02201710268855095
-0.11453790962696075
0.05190173536539078
-0.02922114171087742
-0.09629122167825699
-0.010248694568872452
-0.04665594920516014
-0.16097496449947357
-0.12159576267004013
-0.12992632389068604
0.026375045999884605
-0.08213383704423904
0.011769973672926426
-0.13370147347450256
-0.03834152594208717
-0.04602089896798134
-0.10741297900676727
-0.006217226851731539
-0.13333497941493988
0.012215962633490562
-0.006298223044723272
-0.1054246574640274
-0.12130917608737946
-0.10720635950565338
-0.10997878760099411
-0.08742491155862808
0.000488816003780812
-0.017143800854682922
0.04834609478712082
-0.059388455003499985
-0.070183165371418
0.03300657868385315
-0.027474353089928627
0.010022434405982494
-0.0211910679936409
-0.032898735255002975
-0.0838315412402153
0.05080486088991165
0.04489005357027054
-0.01560553815215826
-0.08111657202243805
0.023850400000810623
-0.0830119177699089
-0.05793754383921623
-0.03491917997598648
0.046725794672966
-0.01726643368601799
-0.06946408003568649
-0.007027508225291967
-0.11391685903072357
0.0024943239986896515
-0.024830542504787445
-0.04607105255126953
-0.07624616473913193
-0.10355936735868454
-0.09468261152505875
-0.10237642377614975
-0.04828573018312454
-0.06541214138269424
-0.06259812414646149
-0.0117109976708889
-0.07598596066236496
-0.08566733449697495
0.0038039255887269974
0.0320047065615654
-0.09796370565891266
-0.0943831279873848
-0.06426452100276947
-0.04963710531592369
-0.07491397112607956
-0.17352166771888733
-0.040535323321819305
-0.0468909777700901
-0.04417281597852707
-0.09312830120325089
0.0026872206944972277
0.03816815838217735
-0.02841789461672306
0.03890940546989441
-0.09132936596870422
-0.017705176025629044
0.04533642157912254
-0.06054704263806343
-1.931912899017334
-0.31080320477485657
-0.4261493384838104
0.02426014095544815
-0.050110794603824615
0.1562756896018982
0.36754193902015686
-0.7694603800773621
0.05786142498254776
0.6206151247024536
0.6380446553230286
0.08723416924476624
1.6586191654205322
1.5877315998077393
1.8551348447799683
1.6924258470535278
1.7707513570785522
1.829819679260254
1.644136905670166
1.954987645149231
1.8396059274673462
0.1431756317615509
0.19786402583122253
-0.03349929675459862
0.02128405123949051
-0.6330575346946716
-1.8924078941345215
-1.9828335046768188
-1.4909021854400635
0.14775249361991882
1.6295883655548096
1.978527545928955
1.4917434453964233
0.08445321023464203
-1.974510669708252
-0.4514853358268738
1.4265379905700684
1.9843541383743286
1.4651453495025635
-0.25771617889404297
-1.8942354917526245
-1.9280238151550293
-1.9606692790985107
-0.9268530011177063
0.994552493095398
1.9831387996673584
1.9697554111480713
0.4111666977405548
-1.3043382167816162
-1.6570889949798584
1.9831631183624268
-0.09866553544998169
-0.5557717084884644
-1.7274943590164185
-1.0918563604354858
-0.6272521018981934
1.8029065132141113
1.9786062240600586
0.8414618372917175
0.15048974752426147
0.09133052825927734
0.08654500544071198
0.012890152633190155
-0.3635326623916626
-0.4803934395313263
0.19012612104415894
0.06654558330774307
0.38736650347709656
0.33999282121658325
0.1102558821439743
1.9321484565734863
1.8076235055923462
1.822770118713379
1.8771892786026
1.7795729637145996
1.9599072933197021
1.8972445726394653
1.9037671089172363
1.849989891052246
-0.022290900349617004
-0.0410032793879509
0.035758983343839645
0.0046516116708517075
0.3133334517478943
-0.1003015786409378
-0.06147293001413345
-0.10549797117710114
0.015874354168772697
-0.07649502158164978
-0.010616382583975792
-0.10990272462368011
-0.0459236204624176
-0.07897323369979858
-0.08452927321195602
-0.10178139805793762
-0.11185318976640701
0.0016313281375914812
-0.06958920508623123
-0.15986402332782745
-0.06455470621585846
-0.01985079050064087
-0.10485757887363434
0.05418999865651131
-0.10770082473754883
0.021220358088612556
-0.06827855110168457
-0.024885177612304688
-0.11434318125247955
-0.030695756897330284
-0.06684732437133789
-0.05076826363801956
0.030773423612117767
-0.026416584849357605
-0.030790481716394424
0.05594516173005104
-0.08396220952272415
0.06867294758558273
0.0326911062002182
0.23862506449222565
1.9814866781234741
0.2205764204263687
-0.34606364369392395
-1.9829726219177246
-0.07861468195915222
-0.03231966122984886
-1.9811352491378784
-0.23049704730510712
-0.055917300283908844
0.41513141989707947
0.5164124965667725
0.8337423801422119
0.11288098990917206
0.12958721816539764
0.08577243238687515
0.14143556356430054
0.02212560549378395
0.0896853357553482
0.08572964370250702
0.06569866091012955
0.04558347538113594
0.137724369764328
0.28497347235679626
0.02171395532786846
-0.05776933208107948
0.12713094055652618
0.12315469980239868
0.05500756949186325
0.14922255277633667
0.11947733163833618
0.11568037420511246
0.10745444148778915
0.1381242424249649
0.1094847023487091
0.2373577207326889
0.16197074949741364
0.18499287962913513
0.2232971489429474
0.14466604590415955
0.15296393632888794
0.1860755980014801
0.13000045716762543
0.15561851859092712
0.07948212325572968
0.14879059791564941
0.06331077218055725
0.20516738295555115
0.1462438702583313
0.11669782549142838
0.16524159908294678
0.11693713068962097
0.10961493849754333
0.14953702688217163
0.13015256822109222
0.22005878388881683
0.06898389011621475
0.20152267813682556
0.12376736849546432
0.959459125995636
0.2162179946899414
-0.15260905027389526
-0.5412760972976685
1.9836024045944214
-0.4020850658416748
1.9836698770523071
-0.016190193593502045
-0.08776196837425232
0.5216063261032104
0.6484726071357727
0.0635509341955185
0.08718017488718033
0.26577895879745483
0.2274952530860901
0.2956611216068268
0.21964257955551147
0.24995052814483643
0.2662719488143921
0.22649675607681274
0.2333221733570099
0.1251322627067566
0.1527259349822998
-0.04135629162192345
-0.062217094004154205
0.7588595747947693
0.499161034822464
0.5758146047592163
0.5674604177474976
0.6385104060173035
0.5817950963973999
0.585503339767456
0.4978227913379669
0.5474593639373779
0.6292998790740967
0.6553094983100891
0.60572350025177
0.5870176553726196
0.5572793483734131
0.5813273787498474
0.5670211315155029
0.5768580436706543
0.5947078466415405
0.6314796805381775
0.5742577314376831
0.5367023348808289
0.5655245184898376
0.6535380482673645
0.5801091194152832
0.577530562877655
0.5537369847297668
0.6032402515411377
0.4954923987388611
0.5836092233657837
0.5709161758422852
0.6162371635437012
0.5915700793266296
0.5835564732551575
-0.18418563902378082
0.05446254834532738
-1.9837137460708618
-0.9148708581924438
0.22245930135250092
-1.3003184795379639
-0.92727130651474
0.03633604571223259
-0.0648452639579773
-0.0317949540913105
0.11207830160856247
0.020757684484124184
0.6950066089630127
0.6970450282096863
0.17052608728408813
1.6803630590438843
1.9232728481292725
1.8518956899642944
1.5705095529556274
1.5132297277450562
1.639386534690857
1.704460620880127
1.6858667135238647
1.68605637550354
0.7285670638084412
0.6334431767463684
0.10186418145895004
0.004981018602848053
0.40395811200141907
1.0858503580093384
1.280922293663025
-1.1862380504608154
-1.6073052883148193
-1.9815282821655273
-0.6857316493988037
-0.07548581063747406
1.7010265588760376
-1.9806879758834839
-1.9841382503509521
-1.647025227546692
0.7015354037284851
1.8575103282928467
1.9815586805343628
1.7718493938446045
0.23498857021331787
-0.432689905166626
-0.9841796159744263
-0.7776086926460266
0.13591797649860382
1.4907934665679932
1.6599689722061157
1.6411834955215454
0.1431889832019806
1.7962923049926758
1.9789541959762573
1.9810668230056763
0.8254520893096924
-0.8855908513069153
-1.9733339548110962
-1.5194929838180542
-0.0727357268333435
1.903223991394043
-0.22885265946388245
-0.23335136473178864
-0.06849780678749084
-0.0035001402720808983
0.18685400485992432
0.11989185959100723
0.036938950419425964
0.029673876240849495
0.1318952888250351
0.08895985782146454
-0.03662979230284691
1.7339926958084106
1.7741395235061646
1.7074604034423828
1.9654697179794312
1.7235190868377686
1.743013858795166
1.8250771760940552
1.8011664152145386
1.727291464805603
0.08936568349599838
0.12958768010139465
0.025534680113196373
0.005425357259809971
-0.06077727675437927
-0.17635074257850647
-0.14529375731945038
-0.22179098427295685
-0.0724949836730957
-0.11662358790636063
-0.17796935141086578
-0.08940710127353668
-0.17551958560943604
-0.259817898273468
-0.22667263448238373
-0.1873490810394287
-0.11542701721191406
-0.17200246453285217
-0.1020854264497757
-0.15013472735881805
-0.16830135881900787
-0.13401053845882416
-0.10892057418823242
-0.16361147165298462
-0.07266907393932343
-0.09968887269496918
-0.1487399935722351
-0.08852275460958481
-0.18301443755626678
-0.006823915988206863
-0.17938482761383057
-0.18357595801353455
-0.17978426814079285
-0.12344517558813095
-0.10260149836540222
-0.0823526680469513
-0.15584157407283783
-0.00013681434211321175
-0.001654394087381661
0.1031913086771965
-1.984375
-0.4485693573951721
-0.36521515250205994
1.9839129447937012
0.2208663672208786
0.29860612750053406
1.2605738639831543
0.6768137216567993
-0.02413756214082241
1.339881420135498
0.6223092675209045
-0.4485751688480377
-1.575092077255249
-1.8557932376861572
-1.9145545959472656
-1.8444175720214844
-1.9089628458023071
-1.7182512283325195
-1.7207707166671753
-1.667402744293213
-1.7142349481582642
0.16687019169330597
0.2931545674800873
-0.004131683614104986
0.1618809849023819
-1.1975760459899902
-0.9980509877204895
-1.4334007501602173
-1.10434091091156
-1.1999926567077637
-1.2368286848068237
-1.088619589805603
-1.0252338647842407
-1.229352593421936
-1.079753041267395
-1.269637107849121
-1.0501585006713867
-1.2470195293426514
-0.8927615284919739
-1.3381887674331665
-0.9980395436286926
-1.2093708515167236
-0.9570159316062927
-1.3904736042022705
-1.2214655876159668
-1.2324411869049072
-1.0484694242477417
-1.2523913383483887
-1.1096378564834595
-1.3391895294189453
-1.0453046560287476
-1.1494174003601074
-0.9275570511817932
-1.1107456684112549
-1.0091488361358643
-1.2868998050689697
-1.0355390310287476
-1.2273287773132324
-1.1584206819534302
-0.40805360674858093
-0.49691829085350037
-0.33650341629981995
-0.8784985542297363
0.39667847752571106
-1.8538440465927124
0.07884467393159866
0.04505458474159241
-1.2890255451202393
-1.7394932508468628
-0.18273018300533295
-1.5533894300460815
-1.9488812685012817
-1.9259089231491089
-1.9198522567749023
-1.8537569046020508
-1.7983663082122803
-1.7325137853622437
-1.7885044813156128
-1.697980284690857
0.19292588531970978
0.2651273012161255
0.031484853476285934
0.11865704506635666
-0.03822856396436691
-0.3506705164909363
-0.41108858585357666
-0.34035393595695496
-0.561356246471405
-0.2642020881175995
-0.5160701870918274
-0.4490129053592682
-0.47149986028671265
-0.3155527114868164
-0.566623866558075
-0.25170227885246277
-0.5544536113739014
-0.3564026951789856
-0.6204376220703125
-0.3181714117527008
-0.6222243309020996
-0.3405629098415375
-0.5507487654685974
-0.2604030668735504
-0.5497761964797974
-0.33322006464004517
-0.48047375679016113
-0.3458888530731201
-0.5826683044433594
-0.29539191722869873
-0.5440031886100769
-0.39437535405158997
-0.4535287022590637
-0.19592878222465515
-0.3662875294685364
-0.2201310098171234
-0.6383735537528992
0.2668238878250122
-0.11509384214878082
1.9843543767929077
0.00244806706905365
-0.048312824219465256
0.03188479691743851
-0.07246830314397812
-0.04358137398958206
-0.06514851003885269
0.03665576130151749
-0.016932182013988495
-0.04284103214740753
0.03480834141373634
-0.07707267999649048
-0.1069740355014801
-0.08947773277759552
-0.08376260846853256
-0.016008922830224037
-0.028269285336136818
0.03460756689310074
-0.08164865523576736
0.047531239688396454
-0.10741361230611801
0.02762124501168728
-0.00216464651748538
-0.10718583315610886
0.006120950449258089
-0.000443044351413846
-0.12020377069711685
-0.12083398550748825
-0.042328882962465286
-0.0853898823261261
-0.0920562818646431
-0.011265719309449196
-0.0009187755640596151
-0.06703593581914902
-0.020112570375204086
0.06221702694892883
0.03424782678484917
-0.0037678119260817766
0.005557901691645384
-0.06578100472688675
0.010577904991805553
-0.05378185957670212
-0.08848810195922852
0.07052411884069443
-0.0895281508564949
-0.09866742789745331
-0.03845392167568207
-0.0056764972396194935
0.034717801958322525
-0.10336250811815262
-0.042620185762643814
-0.1026901975274086
-0.06628958135843277
-0.054538093507289886
-0.08223935216665268
0.023288380354642868
-0.09770704805850983
-0.06274645775556564
0.01795957051217556
-0.016242731362581253
-0.03891322761774063
0.029457414522767067
0.06756246834993362
0.07883673906326294
-0.028024764731526375
-0.08972727507352829
-0.07767187058925629
-0.033023037016391754
0.030696308240294456
-0.10817798227071762
-0.03189149871468544
0.013994043692946434
0.014982011169195175
-0.002992491703480482
-0.12442134320735931
-0.0032644616439938545
-0.0022484171204268932
-0.05834309756755829
-0.10059721767902374
-0.021970776841044426
0.08835640549659729
0.0065071177668869495
-0.0019307135371491313
0.0005870966706424952
0.03270677104592323
0.006835583597421646
-0.03291352093219757
-0.0031373801175504923
-0.08359745144844055
-0.05724816769361496
-0.1516154408454895
0.013133502565324306
0.03621140494942665
-0.048350315541028976
-0.0960736870765686
-0.13050536811351776
-0.09905177354812622
0.03691854700446129
-0.10120332986116409
-0.07407079637050629
0.030686860904097557
-0.04288569837808609
0.022452572360634804
-0.006081610452383757
-0.07156882435083389
-0.13615812361240387
0.03285577520728111
-0.04519859328866005
0.00788892526179552
-0.06894530355930328
-0.1335497498512268
0.08205855637788773
0.06998850405216217
-0.0059272414073348045
-0.15910369157791138
-0.1263711154460907
-0.13428644835948944
0.04382862523198128
-0.09176751226186752
0.009216989390552044
0.07489069551229477
0.08641203492879868
-0.06346966326236725
-0.04491376876831055
-0.000939045159611851
0.02429385297000408
-0.09248410165309906
-0.05444984883069992
-0.03552110865712166
-0.06925416737794876
0.056964728981256485
0.026424776762723923
-0.01646014302968979
-0.04128144681453705
0.04943271353840828
-0.04763614758849144
-0.010045615024864674
-0.012697190977633
0.08284514397382736
-0.022621911019086838
0.04659327492117882
-0.08063623309135437
-0.04627515375614166
0.06601526588201523
0.03639381378889084
-0.03263544663786888
0.0783662348985672
0.019304145127534866
-0.042564116418361664
-0.06970960646867752
-0.08850549161434174
-0.07467593252658844
0.06666407734155655
-0.05219780281186104
-0.0108210863545537
-0.01484412606805563
-0.01066438015550375
-0.08247825503349304
-0.019606370478868484
-0.07317540049552917
0.0031179909128695726
0.0508379228413105
-0.07594219595193863
0.0060518356040120125
-0.07958901673555374
-0.018096331506967545
-0.006523976568132639
-0.0746888816356659
0.08298487961292267
-0.06279581040143967
0.04646174982190132
-0.0631638616323471
-0.007719718385487795
-0.0483037568628788
0.048191994428634644
-0.016466796398162842
0.02562200091779232
-0.06100402772426605
-0.037977855652570724
-0.08011677116155624
-0.08222485333681107
0.06854691356420517
0.0023437878116965294
0.03521149605512619
0.0744556114077568
0.0873992070555687
-0.04293149337172508
-0.05376338213682175
0.04697659611701965
0.05638374388217926
-0.038584865629673004
-0.01230655051767826
-0.04236152395606041
-0.08351821452379227
0.004823561757802963
0.04451153799891472
-0.056004974991083145
0.09332417696714401
-0.0853564515709877
-0.08132480084896088
0.006276700180023909
-0.035556625574827194
0.07153717428445816
-0.011563954874873161
-0.020580966025590897
0.08223863691091537
-0.09304655343294144
-0.004420083481818438
-0.044584620743989944
0.033882077783346176
0.027806086465716362
-0.028674844652414322
0.015688050538301468
-0.03270752727985382
0.050896476954221725
-0.07190141826868057
0.08375518769025803
0.057074736803770065
0.031184060499072075
-0.07719118893146515
0.040229909121990204
-0.0570971816778183
0.08028784394264221
-0.09418726712465286
-0.08484268188476562
-0.046244315803050995
-0.026761379092931747
-0.04806774482131004
0.05386102944612503
0.08107109367847443
-0.023320097476243973
-0.01824277639389038
-0.07975290715694427
-0.015143943019211292
-0.03905294090509415
0.03185874596238136
0.009437366388738155
-0.005221107508987188
-0.06613292545080185
0.0031006925273686647
-0.07079838961362839
-0.09786741435527802
-0.09665340185165405
0.022531377151608467
0.01554659754037857
-0.06799086928367615
-0.03966354578733444
0.024968650192022324
0.02334955707192421
-0.10718820989131927
-0.0028017943259328604
-0.10083704441785812
-0.08906806260347366
-0.0776636078953743
-0.06317377835512161
-0.09176810830831528
-0.012234354391694069
0.033755239099264145
0.041728369891643524
0.04625455662608147
0.06102877855300903
0.0055943639017641544
-0.028895562514662743
-0.009481362998485565
-0.03876633569598198
-0.06404706090688705
0.030171697959303856
-0.04333077371120453
-0.018630847334861755
-0.02106418088078499
-0.01594003476202488
-0.06916911154985428
-0.1107969805598259
0.00521706510335207
-0.08730042725801468
-0.03734448552131653
-0.01188703067600727
-0.07275022566318512
-0.06322158873081207
-0.04879406839609146
0.047100115567445755
0.06589533388614655
-0.003958899527788162
-0.0003266694548074156
0.00792502798140049
-0.03785174340009689
0.06010368838906288
0.0165883656591177
0.04235972464084625
-0.02149788849055767
0.005869199521839619
-0.02879587933421135
0.03703648969531059
-0.07067892700433731
-0.10123515874147415
-0.06997857242822647
-0.09273942559957504
-0.06614834815263748
0.022407779470086098
0.0285804346203804
-0.031714487820863724
-0.08096913993358612
0.0004757818242069334
-0.015162497758865356
-0.07684274762868881
-0.03044232539832592
0.04753979295492172
-0.06485296040773392
0.0633452758193016
-0.11488829553127289
-0.06952279806137085
-0.0691947489976883
0.04945351928472519
-0.0722113624215126
0.061527445912361145
0.0011472258483991027
-0.050494711846113205
0.07341638952493668
-0.06331207603216171
-0.055044692009687424
-0.05216411501169205
-0.004848967306315899
-0.06115684658288956
-0.08698280155658722
0.08446107804775238
0.07309378683567047
0.029191872105002403
-0.007421808782964945
-0.08602657169103622
0.0015332448529079556
-0.034994807094335556
-0.08390891551971436
-0.10470306128263474
0.03905072063207626
-0.027215400710701942
0.017640184611082077
-0.040419772267341614
-0.06683274358510971
-0.0021941924933344126
-0.024774901568889618
-0.07521253824234009
-0.1250143200159073
-0.047662124037742615
0.012032320722937584
-0.09043551236391068
0.06200486049056053
0.04745311662554741
-0.08383528143167496
-0.08333103358745575
0.0012390648480504751
0.05124715715646744
-0.06391019374132156
-0.06959329545497894
0.01676512509584427
-0.09319346398115158
-0.06967934966087341
0.012400452978909016
0.05711215361952782
1.9784114360809326
1.6113784313201904
-1.7590162754058838
-0.8438724279403687
1.3980724811553955
-0.0007731957593932748
-0.36457526683807373
1.977365255355835
-0.037574298679828644
1.9245810508728027
1.9227030277252197
-1.9828537702560425
-0.15562143921852112
-0.13373476266860962
-0.12181060016155243
-0.17191557586193085
-0.0950682982802391
-0.1417417675256729
-0.12982390820980072
-0.11892763525247574
-0.12177743762731552
1.0001083612442017
-0.10489080101251602
-0.010943803004920483
0.003677699249237776
-0.9158494472503662
0.4864530861377716
0.4098353385925293
0.5020430684089661
0.31579485535621643
0.10562203079462051
0.40943148732185364
0.5284799933433533
0.3673053979873657
0.6557888388633728
0.23985645174980164
0.4291855990886688
0.42818811535835266
0.402142733335495
0.017612919211387634
0.3594696521759033
0.7258164882659912
0.46074751019477844
0.14551593363285065
0.2954004406929016
0.6369232535362244
0.6543302536010742
0.31888970732688904
0.15814794600009918
0.5596546530723572
-0.09246885776519775
0.40807437896728516
0.5055000185966492
0.21810799837112427
0.4365728199481964
0.31103676557540894
0.5831941962242126
0.33996689319610596
1.9823882579803467
-0.37028467655181885
-1.9702768325805664
1.9767354726791382
0.49849599599838257
-0.24328354001045227
-1.980973243713379
0.876229465007782
-0.086177758872509
1.882233738899231
1.9593164920806885
-1.9620935916900635
-0.5998131632804871
-0.5864199995994568
-0.5459322929382324
-0.5758681893348694
-0.5663283467292786
-0.5903766751289368
-0.6119098663330078
-0.6054545044898987
-0.5955896377563477
0.9888164401054382
0.6820656061172485
-0.11714130640029907
-0.016193155199289322
0.7432913184165955
0.18041275441646576
0.2961808741092682
0.262195348739624
0.46803221106529236
0.31271061301231384
0.7357488870620728
0.27184152603149414
0.30911365151405334
0.26371803879737854
0.46315181255340576
0.29840531945228577
0.3616124391555786
0.24820341169834137
0.37749147415161133
0.3256800174713135
0.43348759412765503
0.23285344243049622
0.3762170374393463
0.31773748993873596
0.41722163558006287
0.2974703013896942
0.5351910591125488
0.2436712682247162
0.3371032774448395
0.40092456340789795
0.6275504231452942
0.2638916075229645
0.2799752354621887
0.23531381785869598
0.3197214901447296
0.20429366827011108
0.3545525372028351
0.056349534541368484
-1.9804034233093262
-0.49454692006111145
1.9514572620391846
0.1931803673505783
0.205546036362648
-1.6819732189178467
1.8493378162384033
0.8128252625465393
-0.42927104234695435
-1.8709489107131958
-0.07672183215618134
-0.41440364718437195
1.9650797843933105
-0.9471731781959534
-1.9738578796386719
-1.971403956413269
1.9764444828033447
-1.9695078134536743
1.959093451499939
1.5347354412078857
1.9362441301345825
1.4491466283798218
1.9605660438537598
-0.4282360374927521
-0.4945671260356903
-0.25845545530319214
0.5124204158782959
-0.32588306069374084
1.810404896736145
-0.26059690117836
-0.09732915461063385
-0.2568584978580475
0.8176321387290955
0.5849236249923706
1.267320990562439
-1.0433070659637451
0.6893547177314758
0.9382534027099609
1.1897902488708496
0.41107508540153503
-0.6123762726783752
1.8634928464889526
1.3437254428863525
-1.352063536643982
-0.5670674443244934
1.9553898572921753
1.3863728046417236
-1.2685354948043823
0.8319353461265564
0.9287664294242859
1.3474256992340088
0.6000667214393616
0.9299505352973938
0.7169084548950195
1.3055424690246582
-1.0818040370941162
1.8310832977294922
-0.22913473844528198
-0.07725054025650024
-0.06891098618507385
0.0699201226234436
-0.22914403676986694
0.8263770341873169
-0.8218364715576172
-1.9095205068588257
-0.5703120231628418
0.34045082330703735
-1.6433089971542358
0.08848255127668381
1.9357595443725586
-1.937065839767456
1.9827535152435303
-1.8645520210266113
-1.3488487005233765
1.8923161029815674
-1.6546473503112793
1.9107965230941772
-1.835123062133789
-1.6121913194656372
-1.8685137033462524
-1.4927400350570679
1.6514637470245361
1.0654122829437256
0.7516762614250183
0.9109720587730408
-1.6038790941238403
-1.306139588356018
-1.094130039215088
-0.6702547073364258
1.289733648300171
-1.96330726146698
-0.3934006094932556
-0.20832982659339905
1.9837363958358765
-1.5696659088134766
-1.97922945022583
-1.97249436378479
0.5283005833625793
-1.137204885482788
-0.6345128417015076
-1.778287410736084
0.038061294704675674
-0.9415739178657532
-0.4252668619155884
-1.6926113367080688
0.036508653312921524
-1.605555772781372
-1.975882649421692
-1.978821873664856
0.7258803248405457
-1.970484733581543
-0.3620130121707916
-0.207351416349411
1.9822102785110474
-1.2570966482162476
-1.086482048034668
-0.6782193779945374
1.2795242071151733
0.07641448080539703
-0.896008312702179
-1.984270453453064
1.9801355600357056
-0.20360808074474335
0.1472364068031311
1.9800602197647095
-1.9606084823608398
0.10355737805366516
-1.168094277381897
-0.21263164281845093
0.013381724245846272
-0.4602110683917999
-0.4437761604785919
0.16855859756469727
-1.8713111877441406
-1.787835955619812
-1.8863261938095093
-1.8125163316726685
-1.94154953956604
-1.877306580543518
-1.9053466320037842
-1.8965327739715576
-1.8840079307556152
0.09850738942623138
-0.1294432431459427
-0.044750239700078964
-0.03569724038243294
-0.07164020836353302
-0.13481348752975464
-0.07801199704408646
-0.10484765470027924
-0.11564292013645172
-0.030589643865823746
-0.11699873954057693
-0.09157506376504898
-0.09703788161277771
-0.14549227058887482
-0.08437926322221756
-0.1076195165514946
-0.1625828742980957
-0.12212813645601273
-0.10980475693941116
-0.12733203172683716
-0.14022620022296906
-0.06922802329063416
-0.09383577853441238
-0.07237191498279572
-0.17259687185287476
-0.1301213949918747
-0.03725132346153259
-0.0775400847196579
-0.17784573137760162
-0.041063129901885986
-0.16845667362213135
-0.09362432360649109
-0.10304174572229385
-0.10202791541814804
-0.10046118497848511
-0.13015900552272797
-0.1458926647901535
1.9815846681594849
-0.04484071582555771
-0.7126672863960266
-0.9479093551635742
-0.7064712047576904
0.3109286427497864
1.9780653715133667
-0.18950742483139038
0.06517384201288223
0.8534189462661743
0.9277940392494202
0.02711048163473606
-0.4089242219924927
-0.4406774044036865
-0.3637993633747101
-0.42687833309173584
-0.3991273045539856
-0.40980568528175354
-0.43562570214271545
-0.4333764314651489
-0.44275689125061035
0.32537397742271423
0.4603016674518585
-0.09626613557338715
-0.019878845661878586
-0.2223784476518631
0.043475739657878876
0.041483212262392044
0.11607104539871216
0.060819391161203384
0.14194659888744354
0.09496470540761948
0.07838638871908188
0.09232182055711746
0.11184194684028625
0.04288150742650032
0.10022146999835968
0.0002563731395639479
0.05092815309762955
0.01505094300955534
0.13944873213768005
0.04719724506139755
0.05168311670422554
0.04902302473783493
0.0926688089966774
0.02000482752919197
0.11703741550445557
0.08429837971925735
0.08667195588350296
-0.015490311197936535
0.1295270323753357
0.06650856137275696
0.04700818285346031
0.13286277651786804
0.05559350922703743
0.07070579379796982
0.11880727112293243
0.034503743052482605
-0.22092674672603607
-0.04284771904349327
-1.9840346574783325
-0.853439211845398
-0.06755536794662476
-0.07007664442062378
-0.10111190378665924
0.08983107656240463
0.07810962200164795
-0.060138165950775146
-0.6252450942993164
0.08787786215543747
1.954498529434204
1.94943368434906
0.3141569197177887
1.4881049394607544
1.4653925895690918
1.3591489791870117
1.656680941581726
1.9189025163650513
1.6520265340805054
1.5699338912963867
1.3968106508255005
1.5045769214630127
0.03470627963542938
0.05014625936746597
-0.03125208988785744
0.013105220161378384
0.025875551626086235
-1.9842177629470825
-1.8300120830535889
-1.9780421257019043
-1.3561429977416992
-1.3619697093963623
-1.4895179271697998
-1.9702399969100952
-1.6895874738693237
1.7792819738388062
1.516133189201355
1.4557610750198364
1.7942239046096802
1.6803392171859741
1.9655475616455078
1.1460602283477783
1.2156399488449097
-1.9392329454421997
-1.8043100833892822
-1.5597792863845825
-1.5111372470855713
-1.981987476348877
-1.2612345218658447
-1.7723939418792725
-1.9827359914779663
1.9616426229476929
1.791334629058838
1.9788981676101685
1.7269614934921265
1.9814668893814087
1.9843230247497559
1.9794087409973145
1.2635400295257568
1.9653210639953613
0.06127316877245903
-0.06237698718905449
-0.09098882228136063
0.006065489258617163
-0.028873929753899574
0.0012926767813041806
-0.2242264449596405
0.03714534640312195
1.677986741065979
1.7774698734283447
0.167459174990654
1.6239583492279053
1.8111642599105835
1.6601719856262207
1.618213176727295
1.9079645872116089
1.546331763267517
1.6221870183944702
1.8436359167099
1.8347408771514893
0.03627924621105194
0.06213599815964699
-0.033266834914684296
-0.01911071129143238
0.00161116779781878
0.11139214038848877
0.2062438428401947
0.07346890866756439
0.271240770816803
0.36710625886917114
0.09449765831232071
-0.030921079218387604
0.1618914157152176
0.5356231331825256
0.5783175230026245
0.16495953500270844
-0.2690262794494629
-0.03755111247301102
-0.05609922111034393
0.14754033088684082
0.26194867491722107
0.2814500629901886
0.2674843668937683
0.3274887502193451
0.01945466920733452
-0.12490641325712204
-0.3161863386631012
0.1748131811618805
0.3880360424518585
0.040888313204050064
0.24996016919612885
0.3994697034358978
0.03521193563938141
0.08752142637968063
0.09456685185432434
0.1976107656955719
0.06759966909885406
0.008347740396857262
0.11719229817390442
-0.35801267623901367
-0.07559642940759659
-0.06117083504796028
-0.08882725983858109
0.05956592410802841
-0.018269481137394905
-0.0068965451791882515
0.07489252835512161
0.04346180707216263
0.015693334862589836
-0.06444718688726425
0.05477335304021835
-0.08646990358829498
0.07016721367835999
-0.05260414257645607
0.014567739330232143
-0.08512943983078003
0.01012143213301897
0.0576455220580101
0.048829782754182816
-0.09078512340784073
0.07551377266645432
0.041542597115039825
0.0071297334507107735
-0.09844857454299927
0.031059805303812027
0.04398857057094574
-0.07499578595161438
0.04603519290685654
-0.08586344122886658
-0.035449422895908356
0.03570837154984474
-0.10382528603076935
-0.04893083497881889
0.00030168346711434424
-0.061981357634067535
-0.05571532994508743
-0.009162381291389465
-0.06844011694192886
-0.054267190396785736
-0.07343729585409164
-0.004266749136149883
-0.04449417069554329
-0.011531961150467396
0.07948095351457596
0.07027972489595413
-0.06353620439767838
-0.08398120105266571
0.025273649021983147
-0.013506212271749973
-0.019265582785010338
0.04962499067187309
0.06351874768733978
-0.03718778118491173
-0.05096038058400154
-0.09416689723730087
-0.032921385020017624
-0.08719144016504288
-0.08125679939985275
0.022250816226005554
-0.0392768494784832
0.018896058201789856
-0.04680352285504341
-0.03555084764957428
0.04383494332432747
-0.004716056864708662
-0.021250730380415916
0.025501636788249016
0.05076047405600548
-0.03018413856625557
-0.006421608384698629
0.05567010119557381
0.10048871487379074
0.019772101193666458
-0.023114433512091637
-0.00024154959828592837
-0.013496865518391132
0.07141008973121643
0.07385305315256119
-0.09310705959796906
0.005085562355816364
0.031169995665550232
0.022797537967562675
0.015288054011762142
-0.09728220850229263
0.05173514410853386
-0.03613134101033211
-0.019276702776551247
0.05217181518673897
-0.012857556343078613
0.020397990942001343
0.09479928761720657
-0.05850629881024361
-0.07881317287683487
-0.04075521603226662
-0.10004247725009918
-0.014055801555514336
-0.03770606592297554
0.011445189826190472
-0.05571882054209709
-0.0690392255783081
0.06352224200963974
-0.08271302282810211
-0.00250031054019928
-0.05601784959435463
0.0030900451820343733
-0.033410925418138504
0.01574237458407879
-0.09377460926771164
-0.038125697523355484
0.06789235770702362
0.02501622773706913
0.031233275309205055
0.0003294454072602093
-0.004017112776637077
-0.05167765915393829
0.07724978774785995
0.052791666239500046
0.0560450553894043
0.024732328951358795
-1.97904634475708
0.09458062797784805
0.20372264087200165
-0.056151047348976135
-1.6414371728897095
-0.023980960249900818
-0.12598548829555511
-1.9482237100601196
-0.02368452399969101
-0.5391414761543274
-0.07113366574048996
-1.2291762828826904
0.9400156736373901
1.6795979738235474
1.042680025100708
1.473361849784851
1.5650933980941772
0.519688606262207
0.94828861951828
1.464849829673767
1.2311517000198364
0.04881834238767624
-0.06836431473493576
-0.061290062963962555
-0.14043313264846802
0.05954470857977867
0.054986372590065
0.3404458463191986
-0.17779682576656342
0.39591920375823975
0.0718710646033287
0.2946917414665222
0.17774544656276703
0.4498964548110962
0.47164252400398254
0.5980144739151001
-0.06111732870340347
0.2290603369474411
-0.49324968457221985
-0.09627322107553482
0.14042174816131592
0.9343204498291016
0.5198168754577637
0.5572081804275513
0.07892537117004395
-0.07658395171165466
-0.4305212199687958
0.25013062357902527
0.3667488992214203
0.4061927795410156
-0.34711581468582153
0.0013420985778793693
-0.2679862380027771
-0.463311105966568
0.08558417856693268
-0.01200089044868946
-0.12735046446323395
-0.01693853549659252
-1.901033878326416
-0.09106296300888062
-0.22743499279022217
-0.6614524126052856
-0.0991370752453804
0.16845493018627167
0.06603655219078064
1.03118896484375
0.02002113312482834
1.6724101305007935
0.6954257488250732
1.9564898014068604
1.169278860092163
-0.8466408848762512
-0.3259158432483673
1.4576627016067505
1.8261501789093018
-0.555366039276123
0.6153804063796997
1.7179213762283325
0.6931256651878357
0.1083500012755394
0.17461587488651276
-0.12133058160543442
0.14112287759780884
-0.03604511916637421
-1.9155235290527344
-0.7871317267417908
-1.6526446342468262
-1.3202463388442993
-1.2719743251800537
-0.898451030254364
-1.872833251953125
-1.9639638662338257
-1.9824784994125366
-1.029106616973877
-1.737994909286499
-1.9421682357788086
-1.9813255071640015
-1.052442193031311
-1.978151559829712
-1.9051406383514404
1.9834290742874146
1.8702151775360107
1.9516769647598267
1.9677436351776123
1.936680793762207
1.8020130395889282
1.4032269716262817
1.9668710231781006
0.8948044180870056
1.9732248783111572
1.6912767887115479
1.9829188585281372
1.8929213285446167
1.9206287860870361
1.6133803129196167
1.5425782203674316
0.08241038024425507
0.16410981118679047
0.2281588762998581
-0.12651032209396362
-0.05837559327483177
0.05342564359307289
0.05879484489560127
0.037978943437337875
-0.016623154282569885
-0.07850901782512665
0.1500048190355301
0.0050855595618486404
-0.2479858696460724
0.02109331265091896
-0.15832650661468506
0.11172400414943695
0.10561186820268631
-0.21792376041412354
0.04985764995217323
0.05438508838415146
-0.1756749153137207
-0.20086239278316498
-0.17365090548992157
-0.1171160489320755
-0.06881824880838394
-0.06043688952922821
-0.04779686778783798
-0.1019921824336052
-0.042839717119932175
-0.03210979327559471
0.13462203741073608
-0.03996805474162102
-0.02468137815594673
0.06765315681695938
-0.11971064656972885
0.05844292789697647
0.013149172998964787
-0.2395680695772171
-0.2456369251012802
-0.11213617026805878
-0.24708397686481476
-0.2784484326839447
-0.22288864850997925
-0.162930428981781
-0.09073684364557266
0.03971855342388153
-0.164512500166893
0.000456455658422783
-0.08391985297203064
-0.11417195200920105
0.019377605989575386
-0.0629272386431694
-0.04936416819691658
0.16654883325099945
-0.050388626754283905
-0.01846444234251976
-0.033235304057598114
0.15172003209590912
0.10145315527915955
-0.19837543368339539
-0.006946922279894352
-0.03925028443336487
-0.06165677681565285
-0.025197630748152733
-0.03902973607182503
0.030875982716679573
-0.04930875077843666
0.01894298940896988
0.023134054616093636
0.06046121567487717
-0.10074469447135925
0.00562744215130806
0.1070777103304863
-0.05036696419119835
0.2481425702571869
-0.03118080273270607
0.04861409217119217
-0.05168209597468376
0.06521201133728027
-0.1414056420326233
-0.07840586453676224
-0.050556350499391556
-0.04176711291074753
-0.011596287600696087
0.06507711112499237
-0.06125875934958458
-0.15043234825134277
-0.13945002853870392
-0.1612721085548401
-0.1712719202041626
-0.09211072325706482
-0.16988925635814667
0.05355167016386986
-0.0423300601541996
-0.028851857408881187
-0.10685736685991287
-0.18147793412208557
-0.22686767578125
-0.39209723472595215
-0.018258724361658096
0.21891312301158905
0.0777042806148529
-0.03109746240079403
0.11397512257099152
0.13925105333328247
-0.018736910074949265
-0.1373414695262909
-0.12808749079704285
-0.15417110919952393
-0.12706071138381958
-0.17117533087730408
-0.31057438254356384
-0.16957680881023407
-0.19637231528759003
-0.03854052349925041
0.10144155472517014
0.1844061315059662
0.07361117005348206
-0.08086728304624557
-0.10294260829687119
-0.02743067964911461
-1.984375
-1.9816956520080566
0.13760268688201904
-0.11028824001550674
-1.9805313348770142
-0.1892700046300888
0.07520851492881775
0.17323707044124603
-1.7185944318771362
-0.06706928461790085
1.9484604597091675
0.2752920091152191
1.9710203409194946
-0.0301460400223732
-1.8809151649475098
0.7578368782997131
1.9825421571731567
-1.2987804412841797
-1.9142898321151733
0.511203408241272
1.1702238321304321
-1.1368637084960938
0.030412424355745316
0.050609733909368515
0.18208499252796173
0.596398651599884
-0.020271707326173782
-1.9640355110168457
-1.9393460750579834
-1.9831440448760986
-1.4813177585601807
-1.262426495552063
-0.5601380467414856
-1.8441678285598755
-1.9081556797027588
-0.11550797522068024
-0.4752636253833771
-1.208387851715088
-1.9803155660629272
-1.9423167705535889
-1.6964218616485596
-0.8078610897064209
-0.21229292452335358
1.8277361392974854
1.9220085144042969
1.1519496440887451
1.5161075592041016
0.9202218055725098
1.8630084991455078
1.5013024806976318
1.9621119499206543
0.9594027996063232
0.8807445168495178
1.4961178302764893
1.637886643409729
1.4691693782806396
1.984375
1.9747618436813354
1.524899959564209
-1.984375
0.009863018989562988
0.08133772760629654
-0.18756765127182007
-1.9816352128982544
0.1846228837966919
-0.07181724905967712
-1.9816954135894775
0.0037074421998113394
0.4974016547203064
1.921210527420044
-1.80733060836792
0.9529659748077393
-1.3895403146743774
-0.13450999557971954
1.6948633193969727
0.044976700097322464
-1.2190278768539429
0.268425852060318
1.00489342212677
-0.602662205696106
0.13269764184951782
0.05608922988176346
-0.2589865028858185
-0.148716002702713
0.7085617780685425
0.9492657780647278
1.1262681484222412
1.3667430877685547
1.0494729280471802
0.8541777729988098
1.0587612390518188
1.3648735284805298
1.3687313795089722
1.7450486421585083
1.6340599060058594
1.4503822326660156
1.083255648612976
-0.6332923769950867
0.46470707654953003
0.37241172790527344
0.47766661643981934
1.810261607170105
1.5775011777877808
0.5556116700172424
1.3556686639785767
-0.5115746259689331
-0.6972317695617676
-0.45669499039649963
0.6274338364601135
0.6960193514823914
0.8051322102546692
0.12843169271945953
-0.08678099513053894
-0.26370710134506226
-0.20184198021888733
0.04932313784956932
0.6754390001296997
0.3877919912338257
1.7705143690109253
-0.21215687692165375
-0.07526423782110214
-0.06583476066589355
-0.011345900595188141
-0.060646891593933105
-0.08554282784461975
0.01510685682296753
0.053460489958524704
0.08689069747924805
-0.04449136182665825
-0.006918780039995909
-0.012490280903875828
-0.050381749868392944
-0.08637943863868713
0.03127184137701988
-0.020993661135435104
-0.04085507243871689
0.05574117228388786
-0.06379839777946472
0.07802192121744156
-0.08783455938100815
0.08927424997091293
0.00429728627204895
0.03141757473349571
-0.061909109354019165
-0.06911924481391907
-0.03101152740418911
-0.047650791704654694
-0.07168814539909363
-0.027884148061275482
0.06656496971845627
0.004983427468687296
0.089363694190979
0.041595906019210815
0.010337135754525661
0.042995911091566086
0.04197390377521515
0.037971142679452896
-0.01701505295932293
0.019623225554823875
-0.04939959570765495
-0.0199129581451416
0.052397992461919785
0.07925063371658325
0.049631912261247635
0.08396249264478683
0.00292711379006505
-0.024883532896637917
-0.037461698055267334
0.02643335983157158
-0.002142403507605195
0.00947596225887537
0.07393206655979156
-0.07532753050327301
0.07076457142829895
0.002548790071159601
0.038055527955293655
0.07117637246847153
-0.07392539083957672
0.0031677898950874805
-0.06466130912303925
-0.0854911208152771
-0.030358649790287018
0.02205183170735836
0.08469739556312561
-0.028637342154979706
-0.03357343003153801
-0.010690107010304928
0.037739768624305725
-0.0897243469953537
-0.037323031574487686
-0.0779029056429863
0.009233986027538776
-0.07039452344179153
0.06246362254023552
0.005376678425818682
0.0787617415189743
0.016110146418213844
-0.0828394740819931
0.031524308025836945
0.0169268436729908
-0.037264809012413025
-0.022305041551589966
0.032446347177028656
0.04982663318514824
0.06387095898389816
-0.05033920705318451
0.06499356031417847
-0.04973764717578888
0.03407753258943558
-0.007671733852475882
-0.04187687486410141
0.002653708914294839
-0.030060013756155968
-0.06537268310785294
-0.019680870696902275
-0.05977380648255348
0.08671820908784866
0.06193884462118149
0.028253883123397827
0.028399595990777016
0.028507355600595474
0.023604827001690865
0.05746277794241905
0.010086646303534508
0.08959238976240158
0.041124377399683
0.024874746799468994
-0.07226727157831192
-0.02935732714831829
0.0021212142892181873
-0.0488002635538578
0.0746973305940628
-0.03072489984333515
0.05298233777284622
0.03940160572528839
0.03826398029923439
-0.06282711774110794
0.01111597754061222
0.0009183586807921529
0.04969540238380432
-0.11179344356060028
0.041767943650484085
-0.024482179433107376
-0.014370433054864407
-0.04348505288362503
0.0431366041302681
-0.04156062379479408
0.05645761638879776
0.062179286032915115
-0.020417403429746628
-4.740001531899907e-05
-0.10994824022054672
0.009121320210397243
0.04155800864100456
-0.06684385240077972
0.050612036138772964
-0.046959251165390015
0.009983033873140812
0.013796286657452583
0.013253054581582546
-0.03944699838757515
0.04356976971030235
0.0894000232219696
-0.011108463630080223
-0.06479780375957489
0.01821405626833439
-0.06715375930070877
0.025636013597249985
-0.019417662173509598
0.005921307951211929
-0.02845071628689766
0.06373699009418488
-0.1001129224896431
-0.04768725857138634
-0.010351643897593021
0.0032111727632582188
0.02024940401315689
0.045056749135255814
-0.09083400666713715
0.004059905651956797
0.013857470825314522
-0.049156349152326584
0.009419212117791176
0.04513248801231384
-0.050821200013160706
0.020426610484719276
-0.0964670404791832
-0.04468808323144913
-0.09679114818572998
0.029633253812789917
0.027457909658551216
-0.07138028740882874
-0.03246675059199333
-0.025555195286870003
0.04334859549999237
-0.09670297801494598
-0.08982311934232712
0.026425307616591454
-0.12524735927581787
-0.02684597857296467
-0.020250650122761726
0.039901699870824814
-0.041283849626779556
0.005668432451784611
-0.04200494661927223
0.07412952184677124
0.05594013258814812
-0.01535087637603283
-0.06389692425727844
-0.11785950511693954
0.08343555778265
0.06362465769052505
0.0020568910986185074
-0.021480239927768707
-0.03638695925474167
-0.07598614692687988
-0.10309547930955887
-0.021201370283961296
0.06905338168144226
-0.0816946029663086
0.1593385487794876
-0.10100997239351273
-0.008647247217595577
-0.0691879466176033
-0.03942754119634628
-0.06963658332824707
-0.047737929970026016
-0.05392126366496086
0.002322169952094555
0.050743140280246735
0.028872113674879074
-0.08008909225463867
-0.05589866638183594
-0.02275029383599758
0.034518446773290634
-0.07735788822174072
-0.010648497380316257
-0.08149415254592896
0.04795360565185547
-0.09020883589982986
-0.060671333223581314
0.032352425158023834
0.045914746820926666
-0.022420460358262062
0.06339383125305176
-0.05980516970157623
0.00322854146361351
0.05080624669790268
-0.08319907635450363
-0.053303882479667664
-0.03030203841626644
0.013041802681982517
0.005880530457943678
-0.02136499248445034
-0.01314730104058981
-0.11496181786060333
-0.09545116126537323
0.08807257562875748
0.7521547079086304
0.9227657914161682
0.5767190456390381
-1.984375
-1.8728727102279663
1.2570587396621704
0.6213669180870056
-1.984375
-0.03916185721755028
0.9840235710144043
1.8156763315200806
-1.984375
0.35801148414611816
1.9516994953155518
-1.8808015584945679
1.9343146085739136
-1.9428178071975708
-1.1876848936080933
-1.7212268114089966
-1.6897146701812744
-0.5538448095321655
0.1326320767402649
-0.41479140520095825
0.4638746380805969
-1.2434955835342407
-1.984375
-1.7595150470733643
1.904068946838379
-1.9786407947540283
1.1597455739974976
-1.9780066013336182
-0.9025887250900269
-1.2867834568023682
0.05138577148318291
-1.872323751449585
1.9042637348175049
-1.9327012300491333
-1.984375
0.11741864681243896
-1.9492599964141846
-0.1632540374994278
-0.8656793832778931
-0.4568365216255188
-1.6603869199752808
-0.07993675023317337
-0.18382315337657928
-1.984375
1.902645230293274
-1.9288856983184814
-1.984375
-1.984375
-1.689639687538147
-1.5874834060668945
0.2813953161239624
-1.9789891242980957
1.8803081512451172
-1.983619213104248
1.775723934173584
-0.9785575270652771
1.4846535921096802
-1.984375
1.8888522386550903
-0.020871153101325035
-0.5091127753257751
-0.6624889969825745
1.95939302444458
0.06492780148983002
-1.7739816904067993
-1.5496325492858887
-0.3767590820789337
-1.4603852033615112
-1.984375
-1.98143470287323
-1.952821969985962
-1.984375
1.8625471591949463
1.9141688346862793
1.7933926582336426
1.7604225873947144
0.4234926402568817
0.5734395980834961
-1.9592729806900024
0.4504987299442291
-1.0040689706802368
1.9185378551483154
1.88692307472229
1.5138752460479736
-1.9643408060073853
-1.984375
1.841787338256836
0.21623654663562775
-0.3487544655799866
1.9348719120025635
1.908990740776062
-1.984375
0.09593293815851212
-1.0408247709274292
1.8767203092575073
0.8190314769744873
-1.9639889001846313
-0.7583054900169373
1.9036965370178223
0.3768446445465088
-1.984375
1.8971761465072632
1.8878252506256104
-1.984375
-0.8732558488845825
-1.9594899415969849
1.8584777116775513
1.2611615657806396
-0.3451039791107178
1.713392972946167
1.9330809116363525
1.9037971496582031
-1.9607166051864624
1.9110027551651
-1.789498209953308
-0.5587556958198547
-1.977091670036316
-0.4197758734226227
0.08988304436206818
0.4019909203052521
0.2893576920032501
0.21948502957820892
-1.539568543434143
-1.9374580383300781
-0.08961722999811172
0.9425699710845947
1.8638219833374023
0.9006847143173218
-0.6653680801391602
-0.09481693059206009
-0.5354658961296082
-0.11605434864759445
-0.5739397406578064
-0.5073969960212708
-0.435566782951355
-0.4201968312263489
-0.4503086507320404
0.08611582219600677
0.037801191210746765
-0.10576117038726807
-0.33004772663116455
-1.9834052324295044
-1.9815058708190918
-1.8039562702178955
-1.9619561433792114
-1.803332805633545
-1.9100948572158813
-1.9737498760223389
-1.8685851097106934
-1.7982573509216309
-1.7993779182434082
-1.7356706857681274
-1.9368400573730469
-1.808279275894165
-1.5605257749557495
-1.9301849603652954
-1.963297963142395
-1.6445058584213257
-1.532986044883728
-1.6694899797439575
-1.8386120796203613
-1.5698573589324951
-1.8559879064559937
-1.6465753316879272
-1.7177194356918335
-1.7294095754623413
-1.7360390424728394
-1.9539850950241089
-1.6240229606628418
-1.6482402086257935
-1.9684336185455322
-1.7694169282913208
-1.9090758562088013
-1.6506167650222778
-1.9736127853393555
-1.039067268371582
-0.5014601349830627
-1.9840195178985596
0.08323124796152115
0.8719885945320129
1.6557741165161133
0.2972697913646698
-0.058440111577510834
1.8941715955734253
1.9193180799484253
-0.6800135970115662
-0.061966463923454285
0.05338819697499275
0.14172393083572388
0.15831106901168823
0.18956834077835083
0.16151311993598938
0.24313080310821533
0.2258434295654297
0.2602611184120178
0.13539832830429077
0.24702785909175873
-0.20698776841163635
0.13990677893161774
-0.5904099345207214
-0.9262973666191101
-1.4343854188919067
-1.0571317672729492
-1.3088335990905762
-1.0075576305389404
-1.2768076658248901
-0.980280339717865
-1.1711868047714233
-1.2509417533874512
-1.568671703338623
-1.2641628980636597
-1.3306902647018433
-1.2595442533493042
-1.565349817276001
-1.329710841178894
-1.445981740951538
-1.2571650743484497
-1.6092345714569092
-1.357820987701416
-1.4746166467666626
-1.2179800271987915
-1.5986597537994385
-1.2366735935211182
-1.3771661520004272
-1.0038129091262817
-1.2929868698120117
-0.9238929748535156
-1.240929126739502
-1.0783631801605225
-1.541506290435791
-1.0214303731918335
-1.3795241117477417
-0.5168986320495605
0.4238409996032715
-0.0669500082731247
B
256
0.12187690287828445
-0.055418405681848526
-0.03465426340699196
-0.09926772862672806
-0.03441724553704262
0.15622174739837646
-0.09962616115808487
-0.09510312974452972
-0.03134678304195404
-0.008373012766242027
-0.08036830276250839
-0.12211862951517105
-0.5024423599243164
-0.008026566356420517
-0.04245799779891968
0.05792099982500076
-0.01625973731279373
-0.3084889352321625
-0.10560917109251022
-0.009623329155147076
-0.037291284650564194
-0.04766065254807472
-0.24525561928749084
-0.2114369422197342
0.08496438711881638
-0.08894402533769608
-0.053739871829748154
-0.08423848450183868
-0.10623669624328613
-0.0873272493481636
0.03581548482179642
-0.26042377948760986
-0.08160215616226196
-0.07659882307052612
-0.02320181392133236
-0.03721906244754791
-0.291435569524765
-0.06657697260379791
-0.21483837068080902
-0.08184225112199783
-0.09932344406843185
0.018912337720394135
-0.06487952917814255
-0.055584412068128586
-0.25915324687957764
-0.0023519154638051987
-0.209845632314682
-0.0913449227809906
-0.14960122108459473
-0.08627068251371384
0.13481752574443817
-0.14346939325332642
-0.09525192528963089
-0.08929615467786789
-0.042234741151332855
-0.02306767739355564
-0.042559169232845306
-0.17692013084888458
-0.07594043016433716
-0.07980510592460632
-0.08494308590888977
-0.09964827448129654
-0.016317974776029587
-0.07788603752851486
-0.017545517534017563
-0.1421605944633484
-0.06687307357788086
-0.28906434774398804
0.30342668294906616
-0.027500571683049202
0.10046388953924179
-0.1316063106060028
-0.13035237789154053
-0.07300453633069992
-0.05571063607931137
-0.05025834962725639
-0.010444294661283493
-0.02908078394830227
-0.08627496659755707
-0.11286962032318115
0.034244269132614136
-0.049915120005607605
-0.015528968535363674
-0.07837750762701035
-0.1067248210310936
0.11334414780139923
-0.06927888840436935
0.12345467507839203
-0.33741819858551025
-0.002786410041153431
-0.030843278393149376
-0.06839737296104431
-0.06057239696383476
-0.034745924174785614
-0.06662554293870926
-0.02430316060781479
-0.07674305140972137
-0.055991608649492264
-0.10118282586336136
0.1676267832517624
-0.023622814565896988
0.27173423767089844
-0.02300211973488331
-0.1142120286822319
0.11931285262107849
-0.11537231504917145
-0.04831496626138687
-0.09914123266935349
0.19379650056362152
-0.10266923159360886
0.03627480939030647
-0.09034296125173569
-0.1175551488995552
-0.07535767555236816
0.043209049850702286
-0.051882367581129074
-0.04919947311282158
-0.11050256341695786
-0.09036404639482498
-0.031022589653730392
-0.2543815076351166
-0.09779199212789536
0.06292027980089188
-0.20687232911586761
0.0037225878331810236
-0.0823337659239769
0.1155652329325676
-0.03493180125951767
0.0658012181520462
-0.01714915968477726
-0.09232872724533081
-0.43177151679992676
-0.07580064237117767
-0.08192376047372818
-0.01084842998534441
-0.11993426084518433
-0.08129404485225677
-0.07409130036830902
-0.019275955855846405
-0.06466822326183319
-0.02824602648615837
-0.06872371584177017
-0.08246565610170364
-0.020941516384482384
0.10683561861515045
-0.2743176817893982
0.008056744001805782
-0.3253730833530426
-0.10501143336296082
-0.01806868426501751
-0.10485944151878357
-0.14264467358589172
-0.10679349303245544
-0.022674337029457092
0.14847980439662933
-0.030675265938043594
0.12944044172763824
0.12022379785776138
0.23214249312877655
-0.09042321145534515
-0.06093207374215126
-0.04437952861189842
-0.10876891016960144
-0.0893532782793045
-0.1153712049126625
-0.07632752507925034
-0.0876544788479805
-0.05919723957777023
-0.13507361710071564
-0.039780184626579285
-0.15742234885692596
-0.11996861547231674
-0.1358160525560379
-0.12074785679578781
0.10251397639513016
0.19990524649620056
-0.0051745763048529625
-0.13264738023281097
-0.12709775567054749
-0.08430973440408707
-0.0055181425996124744
-0.08371835947036743
-0.035394337028265
-0.10775672644376755
-0.02629605121910572
-0.08278714865446091
0.09379856288433075
-0.2149387151002884
-0.030810797587037086
-0.06912371516227722
-0.13236300647258759
-0.07043156772851944
-0.056446678936481476
0.3399181663990021
-0.11977478861808777
-0.11453734338283539
-0.08616956323385239
-0.015770144760608673
-0.06098059192299843
-0.06883156299591064
0.012313338927924633
-0.06641329079866409
0.15479525923728943
0.0006522377952933311
-0.06640884280204773
-0.01797940582036972
-0.02911573275923729
0.232703298330307
-0.20794588327407837
-0.09458131343126297
-0.10500596463680267
-0.3355619013309479
-0.13441023230552673
-0.06930296868085861
-0.057396452873945236
-0.12498113512992859
0.21057012677192688
-0.19771401584148407
-0.03464668244123459
-0.058729831129312515
0.09107594192028046
-0.07793425768613815
-0.14671555161476135
-0.0580986812710762
-0.08213020116090775
-0.206289604306221
-0.059188127517700195
-0.22250814735889435
-0.12712827324867249
-0.28363561630249023
-0.03646581619977951
0.11863168329000473
-0.10407625883817673
-0.07597646862268448
-0.2325342446565628
-0.1022808700799942
-0.041179873049259186
-0.0573812760412693
-0.0959814265370369
-0.08217781782150269
0.2238868623971939
-0.0610344223678112
-0.01538467314094305
-0.05186374485492706
-0.07150213420391083
-0.5651321411132812
0.023640122264623642
-0.13299302756786346
-0.0685102790594101
-0.0739583745598793
-0.001033516600728035
-0.2126053124666214
-0.01197341363877058
-0.05554095655679703
-0.07056950777769089
0.37419500946998596
W
64
256
0.030116476118564606
0.018554946407675743
0.009806887246668339
0.02707017958164215
-0.036639466881752014
0.19194084405899048
-0.6212183237075806
0.020443977788090706
0.32748812437057495
-0.12047173082828522
0.041133441030979156
1.9563350677490234
1.722612977027893
-0.6495828032493591
0.3664039075374603
-0.058063387870788574
-0.055812984704971313
-1.984375
0.5481359958648682
-0.05641469731926918
0.042386215180158615
0.009598657488822937
0.33882346749305725
-0.12115287035703659
0.298549622297287
-0.04531155526638031
-0.02850252389907837
-0.041722074151039124
0.02501341514289379
0.5159284472465515
-0.2594556212425232
0.01149603258818388
0.4029921293258667
0.04798569530248642
-0.03262382745742798
-0.44551989436149597
1.976721167564392
-0.01567602902650833
0.5532891154289246
0.030736058950424194
0.015398762188851833
-0.18897095322608948
-0.002208126476034522
-0.008254013955593109
-0.1910899579524994
0.05394931137561798
0.021993640810251236
0.0013571828603744507
0.09838250279426575
0.004670292139053345
0.027430756017565727
0.34658321738243103
0.08958756923675537
-0.057631853967905045
0.03431963175535202
0.00964546948671341
-0.01843596249818802
1.0519589185714722
0.023512937128543854
-0.03070659190416336
-0.05000268667936325
-0.04265517741441727
-0.014317587018013
0.44126608967781067
0.0317738801240921
0.36737704277038574
-0.011340022087097168
0.3890315294265747
-0.17156751453876495
0.002079598605632782
0.056437794119119644
-0.28775739669799805
0.08526771515607834
0.05052628368139267
-0.003477223217487335
0.32889026403427124
-0.04101745784282684
-0.9970120787620544
-0.30585935711860657
0.4501948058605194
-0.012064062990248203
0.01690257340669632
0.010612770915031433
-0.1755111813545227
-0.10673553496599197
-1.9807345867156982
-0.002593857003375888
-1.983451008796692
0.06406930834054947
-0.02588777244091034
-1.2024954557418823
0.04519236460328102
0.38576608896255493
0.11722426861524582
-0.7138697504997253
1.410524845123291
0.06172119081020355
-0.028475992381572723
0.45251336693763733
-0.06777963042259216
0.05019810050725937
0.4790360629558563
-0.05105229467153549
0.0887637808918953
-1.9819034337997437
-0.23924146592617035
-0.05641049146652222
0.05324779450893402
-0.21825967729091644
-0.024253997951745987
-0.2668996751308441
-0.02185460925102234
0.09877314418554306
-0.021686267107725143
-0.11434852331876755
-0.05385935306549072
0.38203492760658264
0.08349715173244476
0.07595796883106232
-1.984375
-0.18300481140613556
0.017957791686058044
0.6715020537376404
-1.8753098249435425
0.3685851991176605
1.3013503551483154
0.06951337307691574
-0.022933082655072212
0.23654957115650177
0.009315341711044312
0.03204572945833206
-1.8820891380310059
-0.0323229655623436
-0.06014934927225113
-0.047356754541397095
0.21205811202526093
0.014678609557449818
-0.0009889155626296997
-0.1671510636806488
0.006083950400352478
-0.7597471475601196
0.2441396266222
0.029285594820976257
-0.05356479063630104
-0.13436850905418396
1.002196192741394
0.2334282398223877
0.2806628346443176
0.018733089789748192
-0.28792744874954224
0.07923343032598495
0.32434743642807007
0.47521916031837463
0.013154596090316772
0.7627886533737183
0.05809308588504791
0.03512764722108841
-0.004139739088714123
-0.0008730159606784582
0.050985224545001984
-0.30296650528907776
-0.046955883502960205
-0.31269192695617676
-0.02958080917596817
-0.026435256004333496
0.0017116740345954895
-0.0272720605134964
-0.013023950159549713
0.07636617124080658
-0.2639372944831848
-0.06985046714544296
-0.028449419885873795
-0.04436703771352768
0.42769402265548706
0.14709874987602234
-0.07706806063652039
0.06225045770406723
0.011870096437633038
0.1119583249092102
-0.056849949061870575
-0.4731065630912781
0.0575958788394928
-0.1695662885904312
-0.026356719434261322
0.010085461661219597
0.02927275002002716
0.13021506369113922
0.04887719079852104
1.166479229927063
-0.01374785602092743
-0.25149503350257874
-0.3076932430267334
-0.008261427283287048
0.04861750453710556
0.03349043428897858
0.07414951920509338
0.047982558608055115
-0.012573009356856346
-0.05001338571310043
0.029751941561698914
0.3152388632297516
0.01453959196805954
-0.009511468932032585
0.031354933977127075
0.03231801837682724
0.06220407783985138
0.14286720752716064
-0.27853134274482727
1.8898392915725708
-0.24725452065467834
-1.9832983016967773
-0.34462207555770874
0.07349281758069992
-0.011663787066936493
0.03889026492834091
-0.3421662747859955
0.09165589511394501
0.4340304732322693
0.03692197799682617
0.4092293381690979
0.17568758130073547
-0.015419870615005493
0.11538422852754593
-0.01192513108253479
-0.0403643399477005
0.5497013330459595
-0.0021583661437034607
0.06051347777247429
0.392513245344162
-0.005790212191641331
0.1566087305545807
-0.6742649674415588
-0.060254938900470734
-1.3824388980865479
0.10893373936414719
0.0371512845158577
0.009035460650920868
0.00901190098375082
-0.0657205656170845
0.012033361941576004
0.4638964533805847
-0.03731127083301544
0.03474259376525879
-0.026086479425430298
-1.984375
-1.9456056356430054
-0.1349514275789261
0.10850418359041214
0.03993832319974899
-0.05279477313160896
-0.7743224501609802
0.04255283623933792
-0.012710504233837128
-0.026224356144666672
0.7654292583465576
0.25069835782051086
-0.04108510538935661
-0.26666057109832764
-0.11241300404071808
0.03786458447575569
-0.15515337884426117
-0.43410757184028625
-0.9224919080734253
-0.34362056851387024
1.1147940158843994
-0.0014969641342759132
0.060419805347919464
0.27511489391326904
-1.8802908658981323
-0.2637954652309418
1.3222970962524414
0.07058660686016083
-0.03052249737083912
-1.977452039718628
1.520998239517212
-0.4385039508342743
-0.015914728865027428
-0.05830264836549759
0.7830013632774353
-1.7316768169403076
-0.05451636388897896
-4.022568464279175e-05
0.04765202850103378
0.0017685666680335999
-0.25457441806793213
1.9826428890228271
0.014771522022783756
-0.24526634812355042
1.5968191623687744
0.05673806369304657
-0.017050104215741158
-1.9812991619110107
-0.10323997586965561
-0.03852175921201706
1.6069470643997192
-0.03488650918006897
-0.01800721511244774
-0.24961017072200775
0.010086582973599434
-0.047342874109745026
-0.4157150983810425
-0.04393414407968521
0.20816685259342194
-0.0029024372342973948
0.8739830255508423
-0.05983459949493408
-0.28578412532806396
1.413488507270813
0.060600072145462036
0.28707680106163025
0.015349790453910828
0.029634825885295868
0.02509807050228119
-1.6681162118911743
0.031395912170410156
0.05222426727414131
0.015384562313556671
-0.030391192063689232
0.019396550953388214
1.4202919006347656
-0.018513118848204613
1.2333166599273682
-0.22705937922000885
0.7642743587493896
0.6025658845901489
-0.12704159319400787
-0.20869304239749908
-0.7652525305747986
0.10487060993909836
-0.010432444512844086
-0.057055678218603134
-0.2337241917848587
-0.0024824514985084534
0.32211780548095703
-0.8148885369300842
1.6386011838912964
-0.03414265438914299
0.03703729808330536
-0.0428939163684845
-0.5729219913482666
1.984375
0.7556885480880737
-0.002811926417052746
-0.06839028000831604
-1.4468162059783936
-0.14353059232234955
-0.666193962097168
0.08142770081758499
1.4584898948669434
-0.07883770018815994
-1.1503173112869263
1.9499980211257935
0.13669438660144806
-0.027143485844135284
1.491268515586853
-0.1658276468515396
-0.04739157855510712
-0.054226428270339966
0.012582985684275627
0.2161416858434677
0.6466651558876038
-0.034071341156959534
0.005093298852443695
0.1671619713306427
-0.24779073894023895
0.17523886263370514
-0.5007789134979248
-0.039068423211574554
0.821733295917511
0.2273324877023697
0.8066432476043701
-0.011033368296921253
1.4013036489486694
0.7352230548858643
0.22768890857696533
-0.752722442150116
0.34313541650772095
-0.33557164669036865
0.9197250604629517
0.8656502962112427
0.10125920921564102
-1.1208053827285767
-0.07366281747817993
1.9830173254013062
0.3640217185020447
-0.15330110490322113
0.01987285725772381
1.0053220987319946
0.005103982985019684
0.05324553698301315
0.03128752112388611
0.5263115763664246
-0.0825657919049263
-0.04813399910926819
-0.4823140501976013
-0.07522648572921753
1.5843381881713867
-0.07074936479330063
-0.02612537145614624
-1.0672142505645752
0.27165111899375916
-0.9591794013977051
-0.22325485944747925
0.3584776818752289
-0.4408169984817505
0.11328724771738052
0.7090054154396057
1.2655043601989746
1.5524964332580566
0.047194141894578934
0.3414853811264038
-0.04085260257124901
0.20431217551231384
0.08598417043685913
-0.07267329096794128
0.03938203305006027
-0.7662413716316223
-0.12621386349201202
-0.9637145400047302
-0.15913169085979462
0.052551448345184326
-0.02899828553199768
-0.05407826602458954
0.05185672640800476
0.4839800298213959
-0.724991500377655
1.419143795967102
0.15731997787952423
0.24081206321716309
-1.9430992603302002
1.1198214292526245
-0.08917377144098282
-0.00371147645637393
-0.1728985756635666
-0.7120804786682129
0.0027749091386795044
-0.1733069270849228
-0.028866618871688843
-0.06443696469068527
-0.01657073199748993
-0.11144696921110153
-0.03881806135177612
0.20046448707580566
0.06382428109645844
0.5972924828529358
0.018800364807248116
-0.10115781426429749
-0.9128096103668213
0.046929314732551575
0.07212790846824646
-0.19085344672203064
0.2024383693933487
-0.005122065544128418
0.03914519399404526
0.08312500268220901
-0.015079788863658905
0.3778584599494934
0.03679502755403519
0.11504063010215759
-0.050366148352622986
-0.049221210181713104
0.051394976675510406
-0.3734792470932007
-0.6186777949333191
0.4578729569911957
-0.41830262541770935
-1.9799085855484009
-1.9738491773605347
0.2148568481206894
-0.05695918947458267
-0.022313591092824936
-1.0409982204437256
-0.32479697465896606
-0.5048638582229614
-0.0438583567738533
1.7915868759155273
-0.19350753724575043
0.0029750557150691748
-0.37339404225349426
0.011153854429721832
0.054689399898052216
1.662837028503418
0.011794961988925934
-1.0619356632232666
1.4402673244476318
0.006005740258842707
-0.27328526973724365
-0.2297981083393097
-0.015479928813874722
-1.9842257499694824
-0.6198663115501404
0.017817026004195213
0.0032222650479525328
-0.23376107215881348
-0.8407780528068542
-0.3208610415458679
0.38113290071487427
-0.047231968492269516
-0.013405556790530682
0.021119708195328712
0.3903583288192749
-0.8048171401023865
-1.4623790979385376
-0.5355008244514465
-0.01714766025543213
0.2649315893650055
-0.3147428631782532
-0.14427781105041504
0.0048895105719566345
0.050066422671079636
-1.9500398635864258
-0.505856454372406
0.036854181438684464
-0.05575467273592949
-0.011057828553020954
-0.026499178260564804
0.0039771851152181625
-0.01874484494328499
-0.00200331537052989
-0.06569159030914307
-0.030062614008784294
-0.017604893073439598
-0.017222285270690918
-0.0612688772380352
-0.023973315954208374
0.03877625614404678
-0.02236993983387947
0.047073379158973694
-0.010255995206534863
0.005171366035938263
0.040435511618852615
-0.07301665842533112
0.018081283196806908
-0.0014794443268328905
-0.05630118027329445
0.0005600455915555358
0.00669985031709075
0.02183159440755844
-0.020158015191555023
-0.03345199674367905
0.03175817057490349
-0.04873728007078171
-0.03540249541401863
-0.05322467163205147
-0.05134923383593559
-0.04385256767272949
0.005169913172721863
-0.01106058806180954
0.039621274918317795
0.005359567701816559
-0.07411499321460724
0.03022431582212448
-0.061348382383584976
0.013360690325498581
-0.041053157299757004
0.020633652806282043
0.030864618718624115
0.02119559235870838
-0.061092570424079895
-0.04126018285751343
-0.02712661400437355
-0.0140424445271492
-0.005798488389700651
0.029412835836410522
-0.001112777041271329
-0.04744049534201622
-0.03839849680662155
0.014784008264541626
-0.008517660200595856
-0.0019531174330040812
-0.008383859880268574
0.019331462681293488
-0.05486387014389038
-0.042870935052633286
0.03394767642021179
0.04139304161071777
-0.014721427112817764
-0.06379980593919754
-0.07113021612167358
-0.03693242371082306
-0.0188907403498888
0.03137648478150368
-0.04558677226305008
-0.02458084560930729
-0.05752723291516304
-0.05582929402589798
0.048832908272743225
-0.047961313277482986
0.010048933327198029
-0.02750217914581299
0.020958498120307922
0.029909780248999596
0.0013756378320977092
0.031353071331977844
-0.018791742622852325
0.0036726687103509903
0.021602682769298553
0.008859939873218536
0.027810685336589813
-0.0015920704463496804
-0.055365946143865585
-0.040894556790590286
-0.02799139730632305
0.00021434048539958894
-0.02949979528784752
0.022569580003619194
0.043438322842121124
-0.012325857765972614
-0.09928286075592041
0.0583418607711792
0.012723744846880436
-0.048100024461746216
0.01405082643032074
-0.03326685354113579
-0.019478043541312218
-0.029901115223765373
-0.0014028848381713033
-0.06497809290885925
0.019467659294605255
-0.0794207975268364
-0.06268883496522903
-0.04374163970351219
0.011835937388241291
-0.050731465220451355
0.010676566511392593
-0.08801182359457016
-0.016232015565037727
-0.045079246163368225
-0.030131563544273376
-0.06156906113028526
-0.06149040535092354
-0.045957472175359726
0.019975008442997932
-0.08244959264993668
-0.0027502768207341433
-0.04359040781855583
0.03738325834274292
-0.03752103075385094
-0.01570003665983677
0.018188321962952614
0.02079075202345848
0.026504158973693848
0.04559888690710068
-0.06010197103023529
-0.058717839419841766
-0.0031600967049598694
-0.06012081354856491
-0.05508234724402428
0.0011097209062427282
0.028161674737930298
0.024058517068624496
-0.017560435459017754
-0.07985368371009827
-0.029257141053676605
-0.038815103471279144
0.00687538692727685
0.0007452298887073994
0.0016311095096170902
0.04829064756631851
-0.06450044363737106
0.030011603608727455
0.02461228147149086
-0.07842417806386948
-0.009026546031236649
0.03452160954475403
-0.05884654447436333
-0.09265943616628647
-0.01406591385602951
0.007033941335976124
-0.004512131214141846
-0.056110680103302
-0.054531753063201904
0.017513981088995934
-0.02347661927342415
0.00822871457785368
0.012089995667338371
0.04841192066669464
0.00031647810828872025
0.05642729252576828
0.035497985780239105
-0.06775468587875366
0.009815315715968609
-0.06551319360733032
0.01082746870815754
-0.016229141503572464
-0.05356837436556816
-0.0021186836529523134
-0.010170846246182919
-0.04838847368955612
-0.060741059482097626
0.015176272951066494
-0.04303869605064392
-0.05091316998004913
0.04940304905176163
0.015536107122898102
0.002652764320373535
-0.05714881792664528
0.04377736151218414
-0.07242125272750854
-0.0597347691655159
-0.0314280241727829
0.0402788482606411
-0.007729014381766319
-0.016388189047574997
-0.05667191743850708
0.02068105898797512
0.0020576994866132736
-0.0004903326043859124
-0.04253539443016052
-0.01232215203344822
-0.06242838129401207
-0.013189956545829773
0.054378293454647064
0.01761913299560547
0.008071773685514927
0.023925501853227615
-0.059994570910930634
-0.030251674354076385
0.041978586465120316
0.015988435596227646
-0.022663090378046036
0.011726361699402332
0.02071252278983593
-0.06804423034191132
-0.007175234612077475
-0.016486793756484985
-0.0289927888661623
0.0014328230172395706
-0.055163394659757614
-0.07084047049283981
0.004750676453113556
-0.022516822442412376
-0.10122999548912048
-0.013567278161644936
-0.059112049639225006
0.031360991299152374
0.05305027216672897
-0.002831052988767624
-0.03399816155433655
0.02526395581662655
-0.02201789803802967
-0.008421973325312138
-0.05765103921294212
-0.07804940640926361
0.04931088164448738
-0.0221850648522377
8.759988122619689e-05
-0.04862089455127716
-0.00972592830657959
-0.07080846279859543
0.018679553642868996
-0.021947722882032394
-0.014420726336538792
-0.05940057709813118
0.010695641860365868
-0.028904495760798454
-0.011737803928554058
-0.06557507812976837
-0.07094574719667435
0.018826980143785477
-0.0671713575720787
-0.04476603493094444
0.011676824651658535
0.010234878398478031
0.04629850387573242
-0.05377398803830147
-0.009850554168224335
-0.0069514974020421505
-0.0630311518907547
-0.03677712380886078
-0.003065695520490408
0.017328530550003052
0.05496589094400406
0.042299021035432816
-0.07241662591695786
-0.007288753986358643
-0.06478757411241531
0.020548313856124878
-0.04991000145673752
0.03053242154419422
0.005233844742178917
0.00032307335641235113
-0.056521542370319366
-0.05111632123589516
-0.029188774526119232
-0.032587360590696335
-0.040712010115385056
-0.06117634475231171
-0.056082241237163544
-0.033650562167167664
-0.001751975156366825
0.015235231257975101
-0.024249015375971794
-0.002912558615207672
0.01680707186460495
-0.056877925992012024
0.0073209479451179504
-0.029357561841607094
0.047783013433218
-0.030918419361114502
0.003779997816309333
-0.039942726492881775
0.007940895855426788
0.010749708861112595
0.032919008284807205
0.015303283929824829
-0.05943873152136803
-0.006809912621974945
-0.06728742271661758
-0.037855420261621475
0.005556151270866394
-0.003833204507827759
-0.02857959270477295
0.014163469895720482
-0.076645627617836
0.030908100306987762
-0.041616663336753845
0.05526115745306015
0.014684952795505524
0.006981497164815664
-0.02127375453710556
0.012224974110722542
0.016319669783115387
0.04357375204563141
0.010826244950294495
-0.018676746636629105
0.03123670071363449
0.03076177090406418
-0.014408178627490997
-0.05481503903865814
-0.0412483811378479
0.0388805978000164
-0.008901461958885193
0.018337061628699303
-0.07736777514219284
-0.02409210428595543
-0.0016415200661867857
-0.039143092930316925
0.00470819603651762
-0.05341445654630661
0.022971797734498978
-0.017109103500843048
-0.05605132877826691
-0.007658213842660189
0.0550549179315567
0.008580968715250492
-0.003531474620103836
-0.07981138676404953
0.040483035147190094
0.005403973162174225
0.030144639313220978
0.02989700436592102
0.015203505754470825
-0.037913985550403595
-0.01800747960805893
-0.061180148273706436
0.019971303641796112
0.0009528249502182007
0.02357463911175728
0.004477923270314932
-0.012428132817149162
-0.02571932226419449
-0.04851445183157921
-0.02933853305876255
0.020406045019626617
0.019464686512947083
-0.031260568648576736
-0.018761545419692993
0.018638066947460175
-0.02537471242249012
-0.04864414781332016
-0.019129522144794464
-0.06902846693992615
0.03353097289800644
0.03872998058795929
-0.05662680044770241
-0.006304255686700344
-0.0634770542383194
-0.0677572637796402
0.026919126510620117
-0.04631892964243889
-0.004068442154675722
-0.06173057109117508
-0.010442808270454407
-0.035270821303129196
-0.05734143778681755
-0.04295814037322998
0.058214589953422546
-0.004477223847061396
-0.09048668295145035
0.05757742375135422
0.004885221365839243
-0.036133117973804474
0.039685238152742386
-0.05638089403510094
0.015407994389533997
0.039226725697517395
0.017641857266426086
0.052702829241752625
-0.010936640202999115
0.03736581653356552
-0.044013120234012604
0.007652454078197479
-0.002870813012123108
0.03604067489504814
-0.019138507544994354
-0.0040160720236599445
-0.01422378420829773
-0.07245292514562607
-0.038010627031326294
0.03778470307588577
-0.032028913497924805
-0.003285798477008939
-0.03640363737940788
-0.008157776668667793
-0.016284365206956863
0.006575197447091341
-0.039563123136758804
-0.05528365448117256
0.034534748643636703
0.028789890930056572
0.041675765067338943
-0.008300076238811016
-0.04015405476093292
-0.052619170397520065
-0.010362222790718079
-0.026196176186203957
0.03113553673028946
-0.01229822263121605
0.02833601087331772
-0.031763944774866104
-0.05909479409456253
0.045747604221105576
0.02478826604783535
0.033503592014312744
0.022202104330062866
0.033588577061891556
-0.002335981000214815
-0.012164817191660404
0.041511088609695435
0.06235019862651825
-0.05156920105218887
-0.03858285769820213
-0.051668837666511536
0.03529439866542816
0.018584445118904114
0.023195553570985794
-0.03656621277332306
-0.03700399771332741
-0.033658914268016815
-0.0728597491979599
-0.01049504429101944
-0.0031269846949726343
0.00030190497636795044
0.029147673398256302
-0.035364605486392975
-0.05460219830274582
-0.05307609587907791
0.012941020540893078
-0.07980312407016754
-0.02308393269777298
0.026917962357401848
-0.02991301566362381
0.006289281882345676
0.0053681880235672
0.00939514022320509
0.007322028279304504
-0.0065765902400016785
0.003828998189419508
-0.02255874127149582
-0.0274098701775074
0.0013191774487495422
0.02387390285730362
-0.005557000637054443
-0.006866122130304575
-0.04456847161054611
-0.025569716468453407
0.02375352941453457
-0.03132283687591553
-0.023551812395453453
0.030845196917653084
-0.04752861708402634
-0.03456345945596695
-0.0015072914538905025
0.05321761220693588
-0.052749183028936386
0.03958989679813385
-0.06926354765892029
-0.019456125795841217
0.04929289221763611
0.032228536903858185
0.01457911729812622
-0.05139114707708359
0.03066551871597767
0.010789431631565094
-0.07142996788024902
-0.04068461060523987
-0.0126810846850276
-0.04381900280714035
0.024541184306144714
-0.02276330441236496
-0.049632735550403595
-0.02899523638188839
0.061960525810718536
-0.0031339600682258606
-0.034916751086711884
-0.036058418452739716
-0.05293002724647522
0.019725754857063293
-0.03837572783231735
-0.02407205104827881
-0.025033727288246155
0.02846633829176426
-0.07513052225112915
-0.0012165461666882038
-0.05277356132864952
-0.03341574966907501
-0.04315560311079025
0.012916934676468372
-0.0680847018957138
-0.055876731872558594
0.033636584877967834
0.03151499480009079
-0.004615657031536102
-0.09515287727117538
1.9521656036376953
1.8510938882827759
-0.04098004475235939
-0.052658021450042725
-1.531736135482788
1.1962026357650757
1.317543387413025
0.9688600301742554
0.053951241075992584
0.0028612911701202393
0.7579261064529419
-1.1961532831192017
0.09522464126348495
0.992798924446106
0.6519188284873962
-0.72576504945755
0.7994358539581299
0.7667621970176697
0.07169990986585617
0.017875459045171738
0.03081371635198593
-0.2145458608865738
-1.2082726955413818
1.8507999181747437
0.028569526970386505
0.015125706791877747
0.047246500849723816
0.7566201090812683
0.7847288250923157
0.8663402795791626
-0.5986713171005249
1.0268709659576416
0.06019891798496246
0.03709978610277176
-1.981343150138855
1.9802340269088745
0.01727551966905594
0.8935855031013489
0.026690557599067688
0.010101384483277798
0.15830138325691223
-0.005096974782645702
0.05028356611728668
1.347052812576294
-0.047522686421871185
-1.1509950160980225
-0.01308024674654007
0.44936105608940125
-0.03867921978235245
-0.8719779849052429
0.3438695967197418
0.05345528945326805
0.7665568590164185
0.05791466683149338
0.044394344091415405
0.03960379213094711
-0.3304005265235901
-0.02866312675178051
0.001008251798339188
-0.026051826775074005
-0.04094121605157852
-0.05151528865098953
0.7650691270828247
0.014613183215260506
0.16558074951171875
1.984375
-1.147505521774292
-0.4095222055912018
-0.24053019285202026
0.3666607737541199
0.4631480872631073
-1.5319037437438965
0.05871441215276718
0.043044425547122955
-1.0965442657470703
-0.0549679771065712
-1.553664207458496
0.5615279078483582
0.3757905662059784
0.06704233586788177
-0.03661460056900978
-0.05488898605108261
-0.6088303327560425
-1.9769436120986938
1.9214465618133545
-0.08468062430620193
1.2063525915145874
-0.04975298419594765
0.061496373265981674
1.9794737100601196
-0.9532230496406555
0.7319865226745605
-1.1650493144989014
0.68391352891922
1.9079442024230957
-1.6114617586135864
0.04624931514263153
0.047356024384498596
0.9516038298606873
-0.02890055626630783
-1.9516881704330444
0.09740179777145386
-1.4046025276184082
0.33869004249572754
0.13897953927516937
-0.007365189492702484
-1.60517156124115
0.23926757276058197
-0.8586581349372864
1.0213598012924194
-0.04093778133392334
0.4044734239578247
-0.9485241770744324
-1.6201167106628418
0.05733884871006012
0.8313570618629456
0.5386279821395874
-1.4639168977737427
0.4686039388179779
0.828286349773407
1.815295934677124
-0.9220119118690491
0.4949435889720917
0.0025693681091070175
-1.9814345836639404
-0.7176770567893982
-1.967626690864563
0.6387592554092407
0.07585887610912323
0.02696206048130989
1.984375
-0.016103975474834442
0.048232242465019226
0.01090221107006073
-1.8100974559783936
1.399738073348999
0.053854845464229584
0.6207523345947266
-0.027912983670830727
-1.3897089958190918
-0.6801477670669556
0.0057449787855148315
-1.982663631439209
0.3150911033153534
0.4970631003379822
-1.308573842048645
-0.7410565614700317
1.974428415298462
-0.3165833055973053
0.1267319619655609
0.24171309173107147
0.4612196087837219
-0.011786132119596004
-0.11366528272628784
0.03915686160326004
0.48445045948028564
0.07541990280151367
0.3804730474948883
-0.006437682081013918
0.7336596250534058
-0.13367392122745514
0.596458911895752
0.39855024218559265
0.010016524232923985
0.05833742395043373
-0.043364062905311584
-0.03314955532550812
0.33144596219062805
-0.4420337677001953
-1.9075534343719482
-1.7730103731155396
0.5439421534538269
1.1605322360992432
1.1829957962036133
0.5373935103416443
0.0023422599770128727
1.5934756994247437
-0.2974601089954376
0.019990772008895874
0.18702654540538788
0.053879931569099426
-0.9256106019020081
0.044879667460918427
1.5747253894805908
0.022080563008785248
0.5179844498634338
1.6551294326782227
-0.872462809085846
0.0015550600364804268
-0.06279098987579346
0.593792736530304
-0.003542974591255188
-0.15109464526176453
0.7513196468353271
-1.4808064699172974
-0.025306813418865204
-0.08420980721712112
0.0038654948584735394
-0.02614910900592804
-1.69070303440094
-0.05163220316171646
-0.01818246953189373
0.018719008192420006
-0.006988257169723511
-0.044688936322927475
0.2792354226112366
-1.6793981790542603
-0.5996320247650146
-1.6791930198669434
1.7780070304870605
-0.17859239876270294
-1.5319874286651611
-0.02934183180332184
0.053893789649009705
0.6483902931213379
1.6278409957885742
-0.3043842911720276
0.02063550055027008
0.7840412855148315
1.9818391799926758
0.043175291270017624
-0.029391607269644737
-0.018285609781742096
0.0003420114517211914
0.9669144153594971
-0.050891436636447906
1.1006397008895874
0.5475785732269287
-0.9987863898277283
-0.5174281001091003
0.7806195020675659
0.06085436791181564
-1.729071855545044
0.27538439631462097
0.046173762530088425
0.035888541489839554
1.9411927461624146
1.9804086685180664
1.765181303024292
-0.9373488426208496
0.028336213901638985
-0.023379769176244736
-0.041354939341545105
-0.6790435314178467
0.8047075867652893
0.9460066556930542
0.007648847531527281
0.022290045395493507
0.7193230986595154
0.6177830100059509
-0.3359184265136719
0.012845881283283234
-0.04271446540951729
-1.3409496545791626
-0.5620998740196228
-0.06956084817647934
0.048827964812517166
-0.005737983155995607
0.059066563844680786
0.033840931951999664
0.008869059383869171
0.01759631559252739
0.021274223923683167
0.044405266642570496
-0.0731961727142334
0.04385441541671753
0.03701166808605194
0.0006768479943275452
0.019888434559106827
-0.042982399463653564
0.012827898375689983
-0.01787208952009678
-0.05339359864592552
-0.005169919226318598
-0.014494242146611214
0.035057663917541504
0.05663455277681351
-0.0316707044839859
0.027531610801815987
0.013518471270799637
0.0018900185823440552
0.056644633412361145
-0.015171103179454803
0.05399880185723305
-0.07303594797849655
0.037515342235565186
-0.04990179091691971
-0.009804248809814453
-0.058367908000946045
-0.05982425808906555
0.0010521439835429192
-0.013046123087406158
-0.028957955539226532
-0.051930204033851624
-0.05261090397834778
0.022855393588542938
-0.005415576975792646
-0.011470608413219452
0.030975818634033203
0.028070876374840736
0.032684050500392914
0.029886234551668167
0.052268847823143005
-0.009326295927166939
-0.027282707393169403
0.019001254811882973
-0.07930824160575867
-0.02664695307612419
-0.04479294642806053
0.05323281139135361
-0.02536124736070633
0.05865813046693802
0.0016473457217216492
0.060153767466545105
0.022594384849071503
0.028176352381706238
0.040398627519607544
-0.049125976860523224
-0.05344125255942345
0.03758544474840164
-0.011135200038552284
-0.07113685458898544
-0.010473599657416344
0.006789167877286673
0.025202512741088867
-0.0038086276035755873
-0.06003722548484802
-0.05723142996430397
0.06048484146595001
-0.012728840112686157
-0.05371176451444626
0.045407138764858246
0.03660038858652115
-0.04610944539308548
-0.06871701031923294
-0.007630390115082264
0.0031195655465126038
-0.04523126035928726
-0.031467027962207794
0.04546959698200226
0.02289590798318386
-0.05507320165634155
0.006113226059824228
-0.03990938514471054
0.03755816072225571
0.02208755724132061
0.04887838661670685
0.03427711874246597
0.04633940011262894
0.011954471468925476
-0.05251731723546982
-0.06416328996419907
0.012839436531066895
-0.060203954577445984
-0.016950273886322975
0.012760363519191742
-0.03401661664247513
-0.045118920505046844
-0.05239924043416977
0.010790877044200897
0.023057378828525543
0.021123290061950684
0.02787591516971588
0.026424426585435867
-0.03758390620350838
-0.04126257076859474
-0.024696141481399536
-0.0797562450170517
0.03203122690320015
-0.0797315463423729
0.05340895801782608
-0.02126050740480423
0.03087863326072693
-0.0054304166696965694
0.008673201315104961
-6.634507008129731e-05
-0.06401503831148148
-0.007890764623880386
0.041465044021606445
0.03815210238099098
-0.022023336961865425
-0.043459951877593994
-0.05670248717069626
0.029681148007512093
0.029690764844417572
-0.03000859171152115
-0.03657716512680054
-0.04688314348459244
0.0016588419675827026
0.05991591513156891
-0.0011775447055697441
0.04094204306602478
-0.051419854164123535
0.0004927664995193481
-0.0516337975859642
-0.08388164639472961
-0.06865109503269196
-0.02794407308101654
0.05707866698503494
-0.07524026930332184
-0.022201212123036385
0.0027714301832020283
-0.04877573624253273
-0.005679531488567591
0.015157375484704971
-0.01769021339714527
-0.0357043482363224
-0.05472997948527336
-0.022882163524627686
-0.06631789356470108
0.0076782479882240295
-0.05551937222480774
-0.031392306089401245
-0.04146571829915047
-0.020117029547691345
-0.006571878679096699
0.007176123559474945
0.024861883372068405
0.010929138399660587
-0.05001547932624817
0.009840346872806549
-0.035432152450084686
-0.014405719935894012
0.034808237105607986
-0.0374617762863636
-0.051859937608242035
-0.025802701711654663
0.024261290207505226
-0.019864261150360107
0.014987483620643616
0.05782274156808853
0.039956383407115936
-0.030578408390283585
-0.043635595589876175
0.048461735248565674
-0.058972813189029694
0.01097194105386734
0.008603529073297977
0.05111611634492874
0.04444465413689613
0.05095577985048294
0.004781811032444239
-0.0632968470454216
0.035422954708337784
0.027493581175804138
-0.01430500764399767
-0.06868039816617966
-0.02063482254743576
-0.01635913923382759
0.032009731978178024
-0.07077492773532867
0.004272863268852234
0.032511766999959946
-0.04557671397924423
-0.014667622745037079
-0.04827316105365753
-0.015698343515396118
-0.08006935566663742
-0.02998887002468109
0.01841925084590912
0.05337502807378769
-0.015184037387371063
-0.048500560224056244
0.0356249064207077
-0.04407549649477005
-0.011751040816307068
-0.004359818063676357
-0.015858883038163185
-0.03176632523536682
0.047086454927921295
0.05539511889219284
-0.012998197227716446
-0.007145737763494253
0.008399344980716705
0.01430601254105568
0.028658101335167885
0.0051506757736206055
-0.010949045419692993
0.046579182147979736
0.003319554030895233
-0.07496326416730881
-0.03172123432159424
-0.03017544560134411
-0.04363548010587692
-0.030413685366511345
0.03785160183906555
-0.02614384889602661
-0.03483317792415619
-0.011187893338501453
0.013784230686724186
-0.05551125109195709
-0.029971934854984283
-0.03045644611120224
-0.03409161418676376
0.005422939546406269
0.02850538119673729
0.021914906799793243
-0.02084510028362274
0.05743949115276337
0.008217575959861279
-0.04882345348596573
0.0013316028052940965
-0.01777828298509121
0.023095250129699707
-0.018325120210647583
-0.01774163544178009
-0.07317347824573517
0.011036805808544159
0.03168110549449921
-0.0652712807059288
-0.058585744351148605
-0.08107303082942963
-0.03042101114988327
0.01242166105657816
0.035127438604831696
0.02737654559314251
-0.03435473516583443
-0.01828448846936226
-0.03166532516479492
-0.007938087917864323
-0.012687638401985168
-0.05096791684627533
-0.02075185254216194
0.009314051829278469
-0.049656014889478683
-0.06665583699941635
-0.04397348314523697
-0.04458725452423096
0.047791045159101486
-0.02326764166355133
-0.06724715977907181
-0.02343963459134102
0.007865427993237972
0.00644263532012701
0.008484425023198128
-0.004332433920353651
-0.05837070196866989
0.010422468185424805
0.03891915827989578
0.01601300574839115
-0.010322310030460358
0.01722225919365883
0.039544492959976196
0.007414091378450394
-0.05980133265256882
0.018839776515960693
0.012335198000073433
0.014386788941919804
0.02254890650510788
-0.014591244980692863
0.047595396637916565
-0.008141842670738697
-0.03527260571718216
-0.0024551809765398502
0.06056395173072815
-0.05509531870484352
-0.05228574201464653
0.03588086739182472
-0.03178389370441437
-0.01600480079650879
0.014410756528377533
-0.010277961380779743
-0.012914297170937061
-0.01294057909399271
0.004187256097793579
0.054530784487724304
-0.022232025861740112
0.04056811332702637
-0.01662125624716282
0.027759766206145287
0.03217457979917526
-0.02556133270263672
-0.028652885928750038
-0.0025274455547332764
-0.061215102672576904
0.05122769996523857
-0.036675140261650085
0.035317592322826385
-0.035595156252384186
0.018264422193169594
-0.059257086366415024
-0.06100943684577942
-0.058787912130355835
0.018164418637752533
-0.035909779369831085
-0.016202569007873535
-0.02570348046720028
-0.033270806074142456
0.012990517541766167
-0.05456123501062393
0.04367070272564888
0.01575848087668419
0.030262187123298645
-0.05569296330213547
-0.03888333961367607
0.049294620752334595
-0.0920604020357132
0.034556545317173004
-0.06246355175971985
0.006506599485874176
-0.0357779785990715
0.02467583492398262
-0.02526017464697361
0.013743125833570957
-0.05853627622127533
-0.03164176270365715
0.03296227380633354
-0.08183515816926956
0.024190299212932587
-0.056910235434770584
0.014712680131196976
-0.04531572014093399
-0.038923922926187515
0.025652334094047546
-0.0335526205599308
-0.07168786972761154
-0.031141895800828934
0.05948163568973541
-0.021477000787854195
-0.007044946774840355
-0.02169905975461006
-0.006922714877873659
-0.061749525368213654
-0.06423593312501907
0.037724170833826065
0.011552853509783745
0.05274093896150589
-0.05900181457400322
-0.08557897806167603
-0.06543923914432526
-0.043963104486465454
-0.0014202403835952282
0.022404415532946587
0.033629633486270905
-0.025508945807814598
-0.010205001570284367
0.0116191441193223
0.0011063524289056659
0.006892047822475433
0.030106110498309135
-0.05412375181913376
-0.0027303993701934814
0.009623520076274872
0.042612865567207336
-0.030542559921741486
0.05394621193408966
-0.025638563558459282
0.013115192763507366
0.046479083597660065
-0.040448032319545746
0.031989697366952896
-0.061114728450775146
-0.04271482676267624
-0.029252760112285614
-0.008830741979181767
0.003838364966213703
-0.06233309209346771
0.025740500539541245
-0.002182187046855688
-0.07337138056755066
0.020613839849829674
-0.03682733327150345
-0.045062679797410965
-0.029326846823096275
-0.01036892645061016
0.016588153317570686
0.04195432364940643
0.03601883351802826
-0.06461408734321594
-0.004640993196517229
0.05408627539873123
0.05074119567871094
-0.0034765899181365967
0.017818374559283257
0.008088159374892712
-0.010611316189169884
-0.021372787654399872
-0.04606952518224716
0.007451117038726807
0.042956698685884476
0.02273952029645443
0.011519776657223701
0.012679487466812134
0.029460038989782333
0.04069381207227707
-0.06582886725664139
-0.07925929129123688
0.055661916732788086
-0.03196455165743828
-0.022523388266563416
-0.014785096049308777
-0.016021976247429848
-0.03135383129119873
-0.05956055223941803
-0.04747150093317032
-0.014052675105631351
0.05195869505405426
-0.09090529382228851
-0.013709062710404396
0.0005183576140552759
-0.03143828734755516
-0.025505103170871735
-0.031666699796915054
-0.060773834586143494
0.015542412176728249
-0.05376452952623367
0.011425847187638283
0.008522003889083862
0.042371880263090134
0.03154665231704712
0.05257917195558548
-0.03456530719995499
0.013409741222858429
-0.07015667110681534
-0.05219295993447304
0.04601754993200302
0.0460236519575119
-0.02980642206966877
0.0399487167596817
-0.04423679783940315
0.013358024880290031
0.052129894495010376
0.024849947541952133
-0.016130520030856133
-0.054638780653476715
0.042912594974040985
-0.007056575734168291
0.028632642701268196
-0.023564893752336502
0.01461677998304367
-0.0497225858271122
0.021414004266262054
0.02642069011926651
-0.039312586188316345
-0.02570454776287079
0.011435113847255707
-0.06276270747184753
0.010072968900203705
-0.03387016803026199
-0.0003604781813919544
-0.028656460344791412
-0.10235162079334259
0.020617371425032616
0.03462894260883331
-0.04070992395281792
-0.00202855933457613
0.014247306622564793
-0.05554254353046417
-0.058326058089733124
-0.03643020987510681
-0.06641209870576859
-0.03281594440340996
0.007411390542984009
-0.038134828209877014
-0.02842441014945507
-0.02645658701658249
-0.037393007427453995
-0.07253064215183258
-0.08461959660053253
0.03562755137681961
-0.07162229716777802
-0.01389834564179182
0.002198893344029784
0.0035042166709899902
-0.016911212354898453
-0.03884722292423248
0.043965380638837814
0.013352958485484123
1.2179348468780518
1.0459046363830566
0.038216158747673035
-0.009753969497978687
-0.10352318733930588
1.9401975870132446
1.0133293867111206
-0.0595872700214386
0.022873109206557274
0.013697177171707153
0.8866305351257324
0.4220685362815857
0.004624753259122372
-0.03395618125796318
0.07466861605644226
-0.13393740355968475
-1.217954397201538
0.17437347769737244
-0.0399312861263752
0.03879246860742569
0.04983071982860565
-0.08717396855354309
-0.2001917064189911
0.08777198195457458
0.05174212157726288
-0.0550437793135643
0.0012956857681274414
0.791828989982605
-0.08788283169269562
1.4556310176849365
0.007435288280248642
-0.02760755829513073
0.001867927610874176
-0.041054219007492065
-0.6078598499298096
-1.8048288822174072
0.036653973162174225
-0.03358589857816696
-0.017099931836128235
0.035615473985672
0.017824484035372734
0.020147886127233505
-0.004744499921798706
0.27233198285102844
-0.04294607788324356
-0.615521252155304
0.015570588409900665
-0.05938054621219635
0.024584241211414337
-0.023699669167399406
-0.07413175702095032
-0.05125663802027702
-0.011171520687639713
0.005389019846916199
-0.027101226150989532
0.04426906257867813
-0.7917414307594299
0.056351229548454285
-0.03449654579162598
-0.016804836690425873
-0.020998066291213036
-0.037530235946178436
-0.018632370978593826
0.04495243355631828
-0.04442189633846283
1.2727590799331665
0.043864015489816666
0.36181479692459106
-0.08530686050653458
-0.11538377404212952
0.055750615894794464
-0.7220912575721741
-0.022435590624809265
-0.05983433127403259
0.01810942217707634
-0.027408480644226074
0.007304364815354347
0.07877647131681442
-0.052824754267930984
0.027837025001645088
-0.0020909374579787254
0.04874970763921738
0.02542189694941044
-1.981998085975647
0.06696294993162155
-0.010701056569814682
-0.3440227210521698
0.35986530780792236
-0.08317919820547104
0.35509681701660156
0.3985171318054199
-0.06019911915063858
-0.2576209306716919
0.028458179906010628
-1.984375
-0.7021884918212891
-0.025448672473430634
-0.09497654438018799
0.04998047277331352
0.020633287727832794
-0.8127211928367615
-0.0034408830106258392
-0.7840039730072021
-1.8089536428451538
-0.25002455711364746
-0.03039134293794632
-0.764198899269104
0.1058482974767685
-0.6195614337921143
0.630596399307251
-0.007091447710990906
-0.027342526242136955
-0.6232110857963562
-1.8676989078521729
0.03721369802951813
-0.060960862785577774
-0.09431666135787964
-0.7178871631622314
-0.009644534438848495
0.2746696472167969
1.2364177703857422
0.31573447585105896
-1.6982790231704712
0.016262590885162354
1.9356796741485596
0.01303938776254654
-0.07638666033744812
-0.3216627836227417
-0.03377453237771988
0.014636051841080189
0.950780987739563
-0.04289622604846954
0.039604462683200836
0.06166325509548187
0.011789543554186821
1.0537822246551514
0.027812182903289795
0.42937207221984863
-0.028011353686451912
-1.3948992490768433
-0.6117638945579529
-0.022679291665554047
-1.9753711223602295
0.39911311864852905
1.418953537940979
-0.14410828053951263
-1.535119891166687
1.3298693895339966
0.03167993202805519
0.14655263721942902
-0.07229804992675781
-0.11243683844804764
-0.05223560705780983
-0.1881617307662964
0.049067460000514984
-0.8646244406700134
0.030738862231373787
0.005557970609515905
0.03830382600426674
0.09108663350343704
-0.07743494212627411
0.1303056925535202
0.5169987678527832
0.0076414598152041435
-0.03546527028083801
0.03651406615972519
-0.039029039442539215
-0.07290533930063248
-0.043826162815093994
1.0762351751327515
-0.8406336307525635
-0.018493080511689186
1.4448914527893066
-0.21520306169986725
0.5216033458709717
-0.045525457710027695
1.0247652530670166
0.5961964130401611
-0.023206494748592377
-0.1347738653421402
0.032617419958114624
-0.15897530317306519
0.036762841045856476
0.9348455667495728
0.05652530491352081
-0.015225759707391262
-0.7359535098075867
-0.22233933210372925
0.04102151468396187
-0.031086884438991547
0.06910987943410873
0.03696928173303604
-0.12725624442100525
0.8625831007957458
-0.766412079334259
-0.0031195655465126038
-0.06187928467988968
-0.022621244192123413
-0.001826256513595581
-0.425625205039978
0.04247572273015976
0.0510624423623085
-0.0544196292757988
0.022300153970718384
-0.05348114296793938
0.6988608837127686
0.0211173202842474
1.3349629640579224
-0.5896404385566711
1.9531303644180298
1.5233811140060425
-0.7927011251449585
-0.040786467492580414
0.03499143570661545
0.11534993350505829
-0.5123774409294128
1.6888386011123657
0.03498849272727966
-0.03749531880021095
-1.984375
0.0054630679078400135
0.6326133608818054
-0.04127725958824158
0.017920278012752533
-0.07258962839841843
0.04138718545436859
0.942136287689209
-0.09813882410526276
-0.541388213634491
0.19013483822345734
-0.06484706699848175
-0.027678100392222404
0.11518582701683044
0.8167800307273865
0.042768947780132294
-0.06538011133670807
1.1754672527313232
-1.9831209182739258
1.245627760887146
-1.9840375185012817
0.04792964458465576
0.04446442797780037
0.05355282500386238
0.22245925664901733
-1.7482011318206787
-1.9587111473083496
0.676472544670105
0.03587588295340538
0.00078904430847615
0.1379183679819107
-0.00542005430907011
0.0005873292684555054
0.04639597609639168
1.984375
-0.2844681143760681
-0.04341684281826019
0.7501772046089172
0.6771538257598877
0.03577747941017151
-0.04591785743832588
-0.09012369066476822
-0.622255265712738
0.6045486330986023
0.1494101881980896
-0.010397452861070633
-0.018632642924785614
-1.977466344833374
-1.984375
-0.9089450240135193
0.17160622775554657
0.09361244738101959
-0.5712024569511414
-1.9749418497085571
-1.9827684164047241
-0.5718658566474915
0.05481007322669029
0.04971510171890259
0.1987704336643219
-0.0008909635944291949
-0.05663011595606804
0.026289112865924835
-0.0335693284869194
0.053195804357528687
0.5156680941581726
0.23800058662891388
-0.16160765290260315
-0.09307810664176941
0.21854127943515778
-0.043837770819664
-0.002902686595916748
-1.9602442979812622
1.9667141437530518
0.014296911656856537
0.29597964882850647
0.0420474037528038
0.052914224565029144
-0.51679927110672
-0.027116907760500908
0.03307066112756729
0.22123505175113678
-0.05102023854851723
-0.38991352915763855
0.053628064692020416
0.24877256155014038
0.05647315829992294
-0.20064128935337067
0.1258314847946167
-1.5727639198303223
0.2640082538127899
-0.06005850434303284
0.053890377283096313
-0.0012728050351142883
-1.9833877086639404
0.03026628866791725
0.010559315793216228
-0.008899509906768799
-0.041584745049476624
-0.052193693816661835
0.18866181373596191
0.02409529499709606
0.16430699825286865
0.7298598885536194
0.14153540134429932
-0.35451099276542664
-0.3487286865711212
-0.06269951164722443
-0.10172633826732635
-0.4448093771934509
0.06080969423055649
-0.0068284496665000916
0.37750443816185
0.053329937160015106
-1.9581093788146973
-0.13754846155643463
0.238629549741745
0.12567496299743652
0.021765712648630142
0.06060493737459183
-0.11766291409730911
-1.7073068618774414
-0.9957659840583801
-0.019090184941887856
-1.9802463054656982
-0.0831540897488594
-0.05762873589992523
-1.9733928442001343
0.12570889294147491
0.15435791015625
-1.2670166492462158
-0.9700351357460022
1.2939960956573486
-0.47345128655433655
-0.01716381311416626
0.26891258358955383
0.2870299816131592
-0.059323832392692566
-1.3662294149398804
0.08969977498054504
-0.4253532886505127
1.9771735668182373
-0.5771932601928711
0.02094019204378128
-0.5267031788825989
-0.23097126185894012
-0.4196404814720154
-0.041870713233947754
-0.0489358976483345
0.254120796918869
-0.5034452080726624
-0.3469359278678894
0.02787640690803528
0.1601218581199646
0.22839206457138062
-0.4511925280094147
-1.982999324798584
0.29979151487350464
0.6836230754852295
-0.3950793445110321
-0.15746138989925385
0.27580562233924866
-1.9602065086364746
-0.0477537102997303
1.9838932752609253
-0.28949135541915894
-0.03009510226547718
-0.01568082720041275
1.984375
0.0333586260676384
0.05135304480791092
-0.0456007644534111
-0.09110701084136963
0.6477976441383362
0.011085979640483856
-1.1818931102752686
-0.03067927248775959
0.21632999181747437
-0.13708847761154175
0.017581485211849213
-1.9742259979248047
0.07565310597419739
0.8551647663116455
0.09620669484138489
0.43657949566841125
0.727849543094635
0.23038648068904877
0.18425555527210236
0.1382872462272644
0.24414630234241486
0.0267745740711689
1.1014924049377441
-0.00671714311465621
-0.41457340121269226
0.23279619216918945
0.19158655405044556
0.10597323626279831
-0.1873813420534134
-0.06394404172897339
-0.14300140738487244
0.1283920705318451
-0.04346001520752907
-0.018101762980222702
-0.014721512794494629
-0.05119393765926361
0.18630553781986237
-0.10150226205587387
1.9759629964828491
-0.4857395887374878
0.06708728522062302
0.17566655576229095
0.6651597023010254
0.00624258304014802
0.04085927456617355
0.5664708614349365
0.2084960788488388
0.06047477573156357
-0.773694634437561
-0.002488069236278534
-0.8431491851806641
0.05227437615394592
0.5949804782867432
-0.0032394230365753174
0.13241742551326752
0.6112619042396545
-0.4664125144481659
-0.05707411840558052
-0.17978227138519287
-0.13612785935401917
-0.0069687217473983765
-0.1506987363100052
0.5595648884773254
-0.474456787109375
0.049931369721889496
-0.1652761548757553
-0.02676422894001007
0.05884872376918793
-0.07039646804332733
-0.013036847114562988
-0.39668434858322144
0.029938293620944023
-0.0024275928735733032
0.006106873508542776
-0.6102679967880249
0.04674704000353813
-1.2627496719360352
-0.08104436844587326
-1.9732246398925781
-1.967529535293579
-0.4459879696369171
-0.014608584344387054
-0.033295199275016785
-0.16360998153686523
-1.0551003217697144
0.8176265954971313
0.0358109325170517
0.14138361811637878
1.035505771636963
0.04001418128609657
0.2962595522403717
0.05554904788732529
-0.05049419403076172
0.32162055373191833
-0.03686158359050751
0.4239567816257477
0.19213128089904785
-0.40097102522850037
0.03172844275832176
-0.8361724615097046
0.03697016090154648
-1.3595046997070312
0.5812101364135742
0.031765952706336975
0.03551344946026802
0.6572218537330627
0.10054911673069
0.6852009296417236
0.6285637617111206
-0.02278096415102482
0.055342938750982285
-0.011371703818440437
-1.9787416458129883
0.2838308811187744
1.2200267314910889
0.29664382338523865
0.03558187931776047
0.24427486956119537
-0.6273863315582275
-0.11268763244152069
-0.028272204101085663
-0.05608266592025757
-1.866371989250183
-0.009365212172269821
0.3997213542461395
1.5148351192474365
1.3656227588653564
-0.01508453581482172
-0.054749809205532074
-0.2554818391799927
-1.4552627801895142
0.5869685411453247
-0.7406821846961975
0.1326218843460083
-0.010497651994228363
0.22334477305412292
1.8642792701721191
-0.22671085596084595
-0.8169572353363037
-0.9627866148948669
0.3630528748035431
-1.9822441339492798
-0.8621671795845032
-0.4026027023792267
-0.021796340122818947
0.03267688304185867
-0.8025270700454712
1.050623893737793
1.5935977697372437
0.03858979046344757
-0.010566957294940948
0.008840225636959076
0.42880958318710327
-1.1348748207092285
-0.41613221168518066
-0.25328508019447327
-0.8124865889549255
0.037267401814460754
0.010081088170409203
1.9727354049682617
-1.9835293292999268
0.03361010551452637
-1.4012490510940552
0.004705503582954407
-0.02909780666232109
-0.16328218579292297
0.08069030940532684
-0.049751006066799164
1.5172336101531982
-0.024380574002861977
-0.6274259090423584
-0.09013748914003372
-0.9580169320106506
-0.02421538531780243
-0.4702466130256653
-0.5619829893112183
0.03176126629114151
-0.5499786138534546
-0.01271732896566391
0.051352910697460175
0.0037294626235961914
-0.4512062966823578
0.04513058811426163
-0.010022219270467758
0.05868673324584961
-0.0044601475819945335
0.04441584646701813
-1.0071635246276855
0.01233763713389635
-0.8089239597320557
1.5060242414474487
0.34468403458595276
0.77153480052948
-0.0695674940943718
0.17143024504184723
-0.6429581046104431
-0.10939791053533554
-0.04891467094421387
0.03220635652542114
-0.8197898864746094
0.024545423686504364
1.983378291130066
-0.5887044668197632
-0.9207274317741394
-0.2412654161453247
-0.04982062056660652
-0.007114477455615997
-1.0678224563598633
-1.984375
-1.7113274335861206
-0.0026995583903044462
-1.9217180013656616
1.3716049194335938
-0.16766630113124847
-0.536282479763031
0.4221946895122528
-0.9403319954872131
-0.03641263768076897
1.8220025300979614
1.9380933046340942
-0.18307414650917053
-0.041554905474185944
-1.0041612386703491
1.0622843503952026
0.04822670668363571
1.9300814867019653
0.08902116119861603
-0.15782120823860168
1.6473714113235474
-0.0015937675489112735
-0.005731455981731415
-0.1164037361741066
-0.16653937101364136
-0.587377667427063
-1.2803280353546143
0.0196373388171196
-1.252040982246399
-0.3774677515029907
0.3201112151145935
0.032205402851104736
-0.8749654293060303
-1.2918578386306763
-0.009901653975248337
-0.11765293031930923
-0.11159655451774597
1.260714054107666
-1.888641357421875
-1.8666998147964478
0.10418815165758133
1.9610168933868408
0.957054853439331
0.4998254179954529
-1.3943164348602295
-0.03612793982028961
0.005517225246876478
0.45562243461608887
0.03242536634206772
-0.025158382952213287
0.007372274994850159
0.8441489338874817
1.1022506952285767
-0.04839184135198593
1.4749983549118042
-0.06745888292789459
1.5105178356170654
-0.1347775161266327
-0.05495589226484299
-0.09977024048566818
-1.4035288095474243
1.984375
0.9162320494651794
-0.8204882740974426
1.5140774250030518
0.11248793452978134
0.04488826170563698
-0.6844692826271057
-1.0202839374542236
0.012530052103102207
1.3073792457580566
-0.030916400253772736
0.2842423915863037
0.03257722035050392
0.1480417102575302
-0.02134675160050392
-0.301657497882843
-0.12430225312709808
-0.43225571513175964
-0.11779776960611343
0.0495443232357502
-0.021610800176858902
0.05766545981168747
-0.01228303462266922
-0.9699713587760925
0.016952630132436752
0.13586288690567017
-0.5166863799095154
-0.2849771976470947
-1.220954179763794
0.48227807879447937
-0.07246699184179306
0.041693489998579025
1.1066163778305054
1.391660213470459
-0.016625776886940002
-0.20584112405776978
-0.046302370727062225
0.37375926971435547
0.05133908987045288
1.265403389930725
0.0008913055062294006
0.484999418258667
1.9180636405944824
0.6399415135383606
0.014462894760072231
-0.3689940571784973
-0.42972734570503235
-0.031187288463115692
-0.44793570041656494
0.7400687336921692
-0.3370336890220642
0.046692706644535065
0.00017138580733444542
0.058776166290044785
0.0274680033326149
1.958690881729126
-0.006466209888458252
-0.23583057522773743
-0.017268426716327667
-0.04350414127111435
0.010643300600349903
1.3831475973129272
-0.8761598467826843
-1.945215106010437
1.9058085680007935
-1.9736905097961426
0.8463229537010193
-0.24717074632644653
0.051154300570487976
0.02143496833741665
-0.33338961005210876
0.768652617931366
0.3407028615474701
0.0030265450477600098
-0.7979063987731934
1.2780956029891968
-0.002491066697984934
1.630619764328003
0.007645353674888611
-0.034418247640132904
-1.4300729036331177
-0.06162071228027344
1.0943570137023926
-0.6823059916496277
0.052285440266132355
-0.1426573395729065
-1.9558719396591187
0.035435326397418976
1.9800121784210205
1.9389474391937256
-0.05565560981631279
0.06339443475008011
1.4839409589767456
-0.8625259399414062
1.0138815641403198
0.8662691712379456
0.0018455764511600137
-0.01882854476571083
0.0193080585449934
-1.6083582639694214
-0.5379661917686462
-1.8871384859085083
1.7520049810409546
0.012926533818244934
-0.6073165535926819
-0.23482732474803925
0.5121561884880066
0.015711389482021332
-0.01516448613256216
1.952378749847412
0.3356010913848877
-0.04930409789085388
0.02602594904601574
0.012146291323006153
0.02113281935453415
-0.05426241457462311
-0.023558974266052246
-0.006198099814355373
-0.040172379463911057
0.045153066515922546
0.05004885047674179
-0.04346808046102524
-0.02004292979836464
0.021197736263275146
0.007735475432127714
0.036502160131931305
-0.00011504441499710083
-0.04648283123970032
-0.02018631622195244
-0.016019225120544434
0.028052235022187233
0.027429714798927307
-0.035271137952804565
0.03510408103466034
-0.028658313676714897
-0.034266259521245956
-0.04809363931417465
0.010771714150905609
-0.031885355710983276
-0.0159071683883667
-0.020259816199541092
-0.01661970280110836
-0.028260283172130585
-0.0643450915813446
0.00523395836353302
-0.0022741705179214478
-0.018715474754571915
0.004709786269813776
0.026795655488967896
-0.03584150969982147
0.053648173809051514
-0.06026892364025116
-0.03662456199526787
0.06113877147436142
0.03127988427877426
-0.03271115571260452
-0.010813795030117035
-0.032524820417165756
0.02695852518081665
0.05717597156763077
0.0076816752552986145
-0.044789958745241165
-0.0462590716779232
0.03846044838428497
0.03575354814529419
-0.035572461783885956
0.020921237766742706
-0.061143696308135986
-0.04049014300107956
0.021312572062015533
-0.04369562119245529
0.05067533999681473
0.003991454839706421
-0.04362941533327103
0.02791902981698513
0.06069819629192352
-0.09028524905443192
3.332201231387444e-05
-0.02416028454899788
-0.040354207158088684
0.04777095466852188
-0.055822018533945084
0.020710771903395653
-0.027514297515153885
0.013936847448348999
-0.03589824587106705
0.004346026573330164
-0.024757973849773407
0.03682051971554756
0.03471976891160011
0.02653368189930916
0.013386858627200127
-0.013249345123767853
0.02657558023929596
-0.05965226888656616
0.031876496970653534
0.01675165258347988
0.030723288655281067
-0.07343707978725433
0.07028138637542725
0.05861608684062958
-0.0023963716812431812
-0.0714723989367485
0.0018897494301199913
-0.011784397065639496
-0.027405263856053352
-0.022787192836403847
-0.01981780119240284
-0.06237940490245819
-0.08326850086450577
-0.059390079230070114
0.03763484209775925
-0.02470114454627037
-0.011326432228088379
-0.015146218240261078
-0.07212571054697037
0.05122106894850731
0.04059065878391266
0.011354131624102592
-0.03399195522069931
-0.026778385043144226
-0.06984288990497589
-0.04529692977666855
0.051837317645549774
0.03158889338374138
-0.019015636295080185
0.02774222195148468
-0.0068481783382594585
-0.024861780926585197
-0.006234111730009317
-0.0003511763643473387
-0.0268611628562212
-0.09406838566064835
-0.045263439416885376
-0.024761473760008812
0.046332813799381256
-0.07076876610517502
-0.0293195191770792
-0.00018300116062164307
-0.047719888389110565
-0.04246249049901962
-0.015340708196163177
-0.05719008669257164
7.852911949157715e-05
-0.029623202979564667
-0.02723858505487442
0.014673320576548576
-0.03063688799738884
0.00740312784910202
0.034840039908885956
0.04853218048810959
-0.09294325858354568
-0.030465826392173767
-0.003872327506542206
0.017450764775276184
-0.0702565461397171
-0.03264930844306946
-0.03598703816533089
-0.012365353293716908
-0.054001856595277786
-0.06120031699538231
-0.048456866294145584
-0.03823164477944374
0.03128454461693764
-0.04394886642694473
-0.035822488367557526
-0.003284849226474762
0.011529077775776386
0.022173283621668816
0.06175948306918144
-0.0377531573176384
0.013712047599256039
0.02932840585708618
-0.02712341770529747
-0.06046699360013008
-0.003591790795326233
0.026185430586338043
0.010659314692020416
0.06214473396539688
-0.028682319447398186
-0.022914299741387367
-0.007144272327423096
-0.022066913545131683
0.045065395534038544
-0.0458960197865963
-0.034747783094644547
-0.06364250928163528
-0.019463323056697845
0.002974882023409009
-0.03970160707831383
-0.008139707148075104
0.017803363502025604
0.01748579740524292
-0.010105750523507595
0.005482517182826996
0.03987893462181091
0.021100834012031555
-0.08655858039855957
0.056763507425785065
-0.01320202462375164
-0.05166295915842056
0.021797332912683487
-0.009476692415773869
0.05060539394617081
-0.04594938084483147
-0.08711155503988266
0.018838688731193542
0.04324893653392792
-0.015313961543142796
0.0423392727971077
-0.009181000292301178
-0.05379360169172287
0.0334148034453392
-0.020055066794157028
0.036308638751506805
0.014602653682231903
-0.016880981624126434
-0.06162511184811592
0.015134313143789768
0.006187225226312876
0.05288609117269516
-0.009537527337670326
-0.07054130733013153
-0.025533515959978104
0.039160579442977905
0.044141411781311035
-0.009345624595880508
0.059957291930913925
-0.0619654655456543
0.0547197088599205
-0.08089696615934372
-0.023556075990200043
-0.060252100229263306
-0.07708436250686646
0.0408504456281662
0.012516804039478302
-0.06521840393543243
0.009011082351207733
-0.05576605722308159
0.034011583775281906
-0.001108225784264505
-0.0070009054616093636
0.01363702304661274
0.02019624412059784
0.048959534615278244
-0.04344945400953293
-0.03429950773715973
0.04976706951856613
-0.022706883028149605
-0.0034985989332199097
-0.03212175890803337
-0.035651493817567825
-0.03129839897155762
0.0022772103548049927
-0.062465861439704895
0.051899075508117676
-0.05696667358279228
-0.046162623912096024
0.05591054633259773
-0.056091681122779846
-0.010152009315788746
0.05031942203640938
-0.005455345846712589
0.004033096134662628
0.012661248445510864
-0.06104514002799988
0.008907347917556763
-0.033181194216012955
0.38207265734672546
0.39234042167663574
0.002932693110778928
0.011878258548676968
-0.8680494427680969
0.03915895149111748
0.38171860575675964
-0.7853429317474365
0.025401469320058823
-0.05718640238046646
-1.919480323791504
-0.1475742906332016
0.3336685597896576
-0.8992790579795837
0.02754848636686802
-0.22848474979400635
-1.7413063049316406
-0.319557785987854
0.18188397586345673
0.009113479405641556
0.017447669059038162
-0.6585935354232788
0.31056174635887146
0.027716180309653282
-0.057105571031570435
-0.040946632623672485
-0.034230731427669525
0.288337379693985
-1.3998204469680786
1.0081642866134644
0.0036956409458070993
-1.0492331981658936
0.017267554998397827
-0.030825532972812653
-1.4383394718170166
-1.9837160110473633
0.06181236356496811
-1.225193977355957
-0.00819665938615799
0.013804715126752853
0.1348181664943695
-0.062317751348018646
0.020199306309223175
0.19239750504493713
0.04546213150024414
-0.24736593663692474
0.0073541924357414246
-0.4640677869319916
0.026243530213832855
0.20652514696121216
-0.836421012878418
-0.41550159454345703
-0.09914868324995041
-0.004433766007423401
0.005771748721599579
-0.026585891842842102
-0.41298970580101013
0.04060177877545357
-0.002624643500894308
0.014509126543998718
-0.10354462265968323
0.007387824356555939
-1.096211314201355
0.0022745965979993343
-0.8815397024154663
0.38252270221710205
-0.3915634751319885
-0.179292231798172
-0.03662876412272453
0.0290935430675745
0.18740561604499817
-0.28605204820632935
0.022083096206188202
-0.01972980424761772
-1.9756182432174683
-0.04209091514348984
-0.3506009876728058
0.21957018971443176
-1.0839273929595947
-0.036281000822782516
0.030715717002749443
0.06177286058664322
-0.13325132429599762
-1.984375
1.1252071857452393
0.017653945833444595
-1.9814748764038086
0.2447766810655594
-0.08748084306716919
-0.15662384033203125
-0.09916669130325317
-0.9744651317596436
-0.03452497720718384
0.2697221338748932
-1.9292585849761963
-0.38812851905822754
-0.054078541696071625
-1.0629572868347168
0.08180244266986847
-0.060017287731170654
-0.704362154006958
0.015946989879012108
-0.39531975984573364
0.7694701552391052
-0.01382699329406023
0.0274345800280571
-0.32129576802253723
0.6252972483634949
-0.2800915241241455
0.05901540815830231
0.04026104509830475
-0.4495242238044739
-0.2862938940525055
0.3538448214530945
-0.054796867072582245
-0.9021263122558594
-0.4756886959075928
-0.2915210723876953
-0.7764112949371338
0.3515990674495697
0.4417092502117157
-1.0860401391983032
-1.963438630104065
0.02487299032509327
-1.919547200202942
0.1426864117383957
0.6864845752716064
0.1486538052558899
-0.0421416275203228
0.043110575526952744
-1.8178303241729736
-0.04097834974527359
0.009715951979160309
-0.03895439952611923
-0.04239070042967796
0.3810333013534546
-0.052737608551979065
0.17247216403484344
0.008127129636704922
0.6116474270820618
-0.6167987585067749
0.028230100870132446
-1.0661425590515137
0.12290176004171371
0.3177333176136017
-0.21292591094970703
-1.0594511032104492
0.44911450147628784
-0.4195880591869354
-0.27651548385620117
-0.7892035841941833
-1.2194262742996216
0.022120371460914612
-0.47864627838134766
-0.0380505807697773
-0.5994716882705688
0.032895248383283615
-0.04470008984208107
0.024614457041025162
0.3312700390815735
-0.07561375200748444
0.22556814551353455
-0.05939934402704239
0.06644774228334427
-0.0408383309841156
-0.031960755586624146
-0.06124352663755417
-0.2898547053337097
0.40809738636016846
1.866065263748169
-0.3319448232650757
-0.014484171755611897
-0.3161703050136566
-0.2835744619369507
0.22675839066505432
0.04186917468905449
0.3364894390106201
0.46706750988960266
0.04163936525583267
0.3445511758327484
0.04058678448200226
-0.31795769929885864
-0.0040052905678749084
0.38831445574760437
0.053760744631290436
-0.18717117607593536
0.7829586863517761
-1.9776097536087036
-0.025521155446767807
0.10460559278726578
0.23571471869945526
0.011920556426048279
-0.1508864462375641
0.25886470079421997
-0.36584845185279846
0.03081001341342926
-0.0732172280550003
0.045447587966918945
-0.043639302253723145
0.13232265412807465
0.030249707400798798
-0.10800641775131226
-0.049889303743839264
-0.006125971674919128
-0.03372888267040253
0.7163208723068237
-0.12485917657613754
1.9112553596496582
0.8152831196784973
1.4983916282653809
0.2186065912246704
-0.33819881081581116
-0.016492970287799835
-0.012360509485006332
0.27615055441856384
0.445804625749588
0.3119886815547943
0.06211770325899124
-1.1195261478424072
-1.9457632303237915
0.016936957836151123
0.40769311785697937
-0.018437713384628296
0.04927295446395874
-1.2243410348892212
0.039366863667964935
0.6264201998710632
-1.002061367034912
-0.7676452398300171
-0.8895360231399536
0.10856673121452332
-0.014234235510230064
1.9813053607940674
0.8007367849349976
-0.055667173117399216
0.004162944853305817
0.41760122776031494
0.7514573335647583
0.4410516917705536
-0.27888593077659607
0.07710510492324829
-0.06307576596736908
0.03632707521319389
-1.871246337890625
0.8438954949378967
0.7031084895133972
0.4541325271129608
-0.03765147179365158
-0.10079250484704971
0.11425092816352844
0.04162808880209923
0.04569242149591446
0.048189885914325714
1.984375
0.007939175702631474
0.2921515107154846
-0.638483464717865
-0.4612531065940857
-0.027686994522809982
-0.13735973834991455
0.24918755888938904
-0.4797370135784149
-0.4968372583389282
0.37367185950279236
0.09802765399217606
0.02575375884771347
-0.4262780547142029
-0.9677093625068665
-0.2236771136522293
0.4864964783191681
-0.6271443367004395
0.34371471405029297
-0.5448073148727417
-1.982031226158142
-0.37514248490333557
-0.03304492309689522
-0.011149701662361622
0.2307375818490982
0.0448974184691906
0.5342937111854553
-0.032892778515815735
0.03175313025712967
-0.019980698823928833
-0.4855114817619324
0.6595436930656433
0.14291754364967346
0.2516113817691803
0.47130945324897766
-0.0029789358377456665
0.07413934171199799
1.9818882942199707
-1.9843122959136963
0.015266962349414825
0.23203039169311523
0.0073260292410850525
-0.015105175785720348
-0.21826155483722687
0.039668090641498566
0.025944486260414124
-0.29315727949142456
0.015243977308273315
0.16864515841007233
-0.07507158815860748
-0.22575847804546356
-0.03501684218645096
0.6593332290649414
0.6147231459617615
-0.002201265888288617
-0.5580151081085205
0.015807077288627625
0.05147142708301544
-0.0032055750489234924
-0.036878395825624466
0.006268558092415333
0.00331486901268363
0.017450571060180664
0.06998393684625626
-0.03383073955774307
0.6606358885765076
0.018668461591005325
0.36783698201179504
-0.6714650988578796
0.7288717031478882
0.26601412892341614
-0.04717487096786499
0.13968566060066223
-0.46769291162490845
0.6690647006034851
-0.03347977250814438
0.031671393662691116
0.4503355920314789
-0.03875483572483063
0.3915327489376068
-0.3813631534576416
0.6743494272232056
-0.1975245177745819
0.016502872109413147
-0.06245759129524231
-0.7629887461662292
-1.984010100364685
0.3096885085105896
0.022821998223662376
-0.6734532713890076
0.659868597984314
-0.14211127161979675
-0.4974592626094818
0.06867247074842453
0.5587716698646545
-0.04572673141956329
0.5034655332565308
1.9358018636703491
0.6121153831481934
0.02059634029865265
0.6287378668785095
-0.9046151041984558
0.03283362835645676
0.9136095643043518
-0.019730322062969208
0.5573264360427856
0.8064683079719543
0.002524178009480238
0.04205983132123947
0.7613268494606018
0.11635957658290863
0.2751959562301636
-0.3336655795574188
0.0508187860250473
-0.36401909589767456
0.2206587791442871
0.7123743295669556
0.04276688024401665
0.41647759079933167
-0.4126409888267517
0.6962507963180542
-1.984375
-0.37464356422424316
-0.7017691135406494
0.2682304382324219
-0.21845868229866028
0.08629964292049408
1.9161580801010132
0.2202395796775818
1.979997992515564
-0.37342962622642517
-0.0676850974559784
0.03774157166481018
0.3805445730686188
0.01253790408372879
-0.027389734983444214
-0.03561326116323471
0.5406138896942139
-0.4323004484176636
0.015163794159889221
1.9843727350234985
-0.011362941935658455
0.838919997215271
-0.06921109557151794
0.028294146060943604
1.0113515853881836
-0.29881152510643005
1.926497220993042
0.28658536076545715
0.27797743678092957
-0.7957674860954285
0.05164024233818054
0.024408522993326187
0.4922167956829071
0.4848891496658325
0.02701973170042038
0.43486905097961426
0.022109316661953926
0.13127228617668152
-0.22708848118782043
-0.20810124278068542
-0.04984832927584648
-0.4367623031139374
-0.16731366515159607
-0.40776145458221436
-0.12431198358535767
-0.017222966998815536
-0.0003981864720117301
0.015602298080921173
0.015579454600811005
-0.560258686542511
-0.3400138020515442
-0.013506670482456684
0.26544103026390076
0.08288019150495529
-1.94951331615448
-0.646357536315918
-0.18522606790065765
-0.04150570183992386
-0.5990549325942993
0.8205953240394592
-0.061505623161792755
-0.19607943296432495
0.04044666886329651
0.19574014842510223
0.002571443561464548
-0.34671956300735474
0.003103591501712799
0.4193555414676666
-1.0092682838439941
0.6939787268638611
0.03315703198313713
-0.0790422186255455
-0.41575339436531067
0.0004949718713760376
0.24789905548095703
-0.5293389558792114
0.44485774636268616
-0.022809475660324097
-0.010065230540931225
0.06087874993681908
0.03201694041490555
-1.9820399284362793
0.014107182621955872
0.20662833750247955
-0.046752069145441055
-0.05497004836797714
0.050575606524944305
1.983553171157837
-1.429799199104309
1.9401012659072876
0.6737748384475708
-1.5059313774108887
0.27687135338783264
0.449697881937027
-0.02001858502626419
0.06303881108760834
-0.42442166805267334
-0.7630090713500977
-0.744472861289978
0.06210636347532272
0.4934881031513214
-1.3880220651626587
-0.025429842993617058
0.6619194149971008
0.05267193913459778
0.0062295421957969666
0.15773487091064453
0.01032499223947525
0.11571530997753143
0.6360936164855957
0.1890244483947754
0.10164894163608551
-0.6997864246368408
-0.036688558757305145
-1.1971043348312378
0.33778858184814453
-0.021845659241080284
-0.020954053848981857
-0.5026801824569702
0.16709470748901367
-0.5898588299751282
-0.3210805356502533
-0.03799573704600334
-0.0014977630926296115
-0.018473459407687187
0.5373957753181458
0.05119939148426056
-0.7900511622428894
0.7472395896911621
-0.06261501461267471
-0.522695004940033
-0.6720744371414185
0.295939177274704
0.005500584840774536
-0.05086282268166542
1.70399010181427
0.1915683001279831
-0.0031104600057005882
-0.05055391788482666
-0.05555310100317001
-0.017054639756679535
-0.006068363785743713
-0.06689251959323883
-0.034098464995622635
-0.01134585589170456
-0.009981521405279636
-0.005943760275840759
-0.056196026504039764
0.05130565166473389
-0.00159242853987962
-0.029391273856163025
-0.03379161283373833
0.049536511301994324
-0.047584544867277145
0.017141226679086685
0.05914091318845749
0.038809970021247864
-0.015118330717086792
-0.015470139682292938
-0.008175474591553211
-0.01545676589012146
0.06087302416563034
0.010869383811950684
-0.02743321657180786
0.04694478213787079
-0.05345403403043747
-0.02300666831433773
-0.01765657775104046
0.025184372439980507
-0.0013484861701726913
-0.016170933842658997
-0.004832610487937927
-0.04323027282953262
0.004798963665962219
0.004070088267326355
-0.01627190411090851
0.037980906665325165
0.05323103070259094
0.020356811583042145
0.02634960412979126
0.025259360671043396
-0.004784225020557642
-0.03120996057987213
0.012211309745907784
0.05946957319974899
0.07225845754146576
0.009015358984470367
0.02251400053501129
0.009868488647043705
-0.04821097105741501
0.024730892851948738
-0.02122991532087326
-0.013590358197689056
0.032631322741508484
-0.00821399874985218
-0.0486157163977623
0.023818612098693848
-0.06146099418401718
-0.016528576612472534
-0.062127187848091125
0.007654622662812471
-0.015771351754665375
0.04486347734928131
-0.018223680555820465
-0.006135875824838877
0.019326742738485336
-0.049209751188755035
-0.06033811345696449
-0.07566642761230469
-0.034984041005373
-0.032585881650447845
0.0241183340549469
0.04218543693423271
0.007934212684631348
-0.042809151113033295
-0.051812730729579926
-0.033760037273168564
-0.04080520197749138
-0.008963160216808319
0.00011932104825973511
-0.018675724044442177
0.03633856400847435
-0.056313421577215195
0.04031365364789963
-0.0022677253000438213
-0.0581681951880455
-0.056006260216236115
-0.06410857290029526
-0.02864210307598114
0.03313237428665161
0.04969339817762375
-0.005370497703552246
0.04452896863222122
-0.07240435481071472
0.030054792761802673
-0.035618722438812256
0.036681655794382095
-0.021806806325912476
-0.04669775068759918
0.020665153861045837
-0.07927313446998596
0.031482111662626266
0.032692499458789825
-0.021132715046405792
0.029640695080161095
0.02657616138458252
-0.05624435842037201
0.021826503798365593
-0.049638353288173676
-0.011236113496124744
-0.026864511892199516
-0.04631086066365242
-0.06131993234157562
0.02227514423429966
0.04205356538295746
-0.06922696530818939
-0.05999496206641197
-0.036603741347789764
-0.02369982749223709
-0.038846272975206375
-0.05706722289323807
0.06232351064682007
-0.015777146443724632
0.006514349486678839
0.060520462691783905
-0.05628753453493118
0.03722110390663147
0.029555946588516235
-0.038030512630939484
0.0016242638230323792
0.010764539241790771
-0.028181806206703186
-0.027197949588298798
0.016583703458309174
0.04429217427968979
-0.025971457362174988
0.032083988189697266
0.025761688128113747
0.005331292748451233
0.041890643537044525
0.0599810965359211
-0.013453025370836258
0.019056664779782295
0.004880987107753754
-0.06471163779497147
-0.06060964614152908
-0.039130136370658875
-0.060421597212553024
0.03589495271444321
0.024079469963908195
0.034693971276283264
-0.08123902231454849
0.05441146343946457
-0.020301979035139084
-0.02346866764128208
0.016878684982657433
0.01556742936372757
0.016340233385562897
0.058976441621780396
-0.059540897607803345
0.01467365026473999
-0.050008662045001984
0.055878691375255585
-0.06042507290840149
0.04239111393690109
-0.05151468515396118
0.029498085379600525
0.014790534973144531
-0.03618702292442322
0.02454857900738716
-0.05700535327196121
-0.00046077894512563944
0.008510872721672058
0.03506450355052948
0.04785244166851044
-0.0071120611391961575
-0.0124148428440094
0.05389668047428131
0.0031958073377609253
0.0035399869084358215
0.030984900891780853
-0.03939260542392731
0.0058185383677482605
0.053899604827165604
0.05231449007987976
0.021192403510212898
0.011306814849376678
-0.04798527806997299
-0.06449536979198456
0.013705983757972717
-0.04729017615318298
-0.007036569528281689
-0.06853371858596802
-0.006378531455993652
0.00353318452835083
0.03425252437591553
0.050951533019542694
-0.05469369888305664
-0.023342043161392212
-0.004385870881378651
0.013789273798465729
0.05401016026735306
-0.04493999481201172
-0.04285546392202377
0.016578860580921173
-0.014782780781388283
0.007633678615093231
-0.05740974843502045
-0.03971601277589798
0.028689447790384293
0.04580960422754288
0.0537370890378952
-0.07257821410894394
-0.03821348398923874
-0.04947835952043533
-0.0033791661262512207
-0.0018814395880326629
0.03790135681629181
-0.010011143982410431
-0.04028618708252907
-0.035853706300258636
0.010301254689693451
0.02017960324883461
0.005983926355838776
-0.06047751009464264
0.05620838701725006
-0.017521249130368233
0.024540845304727554
0.03258255869150162
0.04464206099510193
-0.05558142811059952
0.04096570238471031
-0.005481503903865814
0.061181701719760895
0.022574637085199356
-0.01372773852199316
0.027461044490337372
0.003266278887167573
0.04222746193408966
-0.05132889747619629
0.009935326874256134
-0.011900510638952255
-0.021016262471675873
-0.07890098541975021
0.003333910834044218
-0.045080870389938354
-0.0032054483890533447
-0.047573499381542206
-0.009558916091918945
0.05914432555437088
0.03562258929014206
0.029741477221250534
0.05559580773115158
0.02135847695171833
0.08050049841403961
0.025520548224449158
-0.0417194738984108
-0.13424238562583923
-0.19317033886909485
0.598629355430603
0.040490150451660156
0.8837726712226868
0.08644682168960571
0.03628707677125931
1.970063328742981
0.2560703158378601
-0.28875893354415894
1.0288468599319458
0.12288644909858704
-0.1949814260005951
1.2364931106567383
-1.966179370880127
-0.33918437361717224
0.00036439383984543383
-0.0381830632686615
1.0049484968185425
0.18465180695056915
0.6126044392585754
-0.019942954182624817
-0.030592583119869232
0.04578040540218353
0.08594419807195663
1.6213730573654175
-1.958407998085022
0.025448665022850037
1.3128371238708496
-0.046443693339824677
0.07609013468027115
0.15209157764911652
0.9542309641838074
-0.026993803679943085
1.508898377418518
0.04447423666715622
-0.006347972434014082
-0.294927179813385
0.00980355404317379
0.007349789142608643
0.2772476375102997
-0.03938207030296326
0.002567110350355506
-0.061741676181554794
0.5664737820625305
0.007333084940910339
0.13368943333625793
1.1177594661712646
0.03606603667140007
0.11206931620836258
0.02768252044916153
-0.0553070530295372
0.031950630247592926
0.9425435662269592
0.031968243420124054
-0.011578981764614582
0.06003321707248688
-0.010712641291320324
0.01168873906135559
1.2928295135498047
-0.058615542948246
1.0972638130187988
0.09502717852592468
0.21043381094932556
-0.10604352504014969
-0.04991304874420166
-0.0515601821243763
-0.34227806329727173
0.08696262538433075
-0.05148740112781525
-0.053326722234487534
0.525562584400177
-0.041610777378082275
1.1296659708023071
-0.46773260831832886
1.3665691614151
0.017231693491339684
-0.0029287831857800484
-0.004529394209384918
0.14621587097644806
0.8686071038246155
-0.3620028793811798
0.004138673190027475
-1.5594124794006348
0.10322016477584839
-0.14384885132312775
-0.29616430401802063
0.13843612372875214
1.2490402460098267
-0.04149961471557617
1.0066877603530884
-1.6715294122695923
-0.008563859388232231
-0.018606796860694885
1.2927924394607544
-0.6436793804168701
-0.03459513187408447
0.1993514597415924
0.026855073869228363
0.11129570007324219
-0.538867175579071
0.033669766038656235
0.021375320851802826
-0.00928572379052639
-0.35321807861328125
-0.037530068308115005
0.8085381984710693
-0.0011216551065444946
0.4828791618347168
-0.018038185313344002
-0.09443072229623795
0.051108941435813904
1.05549156665802
0.3915129601955414
0.07014147192239761
-1.3723394870758057
0.13806867599487305
0.05048508197069168
-0.24217773973941803
-0.08915627747774124
0.039293039590120316
1.2727723121643066
0.029916157945990562
0.7732276916503906
-0.4476739764213562
-0.13625916838645935
-0.0590495690703392
-0.3829493224620819
0.053971804678440094
0.003256089985370636
-0.00140371173620224
0.10471903532743454
0.04679672420024872
0.05887746065855026
0.5237280130386353
-0.026018187403678894
-0.8382790088653564
-0.12937770783901215
0.049387089908123016
-0.2492966502904892
-0.07081109285354614
0.3730956017971039
-0.11204657703638077
0.24107706546783447
-0.028796818107366562
0.10830428451299667
0.6487268805503845
1.044187307357788
1.4447317123413086
-0.029583457857370377
-0.4870961308479309
0.03994472697377205
0.10629568248987198
0.014989667572081089
0.0686853677034378
0.008149035274982452
-0.38123446702957153
-0.09384727478027344
-0.5959901809692383
-0.14480504393577576
0.05325693264603615
0.02020685002207756
0.03168068826198578
0.03877589851617813
0.25151824951171875
-0.41801556944847107
-0.02470053732395172
0.11286621540784836
0.09017830342054367
0.1071108877658844
0.3369896709918976
-0.671155571937561
0.05122353881597519
0.013369511812925339
-0.08150313049554825
-0.02893664687871933
-0.21325549483299255
-0.05629122257232666
-0.09945167601108551
0.017657216638326645
-0.02153368480503559
-0.05226968973875046
0.6683692336082458
0.22688205540180206
0.04847421124577522
0.0052186474204063416
-0.23460020124912262
-0.5193303823471069
0.040623247623443604
0.05788053572177887
-0.00281007238663733
0.06896067410707474
-0.036352165043354034
0.03214646875858307
0.012592515908181667
0.04039724916219711
-1.897499918937683
0.005035407841205597
-0.10335912555456161
0.016684023663401604
0.03477758169174194
-0.05351046845316887
0.4450784921646118
0.12355941534042358
1.5392647981643677
-0.1790243536233902
-0.6041896343231201
-1.6475191116333008
0.013449129648506641
0.02609206736087799
0.02629176713526249
-0.6050162315368652
0.14055058360099792
0.9277782440185547
0.02887125313282013
1.2893508672714233
1.0088260173797607
0.027326809242367744
-0.04547189548611641
0.04694704711437225
0.04521816968917847
1.5922495126724243
0.05096626281738281
-0.09324585646390915
1.2116506099700928
0.09989610314369202
0.38015466928482056
0.5568090081214905
0.03700128570199013
-1.9657292366027832
0.04371068626642227
-0.00304025923833251
-0.014253503642976284
-0.05699530988931656
0.28360098600387573
0.06242876872420311
-0.11656467616558075
-0.057962462306022644
0.022846492007374763
0.02039688639342785
0.30784282088279724
-1.3064463138580322
-1.9770588874816895
-0.05216112360358238
-0.025497499853372574
0.07987112551927567
-0.2878047823905945
0.08275090903043747
0.05392269790172577
0.06263566017150879
1.9191231727600098
-0.07676419615745544
0.00619132723659277
-0.039105046540498734
-0.036550458520650864
0.041914813220500946
0.009249522350728512
-0.06609191745519638
-0.03316224738955498
-0.005966357421129942
-0.028423849493265152
-0.08077342808246613
0.015729695558547974
0.0007612922345288098
-0.05307245999574661
-0.0687718465924263
-0.03893572464585304
-0.011309187859296799
-0.06698667258024216
-0.0385076068341732
0.0009853880619630218
0.011286445893347263
-0.03041749633848667
0.03467664122581482
0.0151639049872756
-0.03882072865962982
-0.0034251485485583544
-0.03947940468788147
-0.009669303894042969
0.031102418899536133
-0.032158270478248596
-0.04303780198097229
-0.013725225813686848
-0.043920766562223434
0.03607074171304703
-0.04336529225111008
-0.05461476743221283
-0.046440910547971725
0.011758953332901001
0.0365898534655571
0.029219454154372215
0.010909192264080048
-0.0413786806166172
0.000841907225549221
0.018864745274186134
-0.036034733057022095
0.01262511033564806
0.008423670195043087
0.018475601449608803
0.02055007964372635
-0.04203958809375763
-0.016733765602111816
0.015397260896861553
-0.04420318454504013
0.028614239767193794
-0.02158411033451557
-0.024820365011692047
-0.05059093236923218
0.015459693968296051
0.04792232811450958
0.014193546026945114
-0.053372323513031006
-0.04513739049434662
-0.04198632389307022
0.05876418203115463
0.004414897412061691
0.032299213111400604
-0.07635129988193512
0.011093994602560997
0.01424941886216402
0.006736141163855791
0.011429641395807266
0.004669460002332926
-0.004481002688407898
-0.02036057598888874
0.01696721464395523
-0.04865378886461258
-0.01567603461444378
0.04061982035636902
0.01981172151863575
0.029391683638095856
-0.0485725924372673
0.014352257363498211
-0.03916819021105766
0.02403787523508072
0.006524352356791496
0.001954570645466447
0.021033581346273422
-0.06080067902803421
-0.017164183780550957
-0.07216844707727432
0.01488492451608181
0.043498579412698746
-0.036742791533470154
-0.06342753022909164
-0.05026473477482796
0.011094343848526478
-0.02880624309182167
-0.06237530708312988
0.018010199069976807
-0.052883852273225784
-0.05521323159337044
-0.02319405972957611
-0.006699171848595142
0.06798944622278214
-0.009914591908454895
-0.026406044140458107
0.009877593256533146
0.008544057607650757
-0.007196677848696709
-0.007601436227560043
-0.025666171684861183
-0.01189737394452095
0.05064363032579422
-0.06741730123758316
-0.07706636935472488
-0.044898100197315216
0.05551374703645706
0.025078143924474716
0.027585595846176147
-0.021434256806969643
-0.04137517139315605
-0.020895177498459816
0.04596232995390892
0.036988671869039536
0.03439129516482353
0.03660249337553978
-0.0476059764623642
0.0425572544336319
-0.022954698652029037
-0.0037433775141835213
-0.015906374901533127
0.03087732195854187
0.004225388169288635
-0.014553926885128021
-0.045274458825588226
-0.061544790863990784
-0.07519455999135971
0.00914727058261633
-0.013402387499809265
-0.02845779061317444
-0.06011639162898064
-0.023855041712522507
-0.043101921677589417
0.02843519300222397
-0.005935718305408955
-0.07351847738027573
-0.01773645170032978
0.054156385362148285
-0.0581454336643219
-0.007096047047525644
-0.02683643437922001
-0.0060329255647957325
0.0018501987215131521
-0.04735273867845535
-0.01919684372842312
-0.05070067197084427
0.017048951238393784
0.04531458020210266
0.027624793350696564
-0.074842169880867
-0.04161185771226883
-0.02552196942269802
0.007018520031124353
0.013542735949158669
0.027582291513681412
0.049094703048467636
-0.021943511441349983
0.05908496677875519
-0.03415067493915558
0.014817986637353897
-0.05909545719623566
-0.04397457093000412
-0.05362347140908241
0.0504300482571125
-0.06818974763154984
0.00015641283243894577
0.0005610071821138263
-0.021897032856941223
0.028867483139038086
0.007301461882889271
-0.0050352513790130615
-0.006021431181579828
-0.03672473877668381
0.006143427919596434
-0.051070958375930786
0.025379912927746773
0.0608769953250885
0.013533500023186207
-0.007669311948120594
-0.047901906073093414
-0.038041651248931885
0.00027183128986507654
-0.010763878934085369
0.01360127329826355
-0.010851153172552586
-0.035578399896621704
0.018354475498199463
-0.05510281026363373
-0.027228564023971558
-0.03806385025382042
0.0059162527322769165
-0.029821114614605904
0.029760226607322693
0.005321913864463568
-0.05073127895593643
-0.0386250838637352
0.05098923668265343
0.05372943729162216
-0.06162796914577484
0.0538647435605526
-0.05043355002999306
-0.051591742783784866
-0.07119175791740417
0.03250085189938545
-0.022207818925380707
0.04112837836146355
-0.06257034838199615
-0.0662740021944046
-0.05298178270459175
-0.038315944373607635
0.02363903634250164
-0.04874281585216522
0.04417918995022774
-0.0303693488240242
-0.05254080891609192
0.039736732840538025
-0.009392155334353447
0.033686839044094086
-0.03936817869544029
-0.07787369191646576
0.028239496052265167
-0.010855160653591156
-0.03980641067028046
0.021833457052707672
-0.027738653123378754
-0.05223436653614044
0.063266821205616
0.03159122169017792
-0.059259165078401566
-0.015123841352760792
-0.06842079758644104
-0.004666135646402836
-0.03539362922310829
0.009989664889872074
-0.024297362193465233
-0.014107376337051392
-0.0032434817403554916
-0.0406779944896698
-0.02256285957992077
0.009155232459306717
-0.054732795804739
0.022328434512019157
0.010713104158639908
0.04023327678442001
0.05218076705932617
-0.015989050269126892
0.008052141405642033
0.03018936514854431
-0.018696103245019913
-0.06852281838655472
-0.04260724037885666
-0.049357011914253235
-0.02947930060327053
0.032264020293951035
0.006841343827545643
0.037437018007040024
-0.024272574111819267
-0.013949595391750336
-0.06839544326066971
-0.012170271016657352
0.017343653365969658
-0.028545765206217766
-0.026940159499645233
0.013019674457609653
-0.06547816097736359
-0.0020872510503977537
0.022455861791968346
-0.01138925552368164
0.009192310273647308
-0.08051092177629471
-0.04332234710454941
-0.034592438489198685
-0.0306953564286232
-0.03460570424795151
-0.0003328099846839905
-0.03771326690912247
0.005533833988010883
-0.0338657945394516
-0.05238752067089081
-0.03606542944908142
0.016943395137786865
-0.05907288193702698
0.008169105276465416
-0.07508134096860886
0.057528056204319
0.024153318256139755
-0.04075917601585388
0.03645627200603485
-0.017252616584300995
0.024673834443092346
-0.03281187266111374
0.012119870632886887
0.04753801226615906
0.029224593192338943
-0.04210346192121506
0.009762297384440899
-0.04660937190055847
-0.029209889471530914
-0.017509933561086655
0.04444677755236626
-0.0508902408182621
0.06153445690870285
-0.0131303071975708
-0.030059725046157837
-0.021307287737727165
-0.02327658236026764
0.02219950407743454
0.012867383658885956
-0.015726715326309204
0.05024890601634979
0.06313205510377884
-0.042114123702049255
-0.026881126686930656
-0.05105510354042053
-0.005035079549998045
-0.04714479297399521
0.04514843970537186
0.023821759968996048
-0.02013798989355564
-0.01678074710071087
0.00017878413200378418
-0.02830827236175537
0.038155972957611084
0.02575536072254181
-0.05348661169409752
-0.053848929703235626
0.007721584755927324
0.010361521504819393
0.021770581603050232
-0.028512410819530487
-0.021528681740164757
0.03241908177733421
-0.057612933218479156
0.04164688289165497
-0.020097851753234863
-0.020541764795780182
-0.02047528326511383
-0.010272704996168613
-0.041381631046533585
0.005216274876147509
-0.04406251758337021
-0.054172467440366745
-0.03825664520263672
-0.010525715537369251
-0.006568871438503265
0.06366746127605438
0.04366104677319527
0.044756047427654266
-0.06471988558769226
-0.03132391721010208
0.005698071327060461
-0.06391710042953491
0.059243615716695786
0.04889559745788574
-0.03557097911834717
-0.06367429345846176
-0.07317441701889038
-0.0019658657256513834
0.024771414697170258
0.0033009054604917765
-0.07755094021558762
-0.024103529751300812
-0.0173165425658226
-0.04637503996491432
-0.03673918545246124
-0.09057892858982086
-0.07809155434370041
-0.06605362892150879
-0.07161605358123779
0.03288592770695686
-0.07059767842292786
-0.026454580947756767
0.033050667494535446
-0.06439172476530075
0.05254322290420532
-0.06988617032766342
0.046708524227142334
0.024361848831176758
-0.0038559064269065857
0.006352432072162628
0.011324822902679443
0.013750597834587097
-0.022181808948516846
-0.04517311975359917
0.045369841158390045
0.017162567004561424
0.035986557602882385
0.008257225155830383
0.02541973628103733
-0.050590723752975464
-0.019049538299441338
0.029151448979973793
-0.051687825471162796
-0.023221684619784355
-0.034492772072553635
0.024953089654445648
0.006919831037521362
-0.009914659895002842
0.018846776336431503
0.030091827735304832
-0.01433921605348587
-0.003067648271098733
0.00047782808542251587
-0.06713409721851349
0.04260474443435669
0.010372842662036419
-0.0020891502499580383
-0.01811123639345169
-0.028301455080509186
-0.01695660874247551
-0.022161653265357018
-0.01928098499774933
0.03468529134988785
-0.045538634061813354
-0.012262985110282898
-0.0422554649412632
0.011854336597025394
-0.05611369013786316
-0.060043685138225555
-0.021786727011203766
0.05376901477575302
-0.040918853133916855
-0.02699715457856655
-0.05059712380170822
0.056830231100320816
0.003835055511444807
0.053797729313373566
-0.01526839379221201
0.04006921499967575
0.011741037480533123
0.011963285505771637
-0.0770643949508667
0.033588290214538574
0.01728675328195095
0.024742377921938896
0.0194675512611866
-0.026978299021720886
-0.0059170909225940704
-0.04689089208841324
-0.022260203957557678
0.008627074770629406
0.05972350761294365
-0.0009432691731490195
0.025081880390644073
-0.005971373990178108
-0.0011320114135742188
-0.01711486279964447
0.052284665405750275
-0.04371897876262665
-0.03087998926639557
0.003893718123435974
-0.04676731675863266
-0.02187778800725937
0.01260786596685648
-0.025845594704151154
0.060360949486494064
-0.0337420254945755
0.006569081451743841
-0.030117735266685486
-0.016604909673333168
-0.06167944520711899
0.004173643887042999
0.012712790630757809
0.028428133577108383
0.020811421796679497
0.006309278309345245
0.01780409924685955
0.0020874335896223783
-0.059612296521663666
-0.007115522865206003
0.036089763045310974
0.04186291992664337
-0.04154345020651817
-0.05842200666666031
-0.02417009510099888
0.018714040517807007
-0.03413749486207962
0.002796978922560811
-0.008713752031326294
0.02337159961462021
-0.06613027304410934
-0.007233890239149332
0.02098974585533142
0.01920793205499649
-0.07193825393915176
-0.018563272431492805
-0.034059979021549225
0.039120111614465714
-0.05405052751302719
0.05285288393497467
-0.06220898777246475
0.012542369775474072
-0.044275637716054916
0.002878606552258134
0.0472547747194767
-0.00325852632522583
0.03885157033801079
-0.004711751360446215
-0.062208641320466995
0.0411330908536911
-0.03178787976503372
-0.00664140097796917
0.016025526449084282
-0.0678221583366394
-0.011849683709442616
0.04140348732471466
0.04401536285877228
-0.04223918169736862
0.012996025383472443
0.011432248167693615
-0.02474810741841793
-0.0608329251408577
-0.06313007324934006
0.0410647988319397
-0.05456116050481796
-0.048915795981884
0.04153212904930115
0.037857893854379654
0.007674660533666611
0.030021321028470993
0.024772420525550842
0.02193743735551834
0.0015844486188143492
0.051524609327316284
0.04626535624265671
0.057988397777080536
-0.02309311181306839
-0.059892524033784866
0.013016678392887115
-0.054907917976379395
0.011916570365428925
-0.011191174387931824
-0.03396681696176529
-0.04516805708408356
-0.0278029665350914
-0.03209522366523743
-0.05253378301858902
-0.016580238938331604
-0.05540768802165985
0.037992872297763824
0.028433211147785187
0.03601081296801567
-0.05846297740936279
-0.03233211487531662
-0.025561176240444183
-0.05356703698635101
-0.011290237307548523
-0.0117843272164464
0.024943269789218903
-0.02045651525259018
-0.015575520694255829
-0.06931190937757492
0.045026637613773346
-0.04723469913005829
-0.058706123381853104
0.038825519382953644
-0.05781920999288559
0.003412701189517975
-0.03967501223087311
-0.048649370670318604
0.013476373627781868
-0.013951621949672699
-0.05855577439069748
-0.04389868676662445
0.03215192258358002
0.03338480740785599
0.04761020094156265
0.06033593416213989
-0.0247639250010252
0.027633726596832275
0.006980151869356632
0.03346320614218712
0.05145450681447983
-0.07381651550531387
-0.026958739385008812
-0.039473921060562134
-0.00810348242521286
0.04203043133020401
0.013201720081269741
0.029052630066871643
-0.04847613722085953
-0.0502556711435318
-0.06954461336135864
0.004908163100481033
-0.061554498970508575
-0.051190249621868134
0.01744423434138298
-0.04312937706708908
0.0411946177482605
0.04165542125701904
-0.06952175498008728
0.040623702108860016
-0.032308079302310944
0.0176848191767931
-0.05158226937055588
-0.04689116030931473
-0.06173025071620941
0.008905993774533272
0.02218768000602722
0.05385551601648331
0.0037870705127716064
0.015826113522052765
-0.017008259892463684
0.05917169898748398
0.025692911818623543
0.00955674797296524
0.037909235805273056
-0.004676610231399536
-0.028499379754066467
0.05666600912809372
0.021068701520562172
-0.03335459157824516
-0.0332961268723011
0.004994750022888184
0.05619148164987564
0.004542507231235504
-0.015306845307350159
0.0005602017045021057
-0.02779146283864975
-0.021938713267445564
-0.014960847795009613
-0.03528415039181709
0.02845195308327675
-0.03768257051706314
-0.04242164269089699
0.00016184896230697632
-0.010875090956687927
0.03753231465816498
-0.0716729685664177
0.04147196561098099
-0.006344042718410492
-0.03536055609583855
0.013826705515384674
-0.002497538924217224
0.05550483614206314
0.01905098557472229
0.0418168306350708
0.024579383432865143
-0.011650599539279938
-0.06836007535457611
0.05426277965307236
0.02715758979320526
0.04374975711107254
-0.07165025174617767
-0.03990164399147034
-0.01859196275472641
0.02937295287847519
-0.02858603000640869
0.02359963208436966
0.03152548894286156
-0.048014938831329346
0.019784413278102875
0.03264612331986427
-0.037670087069272995
-0.06427975744009018
0.03412153199315071
0.004559598863124847
-0.009550143964588642
-0.01416061818599701
-0.062385380268096924
-0.022837527096271515
0.03249986469745636
0.03668566048145294
-0.0027336161583662033
-0.05359245091676712
-0.001267527462914586
-0.0013391077518463135
0.061903879046440125
0.049329712986946106
-0.0023185312747955322
-0.05984523892402649
-0.0018614083528518677
0.04250025749206543
-0.011146783828735352
0.027135029435157776
0.056776262819767
-0.061810798943042755
0.009707656688988209
0.01995321922004223
0.001302763819694519
0.03388667479157448
0.013893261551856995
0.0476355105638504
0.06083840876817703
0.05552612245082855
-0.06506196409463882
-0.04385627061128616
0.017207562923431396
0.01511433720588684
-0.02378682605922222
-0.042546093463897705
0.011179231107234955
0.04016006737947464
-0.017978481948375702
-0.03419457748532295
-0.047202982008457184
0.03180511295795441
0.06004897505044937
-0.04590890556573868
-0.056984320282936096
-0.01978658139705658
0.027386434376239777
-0.04856633394956589
-0.034735746681690216
-0.008279524743556976
-0.054029662162065506
0.033390454947948456
-0.008587539196014404
0.05598416179418564
0.04685724899172783
0.00138619274366647
-0.044720690697431564
-0.045564066618680954
-0.041899554431438446
-0.04805094003677368
-0.0066155195236206055
0.058139458298683167
0.04955938458442688
-0.007396342232823372
-0.047579310834407806
0.023413002490997314
-0.013580992817878723
0.015635300427675247
-0.053477413952350616
-0.042201749980449677
0.03190835192799568
-0.03806056082248688
-0.04482262581586838
0.013761698268353939
-0.017331399023532867
0.03325697407126427
-0.07245703041553497
-0.04133477061986923
-0.024604588747024536
-0.05574105679988861
0.03189262002706528
0.04580498859286308
-0.05182705819606781
0.007080398499965668
0.018973849713802338
0.038802191615104675
-0.01744610257446766
-0.009414315223693848
-0.0014558061957359314
0.04807019978761673
-0.010235689580440521
0.032874807715415955
0.03670397400856018
0.026065029203891754
0.019687294960021973
0.029048411175608635
-0.04627968370914459
0.04808198660612106
-0.07232899963855743
-0.05975029617547989
-0.051513753831386566
0.038083627820014954
-0.011588457971811295
-0.011417686939239502
0.011344492435455322
-1.697475552558899
-1.4582252502441406
0.010616585612297058
0.4087511897087097
-0.3092799186706543
1.3263981342315674
-1.3595209121704102
-0.011295522563159466
0.07630797475576401
0.049700334668159485
-1.7596124410629272
-0.2583465278148651
-0.4512917399406433
-0.0047830985859036446
0.18216995894908905
-0.04180018976330757
-1.7697497606277466
1.0145941972732544
-0.26936858892440796
0.02704230137169361
-0.014386042952537537
-0.0045507075265049934
-0.4060734212398529
0.05618630722165108
-0.05397766828536987
-0.055259332060813904
0.009458974003791809
-1.1499618291854858
0.015057128854095936
0.3506993353366852
0.0218264851719141
0.068626269698143
0.01718205213546753
-0.0067384252324700356
-1.5535386800765991
-1.9802464246749878
0.006537012755870819
0.07608862221240997
-0.012433737516403198
0.061215005815029144
-0.09757697582244873
-0.017031094059348106
0.014213703572750092
-0.2572794258594513
0.1067824736237526
0.6938205361366272
-0.047130830585956573
0.020008563995361328
-0.05470813065767288
0.12653926014900208
-0.03321288898587227
0.30722442269325256
-0.039296891540288925
-0.042281948029994965
0.004990436136722565
-0.03223458677530289
0.062498629093170166
-0.033987972885370255
0.023467907682061195
0.011991962790489197
0.008661771193146706
-0.002759397029876709
-0.03465095907449722
-0.014036777429282665
0.03207235783338547
-1.6218628883361816
-0.4600420892238617
-0.21386097371578217
0.40716442465782166
0.1774458885192871
0.0765557810664177
0.7553535103797913
0.001154981553554535
-0.06404513865709305
0.019415706396102905
0.023434601724147797
-1.0365310907363892
0.08672256022691727
-0.012461054138839245
-0.06330205500125885
-0.046023398637771606
-0.0525633841753006
-0.1892225444316864
0.03540361672639847
-0.22341157495975494
0.030593600124120712
-1.9830106496810913
0.29590240120887756
0.39626598358154297
-1.1359655857086182
-0.14124082028865814
0.0031681403052061796
0.35359811782836914
-0.13880591094493866
1.5840641260147095
0.8836471438407898
-0.012089729309082031
-0.020463047549128532
-0.1704244315624237
0.006652131676673889
-1.7522218227386475
0.0037210958544164896
0.7550333738327026
1.9804761409759521
-0.17499755322933197
0.03755444288253784
0.8706823587417603
-0.07083728909492493
0.8012470602989197
-0.6667128205299377
0.03324665129184723
0.013828028924763203
0.7962314486503601
-0.3342399597167969
-0.026890918612480164
-0.007536597084254026
0.015667341649532318
0.8261356353759766
1.0912011861801147
0.29268378019332886
-1.6537619829177856
-1.3282736539840698
-1.3318334817886353
0.12344714254140854
0.5882267355918884
-0.13672494888305664
1.6981148719787598
-0.23027610778808594
0.3141629695892334
-0.035408999770879745
-0.7663052678108215
-0.03887784481048584
-0.019207611680030823
-0.005919896066188812
-0.2715189754962921
-1.407063364982605
0.008970335125923157
0.3654766380786896
-0.05084138363599777
-0.006173461675643921
-0.8341661095619202
-0.035114675760269165
-0.6952685713768005
0.568697452545166
1.3653711080551147
-0.5525441765785217
-1.1459338665008545
-1.6871672868728638
0.08263036608695984
-0.03146094083786011
-0.01832517609000206
0.009455832652747631
-0.04631337895989418
-0.17170751094818115
-0.04352512210607529
-0.3169594705104828
-0.09478005021810532
-0.09434671700000763
-0.12594908475875854
0.13828431069850922
0.07707321643829346
0.09019806981086731
-0.625298023223877
-0.013569148257374763
-0.06006962060928345
0.02193615585565567
-0.05906269699335098
0.04680634289979935
0.08357013016939163
1.537109136581421
0.8954505324363708
-0.04471834376454353
1.493018627166748
-0.06205233559012413
-0.6198843121528625
-0.032825030386447906
-1.3263965845108032
-1.1978009939193726
-0.02251756191253662
-0.2673296332359314
0.05499383807182312
-0.35163965821266174
-0.043959252536296844
-1.2384872436523438
0.0370059460401535
0.36005693674087524
0.1864336133003235
0.04045664146542549
-0.012809662148356438
-0.4047493636608124
0.08967166393995285
0.04847341775894165
0.033563628792762756
-1.1737778186798096
0.7384008169174194
0.055749379098415375
0.1181933730840683
0.0107184499502182
0.052289724349975586
-0.43817999958992004
0.021695546805858612
0.09213711321353912
-0.0012617429019883275
-0.0007993653416633606
-0.03704695403575897
0.28975459933280945
0.22883158922195435
1.7472553253173828
-0.5535220503807068
-1.9840739965438843
-0.47268930077552795
0.8516448140144348
0.05981672555208206
-0.00011404785618651658
0.08073858171701431
-0.008820710703730583
-1.7570070028305054
0.005078084766864777
-0.0076973517425358295
-1.9133201837539673
0.017230140045285225
-1.2061750888824463
0.04450377821922302
-0.054581351578235626
0.10228171944618225
0.0034765228629112244
-1.4503586292266846
-0.045285966247320175
0.6683104634284973
-0.7198727130889893
0.756047785282135
0.0049695284105837345
-0.04598090052604675
-1.6790961027145386
-0.002189784776419401
0.022366443648934364
-1.5838439464569092
0.1807529330253601
-1.6374480724334717
0.011722682043910027
-0.05855841934680939
-0.027552124112844467
-0.01184619776904583
1.9270378351211548
0.8231557607650757
0.1880282312631607
-1.2669976949691772
-0.02204928919672966
-0.040801264345645905
-0.5330876111984253
-0.06337238103151321
0.022106163203716278
0.00894211046397686
1.97190260887146
0.025828175246715546
0.5460804104804993
-1.6811524629592896
-1.3974627256393433
0.03936560079455376
-0.09857626259326935
-1.7464088201522827
1.9749282598495483
-1.2487272024154663
0.32116836309432983
0.30836841464042664
0.0029190629720687866
-0.32156363129615784
0.9933285713195801
0.3794911503791809
0.24535071849822998
-1.001650333404541
1.0119869709014893
0.13858139514923096
1.9802581071853638
0.4055718779563904
-0.03319111093878746
0.009665710851550102
-0.03347371891140938
0.9529324173927307
1.4299176931381226
-0.024037010967731476
0.04564344882965088
0.003063999116420746
-1.314759373664856
0.9897149205207825
1.1002105474472046
0.14605726301670074
0.778579592704773
-0.005568951368331909
0.03647901117801666
1.981803059577942
1.968482255935669
0.025145724415779114
1.3603144884109497
0.02653557062149048
0.03075314313173294
0.2994208335876465
-0.02968328632414341
0.020622648298740387
-0.6225983500480652
-0.014570901170372963
0.10550069063901901
0.07603398710489273
-1.3720872402191162
-0.0189913809299469
0.8501461148262024
0.8234967589378357
-0.28737524151802063
-1.1722421646118164
-0.050277888774871826
-0.032520994544029236
-0.021329224109649658
0.1315344274044037
0.027765879407525063
0.029272563755512238
-0.04755152761936188
-0.04088684171438217
-0.016045890748500824
0.5717613697052002
0.019054649397730827
0.6122345328330994
-1.775538444519043
-1.6105023622512817
-0.5441983938217163
-0.33238980174064636
0.9282610416412354
1.0149081945419312
-0.8913058042526245
-0.008377188816666603
0.038442134857177734
1.1946001052856445
0.03803449869155884
-1.849904179573059
1.1198956966400146
1.1159168481826782
-0.5234596133232117
-0.04507214576005936
-0.023575015366077423
-0.615622878074646
-1.9838896989822388
0.03047502599656582
-0.030880151316523552
1.3609116077423096
0.9312217831611633
-0.2061658799648285
1.709106683731079
0.09250305593013763
0.5559297204017639
-0.3416508138179779
1.8794910907745361
1.9434374570846558
-0.9941937923431396
-0.0014361515641212463
0.9741934537887573
-0.6106833219528198
-0.05692978948354721
1.9340933561325073
0.03158510848879814
-0.9993394017219543
0.24608471989631653
0.15207459032535553
0.03847262263298035
-0.8648603558540344
1.978124976158142
0.49115270376205444
1.607764720916748
-0.002621889114379883
-1.4568015336990356
0.2140243798494339
-1.5789376497268677
0.03960276395082474
0.5133801102638245
-1.3922237157821655
-0.9600718021392822
-1.2620015144348145
-0.9078551530838013
-1.6364727020263672
1.434492826461792
-0.29445403814315796
-0.11214093118906021
1.9773074388504028
0.36443716287612915
-1.568028450012207
1.452181339263916
-0.1612844467163086
0.05140826851129532
-1.8326352834701538
-0.010837361216545105
-0.018169082701206207
0.006833940744400024
1.4342395067214966
-0.9832742214202881
0.055974915623664856
1.9831663370132446
0.03148212656378746
-1.4470475912094116
-0.6778466105461121
-0.027875669300556183
1.963441252708435
-0.4005306363105774
1.9333020448684692
0.27774566411972046
-0.759640097618103
-1.9629700183868408
-0.35442671179771423
-0.8140932321548462
0.6225918531417847
0.749659538269043
-0.018587671220302582
-0.974697470664978
0.048211049288511276
0.7886303067207336
-0.7308230996131897
-1.0999406576156616
0.012622206471860409
1.3429903984069824
0.005471932701766491
1.0546866655349731
-0.5125362277030945
-0.041999008506536484
0.04520094022154808
0.009427420794963837
0.018922507762908936
-1.3424426317214966
-0.13235560059547424
-0.8158737421035767
0.7878294587135315
0.016593456268310547
-1.125255823135376
-1.3897677659988403
-0.8486573696136475
-0.00698377750813961
-1.4153687953948975
1.3337163925170898
-0.005327150225639343
0.43001869320869446
0.04227995127439499
1.0104581117630005
-0.05252585560083389
-0.8557653427124023
-0.04607761651277542
0.16996383666992188
-1.9818965196609497
-1.3508665561676025
0.038704898208379745
0.18468350172042847
1.0893534421920776
0.04703419655561447
0.47675982117652893
-1.525239109992981
-1.0888054370880127
-0.03821969032287598
0.2828438878059387
0.01293978001922369
0.02968427538871765
-0.343532919883728
-0.04618397355079651
0.6083323359489441
0.018175901845097542
0.049535155296325684
0.004349300172179937
1.9762455224990845
-0.3025107681751251
1.9438965320587158
0.3782525360584259
-0.17183460295200348
0.8478175401687622
-1.0389453172683716
0.03194880485534668
0.01725948043167591
1.1273666620254517
1.5275185108184814
-1.3825416564941406
0.031554825603961945
0.6169618964195251
-1.9463454484939575
0.03598490729928017
1.005825161933899
-0.0335959792137146
0.020670950412750244
1.1490988731384277
-0.0175885409116745
-1.1552187204360962
0.7191154360771179
-0.23785485327243805
0.2584865093231201
0.9478664398193359
-0.001693848636932671
-1.981865406036377
0.8076831698417664
-0.04278981313109398
-0.02449893206357956
-1.4970216751098633
1.6115614175796509
-1.6137417554855347
-1.9790691137313843
-0.07296035438776016
-0.019912272691726685
0.08068989962339401
1.7764277458190918
-0.7753526568412781
1.9823492765426636
1.2326133251190186
-0.0015296366764232516
-1.162427306175232
0.6474231481552124
0.47653713822364807
-0.0551501139998436
0.013381823897361755
-0.4393804669380188
0.7047550082206726
-0.012192027643322945
-0.020386170595884323
-0.03829074651002884
0.032642584294080734
0.5385020971298218
-0.4539153277873993
1.983296513557434
0.02822764776647091
1.0013717412948608
0.11447057127952576
-0.009423777461051941
1.984375
-1.8163505792617798
0.19977417588233948
1.1819875240325928
-0.03617016598582268
-0.23310516774654388
1.9829237461090088
-1.4515444040298462
-0.03165455162525177
-0.02503599412739277
-0.0072452351450920105
1.2177972793579102
-0.12159597873687744
-0.1899375021457672
0.03336890786886215
-0.036028459668159485
0.02035902440547943
0.04447689652442932
1.8484021425247192
-1.4765784740447998
0.04887448623776436
1.4231092929840088
0.005681417882442474
-0.07449562847614288
0.01859181374311447
1.984375
-0.05171266198158264
1.685027003288269
-0.0006223544478416443
0.05822565034031868
0.09524207562208176
0.03473012521862984
-0.048954978585243225
0.18782101571559906
0.07952775806188583
-0.00475780013948679
0.009132465347647667
0.5052220225334167
0.04955427348613739
0.3335261046886444
1.2494038343429565
-0.4739876389503479
0.010684585198760033
0.006206251680850983
-0.014669768512248993
0.04864341765642166
-0.6790335178375244
0.05570884048938751
0.022792067378759384
0.056398846209049225
0.027326783165335655
0.036851659417152405
1.424007773399353
-0.032536208629608154
1.2555910348892212
0.036261819303035736
-0.38008207082748413
-0.3857065439224243
0.3755291700363159
-0.19917897880077362
-0.31087562441825867
-0.042035359889268875
-0.04933098703622818
0.050147127360105515
0.799585223197937
-0.05456523597240448
-0.6639190316200256
-0.3686226010322571
1.5586521625518799
-0.0031563134398311377
0.05068497359752655
-0.008299648761749268
0.1011931300163269
1.9834054708480835
-0.17772996425628662
0.022619105875492096
0.5005676746368408
0.36320531368255615
0.61590176820755
-1.2321733236312866
0.18453839421272278
1.3262077569961548
0.4151894152164459
1.522083044052124
0.08043285459280014
-0.13053084909915924
0.04924902319908142
1.480913758277893
-0.8661299347877502
-0.03419138491153717
0.6192521452903748
-0.06647573411464691
0.010740409605205059
-1.9765371084213257
0.1490272730588913
0.030785180628299713
-0.04198716580867767
-0.071497343480587
-0.05145847424864769
1.9691091775894165
0.018127188086509705
0.4494202435016632
-0.05208013579249382
-1.3421274423599243
0.060287363827228546
1.1914173364639282
0.41984763741493225
-0.06304227560758591
0.6178589463233948
0.21189582347869873
0.0341767780482769
-0.06549528986215591
-0.289926141500473
-0.03261055052280426
1.7056201696395874
-0.0033383076079189777
1.6504642963409424
-0.6672745943069458
0.503046989440918
0.008527171798050404
1.5902899503707886
0.0402083545923233
-0.009602203965187073
0.05695125460624695
0.2574043571949005
-0.02154647931456566
0.0040313079953193665
0.4317680299282074
0.02923119068145752
-0.819221556186676
-0.29469799995422363
-0.06040392071008682
-0.3588031828403473
0.2559114396572113
1.5244176387786865
-0.14991119503974915
-1.979691505432129
-0.05828091874718666
-0.001920392271131277
0.5998359322547913
1.1925407648086548
1.5532277822494507
-0.053269270807504654
-1.944892168045044
0.06370139867067337
0.08740641921758652
-0.15074655413627625
-0.08206130564212799
0.021485328674316406
-0.3278682827949524
0.15760265290737152
-0.44508105516433716
-0.17920805513858795
-0.034757018089294434
-0.005934820044785738
0.012894712388515472
0.017667822539806366
0.2031407505273819
-0.46776658296585083
0.6187265515327454
0.08127371966838837
-0.016723627224564552
-0.5865472555160522
-0.3921261429786682
-1.9509875774383545
0.05946129932999611
-0.04250878468155861
-0.08249320089817047
-0.048271067440509796
0.34584149718284607
-0.055496156215667725
-0.07638585567474365
0.0528302863240242
0.018458297476172447
0.01087108999490738
0.30999258160591125
1.0484192371368408
0.12448522448539734
0.004471509251743555
0.21270795166492462
-0.4115627110004425
-0.021530233323574066
0.19549806416034698
-0.07335467636585236
-0.0028302459977567196
-0.05091819912195206
-0.03361793980002403
-0.0013157851062715054
0.04762100428342819
-0.8136691451072693
-0.014574170112609863
0.20532336831092834
0.04137006029486656
-0.04770873486995697
-0.05399363115429878
0.5057797431945801
0.4689938724040985
1.8935812711715698
-0.23447498679161072
-1.354980230331421
1.5061562061309814
-0.10189414024353027
-0.04375959932804108
-0.003271957626566291
-0.5371749401092529
0.2541009187698364
-0.9599031805992126
-0.01111438125371933
1.4096561670303345
-1.8881429433822632
0.024124104529619217
-0.09173082560300827
-0.0307290181517601
0.00881737470626831
1.6783570051193237
-0.030925355851650238
0.13861575722694397
1.3649319410324097
-0.018160540610551834
0.25081509351730347
1.977786660194397
-0.0024137194268405437
-1.9391558170318604
-0.14629100263118744
-0.023650670424103737
0.018117228522896767
-0.05648108571767807
1.0242027044296265
-0.0007457862957380712
-1.9730348587036133
0.06824032962322235
0.04994908720254898
-0.047691140323877335
-0.16748502850532532
-0.8852387070655823
-1.7455815076828003
-0.13674473762512207
-0.012140114791691303
0.0425422340631485
0.40697240829467773
-0.010991551913321018
-0.022288955748081207
0.04034271091222763
1.8485392332077026
-0.08153737336397171
0.014872169122099876
-0.0028212748002260923
0.020695306360721588
0.050785131752491
-0.00510947871953249
-0.00011519034887896851
0.009386143647134304
-0.029116986319422722
-0.019087636843323708
-0.009220801293849945
0.04528903216123581
0.012514403089880943
0.01133639831095934
-0.004219461232423782
-0.0029601771384477615
-0.057575490325689316
-0.05501977354288101
-0.04442538693547249
-0.06450635194778442
0.005402642767876387
0.018978910520672798
0.05291072651743889
0.046497590839862823
0.022892028093338013
0.009871764108538628
-0.059432148933410645
-0.01553230732679367
-0.04341091960668564
-0.05118297040462494
-0.07056721299886703
0.011397209018468857
-0.06460942327976227
0.020213359966874123
-0.021663382649421692
-0.01773187518119812
-0.03428313881158829
0.035770680755376816
0.06080162525177002
-0.02362607792019844
-0.01921447366476059
-0.05559683218598366
-0.04248541221022606
0.038102179765701294
-0.03503591567277908
-0.026240473613142967
0.018306931480765343
-0.028857093304395676
0.051767028868198395
-0.0011570180067792535
-0.0009242966771125793
0.016538653522729874
-0.07005202770233154
-0.0535229817032814
-0.05589531734585762
-0.047914862632751465
0.038251377642154694
0.06102490425109863
-0.06270380318164825
0.04815521091222763
-0.030339598655700684
0.056813158094882965
0.0011759066255763173
0.0023657754063606262
-0.02983771078288555
0.02322000078856945
-0.023533137515187263
0.04762475937604904
0.028014682233333588
-0.00848896149545908
0.051877498626708984
-0.03878026455640793
0.025514259934425354
-0.06344271451234818
-0.03651560842990875
0.043786659836769104
-0.024372460320591927
-0.013016894459724426
-0.003881660057231784
0.007773595862090588
0.04055764526128769
-0.06775455176830292
0.02863048017024994
-0.05012788623571396
-0.047686465084552765
-0.006135343573987484
0.019880147650837898
-0.05206926912069321
-0.019461791962385178
0.024302398785948753
0.010516362264752388
-0.06372053176164627
0.020257193595170975
-0.066728375852108
-0.024763405323028564
-0.017145421355962753
0.05394004285335541
0.014259430579841137
0.013422481715679169
-0.010230105370283127
0.03453395515680313
-0.015573367476463318
-0.05184071138501167
-0.011874658986926079
-0.0726267546415329
-0.04845340922474861
-0.007996310479938984
0.004631169140338898
-0.051196787506341934
0.004806179087609053
-0.05788695067167282
-0.0758696049451828
-0.01718515157699585
0.009503231383860111
-0.03832719475030899
-0.040067944675683975
0.01625385880470276
0.026774900034070015
-0.0039505367167294025
-0.03533846139907837
0.02019703947007656
0.012125338427722454
-0.04453491047024727
0.010943208821117878
-0.040707334876060486
0.050963036715984344
-0.022740013897418976
-0.0822807103395462
0.053897205740213394
-0.02616053819656372
-0.02876362018287182
0.020149461925029755
-0.07476885616779327
-0.02790316939353943
-0.03874983638525009
-0.033806852996349335
-0.0682583898305893
-0.04345700517296791
-0.05880356580018997
-0.02035924792289734
0.0501323901116848
-0.08542867749929428
0.006927316542714834
-0.05912025272846222
-0.000699847936630249
0.01812722533941269
-0.014832286164164543
-0.05061434209346771
0.022013233974575996
0.0285967830568552
0.04166266322135925
-0.04012960195541382
-0.029727235436439514
0.036486465483903885
0.025096803903579712
0.02993796393275261
0.047942809760570526
0.0005856120842508972
-0.0020110025070607662
0.03788808733224869
-0.027186058461666107
0.037424709647893906
0.04583270102739334
-0.08660335093736649
-0.04276464879512787
-0.01061777863651514
-0.035644710063934326
-0.018603719770908356
0.02586529403924942
-0.05460253730416298
-0.059103935956954956
0.017125366255640984
0.013036894612014294
-0.06139484792947769
-0.001437390805222094
-0.020963961258530617
0.02299530990421772
0.03176309913396835
-0.0921691507101059
-0.029247241094708443
0.012177057564258575
-0.01630886271595955
-0.04287312924861908
-0.0323677659034729
0.0019582584500312805
0.0481354258954525
0.034885771572589874
0.02505454607307911
-0.012376688420772552
-0.07130330801010132
-0.06813877075910568
0.021621501073241234
0.03140418604016304
-0.010468430817127228
0.010246793739497662
0.0035265220794826746
-0.07199010252952576
-0.03672182559967041
-0.011233949102461338
-0.03468366339802742
-0.01082320511341095
-0.05992091819643974
0.03994881361722946
0.00787285901606083
-0.05907171964645386
-0.001930147409439087
-0.005682194139808416
0.013806922361254692
-0.003594997338950634
-0.061181508004665375
-0.0341581292450428
-0.02676270343363285
0.018611708655953407
-0.06556890904903412
-0.04993242025375366
0.047663502395153046
-0.06020411103963852
-0.03859252855181694
0.011583179235458374
0.0028603002429008484
0.042370621114969254
-0.0181957446038723
0.022063404321670532
-0.007833661511540413
-0.011585593223571777
-0.03971950709819794
-0.03586330637335777
-0.05148930102586746
-0.09492667019367218
-0.024963008239865303
-0.02728184126317501
0.030325161293148994
-0.054493244737386703
-0.026513511314988136
-0.041957590728998184
0.02947332337498665
0.033543091267347336
0.017583277076482773
-0.010210773907601833
-0.03781777620315552
-0.032599076628685
-0.014504469931125641
-0.051748208701610565
-0.05962354689836502
-0.006882598623633385
-0.010208150371909142
-0.05147645249962807
-0.07276009768247604
-0.02365807816386223
-0.02862585335969925
-0.0802154615521431
-0.05202740430831909
-0.02779492549598217
0.04689975827932358
0.013887722976505756
0.006838756147772074
-0.026605334132909775
-0.07822784781455994
0.9679977893829346
0.8352370262145996
0.049926530569791794
0.48694607615470886
-0.20572173595428467
0.12952886521816254
0.778346061706543
0.09828820079565048
-0.16924065351486206
0.04555055499076843
-1.9774197340011597
-1.9696886539459229
-0.31683358550071716
0.06097264215350151
0.14461636543273926
-0.3879314661026001
-1.82993745803833
0.5545380115509033
-0.26295188069343567
-0.10564685612916946
-0.04608500003814697
0.22099460661411285
0.20604218542575836
-0.6043215990066528
-0.04133574664592743
0.04516347497701645
-0.05887405574321747
0.6702720522880554
0.16009223461151123
-0.05656389519572258
-0.060306623578071594
0.12443189322948456
-0.022291235625743866
-0.0009276494383811951
-0.9713968634605408
-0.6473923325538635
0.04778755456209183
0.36991938948631287
-0.05726080387830734
0.018129047006368637
-0.16943390667438507
-0.0030734066385775805
0.020487651228904724
0.1698789745569229
-0.02823871187865734
-0.429029643535614
0.04122886806726456
0.12593190371990204
0.040908411145210266
0.03679775446653366
0.08588331937789917
-0.03677492216229439
0.10898713022470474
-0.0518857017159462
-0.01748672127723694
-0.05625103414058685
1.5233943462371826
0.02174411155283451
-0.0006395727396011353
0.02395305037498474
0.02710399031639099
0.05839540809392929
0.10764516144990921
-0.006187789142131805
0.15793746709823608
0.9788954854011536
-0.16043724119663239
-0.04406966269016266
0.48024654388427734
0.05309043824672699
0.008361239917576313
-0.573320746421814
0.01599135994911194
-0.08084511756896973
-0.21860864758491516
0.0006966739892959595
0.32326117157936096
-0.003922298084944487
0.20258201658725739
0.11080562323331833
0.013376101851463318
0.03875187039375305
0.035921670496463776
-0.527120053768158
-0.42815881967544556
0.011960321106016636
-1.974116325378418
1.925679326057434
0.4905585050582886
-1.9826781749725342
-0.009769345633685589
0.10503578186035156
0.5606033205986023
-0.11446794867515564
-1.984375
-0.5989047884941101
0.037320204079151154
0.2067132443189621
0.07672394067049026
-0.034385018050670624
-0.8175066113471985
0.054096415638923645
-0.5675312280654907
-0.06782694160938263
-0.26631394028663635
0.04509395360946655
-0.6365922689437866
0.46795064210891724
-0.4951842725276947
0.6847783923149109
-0.05852600932121277
0.15149343013763428
-0.5578987002372742
-1.9691693782806396
-0.031215928494930267
0.11171822249889374
0.21470706164836884
-0.6134253144264221
-1.4728459119796753
0.1352437287569046
0.9506148099899292
-1.6960842609405518
0.8731400370597839
0.11741146445274353
-0.31706660985946655
-0.05965500324964523
1.9814050197601318
1.1304137706756592
0.5066076517105103
-0.008662782609462738
-1.8743537664413452
-0.053373806178569794
-0.029497072100639343
-0.0441398099064827
-0.20457004010677338
0.8213318586349487
-0.033661313354969025
-0.6975195407867432
0.025704653933644295
-0.5881162285804749
-1.113681435585022
-0.017652153968811035
-1.7621145248413086
0.39105498790740967
-0.23436123132705688
0.12093640863895416
0.1915268450975418
1.0241138935089111
-0.01846862956881523
-0.058114346116781235
0.06856364756822586
0.20394310355186462
0.008621023036539555
0.2613271474838257
-0.02690117433667183
0.05249667167663574
0.04915734753012657
0.10522288829088211
0.017406076192855835
-0.10024484246969223
-0.026073841378092766
0.02487550489604473
0.3970488905906677
-0.06754007190465927
-0.037901055067777634
-0.032739847898483276
-0.029721222817897797
0.1513458639383316
-0.07683845609426498
1.981976866722107
-0.5737642049789429
0.04309873655438423
1.984375
0.0407753624022007
-0.2743568420410156
-0.03478965908288956
0.7500662803649902
0.48812562227249146
-0.03134560585021973
-0.4323166310787201
-0.05906252562999725
-0.44920405745506287
-0.0475194975733757
0.7769872546195984
-0.010629639029502869
-0.1324506551027298
-1.9694056510925293
-1.000370740890503
0.015077305026352406
0.08220420777797699
-0.01327349990606308
0.055856429040431976
-0.009699223563075066
0.6699235439300537
-0.58207768201828
0.017838113009929657
-0.16269734501838684
-0.013510187156498432
0.0198066383600235
-0.8600400686264038
-0.022813118994235992
-0.2079492211341858
0.02596399374306202
-0.0339789018034935
0.052256014198064804
-0.8347383737564087
0.8231568932533264
-0.664738118648529
0.1565828025341034
1.1340349912643433
-1.984375
-0.5809369087219238
-0.010096758604049683
-0.03874462842941284
0.02276432327926159
-1.1174794435501099
0.540820300579071
-0.05404594540596008
0.128663569688797
0.09656134247779846
0.04758460074663162
0.4844668209552765
0.022098280489444733
0.05193137377500534
0.3400441110134125
-0.014537259936332703
1.1553055047988892
0.15868909657001495
-0.4289214313030243
-0.2809036672115326
-0.23817797005176544
-0.02495604008436203
-0.47687605023384094
0.6424488425254822
0.022165941074490547
-0.0029637841507792473
0.9231188297271729
0.7979369759559631
0.933418869972229
-0.45702025294303894
0.035270385444164276
0.02791297808289528
0.055115047842264175
-1.9804247617721558
-1.0532622337341309
1.908169150352478
0.49153071641921997
-0.005424379371106625
0.08688651025295258
-0.43456947803497314
-0.00954154971987009
0.006949998438358307
-0.0433071106672287
0.750671923160553
0.2134428173303604
-0.021643968299031258
0.28786975145339966
0.21943753957748413
0.005256861448287964
0.007985323667526245
-0.11387211084365845
-0.7324427366256714
0.25237414240837097
0.38749390840530396
0.040154799818992615
0.05835164338350296
1.9665331840515137
0.7497933506965637
0.334354043006897
0.40290868282318115
-0.023245282471179962
-0.13251173496246338
1.9840948581695557
1.62607741355896
0.006688967347145081
-0.023455455899238586
-0.0030172914266586304
0.34878018498420715
-0.02846752293407917
0.21433234214782715
-0.004756726324558258
0.027369417250156403
-0.05327295511960983
0.19950824975967407
0.6400495767593384
-0.20783255994319916
0.14291684329509735
0.5297543406486511
0.00044964253902435303
-0.03039976954460144
-0.29292547702789307
-1.984375
0.030066654086112976
0.7313940525054932
0.02915821224451065
-0.03013724833726883
-0.03941565006971359
0.08114578574895859
-0.0009832456707954407
-0.21963968873023987
0.04830991476774216
-0.14524036645889282
-0.037611737847328186
0.0037979022599756718
0.006783634424209595
0.35974958539009094
0.5052992701530457
-0.010128493420779705
-0.1578863561153412
-0.028337806463241577
0.04929348826408386
-0.06205260008573532
1.8458149433135986
0.03921741992235184
-0.01813042163848877
0.004234246909618378
0.054227761924266815
0.011498980224132538
0.5770543217658997
-0.020510658621788025
0.5522008538246155
0.29231417179107666
0.09642032533884048
0.9996975064277649
-0.006052970886230469
0.30783358216285706
-0.08341247588396072
-0.18781591951847076
-0.05916573107242584
0.05901924520730972
0.4385371208190918
0.05437949299812317
-1.9624923467636108
-0.05587704852223396
0.6653827428817749
-0.06231140345335007
0.05871426314115524
0.016085326671600342
-0.0958278477191925
1.9342992305755615
1.0978213548660278
-0.028021514415740967
-1.2063206434249878
0.5756011009216309
-0.06040232628583908
-1.97032630443573
-0.08649586141109467
0.5409331321716309
-0.015475139021873474
0.48883095383644104
-0.4422079026699066
-0.2479342520236969
0.005435444414615631
0.6571682691574097
-0.5549069046974182
0.04213837534189224
0.6187377572059631
0.006055921316146851
-0.2254841923713684
-1.984375
-0.013950569555163383
-0.03534603863954544
-0.2459452897310257
0.33785516023635864
-0.14092785120010376
0.17832660675048828
-0.011127576231956482
0.002966277301311493
-0.12780292332172394
-1.5809623003005981
0.030738726258277893
0.469115287065506
0.05105247721076012
-0.23801511526107788
-1.984375
-0.18241986632347107
0.32425132393836975
0.3431963324546814
0.7210640907287598
-0.0578145906329155
1.9758566617965698
0.06482203304767609
-1.7830132246017456
1.9746707677841187
0.058569855988025665
0.06001263111829758
-0.3185325562953949
0.015578746795654297
-0.021769046783447266
-0.062456145882606506
0.37065619230270386
0.22428520023822784
-0.05224718153476715
0.44816675782203674
-0.057432375848293304
-1.9782757759094238
-0.03451275825500488
0.019148051738739014
-0.38875406980514526
-0.06460528075695038
-0.35589924454689026
0.24780286848545074
0.22670958936214447
0.27610424160957336
-0.000579532643314451
-0.1227312907576561
0.42940324544906616
0.6566084027290344
-0.014689862728118896
0.6615489721298218
0.006435953080654144
-1.9814053773880005
-0.11101622134447098
-0.10738623142242432
-0.059476837515830994
-0.12356560677289963
-0.04274369031190872
-0.05905849486589432
0.006349772214889526
0.004471294581890106
0.0017606914043426514
-0.0606614351272583
0.031027361750602722
-0.031110433861613274
-0.23069746792316437
0.5192577838897705
-0.12098868191242218
-0.0014912550104781985
1.8862323760986328
-0.25701066851615906
-0.10553237795829773
0.017152592539787292
0.21152526140213013
0.5290393829345703
-0.03547193855047226
0.45435887575149536
-0.021721340715885162
-0.21767361462116241
0.04441478103399277
0.23694656789302826
-0.018230214715003967
0.09451998770236969
-1.663905143737793
0.5451071858406067
0.018963508307933807
-0.4216058850288391
-0.059813711792230606
-0.019155152142047882
0.10762473940849304
0.2190110832452774
-0.21711492538452148
0.05337567627429962
0.044592298567295074
0.01926640421152115
0.061824604868888855
-0.13934741914272308
-0.011650413274765015
0.2543792724609375
-0.034601472318172455
-0.05524761229753494
-0.0500202402472496
0.3616183400154114
-0.013429045677185059
0.8073000907897949
-0.009768694639205933
-0.9234874844551086
-0.4781879782676697
-0.2772805094718933
-0.05713389813899994
0.018287815153598785
-0.05500595644116402
0.24888667464256287
1.590949296951294
-0.00330401211977005
0.5450414419174194
-1.984375
-0.006283022463321686
0.5411440134048462
0.0453946515917778
-0.03764967620372772
0.7197092771530151
0.0325121209025383
0.3733648359775543
0.5124673247337341
0.15716291964054108
-0.18784593045711517
-0.6679540276527405
-0.007137887179851532
-1.5095787048339844
0.5431903600692749
0.008263997733592987
-0.030938223004341125
0.2538728713989258
-1.9652467966079712
0.33970147371292114
-0.1339017003774643
-0.013025946915149689
0.021229349076747894
-0.04958534240722656
1.984375
-1.2963258028030396
1.7850098609924316
0.5580522418022156
0.0013694316148757935
-0.1447983831167221
0.4414304792881012
0.030137725174427032
0.021626979112625122
-0.012574724853038788
1.526516318321228
0.5500335693359375
-0.3560098707675934
-1.1249967813491821
-1.0043003559112549
0.026879196986556053
-0.07135631889104843
0.6773972511291504
-0.5898367166519165
0.03759874030947685
0.3635420501232147
0.08988071978092194
0.025440096855163574
1.070177674293518
1.6065210103988647
-0.1864694207906723
0.6989011764526367
0.1656821370124817
-0.7346675395965576
-0.9180036783218384
-1.7582241296768188
-0.28871646523475647
-0.0037557489704340696
-0.03533867746591568
0.14913594722747803
0.7080664038658142
-1.3497875928878784
-0.05262013524770737
0.06083323806524277
0.004338599741458893
0.0002377552882535383
0.7901477813720703
-1.1731815338134766
-0.20265576243400574
0.7706375122070312
0.05758620798587799
-0.013255354017019272
-1.9837361574172974
-1.5235404968261719
0.03270801156759262
0.9304739832878113
0.015708982944488525
-0.005447024945169687
-0.2088102400302887
0.0968177542090416
0.02570527046918869
-0.45406460762023926
0.050869617611169815
0.8071160912513733
-0.06706904619932175
1.1317825317382812
-0.001032806932926178
-0.25290244817733765
0.47489139437675476
0.03880155459046364
0.965918242931366
-0.054862044751644135
-0.04868154227733612
0.0044577643275260925
-0.14785999059677124
0.01714184135198593
-0.023805808275938034
-0.06111616641283035
-0.0277249738574028
0.05943404883146286
0.7060260772705078
-0.05553070083260536
0.40733128786087036
-0.7976564764976501
0.3136617839336395
0.012203962542116642
-0.026492556557059288
-0.6046102643013
-0.696979820728302
0.9405860304832458
0.013683781027793884
-0.053636334836483
0.7945588231086731
0.0010811537504196167
0.6709299087524414
-0.6426395177841187
0.7681180834770203
0.1086031123995781
0.0014956826344132423
0.014491848647594452
-0.6719147562980652
1.984375
-0.784990668296814
-0.0035488742869347334
-0.4795401692390442
-1.957231879234314
-0.1646062284708023
-1.4441401958465576
-0.1256762444972992
0.5367875099182129
-0.04957146570086479
0.4739220440387726
-1.9493701457977295
0.9614356160163879
-0.02251354604959488
0.6919757127761841
-0.060568131506443024
0.0008536204695701599
1.9284005165100098
-0.00048456111107952893
0.8656508922576904
0.46765315532684326
0.030032537877559662
-0.061057254672050476
0.9591331481933594
-1.3629257678985596
0.848254919052124
-1.2624938488006592
-0.058890849351882935
1.1872615814208984
1.0712779760360718
0.9843630790710449
-0.059843625873327255
0.4564954340457916
1.0690395832061768
0.9699773788452148
0.626778244972229
-0.7111466526985168
-0.5610784292221069
0.6358413696289062
0.5860550999641418
0.08951506018638611
-1.9808483123779297
0.33957335352897644
1.9835536479949951
-1.2967644929885864
-0.10190413147211075
-0.020486705005168915
0.2564515471458435
-0.026268355548381805
0.04478076845407486
-0.0500161275267601
-1.251413106918335
-1.0616596937179565
0.050526246428489685
-1.977592945098877
-0.0586373507976532
0.8968222141265869
-0.085978202521801
0.05106648802757263
1.9730494022369385
1.1951985359191895
-1.984375
-1.032142162322998
0.7411098480224609
-0.7083101868629456
0.0819280594587326
0.44221895933151245
0.45839953422546387
0.7914507389068604
-0.01853852905333042
0.9708141684532166
0.019329292699694633
0.20017950236797333
-0.4046362638473511
0.04431978613138199
-0.00795777328312397
-0.8459934592247009
-0.12680013477802277
-0.6890259385108948
-0.09429143369197845
-0.013596806675195694
-0.06284327059984207
-0.01846867799758911
-0.017299659550189972
0.9597870707511902
-0.10949677228927612
1.3655667304992676
0.3240686357021332
0.030169235542416573
-0.040648072957992554
0.6025688052177429
0.5293330550193787
0.02827398292720318
-0.4362338185310364
-1.9807409048080444
0.04997635632753372
-0.1599505990743637
-0.01133912056684494
-0.5000403523445129
-0.05932892486453056
-0.7473541498184204
0.0232892706990242
0.3865155875682831
0.3009999394416809
1.4795211553573608
-0.004887691233307123
0.1485861837863922
-0.7093113660812378
-0.039618611335754395
0.13279029726982117
-0.24717366695404053
1.0430842638015747
-0.013285666704177856
0.0453677773475647
-0.015063556842505932
0.006648845970630646
0.6037636995315552
-0.008753634989261627
0.15049780905246735
0.023899197578430176
-0.04660619795322418
0.04927618056535721
-1.984375
-1.9803509712219238
-1.940371036529541
-1.5165798664093018
-0.527298092842102
-0.937370240688324
1.2215635776519775
-0.010117322206497192
0.029878444969654083
-0.6636264324188232
-0.22324150800704956
0.17881523072719574
-0.03321269899606705
0.6043288707733154
1.9587959051132202
0.03254624083638191
-1.7426873445510864
0.04373715817928314
-0.00682271271944046
0.9634791612625122
-0.04670877009630203
1.4928970336914062
0.7441831827163696
1.0442628860473633
-0.23277753591537476
-0.6719157695770264
0.050763584673404694
-1.4751540422439575
-1.8374043703079224
0.02994317002594471
0.05847964063286781
-0.8990181088447571
0.14883965253829956
-0.3765982985496521
1.5917271375656128
0.007956152781844139
0.01789291389286518
0.02846933901309967
-0.5799782276153564
0.08612066507339478
-1.2653530836105347
-1.9811217784881592
-0.014811714179813862
0.8435142636299133
-0.2337876409292221
-0.9243620038032532
0.037604644894599915
-0.02808378078043461
1.8678892850875854
0.5455759167671204
0.0013831377727910876
0.012437647208571434
0.02247636206448078
-0.04054844379425049
0.025665583088994026
-0.07076695561408997
-0.06775470823049545
0.009806419722735882
0.01366602722555399
-0.008519195951521397
0.04214853793382645
0.010789690539240837
-0.00916428491473198
-0.01318748202174902
0.022012731060385704
-0.042445238679647446
-0.020928187295794487
-0.02128600887954235
-0.021703198552131653
-0.019152848049998283
-0.02464957721531391
-0.026021752506494522
-0.005511169787496328
0.04800454527139664
-0.02588173933327198
0.052783191204071045
-0.0009095147252082825
-0.05043437331914902
-0.02165166474878788
-0.009197147563099861
0.0382416658103466
-0.005758152808994055
-0.04027097299695015
0.04533691704273224
-0.05313912034034729
-0.011102600954473019
0.0029988600872457027
-0.0065430328249931335
-0.019282426685094833
-0.05478832870721817
0.015389579348266125
-0.046304404735565186
-0.07064248621463776
0.019489362835884094
-0.027162501588463783
0.037473518401384354
-0.05726348236203194
0.014562927186489105
0.05371478199958801
0.012871205806732178
0.03429848700761795
0.03845822438597679
-0.05019022524356842
-0.02615475468337536
-0.05054376274347305
0.05591978132724762
-0.011936374008655548
-0.04215870052576065
-0.05714581534266472
-0.03852035850286484
-0.047275230288505554
0.017228897660970688
0.06195496767759323
0.01745372824370861
0.001192958327010274
-0.02561413124203682
-0.03703564405441284
0.03237488493323326
-0.0621008463203907
-0.01510570477694273
-0.022030290216207504
-0.07040953636169434
0.01689140312373638
-0.061097607016563416
0.03943363577127457
0.02527681365609169
-0.009031876921653748
-0.06803955137729645
0.03866045922040939
0.020017629489302635
0.03387613967061043
-0.01891408860683441
-0.017681457102298737
-0.06798014789819717
0.006820379290729761
-0.05272819101810455
0.0010988861322402954
-0.01637524738907814
-0.01598525233566761
-0.02545660361647606
-0.03606769070029259
-0.0111214779317379
-0.006434136535972357
0.042266760021448135
-0.003850684268400073
0.026462242007255554
0.01227264292538166
-0.0014187619090080261
0.025859195739030838
0.004729817155748606
0.003195829689502716
0.0031931689009070396
0.016918957233428955
0.011861407198011875
-0.0461789034307003
0.02612454630434513
0.04229920357465744
-0.008799311704933643
0.01867057755589485
-0.00867726095020771
-0.06205194815993309
-0.050301820039749146
0.04132059961557388
0.03133459389209747
-0.0416509211063385
0.031229577958583832
-0.03979288786649704
-0.021780382841825485
-0.06772158294916153
0.01647292636334896
-0.07087021321058273
-0.003984963987022638
0.005764136090874672
0.00498642073944211
-0.06838373094797134
0.03347127512097359
-0.07188574969768524
-0.04388800635933876
-0.009325205348432064
-0.031717944890260696
-0.057149067521095276
-0.05974216386675835
0.011122971773147583
-0.030200809240341187
-0.04746576398611069
-0.01234699971973896
0.022077364847064018
-0.0039623454213142395
-0.05783921480178833
0.02973923273384571
0.0032821130007505417
0.003913634456694126
-0.02142452448606491
0.00735781854018569
-0.034077003598213196
-0.05280264467000961
-0.043633412569761276
-0.048087432980537415
-0.006183651741594076
-0.02921236678957939
0.013026346452534199
0.023477669805288315
-0.0686386376619339
-0.03301021456718445
0.006883189547806978
0.005813471972942352
0.014411111362278461
-0.00465896213427186
-0.030526796355843544
-0.059119150042533875
-0.02631150744855404
-0.024690227583050728
-0.03462047874927521
0.010139171034097672
-0.06376414746046066
0.013008185662329197
0.04078378528356552
-0.0036440864205360413
0.03657790273427963
0.022878697142004967
0.045589618384838104
-0.026868745684623718
-0.05855458974838257
-0.0003122602356597781
-0.05268699303269386
0.028863104060292244
0.03506060689687729
0.009545997716486454
-0.00360379321500659
-0.054624587297439575
0.019580962136387825
0.016279004514217377
-0.001963167218491435
-0.035794779658317566
0.010189120657742023
-0.0384545624256134
0.02765754424035549
0.04469094052910805
-0.06921609491109848
0.015827778726816177
0.0032102034892886877
0.004376822616904974
0.059809960424900055
0.002115726936608553
0.021910807117819786
-0.020134465768933296
0.029358722269535065
-0.06339680403470993
-0.06308577954769135
-0.03997216373682022
-0.0686170905828476
-0.025564774870872498
0.027139844372868538
-0.04219653829932213
-0.033472463488578796
-0.020454218611121178
0.016243308782577515
0.021637745201587677
-0.056223057210445404
-0.02606753446161747
-0.04646429046988487
-0.0037756378296762705
-0.005091686267405748
-0.03720986843109131
0.026170354336500168
-0.04921349138021469
0.007664426229894161
-0.03738519176840782
0.00475320965051651
0.029239915311336517
-0.0007923318771645427
-0.061152879148721695
-0.06807287782430649
-0.01715942472219467
-0.04082971066236496
-0.030547749251127243
-0.013179734349250793
-0.06807851791381836
0.022679528221488
0.009437358938157558
0.02278020791709423
-0.009782013483345509
-0.010883432812988758
0.012697809375822544
0.023495590314269066
-0.046930328011512756
0.006429268047213554
-0.04864928126335144
0.030253879725933075
-0.0007532972376793623
-0.053371693938970566
-0.031017709523439407
0.014809325337409973
-0.03175080567598343
0.00794837437570095
0.009284481406211853
-0.04613320529460907
-0.06606680154800415
0.006745532620698214
-0.025680840015411377
0.01683937944471836
0.05116601288318634
0.013537779450416565
0.010026579722762108
-0.04328334331512451
0.03905797004699707
0.010944042354822159
0.03767139092087746
0.036488890647888184
0.03195297718048096
-0.027707185596227646
0.012966117821633816
-0.08020208030939102
0.005224627908319235
-0.046929292380809784
-0.033820413053035736
-0.012400835752487183
0.04305056110024452
0.09896185249090195
-0.14120613038539886
0.046375323086977005
0.010093357414007187
-0.037981580942869186
-0.08701258897781372
-0.0674930140376091
0.0028234960045665503
-0.024949023500084877
-0.027288805693387985
0.020889384672045708
-0.008609147742390633
-0.06984773278236389
0.010573960840702057
-0.05328121781349182
-0.05798456817865372
0.028912253677845
-0.08683164417743683
-0.0034324759617447853
-0.05362314730882645
0.0053841788321733475
0.05982610583305359
0.030491270124912262
-0.006428257562220097
-0.07538243383169174
-0.01758616417646408
0.003741026157513261
-0.031599096953868866
0.05093703046441078
0.048819348216056824
-0.009182266891002655
-0.0017066150903701782
-0.007985848002135754
-0.005911767948418856
-0.013115826062858105
0.05873967707157135
-0.027285274118185043
0.03324585407972336
0.0011808914132416248
-0.03347013145685196
-0.001349287573248148
-0.022750290110707283
0.059572890400886536
0.05491054058074951
0.046145133674144745
-0.07337301969528198
0.023730479180812836
-0.02679164707660675
-0.056937649846076965
0.006946258246898651
-0.0007072389125823975
0.03518150746822357
-0.034112852066755295
-0.11096407473087311
0.07486596703529358
0.015456379391252995
0.031463637948036194
-0.06321736425161362
-0.050689946860075
-0.03782350942492485
-0.0257153008133173
-0.03624951094388962
-0.022072844207286835
-0.08381675183773041
0.021469704806804657
-0.021061493083834648
0.019732162356376648
-0.06632480770349503
0.02878556028008461
-0.05127149820327759
0.060945525765419006
-0.12929746508598328
-0.031328264623880386
-0.019142547622323036
0.05689379572868347
-0.060894012451171875
-0.057205431163311005
0.012823276221752167
-0.0793096050620079
-0.003690506797283888
0.029662109911441803
0.05871555209159851
0.0006257338100112975
0.059651799499988556
0.02329295314848423
0.05089644342660904
-0.00750536797568202
0.037757113575935364
0.05577463656663895
0.052677616477012634
-0.04631766676902771
-0.07098037749528885
-0.030668824911117554
-0.08325375616550446
0.01267840713262558
0.05661412328481674
0.04461696371436119
0.004439632408320904
0.024277446791529655
-0.027151331305503845
-0.018446149304509163
-0.08384116739034653
-0.11485783010721207
-0.029807455837726593
-0.10502823442220688
-0.012031606398522854
0.03894505277276039
-0.05509941652417183
0.036347441375255585
0.0473761223256588
0.06646174192428589
0.04944845661520958
-0.05472540482878685
-0.1311011016368866
-0.03062674030661583
-0.05339740216732025
-0.02461579628288746
-0.05089045315980911
-0.009639203548431396
-0.02456117421388626
-0.05507925897836685
0.026713289320468903
0.008321337401866913
0.033294547349214554
-0.005818506237119436
-0.03858300298452377
-0.005996466614305973
-0.006167508661746979
0.006421896629035473
-0.04588482528924942
-0.04762808978557587
0.017040524631738663
0.08332251757383347
0.0019047945970669389
0.0006371064810082316
0.005001628305763006
0.0004970094305463135
0.02071445621550083
-0.007100134622305632
-0.0218945499509573
0.012529856525361538
-0.012928939424455166
-0.0190411489456892
0.022252723574638367
-0.009172015823423862
0.029194055125117302
0.07457468658685684
0.01422291249036789
-0.003647123696282506
-0.0005007609724998474
-0.027237728238105774
-0.015531942248344421
-0.055239882320165634
0.010157713666558266
-0.012673147022724152
0.05781617760658264
0.03488251194357872
0.11437929421663284
0.03149165213108063
-0.06903713196516037
-0.016295360401272774
0.005837610922753811
0.06099893897771835
0.03944949805736542
0.06113278865814209
0.06452164053916931
0.001436638180166483
0.022638440132141113
-0.05827962979674339
0.010618597269058228
-0.06732193380594254
0.03716567903757095
0.08630867302417755
0.013510927557945251
0.009448440745472908
-0.01874050311744213
0.01784144900739193
-0.00430876761674881
-0.06510042399168015
-0.07434049993753433
0.007501773536205292
0.006661016494035721
0.03276953101158142
-0.056691836565732956
0.05345924198627472
0.03224208578467369
0.03735947608947754
0.015382006764411926
-0.08116083592176437
-0.019370675086975098
-0.059316035360097885
0.029807493090629578
0.06056910753250122
-0.05950681492686272
-0.06420501321554184
0.04337773844599724
-0.042158372700214386
0.04113144427537918
-0.09252697974443436
-0.011962083168327808
-0.013546238653361797
-0.021628066897392273
0.007994667626917362
-0.0015961223980411887
0.029655979946255684
0.008001461625099182
0.0015426799654960632
-0.00500550027936697
-0.04650590568780899
-0.010761328041553497
-0.03654048219323158
-0.019743524491786957
0.03275735676288605
0.01512742880731821
-0.008436992764472961
0.018809931352734566
-0.014539497904479504
0.041947826743125916
0.0023068266455084085
-0.08608999103307724
-0.04740392416715622
0.049515072256326675
0.02290632203221321
-0.011813892051577568
0.020868301391601562
-0.007340393960475922
0.0166345052421093
-0.04315684735774994
-0.061931174248456955
-0.04130909591913223
-0.04444710165262222
-0.06239587813615799
-0.05905313044786453
0.0308462493121624
-0.10668499767780304
-0.08918242901563644
0.0581158772110939
0.025866540148854256
-0.03639671206474304
-0.03079109452664852
0.03842054307460785
0.007845121435821056
-0.09910713136196136
-0.10838250070810318
0.02384585700929165
-1.971278429031372
-1.6733955144882202
0.01854611188173294
-0.3029375374317169
-0.28833669424057007
1.8747830390930176
-1.6274198293685913
0.007242264226078987
0.14128924906253815
-0.049681782722473145
-1.9518027305603027
-1.951762318611145
-0.21427811682224274
0.016937104985117912
0.15109089016914368
-0.11965963244438171
-1.2097740173339844
1.1033040285110474
-0.33979713916778564
-0.06032227724790573
0.040938157588243484
0.06290183961391449
-0.5586336851119995
0.5549402236938477
-0.01556452363729477
-0.029159538447856903
-0.042541489005088806
-1.3266030550003052
0.015725012868642807
-0.026035234332084656
0.0003538610471878201
0.12827812135219574
-0.029894590377807617
0.04620391130447388
1.383277416229248
-0.7755160927772522
-0.0003662109375
0.13153916597366333
-0.051641881465911865
-0.07148168236017227
-0.2324814796447754
0.0001623279822524637
-0.02421940118074417
-0.23840312659740448
-0.05452096462249756
0.8092725872993469
0.00693524582311511
0.09702304005622864
-0.028407849371433258
-0.02585790306329727
-0.02841678448021412
0.046298038214445114
-0.020537257194519043
0.03975491225719452
-0.0008350387215614319
0.019756518304347992
-1.984375
-0.06325425207614899
-0.030444113537669182
0.04507068544626236
0.04697974771261215
0.05831023305654526
-0.013595139607787132
0.021114900708198547
0.03965757414698601
-1.8819797039031982
-0.27402541041374207
-0.7945747375488281
-0.13126859068870544
0.20323871076107025
0.04449719935655594
0.9185148477554321
-0.03694342076778412
-0.010300361551344395
0.11876089125871658
-0.015425808727741241
-0.8010419607162476
0.07878851890563965
0.01664314977824688
-0.055909208953380585
-0.03377164900302887
0.037706926465034485
-0.07159687578678131
-0.7820597290992737
-0.45159658789634705
-0.027599602937698364
-1.984375
-1.5838782787322998
-0.1772463619709015
-1.0480200052261353
-0.248111754655838
0.019248202443122864
-0.08039112389087677
1.9776252508163452
1.6859266757965088
1.03947114944458
-0.028597570955753326
0.02047453448176384
-0.04263616353273392
-0.06016954779624939
-0.0734163150191307
0.011381196789443493
0.9279597401618958
-1.9679718017578125
-0.07155890017747879
-0.01876923441886902
1.046096920967102
-0.3485591411590576
0.9261152148246765
-1.2311207056045532
0.025728851556777954
0.08298804610967636
0.943688154220581
-0.5009421110153198
-0.008636386133730412
0.021294182166457176
0.06801992654800415
0.9955604672431946
1.8467462062835693
0.2822401821613312
-1.9242092370986938
-1.4040534496307373
-1.984375
0.11866971850395203
1.8014267683029175
-0.11802101135253906
-1.9686157703399658
-0.6509895324707031
-0.14888601005077362
0.02431657910346985
0.7410606741905212
0.04278736561536789
-0.030826561152935028
-0.04439998418092728
-0.3951718509197235
-1.6664551496505737
0.05503474920988083
-0.10142895579338074
-0.038497790694236755
-0.45587676763534546
-0.03450164571404457
-0.05913355201482773
-0.697742760181427
0.419832319021225
1.0196930170059204
-0.48748818039894104
-1.7465054988861084
-1.9840983152389526
0.13377082347869873
0.18062692880630493
0.016209974884986877
0.033785413950681686
-0.060024503618478775
0.3130335211753845
-0.02070373296737671
-0.07866168022155762
-0.0006505732308141887
-0.03520096093416214
-0.009636101312935352
0.12847118079662323
-0.12193194031715393
0.0515613928437233
-0.16149358451366425
-0.03003455325961113
-0.023029066622257233
0.05473624914884567
0.028108596801757812
0.07109618932008743
0.07840191572904587
-1.984352469444275
1.0424177646636963
-0.0317925401031971
0.3584926128387451
0.42186108231544495
-0.7568954825401306
-0.021869197487831116
-1.5429567098617554
-1.5200685262680054
0.004646912217140198
-0.22219792008399963
-0.027104735374450684
-0.1981467306613922
0.05451851710677147
-1.4655163288116455
0.04127921164035797
0.6334428787231445
0.48215511441230774
-0.6839819550514221
-0.04233873263001442
-0.13122251629829407
0.07492527365684509
-0.016464293003082275
-0.026984237134456635
-1.4087125062942505
0.8973388671875
0.029540546238422394
0.09242887049913406
0.02498767152428627
-0.03139291703701019
-0.20900312066078186
0.02107097953557968
-0.07573089748620987
-0.06137189269065857
0.03750237077474594
-0.006448178086429834
0.007593359798192978
-0.03693205490708351
0.6696605086326599
-0.48120352625846863
1.0515356063842773
-1.8878155946731567
1.057334065437317
0.056847162544727325
-0.014681982807815075
0.04962695389986038
0.28073710203170776
-1.9781488180160522
0.006189405918121338
0.010762946680188179
-0.1134076714515686
-0.030676493421196938
-1.4836970567703247
-0.0046929121017456055
0.037000611424446106
0.14017082750797272
-0.02488824725151062
-1.9796688556671143
0.005877033807337284
0.7385742664337158
-0.7287452220916748
0.457563579082489
0.029528602957725525
-0.30851858854293823
-1.9773346185684204
0.05470510199666023
0.03332116827368736
-1.8610800504684448
-0.24059106409549713
-1.9325692653656006
0.34175848960876465
0.012548994272947311
0.026557279750704765
0.005123920273035765
1.9820445775985718
-1.9669063091278076
0.6490833759307861
-1.5661569833755493
0.00828398484736681
-0.028542568907141685
-0.2050081044435501
-0.12284582853317261
-0.016632884740829468
0.05602145567536354
1.2412899732589722
0.05282346159219742
0.018968917429447174
0.03513490781188011
-0.03029545769095421
0.05563056096434593
0.0262843519449234
0.0382738821208477
-0.015442083589732647
-0.0414813756942749
-0.02566310204565525
-0.023312294855713844
0.05336279422044754
-0.013665486127138138
-0.05676678568124771
-0.032137807458639145
-0.06101882457733154
0.034173645079135895
-0.0032922779209911823
-0.05482115224003792
-0.05407034233212471
-0.057883307337760925
0.012843134813010693
-0.007201315835118294
0.031131410971283913
-0.021863840520381927
0.013227882795035839
0.021406561136245728
0.027481555938720703
0.052084483206272125
-0.0347721166908741
0.015109503641724586
0.04366052895784378
0.05423492193222046
-0.04324677586555481
0.02208847552537918
-0.02582918107509613
0.03192579001188278
-0.005741472356021404
-0.0007546618580818176
-0.012946877628564835
0.05052444338798523
0.023990092799067497
-0.035259876400232315
-0.031685300171375275
-0.008441038429737091
-0.011947022750973701
-0.02834700047969818
0.018270475789904594
0.03962813317775726
-0.05549655109643936
0.03850215673446655
-0.04815395176410675
-0.001206374610774219
0.02272931858897209
-0.07655636221170425
0.023433521389961243
0.022040344774723053
-0.023009903728961945
-0.002551635494455695
-0.021580515429377556
-0.005571708083152771
0.015361383557319641
-0.00621623732149601
-0.05162788927555084
-0.003525582142174244
-0.033974889665842056
-0.015856845304369926
-0.018580107018351555
-0.0034065437503159046
0.01740442030131817
0.0606573224067688
0.037350237369537354
0.016594775021076202
0.011334598064422607
-0.0010995566844940186
-0.02512390911579132
-0.05604441091418266
-0.003379315137863159
-0.015304561704397202
0.00676474766805768
-0.053565364331007004
-0.012601133435964584
-0.060749322175979614
0.011254943907260895
0.025957290083169937
-0.028688466176390648
-0.05871368199586868
0.01207711547613144
0.006564611103385687
-0.007191300392150879
-0.01142262015491724
-0.027432048693299294
0.057967495173215866
-0.026367681100964546
0.05343551188707352
0.016542958095669746
0.02734212391078472
0.018025808036327362
-0.01992224156856537
0.04216670244932175
-0.034976065158843994
0.03333292156457901
-0.04814993962645531
0.0421997532248497
-0.018056729808449745
0.009975689463317394
-0.03919736295938492
-0.043887630105018616
0.030105657875537872
-0.05007891729474068
-0.05353850871324539
-0.024821428582072258
0.021801337599754333
-0.05205285921692848
-0.05386630445718765
0.02884051576256752
0.052711695432662964
-0.03479532524943352
-0.0412849597632885
0.01002106349915266
-0.06474050134420395
0.005501110106706619
-0.05424020439386368
-0.016392705962061882
-0.061958249658346176
0.00676641846075654
-0.03434264659881592
0.04057655110955238
0.016545206308364868
-0.06662879884243011
-0.039509691298007965
-0.04916427284479141
0.047801561653614044
-0.013040244579315186
0.009124748408794403
0.005521014332771301
-0.05369644612073898
-0.042627427726984024
-0.008371077477931976
-0.0033530360087752342
-0.020296858623623848
0.010221549309790134
-0.04889356717467308
0.04310593754053116
-0.013759593479335308
0.010853455401957035
-0.0528295636177063
-0.004426778294146061
-0.05084545910358429
0.02284570410847664
-0.040436312556266785
-0.021814536303281784
0.01688779890537262
0.046615082770586014
0.013810115866363049
-0.05551350861787796
0.04456852376461029
0.003527216147631407
-0.02072344906628132
-0.018769532442092896
-0.05041518062353134
0.011980717070400715
0.015657462179660797
-0.013853893615305424
-0.05181153863668442
-0.018631407991051674
-0.03516504168510437
-0.005935676395893097
-0.013227596879005432
0.024357398971915245
0.004657616838812828
0.020878614857792854
-0.024811826646327972
-0.025257276371121407
-0.045948803424835205
-0.027410365641117096
-0.07188884913921356
0.03187203407287598
-0.027221838012337685
-0.044517047703266144
-0.047705598175525665
-0.08607064187526703
0.013417795300483704
-0.0622132308781147
-0.04586552828550339
0.061759818345308304
0.04072651267051697
-0.055766984820365906
-0.04890700429677963
-0.025435378775000572
0.024605605751276016
0.03981610760092735
-0.030958371236920357
0.019506268203258514
-0.037422191351652145
-0.04833235964179039
0.005096706561744213
0.0014006197452545166
0.023792913183569908
0.020048707723617554
-0.022256039083003998
0.04122412949800491
-0.04326775670051575
0.007791196461766958
-0.03289837762713432
0.02706238627433777
0.06323136389255524
-0.01856161840260029
0.0026259252335876226
-0.010111082345247269
-0.02773512341082096
0.020911414176225662
0.033363282680511475
-0.00826993491500616
0.003250434994697571
0.00840762909501791
-0.055917493999004364
0.04101065173745155
-0.011219482868909836
-0.021802634000778198
0.0030261266510933638
-0.07783713936805725
0.0121624069288373
0.02197503112256527
0.06230519711971283
0.05678267776966095
-0.017893770709633827
-0.05853571742773056
-0.043509189039468765
-0.024313384667038918
-0.018105454742908478
0.0021526499185711145
0.017392337322235107
-0.026112573221325874
0.04841738939285278
0.036549195647239685
0.013812728226184845
0.008358387276530266
7.980404916452244e-05
0.0037751789204776287
-0.011748742312192917
-0.007876661606132984
0.04544120281934738
-0.004315391182899475
0.025739111006259918
0.05293457955121994
0.010223577730357647
-0.00282402615994215
0.050539530813694
0.027728598564863205
-0.07280504703521729
-0.056167419999837875
-0.04505334049463272
0.0512319877743721
0.007337783928960562
0.039839018136262894
-0.036140911281108856
0.005130990874022245
-0.04324982315301895
-0.02696668915450573
0.02774101123213768
0.6223958730697632
-1.9667720794677734
-0.5863173007965088
-0.008092480711638927
-1.1097278594970703
-0.29989758133888245
0.016192153096199036
-1.975785732269287
-1.936981439590454
-0.41141754388809204
-1.2720916271209717
-0.08400044590234756
-0.10165759921073914
-1.984375
-0.9939764738082886
-0.24900318682193756
-0.04396392032504082
-0.012492666020989418
-1.428024172782898
-0.04346305504441261
0.35669711232185364
0.00015313178300857544
-0.06237266957759857
-0.04717140644788742
0.009758664295077324
-1.9761958122253418
0.1230415552854538
-0.24954445660114288
-1.5230634212493896
-0.04468084126710892
-0.031893834471702576
0.20237678289413452
-1.1664236783981323
0.00021651387214660645
-1.9788587093353271
-0.0445890948176384
-0.07970120012760162
-0.39406394958496094
-0.03047637641429901
-0.05093212425708771
-0.25071749091148376
0.1218552216887474
0.04282659292221069
-0.029841508716344833
-0.680446207523346
0.011617697775363922
0.021596722304821014
-1.2382572889328003
0.17728573083877563
-0.15060408413410187
0.013257071375846863
0.03241823613643646
-0.06177873909473419
-1.9738370180130005
0.06412623077630997
0.03889629989862442
-0.029933281242847443
0.010975765995681286
-0.00865725427865982
-1.53866708278656
-0.054406020790338516
-1.3614581823349
-0.06025196239352226
0.3774092495441437
0.23872321844100952
0.4777282774448395
-0.05312659218907356
0.40869811177253723
0.12932588160037994
0.06190215051174164
-0.06182482838630676
-1.975210189819336
0.009305000305175781
0.47895216941833496
0.4397640824317932
-1.6483293771743774
-0.027041306719183922
-0.019574031233787537
-0.05513220280408859
-0.048381924629211426
0.3770506978034973
-1.9439387321472168
-0.022312186658382416
1.4433022737503052
-0.22552382946014404
0.7549452185630798
-0.45211246609687805
-1.8887792825698853
-1.4232511520385742
0.3452377915382385
0.35823744535446167
-1.979373812675476
0.11371016502380371
0.01259595900774002
-1.6101666688919067
0.442645788192749
0.04904109239578247
0.26704567670822144
-0.01320592314004898
0.1035841628909111
-1.9811588525772095
0.10867568105459213
-0.021708451211452484
0.10576555877923965
-0.14358650147914886
0.034799087792634964
-1.0910968780517578
-0.04565043747425079
-0.5328999161720276
0.04602472856640816
0.2830521762371063
-0.007082365453243256
-1.2891207933425903
-0.5517265796661377
0.12588194012641907
0.05987437441945076
-0.09630070626735687
-0.021301258355379105
-1.883083701133728
-1.9498659372329712
0.13872499763965607
1.9629937410354614
0.02189883217215538
-0.2556034028530121
0.412870317697525
0.8120206594467163
0.014564916491508484
-1.7041423320770264
-0.022515669465065002
-0.044588275253772736
-0.007890388369560242
-0.2930334508419037
-0.03010796569287777
-0.027533575892448425
-0.14832213521003723
0.004895235877484083
-0.3076176345348358
-0.8531684875488281
-0.038504116237163544
0.07521521300077438
-0.1761660873889923
-1.2870033979415894
0.08900167047977448
0.6550469398498535
-0.033334895968437195
-0.04526900500059128
-0.10876818001270294
-1.1880635023117065
-1.8135266304016113
-0.04689406231045723
-0.2202417254447937
0.01898062229156494
-1.3797703981399536
0.09769781678915024
0.03347869962453842
-0.0026216995902359486
0.44274604320526123
0.6873112916946411
0.4666951596736908
0.020558668300509453
-0.07846635580062866
-0.03127353638410568
-0.03558804839849472
-0.010298565030097961
-0.33982643485069275
0.5928619503974915
-1.9768327474594116
0.0006341405096463859
-0.026436464861035347
-1.1613574028015137
0.4674118459224701
0.04649186134338379
-0.023700259625911713
-0.03280129283666611
0.03135204687714577
0.060513757169246674
-0.5486876964569092
0.019756317138671875
-0.4420787990093231
0.009670333936810493
-0.04585887864232063
-0.03553418070077896
-0.11086448282003403
0.07372283935546875
-0.44545096158981323
0.009619291871786118
0.10180559754371643
0.47457021474838257
-0.03517095744609833
-0.015964152291417122
-0.007701920811086893
0.10254137963056564
0.04272455722093582
-0.09997432678937912
-0.03618701547384262
0.052983686327934265
0.16635139286518097
-0.038805797696113586
-0.1255321502685547
-0.03839338570833206
-0.008396200835704803
-0.05930246785283089
0.011117376387119293
-0.3598536252975464
-0.7961233258247375
0.10010873526334763
-0.5877549648284912
-1.689708948135376
0.11151029169559479
-0.015579700469970703
0.020581025630235672
0.5253015756607056
0.2838878929615021
0.1941947489976883
0.003618575632572174
-1.5733526945114136
0.628755509853363
0.07007711380720139
0.043102461844682693
-0.049530625343322754
0.023102030158042908
-1.972625732421875
0.02439030259847641
-0.04016926884651184
-1.4790862798690796
0.5705086588859558
-0.9175043702125549
-0.528668999671936
0.018303191289305687
1.9843652248382568
0.010798380710184574
0.03588120639324188
0.04293233901262283
-0.040421951562166214
0.7274431586265564
-0.024219749495387077
-0.20398566126823425
0.06107742339372635
0.047724515199661255
-0.07293754816055298
-0.7500215172767639
-1.984375
-0.02440120466053486
0.04490462318062782
-0.02387753315269947
-0.10719382762908936
-1.0030357837677002
-0.06630364805459976
0.06134293973445892
-0.018704134970903397
1.7784483432769775
0.17583908140659332
-0.027224715799093246
-0.006536720786243677
-0.05309222638607025
-0.022133678197860718
-0.03804853558540344
0.0420587919652462
-0.028750287368893623
0.0261504165828228
-0.059682540595531464
0.017781175673007965
-0.016799382865428925
0.07166162878274918
0.03371385857462883
0.011035360395908356
0.014626560732722282
-0.015773799270391464
-0.02089788019657135
0.02210579626262188
-0.038750555366277695
0.03251310810446739
-0.02143777720630169
-0.06687464565038681
-0.056501295417547226
0.0018348165322095156
-0.017039364203810692
-0.024495594203472137
-0.03623594343662262
-0.022441476583480835
-0.032444994896650314
-0.0015114748384803534
0.014342044480144978
0.0023986920714378357
-0.06802386790513992
-0.04979567974805832
-0.04775752127170563
-0.004766153171658516
-0.054508477449417114
-0.03605987876653671
0.04147903621196747
-0.0226578488945961
0.04637117683887482
0.054791197180747986
-0.010006390511989594
-0.06220214068889618
0.017801806330680847
0.05146932974457741
-0.04786819964647293
0.0347294956445694
-0.0034186900593340397
0.03426129370927811
-0.0170332919806242
-0.04827798157930374
-0.03476647660136223
-0.0696982890367508
-0.013120092451572418
-0.028262555599212646
0.02295704185962677
0.0035744511988013983
-0.04332943260669708
0.002462349832057953
-0.03381993621587753
-0.04517322778701782
-0.0009826049208641052
-0.04409107565879822
0.04124819487333298
-0.08112534880638123
-0.02519802376627922
-0.06560027599334717
0.04616733640432358
-0.06001267582178116
-0.060572654008865356
-0.015898769721388817
0.014433933421969414
-0.033757418394088745
0.03661419451236725
-0.0691836029291153
-0.022859416902065277
-0.022374961525201797
-0.009856173768639565
-0.024607589468359947
-0.0054204510524868965
0.018669798970222473
-0.025702133774757385
0.02675638161599636
0.004587226547300816
-0.08442725986242294
0.021726064383983612
-0.03684531897306442
0.0469801127910614
0.005396254360675812
-0.07532496750354767
-0.01520537305623293
-0.06344105303287506
0.023065343499183655
-0.04935517907142639
-0.038562558591365814
-0.01850736327469349
-0.010681577026844025
-0.053866587579250336
0.030813150107860565
0.033482857048511505
-0.06775011867284775
0.05844639986753464
-0.013015756383538246
0.0001237636897712946
-0.005529116373509169
-0.04466329514980316
-0.04045340418815613
-0.025019140914082527
-0.05523332953453064
0.025230254977941513
0.02196405827999115
0.02399619109928608
0.030245305970311165
-0.028699791058897972
-0.047070279717445374
-0.05610623583197594
-0.022116392850875854
-0.08418411761522293
-0.0937698483467102
-0.031790364533662796
-0.040220048278570175
-0.00627693859860301
-0.029367173090577126
-0.0650629773736
-0.08084950596094131
-0.01822294481098652
-0.05128525197505951
-0.006652023643255234
-0.051619239151477814
-0.03287927061319351
0.049106284976005554
0.012190423905849457
0.05600697547197342
0.04718029499053955
-0.07806026190519333
-0.06891722977161407
-0.05180159956216812
0.0020272477995604277
0.018316976726055145
0.02195350080728531
-0.006732461974024773
-0.002075985074043274
-0.055078789591789246
0.012606903910636902
0.03941459208726883
0.051903657615184784
-0.06113629788160324
-0.04739775508642197
-0.040622856467962265
-0.016458652913570404
-0.06081662327051163
-0.05123278126120567
0.021224141120910645
-0.04657129943370819
-0.05713246762752533
0.026014840230345726
-0.02578706666827202
0.052359431982040405
-0.049922481179237366
-0.05392486974596977
-0.04320572316646576
-0.02101413533091545
0.0315222442150116
0.03265124186873436
-7.001359790592687e-06
-0.015236802399158478
0.013248376548290253
-0.015053638257086277
0.006178830750286579
0.01949598640203476
-0.03093513287603855
0.09160538762807846
0.043246567249298096
0.014666180126369
-0.024635007604956627
-0.04668896645307541
-0.08172012120485306
-0.046533696353435516
0.027148403227329254
0.029667213559150696
0.048093944787979126
0.03515231981873512
-0.011576436460018158
-0.035567063838243484
-0.061210691928863525
0.004007228184491396
0.02932077646255493
-0.08617633581161499
-0.01077580638229847
-0.005251862108707428
-0.01816844753921032
-0.014013923704624176
-0.05766709893941879
-0.09647439420223236
0.01995546743273735
0.042359694838523865
-0.03115186095237732
-0.02580716460943222
-0.028518378734588623
-0.05379040911793709
-0.015387170016765594
0.009922224096953869
0.045435428619384766
-0.039695776998996735
0.023916095495224
0.0208300668746233
0.007420840207487345
0.009959264658391476
-0.0186421200633049
-0.016625409945845604
-0.06588850170373917
-0.07277244329452515
-0.009937368333339691
-0.005308300256729126
-0.045405156910419464
0.013307198882102966
0.017121030017733574
0.026353932917118073
-0.04387246072292328
-0.020696021616458893
-0.019465595483779907
-0.01621757261455059
0.03669275343418121
0.01790488511323929
-0.035326749086380005
-0.03379999101161957
0.00696511659771204
-0.029874984174966812
-0.08294249325990677
-0.10079583525657654
-0.019329842180013657
0.045816123485565186
0.011342099867761135
-0.03619498014450073
-0.051435619592666626
0.05027052387595177
0.08502253890037537
0.02409212291240692
-0.012608731165528297
-0.050504863262176514
0.027576081454753876
-0.0569024458527565
0.03182682394981384
-0.05107524245977402
0.06607384979724884
0.03454003855586052
-0.0827164500951767
0.044827599078416824
-0.036016419529914856
0.042434513568878174
-0.07428961247205734
-0.047426193952560425
0.012102216482162476
-0.030433259904384613
0.05968228727579117
-0.43830958008766174
0.6533786058425903
0.46099990606307983
0.018323030322790146
0.5765029788017273
1.8562650680541992
-1.9789786338806152
0.349440336227417
-0.26152628660202026
-0.19735084474086761
0.02257484197616577
0.5092854499816895
0.12423919886350632
-0.6173689961433411
-0.47190797328948975
1.0543910264968872
-0.96700119972229
-0.4006883203983307
-1.5856417417526245
-0.5127106308937073
-0.022373778745532036
0.024755561724305153
0.27708879113197327
0.41089311242103577
-0.7004923820495605
-0.01062358170747757
0.006474249064922333
0.06116856634616852
0.2611348628997803
-0.5085803866386414
-1.8755637407302856
-1.2931398153305054
-0.5975862145423889
0.03791482001543045
-0.05457773804664612
-1.9838517904281616
-0.14509978890419006
-0.029710829257965088
-1.1850786209106445
-0.017946578562259674
0.03410465270280838
-0.302089661359787
-0.1043262928724289
0.03275977075099945
0.27203965187072754
0.012486562132835388
0.29940515756607056
0.01784505695104599
1.449519157409668
-0.027067124843597412
-1.3201345205307007
-0.46789324283599854
0.16851036250591278
1.0169587135314941
0.039301902055740356
-0.009156264364719391
-0.06246093660593033
-0.37066125869750977
-0.004578271880745888
-0.05868997424840927
-0.043244414031505585
0.024223480373620987
0.001003168523311615
-0.749053418636322
0.008199271745979786
-0.3538486957550049
0.7554036974906921
1.967254877090454
0.5300729274749756
0.39915338158607483
-0.9672813415527344
-1.950808048248291
1.870614767074585
-0.00787419080734253
0.05405690521001816
-0.021956758573651314
0.031049534678459167
1.9770513772964478
-1.9736531972885132
-0.33689600229263306
0.6716017127037048
-0.059896357357501984
-0.052319541573524475
-1.13994562625885
-1.984375
0.041359759867191315
-0.020993389189243317
-1.592781901359558
-0.5560569167137146
0.5201394557952881
-1.9625543355941772
-0.3443072438240051
-0.5168293714523315
0.35384035110473633
-1.0228127241134644
1.2621461153030396
1.925236701965332
-0.0419543981552124
-0.5085127949714661
1.9796059131622314
0.016602933406829834
-0.1162736564874649
0.04560042917728424
1.8486652374267578
1.975845456123352
-0.09511645138263702
-0.032581694424152374
1.9610449075698853
-0.6156930327415466
0.12081045657396317
-1.9818986654281616
-0.025139153003692627
1.5802156925201416
-0.05493474751710892
1.978047490119934
0.013641178607940674
-0.37416163086891174
1.540994644165039
1.9775102138519287
-1.0147740840911865
0.5113670825958252
0.5983967781066895
-0.5502967834472656
0.3144298791885376
0.20156905055046082
-1.8214868307113647
-0.1223386824131012
-0.924590528011322
-1.6963088512420654
0.6542072296142578
0.023542575538158417
1.573933720588684
0.005373172461986542
-0.04431219398975372
0.009408153593540192
0.07690820842981339
0.49102455377578735
-0.057232409715652466
-1.9685758352279663
0.002363350475206971
1.97982656955719
-0.06214170902967453
-0.030058637261390686
-1.9213480949401855
0.5178055763244629
0.15875212848186493
-0.22761878371238708
1.560893177986145
0.9341852068901062
0.4341835081577301
1.1916438341140747
-0.18459028005599976
-0.6466432213783264
0.027989307418465614
1.9680041074752808
-0.03813287243247032
0.05568419024348259
0.6705638766288757
0.6911311745643616
-0.03884093835949898
-1.979625940322876
0.2899341881275177
-1.974988341331482
-0.09095506370067596
-0.01946261152625084
0.010351443663239479
-0.03480443358421326
-0.05892818421125412
1.3782551288604736
0.24247567355632782
1.9745091199874878
-0.29562321305274963
0.2174418568611145
0.7592126131057739
1.3775088787078857
0.01589285209774971
-0.06181706488132477
0.8042415976524353
-1.7218743562698364
0.0207187682390213
-0.6328935623168945
0.022038154304027557
-0.9413321018218994
-0.05743495374917984
0.4152967929840088
-0.022634074091911316
-0.5467600226402283
-0.09798741340637207
1.9785047769546509
0.009664198383688927
-0.33573469519615173
-1.9783661365509033
-0.04261050373315811
-0.7722541093826294
0.7689018249511719
1.9116041660308838
0.05927782505750656
-0.22344069182872772
0.015597854740917683
0.012870177626609802
1.9516808986663818
-0.001683354377746582
-1.9262183904647827
0.04471055418252945
0.022680334746837616
0.022242361679673195
-1.9699773788452148
0.21909184753894806
-1.5808273553848267
-1.8613696098327637
0.6150214076042175
-0.5648310780525208
1.9751442670822144
0.04909547418355942
-0.04098778963088989
-1.9683796167373657
-0.16953493654727936
-0.034204788506031036
0.06138426810503006
-0.2869354486465454
1.971355676651001
-0.09296790510416031
-1.2539527416229248
0.04871949553489685
0.001803368330001831
-1.0703173875808716
0.03456701338291168
0.656827449798584
-0.27514153718948364
-0.24407817423343658
0.07313284277915955
-1.932030200958252
0.023794477805495262
1.9802238941192627
-1.5943427085876465
-0.018183918669819832
-0.04646405577659607
0.8366602063179016
-0.6918882727622986
0.5607484579086304
1.9717833995819092
-0.03098662570118904
-0.0258790273219347
0.022673165425658226
0.16868087649345398
0.06099247559905052
-1.9837846755981445
-1.4924589395523071
-0.04645688831806183
1.1036182641983032
-0.8129545450210571
-0.46431875228881836
-0.04223448038101196
0.038802266120910645
-0.05821914225816727
-1.514224648475647
-0.35769304633140564
-1.7432749271392822
-1.3523913621902466
-0.06030280888080597
0.4708990752696991
0.3529508709907532
-0.9632918238639832
-0.8488265872001648
1.2443660497665405
-0.19154848158359528
0.010009020566940308
-0.7581422924995422
-1.9654157161712646
-0.5606563687324524
1.6749733686447144
0.5411477088928223
0.09776891767978668
-0.780074417591095
1.4995248317718506
-0.48080548644065857
0.039431240409612656
-0.021669695153832436
1.5616875886917114
-0.9081299304962158
-0.9787435531616211
0.015643365681171417
0.007943391799926758
-0.0185348242521286
-0.6428293585777283
1.979134440422058
-0.9570996761322021
0.29196321964263916
1.6614556312561035
-0.03436334431171417
0.0620601624250412
1.9753297567367554
-1.978136420249939
-0.005655810236930847
1.952543020248413
-0.0515967458486557
-0.009654711000621319
-0.26444122195243835
-0.0873403549194336
0.011992767453193665
-0.9892427325248718
0.13091625273227692
1.3365576267242432
0.006677490193396807
1.9372079372406006
0.004315882921218872
-0.3492945730686188
1.5949777364730835
0.2114783674478531
1.0379869937896729
0.043550893664360046
0.019557662308216095
-0.036273293197155
-0.24040193855762482
-0.04510387033224106
-0.06690093129873276
0.04487081617116928
-0.11519564688205719
-0.05889523774385452
1.8148545026779175
-0.023949557915329933
1.1273256540298462
-1.5463157892227173
0.8223568797111511
0.9378504753112793
0.40827181935310364
-0.6751587986946106
-0.6799063682556152
1.5539414882659912
0.008073903620243073
-0.03716300427913666
1.4640321731567383
-0.04615170508623123
1.6014182567596436
-0.7136009335517883
1.8352993726730347
0.2617753744125366
-0.020131176337599754
-0.052943065762519836
-1.3191449642181396
-1.957993745803833
0.344380259513855
-0.03251532465219498
-0.73848557472229
-1.9071660041809082
0.4981176555156708
-1.9734784364700317
-0.5575333833694458
1.7180625200271606
0.45943018794059753
-1.621006965637207
1.9284491539001465
1.6246280670166016
0.05376160144805908
1.8233593702316284
-0.8716455698013306
0.038947202265262604
1.4972937107086182
-0.02895957976579666
1.430716633796692
-0.12327110767364502
-0.2638723850250244
-0.04498983919620514
1.5622994899749756
-0.8595287203788757
1.4008140563964844
-1.2112905979156494
-0.06233689934015274
1.9606858491897583
1.7282841205596924
1.8458505868911743
0.04689375311136246
1.609023094177246
1.9806287288665771
1.5596120357513428
-0.8590569496154785
-0.18905270099639893
-1.6665757894515991
1.9747741222381592
0.004382360260933638
0.25567373633384705
1.9696866273880005
-0.33801019191741943
-1.982486605644226
-0.307740181684494
0.39946287870407104
-0.032592855393886566
-0.11687369644641876
0.01806839555501938
0.0077565014362335205
-0.04983363300561905
0.4988768398761749
-1.609317421913147
0.03137560933828354
-1.7178877592086792
-0.08853551000356674
1.2170770168304443
-0.10753002017736435
0.043591566383838654
1.950084924697876
1.3738733530044556
-1.6316355466842651
-1.35141122341156
1.0853265523910522
-1.7101342678070068
0.37870869040489197
0.891209065914154
1.1110039949417114
1.7991942167282104
-0.0693858191370964
0.8988348841667175
-0.0036829859018325806
0.6482834815979004
0.3470708429813385
0.27107104659080505
0.03810469061136246
-0.7844980359077454
0.18413202464580536
-0.6937461495399475
-0.1471439003944397
-0.0227813757956028
-0.04928623139858246
-0.061632439494132996
0.0012302473187446594
1.444548487663269
-0.7449048161506653
-1.9452948570251465
0.7406184673309326
0.5331963300704956
-0.5195043683052063
1.532370924949646
0.33574342727661133
0.037769727408885956
-1.0219097137451172
-1.9800690412521362
0.014582358300685883
-0.48516562581062317
-0.02951216697692871
-0.05138372629880905
-0.0005223507178016007
-0.997657835483551
0.04826580733060837
-0.03268003836274147
-0.8364299535751343
1.2824490070343018
-0.045403074473142624
-0.32829463481903076
-0.7250427007675171
-0.03150118887424469
0.8073030710220337
-1.0871555805206299
1.5423270463943481
-0.0342131108045578
-0.2524004280567169
-0.031498298048973083
-0.04868202656507492
-0.06699836254119873
0.027040995657444
1.1181548833847046
-0.030654823407530785
-0.0537300780415535
0.0482262559235096
-1.2821459770202637
-1.6251068115234375
0.4900393486022949
-0.1925443857908249
0.5708047151565552
-0.9495806097984314
1.6783101558685303
0.03579149395227432
0.051327913999557495
-0.6354599595069885
0.03009522147476673
-0.11984794586896896
0.014133714139461517
1.9725837707519531
1.9500943422317505
0.015164789743721485
-1.9527822732925415
-0.030070394277572632
-0.022637978196144104
1.9675469398498535
-0.01923554390668869
-1.3203773498535156
1.948867917060852
1.2098253965377808
-0.19280768930912018
-0.44252723455429077
-0.0020651668310165405
-1.6664345264434814
-1.9753379821777344
0.014339831657707691
0.019413750618696213
-1.3684849739074707
-1.9725470542907715
-1.321547269821167
1.0071697235107422
0.042169976979494095
0.012112647294998169
-0.0021241125650703907
0.6865921020507812
0.9124944806098938
-1.0866986513137817
-1.962607502937317
0.07229649275541306
1.024294137954712
-0.7248143553733826
-0.6936410665512085
-0.0005267783999443054
-0.013323179446160793
-1.9064977169036865
-0.08107081055641174
-0.010519981384277344
-0.07195135951042175
0.0015882219886407256
0.061818547546863556
0.061961568892002106
0.053207769989967346
-0.03418523445725441
-0.09383193403482437
0.01818983070552349
-0.04239946976304054
0.008531592786312103
-0.03628377616405487
-0.010394115000963211
-0.14430144429206848
-0.06831197440624237
-0.00034882311592809856
-0.06071360781788826
-0.05121418088674545
-0.062498897314071655
-0.011213993653655052
-0.04589235782623291
0.044192537665367126
0.008293637074530125
0.03871890902519226
-0.03399374336004257
0.045647941529750824
0.023618921637535095
-0.008058935403823853
-0.03527026250958443
-0.10230425000190735
-0.019057098776102066
0.02559751644730568
-0.06012044847011566
-0.011728353798389435
0.01095987856388092
-0.01901203580200672
-0.08502519130706787
-0.020982325077056885
-0.034070901572704315
0.015042178332805634
0.022452451288700104
-0.08396629989147186
-0.014667794108390808
0.000517524778842926
0.004385264124721289
0.0034837499260902405
-0.07284601777791977
0.035768963396549225
-0.04129456728696823
0.03552562743425369
0.007577304728329182
-0.09057050943374634
-0.0038713838439434767
0.007795835379511118
-0.012300975620746613
0.0009467378258705139
0.037893153727054596
-0.04720268398523331
-0.0457959845662117
-0.038137033581733704
0.0030350759625434875
-0.0038878992199897766
0.05446627736091614
-0.0766887217760086
0.0119786337018013
-0.009707789868116379
-0.019782470539212227
-0.05271820351481438
-0.004895199555903673
-0.018002137541770935
-0.031611356884241104
-0.10260264575481415
-0.016520200297236443
-0.04749953746795654
-0.05643767863512039
-0.056127145886421204
0.03911438584327698
-0.008693248964846134
-0.03858664259314537
-0.035867612808942795
-0.027945663779973984
-0.046204887330532074
0.03435421735048294
-0.026746045798063278
0.034109435975551605
-0.029735568910837173
0.047064319252967834
-0.03360631316900253
-0.03897939994931221
-0.024084091186523438
-0.03671684116125107
-0.006777042523026466
-0.02807633765041828
0.04557749256491661
-0.10048234462738037
-0.06888651847839355
-0.04444822669029236
0.022221244871616364
-0.03125845640897751
0.053958527743816376
-0.013092279434204102
-0.026204269379377365
0.054938070476055145
-0.0748053640127182
-0.10975995659828186
-0.07369773089885712
0.04551529139280319
-0.04187837243080139
0.007168801035732031
-0.11479689925909042
-0.0314343199133873
0.0077543705701828
-0.03565538302063942
0.025042887777090073
-0.04821489751338959
0.05405791103839874
-0.07596500217914581
0.011862964369356632
-0.08869048953056335
-0.03800512105226517
0.02282724529504776
0.07954848557710648
-0.09945760667324066
0.03136180713772774
0.027794601395726204
-0.15488766133785248
-0.08883830159902573
0.007149007171392441
-0.054542023688554764
0.005924239754676819
-0.0027861446142196655
-0.0313931480050087
0.04910203069448471
0.0492316409945488
0.04049934446811676
0.028695324435830116
-0.060444943606853485
0.04398621618747711
0.03875088691711426
-0.04465954005718231
-0.006417338736355305
0.04413623362779617
0.029566921293735504
0.0735018402338028
0.0909431204199791
-0.07862358540296555
-0.03363332897424698
-0.0770455151796341
-0.013609780929982662
-0.08515090495347977
-0.07790973037481308
-0.060017962008714676
-0.09054195135831833
-0.0014871060848236084
-0.0035747969523072243
-0.05656334012746811
0.0086491908878088
-0.011786555871367455
0.016114503145217896
0.032040104269981384
0.03692459315061569
0.04174374043941498
-0.03927527368068695
0.050075236707925797
-0.013333998620510101
0.06194031983613968
-0.035140253603458405
-0.011927485466003418
0.04018666595220566
0.032324060797691345
-0.050872430205345154
0.04078483581542969
0.022501694038510323
0.013569792732596397
0.06582819670438766
-0.05187884345650673
0.008228838443756104
-0.09048522263765335
0.022383442148566246
0.018950581550598145
-0.10053751617670059
-0.009766854345798492
0.00439634220674634
0.030993230640888214
-0.0963112935423851
0.02100665122270584
-0.04668820649385452
0.02828257903456688
-0.0802827849984169
-0.059564635157585144
-0.018680261448025703
-0.017373239621520042
-0.060377202928066254
-0.005546506028622389
0.005029734224081039
0.028908276930451393
0.03132835775613785
-0.08338171988725662
0.04079154133796692
0.053877852857112885
0.015018620528280735
-0.06244581937789917
-0.0002912582131102681
0.04773738980293274
0.021802380681037903
0.013394065201282501
0.04361806809902191
-0.04620663449168205
-0.07001478224992752
0.00021464511519297957
-0.08608995378017426
-0.10826532542705536
-0.04967042803764343
-0.04799438267946243
-0.008364014327526093
-0.09301166981458664
0.010226640850305557
-0.08932472765445709
-0.0472426638007164
-0.10241436213254929
-0.030183639377355576
0.04041282832622528
-0.07999929785728455
-0.021175287663936615
0.04964302480220795
0.01861918903887272
-0.043012432754039764
-0.02236076630651951
0.02063162811100483
-0.048669081181287766
-0.1225721538066864
-0.1121879443526268
-4.018843173980713e-05
0.06613455712795258
-0.011723365634679794
0.054694004356861115
0.041138336062431335
0.016807524487376213
0.02296362817287445
-0.006746796425431967
-0.06645296514034271
0.018682748079299927
0.02808550000190735
-0.0077240243554115295
-0.07130543142557144
-0.031360283493995667
-0.16325442492961884
-0.024905474856495857
0.011963732540607452
0.01677534729242325
-0.06207845360040665
-0.03698115795850754
0.0447499081492424
-0.007687263190746307
-0.04548555985093117
0.051251381635665894
-0.04435812681913376
0.03516995161771774
-0.02322576567530632
0.047717735171318054
0.050768669694662094
0.03996601328253746
0.023567313328385353
-0.030234819278120995
0.03788898512721062
0.005166507791727781
-0.00833660364151001
0.004936068784445524
-0.03911814093589783
-0.06099872663617134
-0.015744203701615334
-0.05454692617058754
-0.041355375200510025
-0.02929186262190342
-0.035232752561569214
0.014683538116514683
0.014265610836446285
-0.0022785295732319355
0.011514278128743172
-0.02677355892956257
-0.008049039170145988
0.008663386106491089
-0.00471833348274231
0.058882661163806915
0.04976854845881462
-0.07398881018161774
-0.03621600195765495
-0.002884174697101116
-0.037291642278432846
-0.01861194521188736
0.05548255890607834
-0.03706175461411476
-0.06166107580065727
-0.0033251792192459106
0.007074432913213968
0.013207115232944489
-0.06826172769069672
-0.02375989779829979
-0.05961358919739723
0.0446758046746254
-0.051752787083387375
0.04439383000135422
-0.030139438807964325
0.050751179456710815
-0.055904120206832886
0.027703046798706055
-0.025520499795675278
-0.07221250981092453
-0.02427578903734684
-0.01145387627184391
0.008458174765110016
-0.03448570519685745
0.029245026409626007
0.018773527815937996
0.013646579347550869
0.008633896708488464
-0.023168563842773438
0.04024682566523552
-0.0005234703421592712
-0.05433360114693642
-0.027291355654597282
0.013058767654001713
-0.023571548983454704
-0.025800596922636032
-0.004955825861543417
-0.016198672354221344
-0.05282241851091385
-0.0005633728578686714
-0.02061283029615879
0.03855730593204498
0.04031042754650116
-0.016915176063776016
-0.0038879066705703735
0.04331355169415474
0.0018005185993388295
-0.0014878208748996258
-0.07629778981208801
-0.05567163974046707
0.05750722438097
-0.015460518188774586
-0.01608397625386715
-0.06369456648826599
0.05111699551343918
-0.05042504146695137
0.00850791297852993
0.000984284677542746
-0.0684710144996643
-0.006377385929226875
-0.061614226549863815
0.03431692719459534
-0.008132337592542171
0.013981153257191181
-0.04908178746700287
0.046087972819805145
0.03199762850999832
-0.05804872140288353
-0.009811364114284515
-0.005390029400587082
-0.006775110960006714
0.017252294346690178
-0.040525712072849274
-0.03845781832933426
-0.051428087055683136
0.016658075153827667
-0.015612835064530373
-0.011343799531459808
-0.011654582805931568
-0.045113928616046906
0.009028607048094273
-0.07756336778402328
-0.07858619093894958
0.0158911794424057
-0.07955124229192734
-0.0780230164527893
-0.07468913495540619
-0.0014105502050369978
0.029471617192029953
-0.030157897621393204
-0.05131860449910164
0.044771820306777954
-0.06106443330645561
0.03864436224102974
-0.029524149373173714
0.027267416939139366
-0.06877025216817856
0.04951686039566994
-8.194893598556519e-05
0.026076041162014008
0.05229191482067108
0.005329214036464691
0.0055125802755355835
-0.010384602472186089
-0.0004942008526995778
-0.01798730343580246
-0.02949407324194908
0.0001784336200216785
0.0062441835179924965
-0.030432282015681267
-0.006063789129257202
-0.009142404422163963
-0.06665991246700287
0.002627747366204858
-0.05497361719608307
-0.05998673290014267
0.02361767552793026
-0.0379054993391037
0.0276822280138731
-0.0416492335498333
-0.044683974236249924
0.005865040700882673
-0.0370868518948555
0.048163868486881256
-0.004908764269202948
-0.08325396478176117
-0.02304023690521717
0.003214895725250244
-0.011522240936756134
0.04561996832489967
-0.031486835330724716
-0.0608334019780159
-0.006639250088483095
0.015234587714076042
0.057545438408851624
0.038028210401535034
0.021862519904971123
0.002794490661472082
0.020524147897958755
0.061746012419462204
-0.002580275759100914
0.024943774566054344
-0.037041205912828445
-0.0065946802496910095
-0.051114462316036224
-0.008753997273743153
0.024732889607548714
-0.025224827229976654
0.04096684232354164
-0.028445877134799957
-0.06377504020929337
0.025909528136253357
0.045825690031051636
-0.047421686351299286
0.047512587159872055
0.022081119939684868
-0.00715776439756155
0.03859782591462135
0.0392310693860054
0.014321183785796165
-0.0419856458902359
-0.024067893624305725
-0.04175037145614624
0.030580230057239532
-3.131479024887085e-05
-0.03143610432744026
0.05650041997432709
-0.05473579466342926
0.03523874655365944
-0.04910250008106232
-0.013399312272667885
0.04666689783334732
-0.042169034481048584
-0.0007148865261115134
0.001532166381366551
-0.035345658659935
0.005112850107252598
-0.04415170103311539
-0.03565317019820213
-0.07051931321620941
0.039610326290130615
-0.01644570380449295
-0.05801388621330261
-0.006628626957535744
-0.04120956361293793
-0.01735563389956951
-0.013569444417953491
-0.0035916150081902742
-0.06424456834793091
0.019285596907138824
-0.05657849460840225
0.05575397610664368
-0.05662483721971512
0.006780346855521202
0.017756439745426178
0.03441822901368141
-0.013724302873015404
0.007072818465530872
-0.06882993131875992
-0.07246625423431396
0.047591399401426315
-0.015275366604328156
-0.050679851323366165
0.04096541181206703
0.02904062718153
-0.016587605699896812
0.009982015006244183
0.015535988844931126
-0.031185276806354523
-0.0036656458396464586
-0.05103141814470291
0.022624023258686066
0.002801563125103712
-0.03684919700026512
-0.013902942650020123
0.007335965521633625
-0.061014723032712936
-0.016627365723252296
-0.04288303107023239
0.02862202562391758
-0.0004199221730232239
-0.017405709251761436
0.01811390556395054
0.028094187378883362
-0.016971370205283165
-0.0748235434293747
-0.04240932688117027
-0.05558328330516815
0.006481721997261047
0.006075460929423571
-0.029298527166247368
0.06459410488605499
0.0013437955640256405
-0.009470833465456963
0.02399175614118576
0.029276924207806587
-0.004719795659184456
0.005982486996799707
-0.01888827607035637
-0.1016387939453125
-0.02933584339916706
-0.06910460442304611
0.01912631466984749
-0.008821653202176094
-0.007126130163669586
-0.04147281497716904
0.009150267578661442
0.04956188425421715
-0.10499909520149231
0.01019372045993805
0.03638455271720886
-0.05596141517162323
-0.0657317116856575
-0.0632096529006958
0.004189847968518734
0.008890308439731598
-0.041576750576496124
-0.06105302274227142
-0.027471110224723816
-0.016450760886073112
-0.04115750640630722
0.023783646523952484
0.004059618338942528
-0.0020824819803237915
-0.025607630610466003
-0.019028276205062866
0.037392400205135345
0.03725341707468033
-0.07485342770814896
0.047343261539936066
-0.060831792652606964
-0.019731365144252777
-0.04034627974033356
-0.04407232254743576
-0.04400736466050148
-0.0712030678987503
0.0043593524023890495
-0.016756918281316757
0.011234961450099945
-0.021014951169490814
-0.012592896819114685
-0.04797034710645676
0.04780697822570801
0.033271804451942444
-0.056282997131347656
0.03924412280321121
0.003067225217819214
0.001915765693411231
-0.0160641148686409
-0.10882929712533951
0.030292052775621414
-0.04077252000570297
-0.09547650068998337
-0.02856762707233429
0.06067967042326927
0.009675214998424053
-0.030920036137104034
-0.05042441934347153
-0.00407341867685318
-0.0809226855635643
-0.014930397272109985
-0.03594041243195534
-0.08724141865968704
-0.055540695786476135
-0.09095457196235657
0.04315795749425888
-0.008958853781223297
-0.05304988846182823
-0.050530578941106796
-0.10415927320718765
-0.016945883631706238
-0.019466912373900414
0.03205558657646179
0.020837925374507904
-0.021263062953948975
0.04482755810022354
-0.0469195693731308
-0.003085322678089142
-0.0653625950217247
-0.07749674469232559
-0.06891309469938278
-0.008217915892601013
-0.018276449292898178
-0.05652222782373428
0.055600181221961975
-0.003013222711160779
0.0086141899228096
0.0009295042254962027
-0.02806616947054863
0.010854280553758144
-0.02226390689611435
0.002214910462498665
0.01013905555009842
0.017144981771707535
-0.0872812494635582
0.03082217276096344
0.002044557360932231
0.010994026437401772
-0.05527162551879883
0.031167030334472656
-0.10935812443494797
-0.03103523887693882
-0.007560424506664276
-0.0034965267404913902
-0.06629026681184769
-0.040580056607723236
-0.023688428103923798
-0.0570981502532959
-0.02143007516860962
0.008711010217666626
0.0040570893324911594
-0.033493950963020325
-0.02766106091439724
-0.013607598841190338
-0.04514242708683014
0.022494308650493622
-0.03830767422914505
-0.053985364735126495
-0.04011155664920807
-0.05384494364261627
-0.07246513664722443
0.052947670221328735
0.04053767770528793
0.02330535650253296
-0.06989364326000214
0.0558062344789505
-0.0433175265789032
0.023626184090971947
-0.06393559277057648
0.10036635398864746
0.009096723049879074
-0.07523059099912643
0.001737898914143443
0.023533735424280167
-0.11287620663642883
0.06294770538806915
-0.04649161174893379
-0.020747415721416473
0.016670184209942818
0.03016567975282669
0.02782076597213745
-0.03275251016020775
-0.11270855367183685
0.010748103260993958
-0.07345990091562271
0.05129144340753555
-0.02670874260365963
0.04208250343799591
0.018356874585151672
-0.013415917754173279
0.0010374560952186584
-0.004820406436920166
-0.016006797552108765
-0.02771243266761303
-0.048187270760536194
-0.07077548652887344
0.007880732417106628
0.01882009580731392
-0.036903612315654755
-0.023302126675844193
0.012046687304973602
-0.050812672823667526
-0.0352572500705719
0.025722764432430267
-0.06051857769489288
0.056747227907180786
-0.003835934679955244
-0.037858135998249054
0.0015241029905155301
-0.03715382516384125
-0.043663959950208664
0.04984888434410095
-0.06520464271306992
-0.008447125554084778
0.005493046250194311
-0.0973801389336586
0.021991610527038574
0.025968071073293686
-0.03266638144850731
-0.05917154997587204
-0.0395040437579155
-0.0646468922495842
0.04371115565299988
-0.058265551924705505
0.01504696998745203
0.030738934874534607
-0.0890284925699234
0.02756524085998535
0.025844626128673553
0.00923580676317215
-0.1117088571190834
0.015196087770164013
0.07885352522134781
-0.09911373257637024
-0.09008859097957611
0.030306842178106308
-0.005904410034418106
-0.05716985464096069
0.042293012142181396
-0.06937182694673538
-0.03808124363422394
-0.056584686040878296
-0.06241248548030853
-0.02475697174668312
-0.02618962898850441
0.02485758066177368
-0.11455294489860535
0.03367426246404648
0.01699896901845932
-0.07484851777553558
-0.007356487214565277
-0.028399096801877022
-0.0888475626707077
0.020111892372369766
-0.09844154119491577
-0.09201230108737946
-0.05419675260782242
0.03568895161151886
-0.036879412829875946
-0.048118770122528076
0.0433170422911644
-0.05335143581032753
-0.03896472975611687
-0.006425588857382536
0.011018500663340092
-0.05571246147155762
-0.048821620643138885
0.033571548759937286
0.0012294743210077286
-0.04229215532541275
-0.03536291420459747
-0.041168466210365295
-0.014327138662338257
-0.038029685616493225
-0.002090886700898409
-0.11128890514373779
0.0015907809138298035
0.053225524723529816
-0.001901248237118125
-0.04208941012620926
-0.027789022773504257
0.04506278038024902
-0.051727794110774994
-0.05531232804059982
-0.031991854310035706
-0.06725705415010452
-0.08519251644611359
-0.041956134140491486
-0.0590314157307148
-0.012033487670123577
-0.03294137120246887
-0.033195316791534424
-0.07211051136255264
-0.013314731419086456
-0.0038332678377628326
-0.011273051612079144
-0.024210158735513687
-0.032045312225818634
-0.06644203513860703
-0.03573722392320633
-0.06546138972043991
-0.04797041788697243
-0.06579180806875229
-0.05280822888016701
0.038649268448352814
0.016144827008247375
-0.02378901094198227
0.0331067219376564
0.017695987597107887
-0.03204307705163956
-0.05873105302453041
-0.06530248373746872
-0.0685732439160347
0.0523478239774704
0.02510739117860794
-0.08812770992517471
-0.048553645610809326
-0.01130484789609909
-0.07934033125638962
0.0024629905819892883
0.04604671150445938
-0.00952186994254589
0.014440245926380157
0.034065380692481995
-0.04741621017456055
-0.04984356090426445
-0.08946508169174194
0.048727504909038544
-0.035436972975730896
-0.025278151035308838
-0.03413018211722374
-0.025582438334822655
-0.045794207602739334
0.009118353016674519
-0.04291843622922897
0.03353407233953476
-0.04941621422767639
-0.04373345151543617
0.04016131907701492
-0.03690946847200394
0.008969321846961975
-0.043957218527793884
-0.006989799439907074
0.002601972548291087
-0.054555803537368774
-0.10035683959722519
-0.0024888277985155582
0.014802268706262112
-0.01774493418633938
0.01953495666384697
0.03664175420999527
-0.0354481115937233
-0.001544008613564074
0.06134723126888275
-0.025592081248760223
0.03428925573825836
0.03860105574131012
0.00528957461938262
-0.03678854554891586
-0.05691252276301384
-0.054889075458049774
-0.05359244346618652
-0.014211736619472504
-0.04562746360898018
-0.016417713835835457
0.0212470181286335
0.043503277003765106
-0.05038183555006981
0.04930323734879494
-0.021022239699959755
-0.0024135862477123737
-0.06961891800165176
-0.041242435574531555
-0.04086777940392494
0.012865004129707813
-0.07425876706838608
-0.035979606211185455
0.03031764179468155
-0.06829804182052612
-0.06991202384233475
0.06172880530357361
-0.07310771942138672
0.04611034691333771
-0.010126728564500809
-0.05737868323922157
-0.07236430794000626
0.03935617208480835
0.01919373869895935
0.02889537811279297
-0.0258661899715662
-0.0339663065969944
-0.020784154534339905
-0.03406454622745514
-0.05256769061088562
-0.009593341499567032
0.050425924360752106
-0.03143917769193649
-0.04444892331957817
-0.08184681832790375
-0.041744813323020935
-0.05878833681344986
0.001015345798805356
0.014772291295230389
-0.010866167955100536
-0.030618174001574516
-0.08263164758682251
-0.03781989589333534
-0.03203989565372467
-0.06678569316864014
-0.037831589579582214
0.04598747938871384
-0.022696301341056824
0.048843562602996826
0.05776774883270264
0.018354974687099457
-0.09749113023281097
-0.07018846273422241
-0.05694366246461868
0.04007851332426071
-0.05200878530740738
-0.0450863353908062
-0.03323330730199814
0.05861508846282959
-0.014164095744490623
-0.07739870250225067
-0.08224976062774658
0.010541624389588833
-0.047757912427186966
-0.059305813163518906
0.020180659368634224
0.0016100268112495542
0.048523735255002975
-0.05598529800772667
-0.04067758098244667
-0.07610548287630081
0.05370248109102249
0.018465589731931686
0.02181481383740902
-0.015534422360360622
0.05573485791683197
0.03327694907784462
0.02862882800400257
-0.10154890269041061
-0.10578732937574387
0.020073918625712395
0.027450168505311012
-0.061670564115047455
0.014483585953712463
0.026708463206887245
0.030039107427001
-0.047913048416376114
-0.033345840871334076
-0.02947673760354519
-0.027554849162697792
-0.005889255553483963
-0.07135346531867981
-0.035061031579971313
-0.04444097727537155
-0.00793797429651022
-0.025619596242904663
-0.04039754718542099
0.016912348568439484
-0.03687429800629616
0.031778089702129364
0.027994614094495773
0.05268131196498871
0.00025050839758478105
-0.019818264991044998
0.03721321374177933
0.016209997236728668
-0.0014310949482023716
-0.015330128371715546
0.020762719213962555
0.013281618244946003
0.010952254757285118
-0.06589092314243317
-0.023542292416095734
-0.09962169080972672
-0.046209268271923065
0.020182929933071136
-0.02771741896867752
-0.013189360499382019
-0.028523486107587814
0.027874773368239403
0.04223453998565674
0.0372406542301178
-0.0301529448479414
0.021665703505277634
-0.014729705639183521
0.07509776949882507
-0.07346799224615097
-0.04521963745355606
-0.017207331955432892
-0.05399616062641144
-0.026281844824552536
-0.03812151029706001
0.025186430662870407
-0.045971255749464035
0.02087632566690445
-0.03443676978349686
-0.024313339963555336
-0.0007368438527919352
0.05878157913684845
0.00416005402803421
0.06178799271583557
-0.028872208669781685
-0.06058725714683533
-0.03776100277900696
-0.04543155059218407
-0.09952964633703232
-0.06616932898759842
0.03135024011135101
0.046940870583057404
-0.043338410556316376
-0.05203757807612419
-0.05493031442165375
0.045527778565883636
-0.07408132404088974
0.01073011476546526
-0.004119254648685455
0.00015224436356220394
-0.03731157258152962
0.007695646956562996
0.01830865442752838
0.009921358898282051
-0.021059583872556686
-0.049560677260160446
0.009195376187562943
0.0454648956656456
-0.023769769817590714
-0.07436429709196091
-0.07086098194122314
-0.027823731303215027
0.03179793432354927
-0.07534658908843994
0.03941413015127182
0.06275410950183868
-0.044950392097234726
-0.07943563163280487
0.05042404681444168
0.03855743259191513
0.005578033160418272
-0.04571262374520302
0.03234182670712471
-0.021351583302021027
0.05316602811217308
0.05817066878080368
0.02476343885064125
-0.010338765569031239
0.006660120561718941
-0.04995163157582283
-0.05593734234571457
0.007163709495216608
-0.013745339587330818
-0.029041705653071404
-0.014258272014558315
0.05865868926048279
-0.05915229767560959
0.029702812433242798
-0.03505140542984009
-0.08189433068037033
0.06001686304807663
0.04094066470861435
-0.018728911876678467
-0.07510790973901749
0.015400788746774197
-0.003896886482834816
-0.043750032782554626
-0.04384171962738037
0.02386418730020523
-0.05876116454601288
0.005317353177815676
-0.04479960724711418
-0.056667402386665344
-0.05348961800336838
-0.043969765305519104
0.04564034938812256
-0.048078715801239014
-0.022499114274978638
0.020878449082374573
-0.045995403081178665
-0.002732284367084503
-0.011091171763837337
-0.015130437910556793
0.017671868205070496
0.057793885469436646
-0.01750638708472252
-0.008282417431473732
0.015930723398923874
-0.025697043165564537
-0.012273117899894714
0.0019849613308906555
-0.013045914471149445
-0.053912293165922165
0.018921099603176117
-0.048521414399147034
-0.03963138908147812
0.04447007179260254
-0.01694074273109436
-0.04433039203286171
0.03571603447198868
-0.03471823036670685
-0.06972547620534897
-0.08719491958618164
-0.01711791381239891
0.06072913110256195
0.001820345758460462
-0.09443648159503937
-0.04912367835640907
-0.01797986775636673
0.04075468331575394
-0.02524288184940815
0.0031110718846321106
-0.012241153046488762
0.011593511328101158
-0.02687525749206543
-0.01794852688908577
-0.012068144977092743
0.00027189403772354126
-0.06963008642196655
-0.038437217473983765
-0.061099275946617126
-0.02627645432949066
0.006033513229340315
-0.004872269928455353
0.023336321115493774
-0.02222067303955555
0.007803669665008783
-0.014609524980187416
-0.009861364960670471
-0.06778635084629059
0.006039708852767944
-0.07066503912210464
-0.02240089327096939
0.002670405199751258
-0.03402859717607498
0.04853779077529907
-0.05788077041506767
-0.00929107517004013
-0.09162303060293198
0.009257148951292038
-0.027145465835928917
0.028012365102767944
-0.006544231437146664
-0.03422342613339424
-0.029540641233325005
0.0011738932225853205
-0.05649819225072861
0.043841488659381866
-0.08553964644670486
-0.03069630078971386
-0.0194975808262825
-0.0536133237183094
-0.07090555131435394
-0.056756023317575455
0.04020199179649353
-0.002387050073593855
0.0016526272520422935
-0.029696578159928322
-0.03417416661977768
-0.07591167837381363
0.034157223999500275
0.00826929695904255
0.008436635136604309
-0.0356827974319458
0.053057149052619934
-0.0559038370847702
-0.059806935489177704
0.02616202086210251
0.0309780091047287
0.015609920024871826
0.04919261857867241
0.06030363589525223
-0.05481129139661789
-0.06153295189142227
0.05199579894542694
-0.01789117231965065
-0.027421249076724052
-0.043966688215732574
0.000855799880810082
-0.07944095879793167
-0.049249663949012756
-0.03200630843639374
0.017723478376865387
-0.003907579928636551
-0.03939158841967583
0.04053349420428276
0.03664899244904518
0.02175031043589115
0.0416819229722023
0.009347577579319477
0.047185346484184265
0.019772844389081
0.027689790353178978
0.07833452522754669
0.016949109733104706
-0.06605112552642822
0.044360123574733734
-0.010000240057706833
-0.06758111715316772
-0.056457895785570145
0.038420192897319794
0.01036331057548523
-0.060941219329833984
-0.059840716421604156
-0.04160474240779877
-0.06103884428739548
0.005700401961803436
-0.07772299647331238
0.04578930884599686
0.057726942002773285
-0.012816163711249828
-0.03602610528469086
-0.015569407492876053
0.03260527923703194
0.04260110855102539
-0.009491920471191406
0.02026188373565674
-0.0019274973310530186
-0.03147812932729721
-0.027194859459996223
0.05417843908071518
0.025306690484285355
-0.023981325328350067
0.007092828396707773
-0.013670012354850769
-0.024242550134658813
-0.07060625404119492
-0.027120426297187805
0.018262093886733055
0.08023803681135178
0.021203292533755302
0.04017667472362518
-0.013003753498196602
0.05786677449941635
0.034279339015483856
0.04920663684606552
1.2345612049102783e-05
-0.05276341363787651
-0.015620850026607513
-0.021217435598373413
-0.04063556343317032
-0.043746937066316605
0.030276158824563026
-0.07513865828514099
-0.07836659997701645
0.04001612961292267
-0.06949561089277267
-0.06941625475883484
0.04927658289670944
-0.016277246177196503
-0.09746839851140976
-0.005862561520189047
-0.02363366074860096
-0.021495819091796875
-0.012969803996384144
0.03214246407151222
0.009734928607940674
0.016554133966565132
0.03158711642026901
0.021007321774959564
-0.02207709290087223
-0.007822655141353607
-0.03950784355401993
-0.03427746519446373
0.010845807380974293
-0.030575184151530266
0.012073704041540623
0.013728335499763489
-0.05516709387302399
-0.08320557326078415
-0.012075625360012054
-0.0521678552031517
0.037698760628700256
-0.013770983554422855
0.04090128839015961
-0.08638965338468552
-0.02066659927368164
-0.015934176743030548
-0.005672372877597809
0.008629469200968742
0.04863784462213516
-0.0726480782032013
0.003730825148522854
0.024224422872066498
-0.013630300760269165
-0.053435083478689194
-0.06184946000576019
-0.006225951015949249
-0.0033315494656562805
-0.014429756440222263
-0.030928991734981537
-0.06104366481304169
-0.02594001032412052
-0.02060040459036827
-0.055636994540691376
-0.03332273289561272
0.009585671126842499
-0.0556689128279686
-0.07298395782709122
-0.05200808867812157
-0.08042526245117188
0.02345415949821472
-0.010401536710560322
0.001778655219823122
0.0065754493698477745
-0.02378450520336628
0.025142868980765343
-0.02706201747059822
-0.06673941761255264
-0.03513966500759125
-0.00478482898324728
0.0042787641286849976
-0.04403705894947052
-0.020809248089790344
0.0558202899992466
-0.06663837283849716
0.048046134412288666
0.020898349583148956
0.027312003076076508
-0.08135537803173065
0.029390186071395874
-0.029678380116820335
-0.008175828494131565
-0.09478777647018433
-0.036879293620586395
-0.019671015441417694
0.017038533464074135
-0.0636768564581871
-0.006663814187049866
-0.044407568871974945
0.02019677311182022
-0.0479213111102581
0.012755612842738628
-0.06831362098455429
0.018566973507404327
0.0323122963309288
-0.06817540526390076
-0.0004330442752689123
0.01333494484424591
-0.0338173471391201
0.05367524176836014
-0.04136873781681061
-0.04161595553159714
-0.06277903914451599
-0.07121610641479492
0.048481881618499756
-0.05305458605289459
-0.006383359432220459
-0.05025826767086983
0.02202037163078785
-0.005899474024772644
0.05389668792486191
0.006578457076102495
-0.05080857127904892
0.015646683052182198
0.041458506137132645
-0.057459913194179535
-0.047817595303058624
-0.028056511655449867
-0.08375779539346695
0.025613361969590187
-0.0730685442686081
-0.06673005223274231
-0.07014307379722595
0.00548514723777771
0.007372714579105377
-0.015816418454051018
0.029508836567401886
-0.016095969825983047
-0.02197217009961605
0.011881886050105095
-0.02879384160041809
-0.00010588765144348145
-0.043737977743148804
0.0036082782316952944
-0.009506798349320889
-0.021926825866103172
-0.007045522332191467
0.010478319600224495
0.04070407524704933
0.014315466396510601
0.000946288404520601
0.004343340173363686
0.014885379001498222
-0.051513105630874634
-0.09514801949262619
-0.0015897714765742421
-0.07655598223209381
-0.0606876015663147
0.01306432206183672
-0.0029819649644196033
0.00035071372985839844
-0.09421028196811676
0.053678933531045914
-0.02015533111989498
-0.039476655423641205
-0.01075814664363861
0.042603299021720886
0.0034530090633779764
-0.03189833462238312
-0.000396521674701944
-0.01592642068862915
-0.049726732075214386
-0.026973040774464607
-0.05794857069849968
-0.03329342603683472
-0.02186346799135208
-0.050032515078783035
-0.09583675116300583
-0.08416593074798584
-0.03228447586297989
-0.08366159349679947
-0.08334878087043762
-0.02228369191288948
-0.009477485902607441
-0.012095306068658829
-0.010388895869255066
-0.044517867267131805
0.010107911191880703
-0.08494658023118973
-0.015057110227644444
0.06247447431087494
0.05775616317987442
-0.061805643141269684
0.05418090522289276
0.005255214869976044
-0.10727498680353165
0.017056938260793686
-0.0019462406635284424
-0.050306692719459534
0.051147159188985825
-0.020101817324757576
-0.005497673060745001
0.014340579509735107
-0.004788833670318127
-0.031663283705711365
-0.03196379914879799
-0.04321085289120674
-0.04033862054347992
-0.11084791272878647
-0.002227405784651637
-0.08181320130825043
-0.008490283042192459
-0.012178556062281132
0.047227561473846436
-0.09059120714664459
-0.03562896326184273
-0.040954191237688065
-0.06616313010454178
-0.013852130621671677
0.014998100697994232
-0.05790124461054802
-0.012781391851603985
0.023250499740242958
-0.05716358870267868
0.01598057523369789
0.012593879364430904
0.03928709775209427
0.010353580117225647
-0.006276173051446676
0.00802261009812355
-0.052513495087623596
0.037067580968141556
0.020681528374552727
0.08455075323581696
-0.016458243131637573
-0.08874540030956268
-0.050806596875190735
-0.06891226768493652
-0.06176702305674553
-0.040903814136981964
-0.013827011920511723
0.048618003726005554
-0.01533180195838213
-0.04799843579530716
0.005766287446022034
0.029858648777008057
-0.08673636615276337
-0.013381603173911572
-0.03242170438170433
-0.01795821078121662
-0.0036691699642688036
-0.04416286572813988
0.029475629329681396
0.027382396161556244
-0.03460771217942238
-0.006416365038603544
0.018254950642585754
-0.013119646348059177
0.02962244302034378
-0.01761544495820999
0.000575098383706063
-0.03365696221590042
-0.03562002256512642
-0.053391508758068085
-0.00892367959022522
-0.05468319356441498
-0.01894492469727993
0.0024889789056032896
0.043537840247154236
-0.07038749009370804
-0.0066629513166844845
-0.09534446150064468
-0.07546771317720413
-0.01597043126821518
0.00019132375018671155
0.023983538150787354
-0.06625870615243912
0.0032409019768238068
0.02437548339366913
0.03979587182402611
-0.0758761540055275
-0.045035604387521744
0.001139413216151297
-0.040989868342876434
-0.060163602232933044
-0.04928140342235565
0.019750483334064484
-0.036345645785331726
-0.05985857546329498
-0.012904108501970768
-0.07064548879861832
-0.03511358052492142
0.03228576108813286
-0.06142405793070793
-0.015836166217923164
0.010396570898592472
-0.007542335893958807
-0.015934400260448456
0.008991766721010208
-0.01800122857093811
-0.0064795296639204025
0.038492053747177124
-0.00824429839849472
-0.06016490235924721
-0.02681201882660389
-0.04758690670132637
-0.04211946949362755
0.052150897681713104
0.02366599813103676
-0.03599565103650093
-0.01915797032415867
-0.08380608260631561
0.050819031894207
-0.06631798297166824
-0.03936425596475601
-0.0645788311958313
-0.04813919961452484
0.007010236382484436
0.0006501898169517517
0.05472487956285477
-0.047698043286800385
0.034223854541778564
0.019757656380534172
0.016208868473768234
-0.007377110421657562
0.01719014346599579
0.01554814726114273
-0.054274365305900574
0.01712740957736969
-0.025643745437264442
0.00931571051478386
0.03591064363718033
0.06235849857330322
-0.0310644693672657
-0.04953078180551529
-0.017388522624969482
-0.019073642790317535
-0.038042858242988586
-0.055071763694286346
-0.01725538820028305
-0.019568748772144318
0.035085082054138184
0.041912615299224854
-0.04495050758123398
-0.030498236417770386
0.06228894740343094
-0.027980897575616837
-0.047975726425647736
-0.04881150647997856
-0.04188379645347595
-0.0444168820977211
-0.013352103531360626
0.005962193012237549
-0.06218447536230087
-0.03763199970126152
-0.04592178016901016
0.02324097603559494
-0.007019784767180681
-0.026660211384296417
0.013065502047538757
-0.04784539341926575
0.03822537511587143
-0.019931623712182045
-0.058643095195293427
-0.04215243458747864
0.00020845234394073486
0.0309145450592041
-0.03194429352879524
-0.013753972016274929
-0.0600501224398613
-0.05336634814739227
-0.02141859382390976
-0.024993546307086945
0.0012967565562576056
0.05100514739751816
0.030166074633598328
0.020834259688854218
0.050685472786426544
0.03129863739013672
0.034990616142749786
-0.010938487946987152
-0.017153233289718628
0.03692019358277321
0.039940521121025085
-0.031476110219955444
0.016782961785793304
-0.004037756472826004
0.049635715782642365
-0.056159038096666336
0.05671793222427368
0.04434804618358612
0.054844386875629425
0.02622409164905548
-0.009936989285051823
0.04112523794174194
0.001196637749671936
-0.051632873713970184
-0.059480927884578705
-0.05683550983667374
-0.008775060065090656
-0.06100136786699295
-0.015454468317329884
-0.025293514132499695
0.01823878474533558
-0.03301828354597092
0.004122570157051086
-0.03308158367872238
-0.010851278901100159
0.039548225700855255
-0.00686974823474884
0.015723921358585358
-0.052538298070430756
0.0380684919655323
0.008891656994819641
-0.066802978515625
0.048089902848005295
-0.055924512445926666
-0.0017723292112350464
-0.029709890484809875
-0.03332989662885666
-0.00731649249792099
0.03943787142634392
0.016311652958393097
0.015405647456645966
-0.022129612043499947
0.015969274565577507
-0.044984154403209686
0.025020457804203033
0.012593773193657398
0.007888163439929485
0.026595789939165115
0.05260058492422104
-0.012136891484260559
-0.012802318669855595
-0.030821379274129868
-0.02843187190592289
-0.05480274558067322
-0.06235219165682793
-0.027838867157697678
-0.001829955610446632
0.02976474165916443
0.044105637818574905
-0.018364734947681427
-0.02348145842552185
-0.02439332939684391
-0.024981804192066193
0.0014636814594268799
0.008906923234462738
0.056560397148132324
0.028277471661567688
0.024653814733028412
-0.03685829043388367
-0.020230740308761597
0.04825626313686371
0.036722443997859955
0.016114190220832825
0.041123781353235245
-0.016009686514735222
0.0010469332337379456
0.009361632168293
-0.0626564770936966
-0.03125745430588722
0.025322910398244858
-0.0426102951169014
-0.01694587804377079
-0.03387968987226486
0.03796790912747383
-0.0028880760073661804
-0.03339094668626785
-0.060896843671798706
-0.007703544571995735
0.011739380657672882
0.014551158994436264
-0.007495164405554533
-0.05803891271352768
0.03418353199958801
-0.06070207059383392
-0.018440335988998413
0.0182315856218338
-0.025990527123212814
0.054849907755851746
-0.05665699392557144
0.03001248836517334
-0.027097031474113464
0.046417199075222015
-0.01786271296441555
0.05962879955768585
0.05974040925502777
-0.0407625213265419
-0.05654282867908478
0.061184950172901154
-0.023410290479660034
0.049783289432525635
0.028992164880037308
0.017474500462412834
0.05735311657190323
-0.030671151354908943
-0.03317447751760483
-0.041293367743492126
-0.006154179573059082
0.03376208245754242
0.05903021991252899
0.042123280465602875
-0.0013800039887428284
-0.015346760861575603
-0.027562029659748077
-0.05477634072303772
0.016061225906014442
0.0271468386054039
0.021274469792842865
0.014807955361902714
-0.007725582458078861
-0.014253862202167511
0.012862218543887138
-0.05480240285396576
-0.05192771553993225
-0.05676606297492981
-0.06121429055929184
-0.040638841688632965
0.05269332230091095
0.018564991652965546
0.023550689220428467
0.01731795072555542
-0.05045626312494278
0.05387060344219208
-0.02030128240585327
-0.021284431219100952
-0.027160748839378357
0.01866125501692295
0.021762795746326447
0.014587834477424622
0.04703228175640106
-0.011299163103103638
-0.05559716001152992
0.05639719218015671
0.031193343922495842
-0.047111883759498596
0.02211955189704895
0.04751990735530853
-0.02888289839029312
-0.06144419312477112
0.01709919236600399
0.01123538613319397
-0.062055524438619614
-0.024256790056824684
-0.058265574276447296
-0.027144864201545715
-0.019159262999892235
-0.011305533349514008
0.005522452294826508
0.03978155553340912
0.017829209566116333
-0.009792976081371307
0.04363694414496422
0.009478375315666199
0.0269292164593935
-0.0030461717396974564
-0.042201705276966095
-0.00814017653465271
-0.024692080914974213
0.0011467079166322947
0.01925046183168888
-0.026136526837944984
0.0075199902057647705
-0.018788091838359833
-0.05988052114844322
0.010170435532927513
0.0480097159743309
0.02922799438238144
-0.054414622485637665
-0.04627029225230217
0.04430844634771347
-0.026628971099853516
-0.03174304962158203
0.03431393951177597
-0.027111316099762917
-0.002297739265486598
0.00812916737049818
-0.007600659970194101
-0.0376306027173996
-0.06369046866893768
-0.0005406588898040354
0.019281715154647827
-0.03909394145011902
-0.040490709245204926
-0.03721826151013374
-0.0032515760976821184
-0.032657768577337265
-0.04297873005270958
-0.07424215227365494
-0.07193315029144287
0.02691057324409485
0.03550870344042778
0.012894248589873314
0.012015110813081264
-0.015262697823345661
0.004245711024850607
-0.032463960349559784
-0.05428446829319
0.06009421497583389
-0.06330294907093048
-0.050084590911865234
-0.035960398614406586
-0.09520494937896729
-0.025325186550617218
0.019653774797916412
0.024997107684612274
0.008597820065915585
-0.05319805443286896
-0.021534055471420288
-0.06686600297689438
-0.0491265207529068
0.05585793778300285
0.025695765390992165
-0.06151822954416275
0.024997003376483917
-0.004587517119944096
-0.04474996402859688
-0.020263344049453735
0.01139182597398758
-0.012928202748298645
-0.04723288118839264
0.015914037823677063
-0.01248514000326395
0.055569909512996674
0.017743820324540138
0.05753794312477112
-0.038550153374671936
0.0036026984453201294
-0.0004268662305548787
-0.0524902306497097
0.025275610387325287
-0.04002708941698074
-0.06014721840620041
-0.022104300558567047
-0.09213461726903915
-0.03804711252450943
-0.10279642045497894
-0.01442196685820818
-0.057987719774246216
-0.014286315999925137
-0.016865946352481842
-0.02093471586704254
-0.05717770382761955
0.029074568301439285
-0.02057056874036789
-0.043314918875694275
-0.025231018662452698
0.010558649897575378
-0.04902933910489082
-0.0890091210603714
-0.007494393736124039
0.00849947053939104
0.05821585655212402
0.032131023705005646
0.030233286321163177
-0.019232865422964096
-0.05558566376566887
0.018799997866153717
-0.047199930995702744
0.047749921679496765
-0.053682200610637665
0.003628032049164176
-0.008971070870757103
-0.03121541067957878
0.017507122829556465
-0.051581233739852905
0.021408686414361
-0.03795242682099342
-0.018740542232990265
-0.1108248382806778
-0.00010483368532732129
0.05980714410543442
-0.07091577351093292
-0.009103010408580303
0.04106561467051506
0.014367633499205112
0.023653298616409302
-0.04095562547445297
0.017172347754240036
-0.04806942120194435
-0.022444315254688263
-0.08838363736867905
0.029766716063022614
-0.03582329675555229
-0.07745735347270966
-0.048658136278390884
0.004110328853130341
0.022493427619338036
0.02836323343217373
-0.08429908007383347
0.002093107206746936
0.03513547405600548
-0.0040572029538452625
-0.04933805763721466
-0.004071126226335764
0.03280061483383179
0.009926840662956238
-0.08062595874071121
0.09347901493310928
-0.05848895385861397
-0.0466022714972496
-0.05512412637472153
0.035351693630218506
-0.05347497761249542
0.000675588846206665
-0.005562126636505127
-0.10045187175273895
-0.03155139088630676
0.02348785102367401
-0.017056914046406746
-0.037493254989385605
-0.03192579373717308
-0.0015258098719641566
-0.04501410573720932
-0.005346185993403196
-0.0851706936955452
-0.037086740136146545
-0.043085236102342606
-0.003528513014316559
0.026375988498330116
-0.014344433322548866
0.029200458899140358
-0.06157129257917404
0.010468041524291039
-0.016010470688343048
-0.0018613697029650211
-0.006517005153000355
-0.01299706194549799
-0.026216868311166763
-0.05271504819393158
-0.016881026327610016
0.01835622452199459
0.06885609030723572
-0.08577221632003784
0.007650657091289759
0.007628969382494688
0.033568400889635086
-0.02715008705854416
0.042362868785858154
-0.01640864461660385
-0.00024497308186255395
0.047485075891017914
0.02255270443856716
-0.014038563705980778
0.044155701994895935
0.0364459790289402
0.03207810968160629
0.04590126872062683
0.005869156215339899
-0.014294283464550972
0.023824959993362427
-0.04899069294333458
0.055335819721221924
-0.02340678684413433
0.03810246288776398
-0.056106749922037125
-0.04238712787628174
-0.06353759765625
0.026694949716329575
0.0261683352291584
-0.020690683275461197
-0.0598779022693634
-0.0660405382514
0.050355300307273865
-0.06166443973779678
-0.04580317437648773
-0.040017277002334595
0.04072488844394684
0.018008878454566002
-0.04281499609351158
0.06205041706562042
-0.025810591876506805
0.028873629868030548
-0.01381970290094614
-0.05836440995335579
-0.04100072383880615
0.02183927595615387
0.02518039382994175
0.03299092501401901
0.0036590993404388428
-0.0021540445741266012
0.00031101261265575886
-0.02659698948264122
0.04254511743783951
0.05319321155548096
0.02283354662358761
-0.03930649161338806
-0.04900806397199631
0.0656103864312172
-0.05738864839076996
0.02487344853579998
0.06061597540974617
0.021533723920583725
0.015258708968758583
-0.009526960551738739
-0.03528546541929245
0.01441483199596405
-0.06014317274093628
-0.021038178354501724
-0.05692339316010475
-0.06375956535339355
0.012564369477331638
-0.08090706169605255
-0.013862844556570053
0.014167547225952148
-0.06355046480894089
-0.04886918142437935
0.010844205506145954
-0.05918123200535774
-0.025372924283146858
0.017114432528614998
0.03864671289920807
0.0003724937851075083
-0.05706071853637695
0.05809642747044563
-0.046667344868183136
0.05782637000083923
0.05286345258355141
-0.06743758171796799
0.07195889204740524
0.02126201055943966
0.006218689028173685
-0.046024903655052185
-0.03188226372003555
-0.04020438715815544
0.014010969549417496
-0.008748829364776611
0.19589415192604065
-1.4121010303497314
-1.3622395992279053
0.0393223837018013
-0.37335044145584106
1.4299870729446411
-1.834420919418335
-1.0325170755386353
0.6487343311309814
-0.016896327957510948
0.0003801509737968445
0.10157641023397446
0.1892830729484558
-0.8738168478012085
0.5061464905738831
-0.6963103413581848
0.9120628833770752
0.24346882104873657
1.5895806550979614
-0.7009548544883728
0.026719043031334877
0.018677640706300735
0.9244605898857117
1.4349052906036377
0.08927089720964432
0.03082648664712906
0.03802385926246643
-0.035910919308662415
-0.8814970850944519
1.3458738327026367
-1.97113037109375
-0.17329731583595276
0.9275497198104858
-0.06182068586349487
-0.011164549738168716
0.4185837507247925
-1.2971185445785522
0.04238341748714447
1.945567011833191
0.017465785145759583
0.015387463383376598
-0.6369600892066956
0.008093154057860374
0.007781311869621277
-0.996042788028717
-0.014872420579195023
0.5674669146537781
-0.08072574436664581
0.11306289583444595
-0.05517681688070297
-0.2600138187408447
0.8366426825523376
0.17873817682266235
-0.6792713403701782
0.03790527582168579
0.05645137280225754
0.0031757578253746033
0.15839560329914093
0.018529808148741722
0.019978569820523262
-0.012931250035762787
0.04831639677286148
-0.03723595291376114
0.8504530787467957
-0.04488607496023178
0.9143470525741577
-1.6663362979888916
1.876643180847168
0.4598633646965027
-0.21004831790924072
0.232457235455513
-1.8808703422546387
1.911491870880127
0.006748320534825325
-0.017347952350974083
-0.30126702785491943
-0.05382981896400452
1.9681471586227417
-1.9045777320861816
1.143147587776184
-0.13934966921806335
0.012644750066101551
-0.0348801389336586
-1.964203953742981
-0.8208169341087341
-0.7539014220237732
0.0024510861840099096
-1.2534677982330322
1.7628122568130493
-0.29738345742225647
-1.6885820627212524
0.4199799597263336
0.7166453003883362
-0.12867774069309235
1.9672374725341797
-1.6440954208374023
1.8657801151275635
0.028170041739940643
1.210816740989685
0.7430189251899719
-0.03448811173439026
1.942016363143921
-0.0011734175495803356
1.8284982442855835
1.9763424396514893
-0.35387158393859863
-0.05614076554775238
1.8771555423736572
0.32675671577453613
0.6773461103439331
-1.584758996963501
0.03908638656139374
0.042575981467962265
0.8123368620872498
1.9001277685165405
0.03320395201444626
0.7619443535804749
0.09317516535520554
1.9099704027175903
-1.773601770401001
-1.275726556777954
-1.3804086446762085
-1.9842888116836548
-0.3122108578681946
0.17492689192295074
1.3942965269088745
0.30327004194259644
1.9838958978652954
-0.8873406052589417
-0.34677642583847046
-0.07395746558904648
-1.5313072204589844
-0.05612454563379288
0.034659408032894135
-0.02170572429895401
1.9745159149169922
-1.1704473495483398
0.019677206873893738
0.7636599540710449
-0.032215043902397156
1.5120662450790405
-0.43126198649406433
-0.013882257044315338
1.3787838220596313
0.1393304318189621
1.9378854036331177
1.1482685804367065
1.7886849641799927
-1.4274427890777588
0.187405526638031
0.5687357783317566
0.8638225793838501
1.1845510005950928
-0.038855019956827164
1.8799856901168823
-0.04054633527994156
1.1110249757766724
-0.05872674286365509
-0.40232834219932556
0.06862498819828033
-1.7765991687774658
-0.040313221514225006
-1.9103541374206543
-0.14400802552700043
0.04464809596538544
-0.007476359140127897
-0.004295662045478821
-0.0075730979442596436
0.12391246110200882
-0.9562405943870544
1.9830981492996216
0.7966114282608032
-0.3252081871032715
-0.22267690300941467
0.1606183648109436
-1.9776326417922974
-0.0314500592648983
-1.0826032161712646
-0.07890652120113373
0.039452552795410156
-0.7742521166801453
0.010876752436161041
0.8777913451194763
-0.038944657891988754
-1.0609177350997925
-0.012989073991775513
0.1943041831254959
-1.984375
1.9747120141983032
-0.03943314775824547
-0.11994350701570511
-1.8633090257644653
0.02399934083223343
0.07499538362026215
-1.2125455141067505
1.7748621702194214
-0.03675728291273117
-0.05656406655907631
-0.03280637413263321
-0.05601303279399872
1.7194308042526245
0.015147678554058075
-0.375815749168396
0.00703789945691824
0.009926408529281616
0.06033344566822052
1.4621078968048096
0.9796886444091797
0.4709238111972809
-1.9335477352142334
-1.688589334487915
-0.3873331546783447
1.8014001846313477
-0.007730603218078613
-0.031868744641542435
-1.9051212072372437
1.9813008308410645
-1.498369812965393
0.03581301122903824
0.8131352663040161
-0.9740479588508606
0.053172510117292404
-0.04828416928648949
0.001524113118648529
0.029427088797092438
1.9173064231872559
-0.060526005923748016
-1.421664834022522
0.912630021572113
-1.984375
0.7318670749664307
-1.9773879051208496
-0.057948075234889984
-1.9761978387832642
-0.5794245600700378
0.03833659365773201
0.04940127953886986
-1.211909294128418
1.6628590822219849
-1.361992359161377
1.3162349462509155
-0.05485931411385536
0.052651915699243546
0.07446175813674927
-0.049871787428855896
-0.7352648377418518
-1.4270449876785278
-0.17771367728710175
-0.04844573512673378
-0.5894435048103333
-1.0576963424682617
0.7183207869529724
-0.02323407679796219
-0.01268905308097601
-0.9769390225410461
0.6395410299301147
0.5702164769172668
1.9491066932678223
1.562358021736145
0.030618809163570404
-0.1715797632932663
-1.9735397100448608
1.5192821025848389
1.3114773035049438
-1.7730836868286133
0.054235655814409256
0.011428870260715485
0.13615106046199799
-0.33789879083633423
0.4188508093357086
-1.9682481288909912
-0.755911111831665
1.031846046447754
0.1841762363910675
1.5567870140075684
0.29166945815086365
-0.055621322244405746
0.0021749124862253666
-1.9573265314102173
1.9810553789138794
-0.22739644348621368
0.020699158310890198
-0.04555705934762955
0.03495682775974274
0.8998723030090332
-1.9806032180786133
1.821420669555664
0.32337257266044617
-1.5915417671203613
-0.05644962936639786
0.057611025869846344
1.7553154230117798
-0.2716628313064575
0.06090167164802551
-1.6805574893951416
-0.061408594250679016
-0.0036308292765170336
0.20363271236419678
0.08974047005176544
-0.028254471719264984
1.6158604621887207
0.004792328458279371
-1.3084689378738403
0.012275166809558868
-1.9500845670700073
0.057091765105724335
0.9104699492454529
-1.838661551475525
-0.13159127533435822
-0.7014967203140259
-0.03412971645593643
-0.03209483623504639
0.0011952146887779236
-0.47989073395729065
-0.03194994479417801
-0.01358276978135109
0.00923178344964981
0.04043295606970787
-0.030857890844345093
-1.9696781635284424
0.01167052611708641
-1.9350589513778687
1.9611647129058838
-1.4431277513504028
-0.22369007766246796
-0.03044523112475872
0.4437407851219177
1.8251920938491821
-1.788464069366455
0.04057009518146515
0.030756540596485138
-1.912736177444458
0.005081504583358765
-1.8775299787521362
1.9138442277908325
-1.9811601638793945
-0.04637675732374191
0.043209731578826904
-0.026270627975463867
0.35082948207855225
-1.9834710359573364
-1.4506152868270874
0.04977639392018318
1.9826817512512207
-0.1846596896648407
0.030741561204195023
1.514600396156311
-1.0120755434036255
-1.9542831182479858
0.062018219381570816
-0.017743399366736412
-1.5751854181289673
-1.9812729358673096
-0.06150668114423752
-1.8323098421096802
-0.09370947629213333
-0.054989106953144073
1.976906657218933
0.03389684110879898
-1.9767985343933105
1.979757308959961
0.272229939699173
0.054411180317401886
-1.901042103767395
1.942002296447754
-1.1012665033340454
1.460485816001892
-0.04379158467054367
-1.9677931070327759
-1.3111172914505005
-1.9754525423049927
-0.013582495972514153
-1.8024942874908447
-1.9809380769729614
-1.9687174558639526
0.8042013645172119
0.36946606636047363
1.9023243188858032
-1.094319224357605
-0.5605754256248474
-0.16696606576442719
1.5310254096984863
1.4125723838806152
-1.9796780347824097
1.2218971252441406
-0.025235071778297424
-0.05991387739777565
0.7917338013648987
-0.02162424474954605
0.024423770606517792
-0.049804940819740295
-0.09266738593578339
1.751037359237671
-0.04938506335020065
1.9740331172943115
0.010164543986320496
-1.1347957849502563
-0.28766050934791565
-0.045613810420036316
-1.973596453666687
0.006334999576210976
-0.7882715463638306
0.4434954822063446
-1.961249589920044
1.9739134311676025
-0.5934773683547974
-0.5453150868415833
-1.8123711347579956
-1.972903847694397
-0.03661133348941803
-1.8074555397033691
-0.018080567941069603
1.204084038734436
-0.27472028136253357
-0.03359910100698471
0.03784656152129173
1.8146740198135376
-0.03902478143572807
1.933180570602417
0.2872094213962555
-0.002293180674314499
0.023380190134048462
-0.03245364874601364
-0.061025552451610565
-1.9195890426635742
1.0951004028320312
-1.9730370044708252
-0.9482909440994263
0.0725117176771164
-1.984375
-1.4373503923416138
-0.3645884394645691
0.0026039222721010447
1.9534697532653809
1.9832149744033813
0.0320059135556221
0.43730273842811584
-0.046853408217430115
1.2138828039169312
-0.012283334508538246
1.5715988874435425
-0.009191937744617462
0.22576133906841278
1.9199875593185425
-1.9430742263793945
-0.04723983258008957
0.30272307991981506
1.801966667175293
-0.03425890952348709
-0.016063055023550987
1.591848373413086
-1.9738101959228516
-0.03629978001117706
0.2405916005373001
-0.01936354674398899
-0.04674852639436722
0.4788147509098053
0.035983845591545105
-0.25444239377975464
0.01923294924199581
0.03470747917890549
-0.007549556437879801
1.0442863702774048
-0.7353081107139587
1.8249232769012451
1.414215087890625
-1.9729259014129639
0.10795854777097702
-1.9638689756393433
0.05476727336645126
-0.010157614015042782
1.9660594463348389
0.49203479290008545
-1.21014404296875
-0.04308190941810608
-1.9840495586395264
-1.9843087196350098
0.026399899274110794
1.8700590133666992
0.03059551864862442
0.02554973214864731
-1.8561800718307495
0.020895294845104218
1.9276067018508911
-1.9760146141052246
0.0872819721698761
-0.5438497066497803
0.8159918785095215
0.0021890343632549047
1.9495071172714233
1.9757925271987915
-0.004502312280237675
0.08564230054616928
1.9702664613723755
1.8828113079071045
1.8729851245880127
-1.5241122245788574
-0.0005586016341112554
0.02809855155646801
0.010344810783863068
-1.5331192016601562
-0.37721115350723267
1.1412105560302734
1.9645559787750244
0.014438658952713013
-0.7149747014045715
0.44427981972694397
0.5948559641838074
-0.0032157674431800842
-0.05486007407307625
-1.9173370599746704
-0.3379383087158203
-0.03889978304505348
0.011681153438985348
0.02893052063882351
-0.059217073023319244
0.021665796637535095
-0.029804792255163193
0.013496173545718193
-0.05943639948964119
-0.10303889960050583
-0.05098424851894379
0.0005587339401245117
-0.042639654129743576
-0.055665235966444016
-0.05796258896589279
-0.024041304364800453
0.020601902157068253
-0.07618822902441025
0.04907364025712013
-0.0653860941529274
-0.038750700652599335
0.05746988207101822
-0.029026173055171967
-0.03239082172513008
-0.054268740117549896
0.016332322731614113
-0.04755980521440506
-0.061112888157367706
-0.027299687266349792
-0.012801818549633026
-0.06897478550672531
0.03221211954951286
0.028298454359173775
0.025417573750019073
-0.02976192533969879
-0.042236581444740295
0.012589458376169205
0.020466746762394905
0.031498029828071594
0.008986866101622581
0.01373109221458435
-0.03952412307262421
-0.023369841277599335
0.005990311503410339
0.06043405085802078
-0.029524600133299828
-0.041661493480205536
0.009770072996616364
-0.03857254981994629
-0.09896519035100937
-0.053713224828243256
-0.0052411979995667934
0.009784146212041378
-0.05066519230604172
-0.0317656546831131
0.019963301718235016
0.04082079976797104
-0.05995049327611923
0.002342656720429659
0.013295002281665802
-0.03589829057455063
0.038696177303791046
-0.037290751934051514
0.04329746216535568
0.06037368252873421
0.05756327509880066
-0.14580829441547394
-0.07433085888624191
-0.08557041734457016
-0.0661340057849884
-0.0378841757774353
0.037513088434934616
-0.025162603706121445
-0.03894147649407387
0.04468372464179993
-0.034167781472206116
-0.08687373995780945
0.029723331332206726
0.039655741304159164
-0.0674249455332756
-0.09564805030822754
-0.0651097521185875
0.06060728430747986
-0.044117145240306854
-0.08864570409059525
0.020128443837165833
-0.0874626561999321
0.033844053745269775
0.022522173821926117
-0.03527362644672394
0.027999646961688995
-0.03134157136082649
-0.04857249557971954
-0.110563725233078
0.008434124290943146
-0.047836508601903915
-0.041480615735054016
-0.015870757400989532
-0.04981980472803116
0.002829723758623004
0.03832163289189339
-0.01782228797674179
-0.004313506651669741
-0.02051296830177307
-0.09943422675132751
-0.0625649094581604
-0.011191971600055695
0.04686681926250458
0.04088679701089859
0.008190931752324104
-0.05185722932219505
-0.015202721580862999
-0.011321015655994415
-0.05822179466485977
-0.02434474416077137
0.04944808781147003
-0.005625531077384949
-0.021120784804224968
0.042823415249586105
-0.07376998662948608
-0.09001930803060532
-0.04987124726176262
-0.04347380995750427
0.010415744036436081
-0.002706683473661542
0.019891589879989624
-0.06501813232898712
-0.09313710778951645
-0.027653442695736885
0.008186443708837032
0.032843537628650665
-0.030781567096710205
0.05908600986003876
-0.03158853203058243
0.026457615196704865
0.052874110639095306
-0.03419790416955948
0.0017448836006224155
0.004031412303447723
-0.08156491816043854
-0.05855848640203476
-0.0676691085100174
-0.037499554455280304
-0.05575128644704819
-0.06122098118066788
0.0451182946562767
-0.007060076575726271
0.0021489348728209734
-0.05294238403439522
-0.03897836431860924
0.05491375923156738
-0.052509307861328125
-0.11916857957839966
-0.06388194859027863
-0.03903541713953018
-0.05108480527997017
0.02094506472349167
-0.03458832949399948
-0.01699952408671379
0.010882241651415825
0.05013653635978699
-0.015977341681718826
-0.05811707675457001
0.033132683485746384
0.060536496341228485
0.053551822900772095
-0.03785663843154907
0.02790183573961258
-0.04068516939878464
-0.08407368510961533
-0.042967334389686584
0.011832875199615955
0.008037654682993889
0.009984785690903664
0.04580524563789368
-0.008628199808299541
-0.044958632439374924
0.0559099018573761
-0.01723901368677616
0.009206852875649929
0.03873872756958008
-0.0008018732187338173
-0.06187248229980469
0.02427799068391323
0.035179391503334045
-0.02235155925154686
0.014502912759780884
-0.022094011306762695
-0.047741517424583435
-0.041389189660549164
-0.044999755918979645
-0.005215411074459553
-0.004303082823753357
0.007325202226638794
-0.009607800282537937
0.0005827749846503139
0.03446641191840172
0.003208152949810028
-0.04965857416391373
-0.015483185648918152
0.024648092687129974
-0.03429734706878662
0.05917096138000488
-0.08220575004816055
0.046771250665187836
0.037248194217681885
-0.04744479060173035
-0.008566202595829964
0.006541869603097439
0.05688396468758583
-0.03797292709350586
-0.045885369181632996
0.022983618080615997
-0.06456554681062698
0.026551425457000732
0.049283601343631744
0.0002121295838151127
-0.013167429715394974
-0.010268495418131351
-0.044951245188713074
-0.11751586198806763
-0.002635194454342127
0.004138514399528503
-0.13244527578353882
0.039908893406391144
-0.008810840547084808
-0.018778666853904724
0.05691683292388916
-0.005917654372751713
-0.1026049256324768
0.03508029878139496
-0.0948803573846817
-0.032758381217718124
-0.05791757255792618
-0.008292078040540218
-0.14516349136829376
-0.024310767650604248
0.04971761256456375
0.006625826936215162
0.004694593138992786
-0.1026008203625679
-0.08176843822002411
0.025502458214759827
0.045756056904792786
-0.033895909786224365
0.06909658014774323
-0.06942765414714813
-0.035832904279232025
0.028872469440102577
0.025180146098136902
-0.05999668315052986
-0.013801321387290955
-0.05808816850185394
0.009939558804035187
0.0493139773607254
-0.08398205041885376
0.002966975560411811
-0.5495198965072632
-0.25616663694381714
-0.5179269909858704
0.04064679890871048
-0.12346931546926498
-1.92646062374115
1.6531285047531128
0.6440742015838623
-0.4220115840435028
0.15049895644187927
0.01300019770860672
0.13025489449501038
1.6888015270233154
0.7466239929199219
-0.23780705034732819
0.645706832408905
-0.4143286645412445
0.7232847213745117
0.17520186305046082
0.8144949674606323
-0.026746824383735657
-0.06972595304250717
-0.2669563889503479
0.9238582849502563
-1.9670920372009277
0.05257749557495117
0.020264439284801483
0.057670675218105316
0.1746208220720291
-0.5960950255393982
1.9809908866882324
0.17646968364715576
-0.6075940728187561
-0.02488192915916443
0.030225642025470734
0.5084406137466431
-0.02327619679272175
-0.03133958578109741
-0.017169317230582237
0.06048412621021271
-0.02958792634308338
0.5636821389198303
0.009662801399827003
-0.025471001863479614
0.33300313353538513
-0.06967967003583908
-0.2932111620903015
-0.006297864019870758
-0.499433308839798
-0.01581033319234848
0.5427284240722656
-0.5977569818496704
-0.38384705781936646
0.057247843593358994
-0.03920254856348038
-0.05304976552724838
0.061274148523807526
0.1225690096616745
-0.004060603678226471
-0.056641437113285065
0.03047991544008255
0.09038029611110687
-0.00041294097900390625
-0.25559940934181213
0.03762529790401459
-0.960336446762085
0.21824593842029572
-1.804811716079712
1.9836970567703247
0.08310654759407043
-0.11038248240947723
1.9680135250091553
-1.972685694694519
0.04979152977466583
0.04204978048801422
-0.06807955354452133
0.01914302259683609
-1.974087119102478
1.97226083278656
-0.6896225214004517
0.08735570311546326
-0.011086277663707733
-0.05081070959568024
0.7912486791610718
-1.9832592010498047
0.21447351574897766
0.048100799322128296
1.9812520742416382
0.1778295934200287
0.04527201130986214
1.981044054031372
-0.4223061203956604
-0.7711678147315979
0.058369673788547516
0.5102503299713135
-0.4124728739261627
-1.9689655303955078
-0.0010119155049324036
-0.4619345963001251
-0.9411072134971619
-0.04214857518672943
-1.5322009325027466
0.013702290132641792
-1.9121899604797363
1.9839292764663696
0.2694607079029083
0.0234992578625679
-1.9718207120895386
1.1251386404037476
-0.020193642005324364
1.9158351421356201
-0.044792480766773224
0.11116430908441544
-0.08458898216485977
-1.9521369934082031
0.026930248364806175
-0.2635676860809326
0.07142268121242523
-1.9628000259399414
1.9560794830322266
0.36633753776550293
0.17178010940551758
0.24913868308067322
0.1368856430053711
-0.26435762643814087
-1.3338228464126587
-0.35715919733047485
-1.9775184392929077
1.523812174797058
0.02038651704788208
-0.054763443768024445
0.9621861577033997
0.003894895315170288
-0.0014627203345298767
-0.04212574660778046
-0.6413607001304626
0.4611770510673523
0.05276409536600113
-1.9598054885864258
-0.04208420589566231
-1.978617548942566
0.1932746171951294
0.06053166091442108
-1.9739142656326294
1.6507929563522339
-1.5249534845352173
-1.3158378601074219
-1.5234780311584473
0.3161780536174774
-0.07699231803417206
-0.6547632217407227
-0.422364205121994
-0.898790180683136
0.040388111025094986
-1.9810622930526733
-0.007123011630028486
1.9441196918487549
-0.18703952431678772
-0.25343233346939087
0.020383320748806
1.969408631324768
-0.0644373670220375
1.9588427543640137
0.19402775168418884
0.008703453466296196
0.010629698634147644
0.014184854924678802
-0.045875564217567444
0.05566077679395676
0.5532729625701904
-1.8558319807052612
-0.07434841245412827
0.5790331959724426
-0.41175276041030884
-0.9527536630630493
0.4037665128707886
-0.008510374464094639
0.3960864245891571
-0.013627664186060429
0.01675504446029663
0.8857116103172302
-6.925314664840698e-05
0.0027728299610316753
0.041958339512348175
0.2552874684333801
-0.016057543456554413
-1.4231061935424805
-0.35230499505996704
-1.9807946681976318
-0.0024481434375047684
0.23676900565624237
1.9757468700408936
-0.031632453203201294
0.10752858221530914
0.378885418176651
-1.788535475730896
0.0547071173787117
0.09174638241529465
-0.006305007264018059
-0.034613050520420074
-0.2989925146102905
0.052258893847465515
0.7266244888305664
0.03326711803674698
-0.04058249294757843
0.0032040467485785484
-1.9518752098083496
1.3309388160705566
1.984375
-1.0812389850616455
0.5968905091285706
1.971476435661316
-1.862705945968628
-0.052585117518901825
-0.021403204649686813
1.9638118743896484
-0.6487529277801514
-0.1997167468070984
0.009325668215751648
-0.7637649178504944
-1.6460267305374146
-0.011014560237526894
-0.12734980881214142
-0.026135161519050598
-0.011170707643032074
-0.15406487882137299
-0.045260727405548096
0.892641007900238
-0.5534309148788452
0.4429762363433838
-0.33065763115882874
1.984375
0.021140852943062782
1.9794119596481323
-0.024100741371512413
0.017580687999725342
-0.013134507462382317
-0.007658812217414379
-0.17832279205322266
0.6255074143409729
-1.974227786064148
0.06362809240818024
-0.05416069179773331
0.0030710988212376833
1.105438470840454
0.12428915500640869
1.9788275957107544
-0.14932620525360107
0.029617412015795708
-0.036460183560848236
1.0534597635269165
-0.2961508333683014
-0.031085677444934845
-0.0010696968529373407
-1.2057043313980103
0.13735991716384888
-0.25475096702575684
-1.1082147359848022
-1.3753429651260376
0.02332664653658867
-0.2271314263343811
-1.4650533199310303
1.3175638914108276
-0.1208457350730896
0.3601178526878357
0.20651130378246307
-0.040330611169338226
-0.04371776059269905
1.7869426012039185
0.6975826621055603
0.7684183120727539
-0.3312840163707733
0.03134143352508545
1.9249998331069946
-0.46462538838386536
0.5328508615493774
-0.031077643856406212
0.04261608421802521
0.08981303125619888
0.24017776548862457
-0.5099454522132874
-0.043805964291095734
-0.022435680031776428
0.040949560701847076
-0.6888808608055115
0.4524957835674286
1.2430248260498047
0.39621081948280334
0.2736295461654663
0.06136530637741089
-0.004241681192070246
1.9557067155838013
0.48096635937690735
-0.05472929775714874
0.9140147566795349
0.0010631531476974487
0.0013819335727021098
0.3769686818122864
0.013042571023106575
0.005703553557395935
-0.042211782187223434
-0.011783428490161896
0.10219256579875946
-0.033441487699747086
-1.1134451627731323
-0.04008310288190842
1.1374413967132568
0.2773931622505188
-0.2796472907066345
-0.7536740303039551
0.028806068003177643
-0.026853233575820923
0.01225116103887558
0.687186062335968
0.05667141079902649
-0.02749474346637726
-0.004490412771701813
0.009100670926272869
-0.04441998153924942
0.9218092560768127
0.008372914046049118
-0.2624508738517761
-0.7001329064369202
-1.967969536781311
1.9436519145965576
-0.46090880036354065
0.30237290263175964
1.3219913244247437
-1.385401725769043
-0.010867063887417316
-0.009180626831948757
1.1188541650772095
-0.038714103400707245
-1.894971251487732
1.3889878988265991
0.24928319454193115
-0.4255406856536865
0.025233417749404907
0.032544322311878204
0.5213951468467712
1.9828836917877197
-0.4651574194431305
0.04051336646080017
1.9769375324249268
-0.024840286001563072
-0.25992393493652344
1.7578580379486084
-0.17817117273807526
0.13928087055683136
-0.5770883560180664
1.1443883180618286
0.9640835523605347
-1.4673097133636475
-0.006396211683750153
0.44727474451065063
-1.7032270431518555
0.05213335156440735
1.033630609512329
0.2032325714826584
-1.2569642066955566
1.9825040102005005
0.24671529233455658
0.0008650049567222595
-1.4279381036758423
0.23989446461200714
0.3146081566810608
1.9446711540222168
0.021139532327651978
-0.5906766057014465
0.3770879805088043
-1.9557088613510132
-0.02742832712829113
0.643680989742279
-0.6592060923576355
-1.4530620574951172
1.0549293756484985
-0.9644950032234192
-0.5438292622566223
1.4518029689788818
0.20302550494670868
-0.18891701102256775
-0.4609874188899994
0.5477285385131836
0.9603245258331299
1.9750738143920898
-0.3725225627422333
-0.051450759172439575
-1.2296603918075562
-0.06085706502199173
0.01194687932729721
-0.01001179963350296
-0.02344169281423092
-0.10523147881031036
-0.026656441390514374
1.9589309692382812
0.03659910336136818
-1.4263148307800293
0.1103304773569107
0.009711019694805145
1.9739575386047363
0.455875962972641
-0.019178645685315132
-0.4577712416648865
-0.8061947226524353
-0.5149020552635193
-0.6482089161872864
-1.2544047832489014
0.37137457728385925
0.05328261852264404
-0.02232488803565502
-1.9305684566497803
-0.017074383795261383
1.982377529144287
-0.8908287882804871
-0.6451967358589172
-0.07726593315601349
1.4970792531967163
-0.05880732089281082
1.2860435247421265
0.13188301026821136
0.006305132992565632
0.032795075327157974
0.05892226845026016
-0.026392333209514618
-0.5687402486801147
-0.055918194353580475
-1.9828598499298096
0.4304139316082001
0.15143808722496033
-1.1380988359451294
-1.9788737297058105
0.2362615466117859
0.03374752402305603
-0.16855549812316895
0.49298879504203796
-0.021838337182998657
0.7497285008430481
-0.056450434029102325
0.42056822776794434
-0.03358246386051178
-0.38245517015457153
-0.014690615236759186
-0.8214638829231262
-1.3601478338241577
-1.8733019828796387
-0.05377441644668579
0.2061293125152588
1.4339017868041992
0.011238358914852142
0.41449370980262756
-0.1754063069820404
-1.1546308994293213
0.0033592134714126587
0.3091900944709778
0.022784028202295303
-0.04412015527486801
-1.9627752304077148
-0.0025819167494773865
1.2899001836776733
-0.0591091625392437
-0.039330534636974335
0.010116307996213436
1.9461780786514282
-0.4189034104347229
1.984375
-0.201674684882164
-0.6655616164207458
1.984375
-1.3168034553527832
-0.04118859022855759
-0.06464726477861404
1.2670567035675049
-0.14492167532444
-0.4414002001285553
0.046332210302352905
0.19465819001197815
-1.912650465965271
-0.07373940944671631
0.43326646089553833
0.0039143189787864685
-0.0483865886926651
0.7129658460617065
0.023006953299045563
1.2432233095169067
0.4346615672111511
1.4245456457138062
-0.20494723320007324
1.31223464012146
-0.057278312742710114
-1.3990901708602905
0.05853693187236786
0.006486549973487854
-0.0385400764644146
-0.7509580254554749
0.8957157731056213
-0.04997987672686577
-1.7350070476531982
-0.07091900706291199
-0.029740208759903908
-0.003437634324654937
1.3247572183609009
-0.5114607214927673
1.958723783493042
0.3408992886543274
0.019372502341866493
-0.8649592995643616
0.8723999261856079
0.08916717767715454
0.03628525137901306
-0.052734799683094025
1.6790465116500854
1.237297534942627
0.028617016971111298
-0.08411525189876556
-0.08368444442749023
-0.038868989795446396
-0.04185761883854866
-0.06578369438648224
-0.0707440972328186
-0.09588763862848282
0.034160856157541275
0.029029902070760727
-0.0089883953332901
0.022537339478731155
0.0038179794792085886
-0.03004469722509384
-0.04086323454976082
0.022346800193190575
0.03921963647007942
-0.013112286105751991
0.02095022425055504
0.016432572156190872
-0.06806069612503052
-0.009978121146559715
0.03915654495358467
-0.010662561282515526
0.048335518687963486
-0.04308296740055084
0.03815719485282898
0.05002517253160477
-0.045618217438459396
0.028068870306015015
0.023918526247143745
-0.04818473756313324
-0.04743069410324097
0.023721016943454742
0.017995603382587433
0.007506631314754486
-0.00039566762279719114
-0.05557933449745178
-0.0016797306016087532
0.04078095406293869
-0.044456467032432556
-0.049293745309114456
-0.04448951780796051
0.050044186413288116
-0.04055782034993172
0.0336274653673172
-0.013716078363358974
0.010961197316646576
0.0111318938434124
-0.0365966260433197
0.04765928164124489
0.014390177093446255
-0.07739947736263275
-0.01386222429573536
0.04325101524591446
-0.045395590364933014
0.025533847510814667
-0.0546906515955925
-0.026074225082993507
-0.03840497136116028
0.008927620947360992
0.022545617073774338
0.04014303535223007
0.013757853768765926
0.015153910033404827
-0.054685600101947784
0.00310534262098372
0.0292800385504961
-0.08770643174648285
0.01766344904899597
-0.06958267837762833
-0.009496641345322132
-0.03838804364204407
0.002479955554008484
0.04836225509643555
0.04663154110312462
-0.04319239407777786
-0.05459589138627052
-0.021660644561052322
-0.006861553993076086
-0.022957000881433487
-0.016618914902210236
0.0034413188695907593
0.0421300083398819
-0.04079042002558708
-0.02527039684355259
0.04470500349998474
-0.03847089409828186
-0.0210600346326828
0.014514322392642498
0.015959348529577255
-0.08713239431381226
-0.0021309105213731527
0.01909586228430271
-0.0425787977874279
-0.008966107852756977
-0.04658335819840431
-0.022968202829360962
-0.018302353098988533
0.033022504299879074
0.027904197573661804
-0.0654192790389061
-0.02805960737168789
-0.07170479744672775
-0.05628211423754692
0.002750214422121644
-0.02655836194753647
-0.00510760024189949
0.010551104322075844
0.01949341408908367
-0.022745449095964432
-0.008617736399173737
-0.04606084153056145
-0.06341324001550674
-0.057470981031656265
-0.04101478308439255
-0.014246378093957901
0.03126851096749306
-0.07742819935083389
0.025205645710229874
-0.04031211882829666
-0.006054627243429422
-0.06921014934778214
0.013324988074600697
-0.01856510527431965
0.032124314457178116
0.03676512464880943
0.0022691672202199697
-0.009224377572536469
-0.027605922892689705
0.05416443943977356
-0.03343421220779419
0.02509777992963791
-0.01869504153728485
0.018732301890850067
-0.03434242680668831
-0.013469930738210678
0.027731195092201233
0.025988323614001274
-0.030753571540117264
-0.011084121651947498
-0.022613344714045525
-0.03160977363586426
0.019633391872048378
-0.027737874537706375
-0.07663267850875854
-0.004878501873463392
-0.08650384098291397
0.021744269877672195
-0.03812846913933754
-0.04531242325901985
0.036341797560453415
-0.022489359602332115
-0.02538294903934002
0.015836678445339203
0.0597381629049778
-0.043526507914066315
-0.022944927215576172
-0.030701497569680214
0.023605138063430786
0.021900612860918045
0.055081527680158615
-0.05498107150197029
-0.03873614966869354
-0.020091073587536812
0.04604516550898552
-0.001634262502193451
0.018741630017757416
-0.05608007311820984
-0.055256180465221405
-0.05236759036779404
0.032987747341394424
-0.038269974291324615
-0.0443868525326252
0.020249541848897934
0.008147667162120342
-0.02390556037425995
0.018541404977440834
0.023680010810494423
-0.005956478416919708
-0.004109671805053949
-0.04984072595834732
-0.06666380167007446
-0.020650573074817657
-0.055798932909965515
-0.0335695743560791
-0.06501946598291397
-0.011931202374398708
0.024065997451543808
0.050803955644369125
-0.04362278804183006
-0.0264788456261158
-0.006082400679588318
-0.007762633729726076
0.01745341718196869
-0.06997281312942505
0.051387347280979156
-0.019264528527855873
0.049925144761800766
0.0033302903175354004
-0.049055811017751694
-0.03773683309555054
-0.009558240883052349
0.013599577359855175
0.029459916055202484
0.02753322571516037
-0.036387745290994644
-0.052399881184101105
-0.03785712271928787
-0.02444227784872055
0.016022929921746254
-0.0486476793885231
0.004055217374116182
0.04759930074214935
0.010587356984615326
-0.05568263679742813
0.01965201273560524
0.008843048475682735
0.05276355892419815
0.022153185680508614
-0.094057098031044
-0.04249457269906998
0.018932119011878967
0.05993577837944031
0.04649100452661514
0.011943132616579533
-0.04830096662044525
-0.06074197217822075
-0.06994170695543289
0.04683532193303108
0.008060873486101627
-0.04447348415851593
-0.05022817105054855
0.014970412477850914
-0.0317438542842865
0.01962224766612053
-0.01056812796741724
0.028179869055747986
-0.012540597468614578
-0.05319511145353317
-0.06986492872238159
-0.004456920549273491
-0.026049625128507614
0.007030760403722525
0.004555626306682825
-0.059566546231508255
0.01261845137923956
-0.06820449233055115
0.032262567430734634
-0.004847983829677105
-0.07941154390573502
-0.06189117580652237
-0.03657224029302597
-0.06697352230548859
-0.07104754447937012
0.020761894062161446
-0.22412307560443878
0.7906030416488647
0.6741690635681152
-0.03466290608048439
0.3033534586429596
-1.9797897338867188
1.893309473991394
0.8102350234985352
-1.4055531024932861
0.1785443276166916
0.05049540847539902
-0.13559554517269135
-0.24362659454345703
0.1887647956609726
-1.8319275379180908
1.0556385517120361
0.13078169524669647
-0.610289990901947
0.7415053844451904
0.33467385172843933
-0.027329208329319954
0.0023005909752100706
-1.5201205015182495
0.03811822086572647
-0.12440627813339233
-0.050047338008880615
0.03323013335466385
-0.0022973865270614624
0.7206829786300659
-1.984375
1.9764313697814941
1.2892351150512695
-1.6843249797821045
0.02676945924758911
0.02137010544538498
-1.9730548858642578
0.9826859831809998
0.053872451186180115
-1.9005435705184937
-0.05309846252202988
-0.017725074663758278
0.4390866756439209
0.015683261677622795
-0.028929799795150757
0.8569476008415222
0.03792323172092438
-0.6841431856155396
0.001196076162159443
-1.0259742736816406
0.04183223098516464
0.9632514715194702
-1.5895062685012817
-0.40476691722869873
-0.01397058553993702
-0.019648700952529907
-0.029236823320388794
0.014702096581459045
-0.512122392654419
-0.028513913974165916
-0.0020665451884269714
0.02535109966993332
0.007569088134914637
-0.023432224988937378
-1.9661318063735962
-0.021636364981532097
-1.529290795326233
0.8547906875610352
-1.791900396347046
0.6574050188064575
0.08442190289497375
0.3647572696208954
1.9712973833084106
-1.6291935443878174
-0.033503662794828415
-0.040987588465213776
-1.2026461362838745
-0.027063429355621338
-1.7767760753631592
1.9777226448059082
-1.9541575908660889
-0.0764397531747818
-0.021323733031749725
0.058407559990882874
0.9494839906692505
1.9769407510757446
1.903621792793274
0.008346439339220524
1.9413456916809082
1.2480788230895996
0.29943111538887024
1.6069107055664062
-0.47543102502822876
-1.6716753244400024
0.2877649664878845
0.42258545756340027
-0.285349577665329
-1.6901240348815918
-0.0489385724067688
-1.8628695011138916
-1.451350212097168
-0.013920381665229797
0.39439210295677185
-0.059095390141010284
-1.732176423072815
0.8289397358894348
0.11108492314815521
-0.009932450950145721
-1.696091890335083
1.777616024017334
-0.59685879945755
1.563371181488037
-0.0043106526136398315
-0.8494555950164795
-0.8921300768852234
-1.9354263544082642
-0.006202652584761381
-1.5862047672271729
-0.8549813628196716
-1.7663356065750122
0.7433120608329773
0.7174044847488403
1.1096410751342773
-0.6832608580589294
-0.7403672337532043
-0.16818204522132874
-1.1655200719833374
0.09597804397344589
-1.9841607809066772
1.8049285411834717
0.28976163268089294
-0.05867622792720795
1.8191951513290405
0.019951261579990387
0.023724153637886047
-0.005200691521167755
-0.9329058527946472
0.7078496217727661
-0.05755677819252014
1.96421480178833
0.009833604097366333
-1.833168387413025
0.02665140852332115
-0.04620352387428284
-1.541643738746643
-0.35125836730003357
-1.5877755880355835
0.39732640981674194
-1.5439106225967407
0.9613007307052612
-0.9613489508628845
-0.2849639356136322
-1.396468997001648
-1.9352788925170898
0.007567351218312979
-1.830953598022461
-0.006084988825023174
0.35917073488235474
0.1987326741218567
-0.6276205778121948
-0.060099657624959946
1.862165093421936
0.14870333671569824
1.9690628051757812
0.21509234607219696
-0.003771531395614147
-0.007928012870252132
0.06023917347192764
0.012409582734107971
-0.7141088843345642
1.4684487581253052
-1.984224557876587
-0.5226406455039978
0.45284608006477356
-1.4335548877716064
-1.2877168655395508
-0.1475246101617813
-0.059625111520290375
0.751648485660553
1.0854731798171997
0.05912929028272629
0.20503747463226318
0.005068093538284302
0.2753838896751404
0.0546269565820694
0.504351794719696
0.007096245884895325
-0.5631850957870483
0.3640817105770111
-1.5429245233535767
0.045045752078294754
-0.006786863785237074
1.9277801513671875
-0.0055522620677948
0.08353470265865326
0.8529825210571289
-1.7148832082748413
-0.005420282483100891
0.04139026626944542
0.002357165329158306
0.02187950164079666
-0.07096691429615021
0.035012081265449524
0.13910627365112305
-0.04269944131374359
0.046866610646247864
-0.030505342409014702
1.9423972368240356
1.4909436702728271
-1.3904955387115479
1.7736514806747437
-1.9800403118133545
-0.46598586440086365
-1.7517510652542114
-0.00417105108499527
0.047630541026592255
1.9754468202590942
0.49483755230903625
-0.3137557804584503
-0.047103673219680786
-1.9541040658950806
-1.9843285083770752
-0.052968960255384445
0.536017894744873
0.05066249519586563
0.009205915033817291
-1.8429056406021118
-0.000536501407623291
-1.0903160572052002
-1.9394813776016235
-0.16006015241146088
-0.43600931763648987
1.581506609916687
0.024191441014409065
1.5629128217697144
0.976137101650238
0.05504293739795685
-0.05293971300125122
0.6495909094810486
1.9727840423583984
0.9216940402984619
-1.9752154350280762
0.06750603765249252
0.002202387899160385
0.004507269244641066
-0.0014682229375466704
0.7503133416175842
1.8682515621185303
0.8716645836830139
-0.0020940073300153017
-0.029894039034843445
0.45607179403305054
0.07369314134120941
-0.02479984611272812
-0.01988907717168331
1.795302152633667
0.02077280730009079
-0.0138411158695817
-0.05619814246892929
-0.03957677632570267
0.0026554949581623077
0.03369051218032837
-1.9839001893997192
-0.6957082152366638
-0.002494830172508955
-1.0557880401611328
0.06879835575819016
0.0023948997259140015
-1.9665642976760864
-1.9538540840148926
0.107439786195755
-1.2005434036254883
-0.09110090136528015
0.027314381673932076
-1.984375
0.21991585195064545
0.15439365804195404
0.0185153279453516
-0.055451590567827225
-1.472678542137146
0.03917219489812851
0.1466195285320282
0.03256801515817642
0.005801931023597717
0.051899977028369904
-0.0035809404216706753
-1.8637354373931885
0.11247092485427856
-0.21896807849407196
-1.4257733821868896
0.020162194967269897
-0.0203695148229599
0.3439823091030121
0.4879104197025299
0.06064130365848541
-1.8756715059280396
0.037018850445747375
0.04129475727677345
0.15991054475307465
-0.02069837599992752
0.024537965655326843
-0.259707510471344
0.027213050052523613
0.024388449266552925
0.042895711958408356
-0.639049768447876
-0.04842497408390045
0.1311699002981186
-1.163061499595642
-0.43739932775497437
-0.12705837190151215
0.031118236482143402
0.009002022445201874
0.038785092532634735
-0.6742630004882812
-0.059056468307971954
0.052028920501470566
-0.003938719630241394
0.028991710394620895
-0.03536073863506317
-1.4642478227615356
0.025472981855273247
-1.27066171169281
-0.04583977535367012
0.10338801145553589
0.0869806706905365
0.0875781923532486
-0.02778030000627041
0.47516068816185
0.05383395031094551
-0.02326972782611847
-0.006427772343158722
-1.9805699586868286
0.04193311184644699
0.43756020069122314
0.5080565810203552
-1.5534465312957764
-0.014796866104006767
0.03614616394042969
-0.006102211773395538
-0.06378345936536789
0.7484537959098816
-1.6977163553237915
0.026392798870801926
-1.984375
-0.17123909294605255
-0.04312668740749359
-0.6566165685653687
-1.6441690921783447
-1.3251382112503052
0.04050944000482559
-0.8951825499534607
1.9252328872680664
0.06266842037439346
-0.012941151857376099
-1.5212434530258179
0.2751828730106354
0.001280367374420166
0.31093472242355347
0.07700932025909424
0.05077803507447243
-0.9892215728759766
0.031010393053293228
-0.016547419130802155
0.04473759979009628
0.1456718146800995
0.014439570717513561
-0.65562903881073
-0.04107218235731125
-0.4979883134365082
0.03204987570643425
0.43697020411491394
0.00817609578371048
-1.2098816633224487
-0.5011420249938965
0.048129450529813766
-1.983650803565979
-0.059148602187633514
-0.0185592919588089
-1.9743897914886475
-1.9590598344802856
0.025611672550439835
1.9796043634414673
-0.00018518854631111026
-0.5237692594528198
0.671004056930542
-0.0066643040627241135
-0.039520036429166794
-0.8314204216003418
-0.055256977677345276
0.03508324176073074
-0.0503864660859108
-0.2755465507507324
-0.048664070665836334
-0.00026372820138931274
0.025425156578421593
-0.08265344798564911
-0.26169243454933167
-0.011860150843858719
-0.056323468685150146
0.06823631376028061
-0.06503469496965408
-1.071472406387329
0.01566154696047306
0.45570874214172363
-0.02711203508079052
0.08945821970701218
-0.16005748510360718
-1.117177128791809
-1.7091245651245117
0.025009794160723686
-0.6716465353965759
0.02630148082971573
0.08418607711791992
0.0391702800989151
0.013864371925592422
0.02819080464541912
0.4977871775627136
-0.008808842860162258
0.5268613696098328
0.31673920154571533
-0.0011941167758777738
-0.019061362370848656
-0.02490583062171936
-0.012001946568489075
-0.34304511547088623
0.5987288951873779
0.3988252580165863
0.029829638078808784
0.006914587691426277
-0.07981355488300323
0.27255329489707947
0.09944511204957962
0.017255036160349846
-0.03516654670238495
0.04914148151874542
-0.04490397125482559
-0.11160089075565338
0.014295682311058044
-0.3294546604156494
0.05950016528367996
-0.04474715143442154
-0.04923497140407562
-0.14542770385742188
-0.06488171964883804
0.2959655523300171
0.05296063795685768
0.6270785927772522
0.515443742275238
-0.01753726601600647
-0.009916486218571663
-0.017040187492966652
0.060869909822940826
-0.021589726209640503
0.038456227630376816
-0.027494210749864578
0.031519196927547455
-0.352873295545578
0.041075386106967926
-0.05890762433409691
-0.010379104875028133
0.030507884919643402
-0.012992261908948421
0.08439288288354874
-0.06778270751237869
-1.1763912439346313
0.2588575780391693
-1.984341025352478
-1.8921618461608887
0.05669710040092468
0.038726434111595154
-0.023912550881505013
0.5845856666564941
0.08396397531032562
-0.02373843640089035
0.015339918434619904
-1.4665477275848389
0.14191776514053345
-0.08896958082914352
0.05266713351011276
-0.04491797089576721
0.041566163301467896
-1.8632405996322632
0.05448319762945175
0.03920217603445053
-1.3960332870483398
0.4746382534503937
-1.2639566659927368
-0.06556134670972824
-0.03432510420680046
1.9815630912780762
-0.0025486864615231752
-0.024448826909065247
-0.04318380355834961
-0.04129272326827049
0.8309274911880493
-0.010549666360020638
-0.6452428102493286
-0.051641639322042465
0.05662476643919945
0.05114275962114334
-1.9579488039016724
-1.3323379755020142
-0.207465261220932
0.04678730666637421
0.019904065877199173
-0.08963228762149811
0.27971765398979187
-0.07473412901163101
0.02738741785287857
0.035850703716278076
1.0987329483032227
0.14246337115764618
-0.013744658790528774
0.018302612006664276
-0.05665186792612076
-0.006898015737533569
-0.03290041908621788
-0.09165577590465546
-0.02193194068968296
-0.01307168323546648
-0.048983365297317505
0.011095032095909119
0.024727709591388702
-0.05931282043457031
-0.08827971667051315
0.0207812637090683
0.05511326715350151
-0.042861904948949814
-0.009024369530379772
-0.04835780709981918
0.024211283773183823
0.0307668037712574
0.010014711879193783
-0.01949743553996086
-0.007498168386518955
0.005088747013360262
0.0013123498065397143
-0.06247417628765106
0.04974917322397232
-0.037848927080631256
0.01849661022424698
-0.0005123896989971399
0.004452293273061514
-0.02883911319077015
0.013259511440992355
-0.05610782653093338
0.01953446865081787
-0.07818005234003067
-0.0028846447821706533
-0.04651650786399841
-0.03925628587603569
0.020950324833393097
0.03310968354344368
-0.0008560037240386009
-0.000523663591593504
-0.031715139746665955
0.007173808291554451
0.050577808171510696
-0.059807028621435165
-0.042713478207588196
-0.04846908152103424
-0.02301575243473053
-0.002455703681334853
-0.06539344787597656
-0.040135230869054794
0.012299573048949242
-0.028084516525268555
0.04067178815603256
-0.04982353001832962
-0.00907644722610712
-0.0595359206199646
0.03338957577943802
0.02939002960920334
0.03184128552675247
0.0022084489464759827
0.048043444752693176
-0.06292064487934113
0.049002423882484436
0.01828516274690628
-0.094230517745018
-0.046361908316612244
-0.008122197352349758
-0.024546729400753975
-0.08935452252626419
-0.025460833683609962
-0.016921885311603546
-0.021091453731060028
-0.026507018133997917
0.059242770075798035
-0.035040438175201416
-0.02652583085000515
-0.08852052688598633
-0.008220584131777287
-0.00798075646162033
-0.013812549412250519
0.010129781439900398
0.04911382123827934
0.015275614336133003
0.03785261511802673
0.018696805462241173
0.017193615436553955
-0.0014899091329425573
-0.004594194702804089
-0.0004739174619317055
0.01106194406747818
-0.031592026352882385
-0.08961738646030426
0.05098836123943329
0.02144334465265274
0.0546785369515419
0.034477610141038895
0.030406886711716652
-0.04778963327407837
-0.049415357410907745
0.015979871153831482
0.013269870541989803
-0.03659650310873985
-0.008306046016514301
0.01832617074251175
0.011493991129100323
-0.025839602574706078
-0.009754087775945663
-0.010507958941161633
0.04446408152580261
-0.05629029870033264
-0.02618272975087166
0.042888086289167404
0.03896009922027588
-0.0018020746065303683
-0.004412217531353235
0.024732328951358795
0.03172953799366951
-0.0015421864809468389
0.030602989718317986
0.009021498262882233
-0.05269298702478409
-0.04296797513961792
-0.08350734412670135
-0.008807863108813763
-0.032236550003290176
-0.03766028583049774
-0.003210390917956829
0.05306089669466019
-0.05746769905090332
-0.019543565809726715
0.013199463486671448
0.05725088715553284
-0.011499312706291676
-0.0014494116185232997
-0.04934938997030258
0.0465218648314476
-0.04153905063867569
-0.06678365170955658
0.034492913633584976
0.050061240792274475
-0.04976533725857735
-0.0749991312623024
0.005188909359276295
-0.06883465498685837
-0.05393151938915253
0.00038709407090209424
0.019671838730573654
-0.09387796372175217
-0.0575140081346035
-0.037086378782987595
0.04268255457282066
-0.040178924798965454
-0.010991081595420837
-0.058143507689237595
0.001956281717866659
-0.09121885895729065
0.05606791377067566
-0.02272079512476921
0.039024483412504196
-0.001757336431182921
-0.02587871067225933
-0.010901236906647682
-0.03320679813623428
0.013444304466247559
-0.03632450848817825
0.015745678916573524
-0.004337834659963846
0.008829654194414616
-0.07208924740552902
-0.054363496601581573
0.028665859252214432
0.04653510823845863
-0.0906422957777977
-0.00994601845741272
-0.018387991935014725
-0.060382742434740067
-0.05217966437339783
-0.011438751593232155
-0.012007780373096466
-0.09130995720624924
-0.06093387305736542
0.03820964694023132
-0.03100688010454178
-0.08832720667123795
-0.0006700865342281759
0.018622038885951042
0.05130033195018768
0.037851911038160324
-0.0035983247216790915
-0.05471724271774292
-0.005809849593788385
-0.022656511515378952
-0.0498964749276638
0.013233862817287445
0.01523840706795454
-0.0138169527053833
0.059759318828582764
0.028309142217040062
0.06170138716697693
-0.09049870073795319
0.043878015130758286
0.05641191452741623
-0.0172935351729393
0.0015882885782048106
-0.019726712256669998
-0.051485154777765274
-0.06716621667146683
-0.06248590350151062
-0.056113697588443756
-0.04702679440379143
-0.04737264662981033
0.06138220429420471
-0.04553920030593872
0.016789693385362625
0.026758786290884018
0.046140410006046295
-0.04400712624192238
-0.0012787528103217483
0.020981978625059128
0.023043742403388023
-0.05268450081348419
-0.0225130096077919
-0.09262987971305847
0.027437932789325714
-0.025870058685541153
-0.05571255087852478
-0.04382668808102608
-0.015802834182977676
-0.06475464254617691
-0.04957318678498268
-0.05807394161820412
-0.05641897767782211
-0.012528276070952415
0.05485411733388901
-0.07673293352127075
-0.0020733231212943792
0.030855992808938026
0.004558399319648743
-0.03440028801560402
0.0035838100593537092
-0.023315198719501495
0.048341505229473114
0.01646730862557888
-0.0029671667143702507
-0.030041303485631943
-0.07187844067811966
-0.05047239363193512
-0.07212121784687042
-0.0704779103398323
-0.022306449711322784
0.04931078106164932
-0.05761853605508804
-0.02802063152194023
-0.07751575112342834
0.021811284124851227
-0.07187312096357346
0.015227831900119781
-0.04477620869874954
-0.06390579789876938
-0.02045794017612934
0.036238111555576324
-0.01588703691959381
-0.038686640560626984
-0.0012418702244758606
-0.07173223793506622
-0.027386605739593506
-0.024534491822123528
0.0067737894132733345
-0.029191777110099792
-0.014678437262773514
-0.046334873884916306
-0.021652158349752426
-0.05383170023560524
0.05725427716970444
0.01964828185737133
0.03747231885790825
-0.043721508234739304
-0.004152202513068914
0.05559548735618591
-0.0341145321726799
-0.0465448796749115
0.02135702781379223
-0.025365151464939117
-0.02621130831539631
-0.0926629900932312
0.01584947481751442
-0.032134272158145905
-0.041546694934368134
-0.013572883792221546
-0.02481709234416485
0.05836779624223709
-0.00029964157147333026
0.061085835099220276
-0.06429395079612732
-0.1060417890548706
0.036089517176151276
0.007176265120506287
0.00011052619811380282
0.04916510730981827
-0.009350338950753212
0.05817515403032303
-0.01554121170192957
-0.026761285960674286
-0.0002261158952023834
-0.06811944395303726
-0.060327962040901184
-0.051049280911684036
-0.019257821142673492
-0.04874652624130249
-0.012020990252494812
-0.013950248248875141
0.03233373910188675
0.040404364466667175
0.010783769190311432
-0.040224626660346985
-0.0018686726689338684
0.03663983941078186
0.04171972721815109
-0.012798960320651531
-0.01645559072494507
0.01407661009579897
-0.034984041005373
0.0013652157504111528
-0.0040790303610265255
-0.056113049387931824
-0.03957042843103409
-0.016931042075157166
-0.06214335560798645
-0.05005718022584915
-0.004139840602874756
0.024120742455124855
-0.026440389454364777
0.020324740558862686
-0.115773506462574
-0.03694192320108414
-0.05549345910549164
-0.034603897482156754
-0.03275248035788536
0.020245224237442017
0.06014849245548248
0.004585370887070894
-0.05728823319077492
0.019961897283792496
-0.023515865206718445
0.02371227741241455
-0.025565119460225105
-0.021405741572380066
0.015522674657404423
-0.047472234815359116
-0.004486365243792534
0.03953889012336731
-0.036367692053318024
-0.08731677383184433
0.03994153439998627
-0.038691576570272446
0.05577102303504944
-0.08170019835233688
-0.0958910584449768
-0.05963371694087982
0.0031017139554023743
-0.10103954374790192
-0.01536677498370409
0.004068565554916859
-0.023342542350292206
0.02032306045293808
-0.07911685854196548
-0.04788796976208687
-0.08549997210502625
0.03849411755800247
0.0114987101405859
-0.093162402510643
-0.05892007797956467
-0.03039979748427868
-0.07020490616559982
-0.08494772017002106
-0.028056152164936066
-0.01114155538380146
-0.0347980260848999
0.004818872548639774
-0.062087636440992355
-0.0023120418190956116
-0.0009909026557579637
0.006653863005340099
-0.03046756237745285
0.036095865070819855
0.05407297611236572
0.024959534406661987
-0.0281512513756752
-0.022687509655952454
-0.014203629456460476
-0.002154819667339325
-0.04865770787000656
-0.017918940633535385
-0.012179945595562458
-0.01287838350981474
-0.012976065278053284
-0.09382414817810059
-0.03978077694773674
-0.017445076256990433
-0.07539328187704086
-0.015880538150668144
0.006276084575802088
0.0111490273848176
-0.06045416370034218
-0.04834568127989769
-0.09618528187274933
0.04092836380004883
-0.063376285135746
-0.03940761834383011
-0.04057861119508743
-0.007732493337243795
-0.0813436359167099
-0.05502784997224808
-0.02294171042740345
0.016830913722515106
-0.08621246367692947
0.03281131014227867
-0.05393851175904274
0.026146596297621727
0.03208361566066742
0.057851485908031464
-0.002078306395560503
-0.05783108249306679
0.014800218865275383
0.01191980391740799
0.05284654721617699
-0.047500159591436386
-0.03275231644511223
-0.02623900957405567
0.018177174031734467
-0.002705126767978072
0.0032741569448262453
0.048987194895744324
0.005373967811465263
0.0226072296500206
0.0038465578109025955
-0.03350327908992767
0.04970189556479454
0.007084019482135773
-0.008520852774381638
-0.06447787582874298
-0.04787318781018257
-0.016358278691768646
-0.02789154089987278
-0.025463689118623734
0.02563067525625229
-0.06410316377878189
0.034385502338409424
-0.01370710413902998
-0.023981764912605286
-0.06587222218513489
0.03594709932804108
-0.05037152022123337
0.04453812912106514
0.023384615778923035
-0.05221101641654968
-0.0672113448381424
-0.05778120458126068
-0.004953773692250252
-0.053521595895290375
-0.007570301648229361
-0.05693410336971283
-0.016400789842009544
0.05020347237586975
-0.0755985677242279
-0.04206839203834534
0.01049245148897171
-0.040992621332407
-0.07134561985731125
-0.0358850359916687
-0.09142817556858063
-0.0076334476470947266
0.00878346897661686
-0.02539563551545143
-0.007485626265406609
-0.055409882217645645
0.04670700430870056
-0.02227955311536789
0.028080666437745094
-0.056848593056201935
-0.06740574538707733
-0.08855028450489044
-0.018157944083213806
-0.08955152332782745
-0.08218936622142792
0.055066436529159546
-0.06958647817373276
0.010619424283504486
0.005061830393970013
-0.05238699913024902
-0.06528299301862717
0.008097090758383274
-0.05456610769033432
-0.006306323688477278
0.041989147663116455
0.018595963716506958
0.04232736676931381
-0.04974856600165367
-0.012255370616912842
-0.05000804737210274
-0.07061166316270828
-0.04141338914632797
-0.05909186229109764
-0.047779425978660583
0.019835801795125008
-0.035487957298755646
-0.03372171148657799
-0.048538435250520706
0.05128864571452141
-0.5680949091911316
0.47891417145729065
0.16037771105766296
0.0022909711115062237
-0.028247572481632233
-1.767866849899292
1.2866700887680054
0.7224594354629517
-0.6737415194511414
-0.002568837022408843
0.0530090257525444
0.8516002893447876
0.7251699566841125
0.24608716368675232
-0.7295394539833069
1.8373026847839355
-1.6244386434555054
-1.208532452583313
-0.8059937953948975
0.32910504937171936
0.054881397634744644
-0.01902167499065399
0.13492588698863983
0.5209665298461914
-1.9829823970794678
-0.004155963659286499
0.060585685074329376
0.05527342110872269
0.2962488830089569
-1.3513435125350952
1.1227644681930542
-1.146078109741211
-0.5869976282119751
0.03132417052984238
0.02723585069179535
-1.9827088117599487
-1.979663372039795
0.012948937714099884
-0.7129241228103638
-0.007921844720840454
-0.03885691240429878
0.23025572299957275
0.06524428725242615
0.012675732374191284
0.8044269680976868
-0.021885229274630547
0.030943848192691803
0.0028989985585212708
1.6969660520553589
-0.026571646332740784
-0.47304821014404297
-1.3985812664031982
-0.08209872245788574
1.9309182167053223
-0.03933846950531006
0.04665343463420868
0.00954863429069519
-0.7301923632621765
-0.02138064242899418
0.04556658864021301
0.025012284517288208
0.0012028517667204142
-0.00596000999212265
-1.1021461486816406
-0.011290770955383778
-1.078261375427246
-0.17502161860466003
-1.8474314212799072
0.509170413017273
0.07366074621677399
-0.42156821489334106
1.4707257747650146
-0.29199302196502686
0.036726027727127075
-0.012100535444915295
-1.9556742906570435
-0.018751032650470734
-1.1687994003295898
1.444995641708374
-1.3410849571228027
0.6034426093101501
-0.04160873219370842
-0.024256736040115356
-0.3136032819747925
-1.984375
1.6737884283065796
-0.09694649279117584
0.630194365978241
-1.5216598510742188
0.022411221638321877
1.1058448553085327
-0.8504083156585693
-1.2203327417373657
0.1566326767206192
0.8113343715667725
-1.984375
-0.09835846722126007
0.03688637912273407
-1.2891870737075806
0.8674660921096802
-0.05947435647249222
-1.976461410522461
0.07447779923677444
-0.3917703926563263
0.6285296678543091
-0.1302894651889801
-0.03827884793281555
-0.030211854726076126
1.974474310874939
-0.08510413020849228
1.1456985473632812
-0.03040880709886551
1.9826432466506958
-0.11734066903591156
-0.9585436582565308
-0.008778102695941925
-0.8951181769371033
1.9750555753707886
-0.19653970003128052
-1.4671919345855713
0.03399743512272835
0.7418591976165771
-1.8890527486801147
0.47400516271591187
-0.13612569868564606
-1.977663278579712
-0.893490731716156
-1.9749979972839355
0.6605135798454285
0.014542755670845509
-0.07010237127542496
1.8678876161575317
0.00946546345949173
0.05328063666820526
-0.04347804933786392
-1.9648910760879517
0.5950625538825989
0.03046988695859909
-1.9780603647232056
-0.026551170274615288
-1.1116341352462769
-0.6221389770507812
-0.0038893595337867737
-1.9804487228393555
1.1216082572937012
-0.2559829652309418
-1.2315775156021118
-0.29884839057922363
0.3315657377243042
-0.2362872064113617
0.5468829274177551
-1.0142314434051514
-1.273385763168335
0.013468610122799873
-0.9527890086174011
0.003514098934829235
0.36682456731796265
0.4940008521080017
-0.3730366826057434
0.07110860198736191
1.563242793083191
-0.030667496845126152
1.3619142770767212
0.08340805023908615
-0.015106837265193462
0.040045421570539474
0.0020397230982780457
0.055441468954086304
1.7629317045211792
1.1679373979568481
1.3608959913253784
-0.5659480094909668
1.14681077003479
-1.8118528127670288
0.600391149520874
0.4848847985267639
0.036636002361774445
-0.1436355710029602
-1.7905369997024536
-0.021128103137016296
0.5719885230064392
0.06073947250843048
-1.3762389421463013
-0.05116523429751396
0.1302953064441681
0.008107349276542664
-1.7174574136734009
-0.9995148181915283
-0.8931578397750854
-0.025608841329813004
0.6372775435447693
1.3066974878311157
-0.03170153498649597
-0.3764863908290863
-0.4873313307762146
-0.20960776507854462
-0.02969338744878769
0.16327127814292908
-0.02456800267100334
0.04961833357810974
0.5465044975280762
-0.033742755651474
-1.955688238143921
-0.009365060366690159
0.04341955482959747
0.030276650562882423
-1.9483023881912231
1.2644908428192139
-1.9197827577590942
-1.570780634880066
0.053941912949085236
0.0804600939154625
0.026566321030259132
-0.026850558817386627
-0.051012035459280014
1.4891796112060547
0.07093929499387741
0.06554052233695984
0.02552007883787155
-1.041083812713623
-1.9360491037368774
0.022652603685855865
-1.9757455587387085
-0.004294164478778839
-0.010290995240211487
-0.8517199754714966
-0.020808018743991852
-1.8326189517974854
-1.3580386638641357
-1.4996880292892456
-0.5592615008354187
1.902444839477539
-0.017687154933810234
1.969031810760498
-1.978337287902832
0.006309849210083485
0.0873536691069603
0.29212135076522827
-1.9665260314941406
0.656755805015564
-1.963474988937378
0.050829820334911346
-0.017925066873431206
-0.01036328449845314
-1.2394177913665771
0.8960292935371399
1.5988215208053589
-1.9600881338119507
-0.061074476689100266
1.9606575965881348
0.37420231103897095
-1.4643617868423462
-0.014550887048244476
-0.026562415063381195
-1.1809766292572021
-1.9559189081192017
-0.031657133251428604
0.034875188022851944
0.02698984369635582
0.04377026855945587
-0.023945465683937073
-0.017917226999998093
-0.07339807599782944
-0.03156750276684761
0.027412068098783493
0.03691820800304413
-0.028798267245292664
0.059011850506067276
0.03833216056227684
-0.006979654543101788
0.03529525175690651
0.058623433113098145
-0.0022684710565954447
-0.03214153274893761
-0.04544075205922127
-0.08093821257352829
-0.017034977674484253
-0.025931648910045624
0.03591189533472061
0.019986717030405998
-0.08085143566131592
0.05636950582265854
0.053342536091804504
-0.04702814668416977
0.041815511882305145
-0.05058200657367706
-0.0068355449475348
-0.005812115967273712
0.02523624151945114
-0.04650747776031494
0.012278981506824493
-0.02351207099854946
-0.06244876980781555
0.04402955621480942
-0.045800015330314636
-0.02171037346124649
0.006670787930488586
0.020992979407310486
-0.05234476178884506
0.002133689820766449
-0.07426141947507858
0.03632276505231857
-0.06429626792669296
-0.05549467355012894
0.03160623461008072
0.043099112808704376
-0.022273145616054535
0.011382471770048141
0.017635133117437363
0.050092339515686035
0.056363947689533234
0.03204590827226639
-0.055129438638687134
0.021637646481394768
0.009195558726787567
-0.034623533487319946
0.0005550757050514221
-0.03165961802005768
-0.04835066944360733
-0.04995923489332199
0.032485753297805786
0.009792395867407322
-0.0018745053093880415
0.04137405380606651
0.03473137319087982
0.05421014875173569
-0.06084342673420906
-0.013499263674020767
0.0188529584556818
-0.05536983162164688
0.049376480281353
-0.08006229996681213
-0.026078537106513977
0.0363600067794323
0.031261272728443146
-0.0131527129560709
-0.08708824962377548
-0.05919384956359863
-0.0012185722589492798
-0.0722629576921463
-0.04571434482932091
-0.060946024954319
0.021044395864009857
-0.01246627140790224
0.06692815572023392
-0.006313443183898926
-0.01869228482246399
-0.021624935790896416
0.04641519486904144
-0.038057781755924225
-0.013034019619226456
-0.07639556378126144
-0.027918323874473572
0.05712299793958664
-0.05154940485954285
-0.05851725861430168
-0.05410552769899368
0.04957194998860359
0.01502332091331482
-0.025986114516854286
-0.023838264867663383
-0.03496542572975159
0.03982079029083252
-0.007018435280770063
0.01799089089035988
-0.010321371257305145
0.008788473904132843
-0.019992172718048096
-0.029105879366397858
-0.005893911235034466
-0.03566999360918999
-0.048095881938934326
-0.0414201021194458
-0.002932638628408313
-0.0379166305065155
-0.035725705325603485
-0.03118004836142063
0.051302626729011536
-0.0005563458544202149
0.040460068732500076
-0.025904543697834015
-0.04265863448381424
-0.03149285167455673
0.008910007774829865
-0.024327578023076057
0.05730766803026199
-0.05337446182966232
0.003519400954246521
0.01701223850250244
0.016641676425933838
-0.015987925231456757
0.020541371777653694
-0.04496879503130913
0.053470902144908905
-0.03740326687693596
-0.0038188695907592773
0.03777579590678215
0.057407502084970474
0.049445316195487976
-0.002635888522490859
0.007429282646626234
-0.03603539243340492
-0.023292571306228638
-0.05444077029824257
-0.05160181596875191
0.023303285241127014
-0.04312155395746231
-0.05529370531439781
-0.07072317600250244
-0.03068777173757553
-0.03878115490078926
-0.0337904691696167
0.03566209226846695
-0.06689146161079407
-0.03280652314424515
-0.04322098195552826
0.031687457114458084
0.03149507939815521
0.007612786255776882
-0.05237405374646187
-0.04226939380168915
0.002665981650352478
-0.04497668147087097
0.007144264876842499
-0.0013522193767130375
0.030934497714042664
0.058168113231658936
-0.038917426019907
-0.07418724149465561
-0.040467534214258194
-0.05988036096096039
-0.011777689680457115
0.057399749755859375
-0.0427127443253994
-0.08178014308214188
-0.04955776035785675
-0.06417666375637054
0.05279596149921417
0.04158296436071396
-0.04545948654413223
0.03777463734149933
-0.05590861290693283
-0.034912992268800735
0.06110114976763725
0.011809018440544605
0.059151679277420044
-0.04401002451777458
-0.06798631697893143
-0.044856585562229156
0.013452306389808655
0.027123291045427322
-0.00576790701597929
-0.05134551227092743
-0.058478426188230515
-0.012739025056362152
-0.04369845986366272
0.018473157659173012
-0.01304270327091217
0.02160046435892582
-0.008911430835723877
0.03912133723497391
-0.04309156537055969
0.0051048933528363705
-0.039825957268476486
0.014916992746293545
0.02195076271891594
-0.02282826416194439
-0.06491733342409134
0.05313998833298683
-0.055026255548000336
-0.04950682818889618
-0.021464848890900612
-0.01792602241039276
-0.06338514387607574
-0.03153011202812195
-0.03402053937315941
-0.0020896608475595713
-0.02794155478477478
0.006219075061380863
0.019728921353816986
0.06090763211250305
-0.08064570277929306
-0.03234197944402695
0.027652552351355553
0.013430438004434109
0.013507874682545662
-0.0159099530428648
-0.0659366175532341
-0.003739006817340851
0.009417261928319931
0.032037634402513504
-0.04833308607339859
-0.05846171826124191
0.02129613421857357
0.010974260978400707
-0.039600711315870285
0.01681198552250862
0.049703583121299744
0.038927458226680756
0.031623855233192444
-0.0168466754257679
-0.018405301496386528
-0.012353687547147274
0.03744380176067352
0.018531113862991333
0.00023002149828244
-0.07593140006065369
0.038448840379714966
-0.0602741464972496
-0.05905340611934662
-0.05007370561361313
0.039530199021101
-0.021089501678943634
-0.01066481415182352
-0.04568631574511528
0.04370137304067612
0.030940819531679153
-0.05786431208252907
-0.0004588568990584463
0.007911726832389832
0.021882034838199615
0.032352253794670105
-0.03098335862159729
0.028514649718999863
0.009622414596378803
0.030975908041000366
0.023783661425113678
0.003701823530718684
0.0438353568315506
-0.011926735751330853
-0.04336536303162575
0.013873674906790257
-0.02419697307050228
0.013245934620499611
-0.03736286237835884
0.01602277159690857
0.019240884110331535
0.015766724944114685
0.02309785783290863
-0.028643518686294556
0.04590975493192673
0.04112658649682999
-0.052917905151844025
-0.06132280081510544
-0.06541672348976135
-0.011577807366847992
0.021680258214473724
0.05007530003786087
-0.06269636005163193
-0.0553041473031044
-0.03008735179901123
-0.05489908158779144
0.05566336587071419
-0.023257050663232803
0.04906699061393738
-0.011399060487747192
0.05069227144122124
0.012050330638885498
-0.03481188789010048
-0.023299679160118103
-0.021428994834423065
-0.05950155854225159
0.05145576596260071
0.00979769229888916
-0.05601115524768829
-0.03849172592163086
0.04376859962940216
-0.049521178007125854
-0.01998741179704666
0.0028805581387132406
-0.058245912194252014
0.06085316091775894
0.043985120952129364
0.03912874311208725
-0.008086562156677246
0.03328390792012215
0.032169755548238754
-0.011906921863555908
0.01115274429321289
-0.023654015734791756
-0.05138213187456131
-0.06328557431697845
0.025760948657989502
0.04551777243614197
0.023571904748678207
0.014727793633937836
0.052367061376571655
-0.057820066809654236
0.02815207839012146
0.02734834887087345
-0.01509285718202591
-0.053771112114191055
-0.057492561638355255
-0.0020487159490585327
-0.03699982166290283
-0.03788921236991882
-0.039744794368743896
-0.00016374174447264522
-0.01963072270154953
0.04911116138100624
-0.021632201969623566
-0.037073373794555664
0.05636897310614586
-0.0027641900815069675
0.025957591831684113
-0.04115369915962219
-0.02463863044977188
-0.029526181519031525
0.011436432600021362
0.02572830766439438
-0.05576680228114128
0.051451027393341064
0.054423004388809204
0.01451561227440834
0.045957356691360474
0.0542384535074234
-0.03767964616417885
0.015989728271961212
0.04061108082532883
0.055060841143131256
-0.06789297610521317
-0.043459732085466385
-0.012732901610434055
-0.03965325653553009
-0.05948002263903618
0.05623277649283409
-0.000770414771977812
-0.028079643845558167
-0.052607953548431396
-0.040420010685920715
-0.043039605021476746
0.04693562537431717
-0.04394743964076042
0.044029563665390015
-0.03612096980214119
0.03704711049795151
0.005016467068344355
0.051342468708753586
0.024601593613624573
-0.03506316989660263
-0.02022629603743553
-0.0005294457077980042
0.02047675848007202
0.041204944252967834
0.04819007217884064
0.025555379688739777
-0.05369723588228226
0.02039540559053421
0.011119327507913113
0.005505234003067017
-0.036902718245983124
-0.009426884353160858
-0.05224311351776123
-0.010176029056310654
-0.04561181366443634
-0.00533323734998703
-0.014897624962031841
0.055613595992326736
0.016229260712862015
-0.030040934681892395
-0.029407687485218048
0.04127030819654465
0.03986012935638428
-0.03565061092376709
-0.05942933261394501
-0.035091135650873184
-0.03224992752075195
-0.05960711091756821
0.0548710972070694
0.029805349186062813
-0.05244656652212143
-0.05925869196653366
-0.026904840022325516
0.05267169326543808
-0.006212050095200539
0.02468818426132202
-0.026066018268465996
0.0015190832782536745
-0.013942338526248932
0.056262724101543427
0.022192344069480896
-0.06385577470064163
-0.03805864602327347
-0.032891251146793365
-0.004270993173122406
-0.012186373583972454
0.05660996586084366
0.003796309232711792
-0.052771881222724915
-0.055315256118774414
-0.03496415168046951
0.05923045426607132
-0.015304386615753174
0.0006240159273147583
-0.06630126386880875
-0.016204535961151123
0.016515687108039856
-0.03665713220834732
-0.057437799870967865
0.06174398958683014
-0.01955815777182579
0.01670570857822895
0.05630570650100708
-0.04092223569750786
0.001048251986503601
-0.02508251741528511
-0.01074699405580759
-0.03436180576682091
-0.04043256491422653
0.025105243548750877
0.026662252843379974
0.05865142494440079
0.029353173449635506
-0.012078724801540375
-0.0587468259036541
0.04056578129529953
-0.01718153804540634
0.0498187392950058
0.04240206256508827
0.029127947986125946
0.055263884365558624
0.059572748839855194
0.012175515294075012
-0.03248332813382149
0.022990114986896515
0.007332749664783478
-0.012019882909953594
-0.02065194398164749
0.014238253235816956
-0.044151030480861664
-0.024146273732185364
0.036269091069698334
0.011057458817958832
0.02777787297964096
-0.065040722489357
0.04858168214559555
-0.010351017117500305
0.00648905336856842
-0.026121050119400024
0.016697309911251068
-0.025146715342998505
0.053044356405735016
-0.03304307162761688
0.020650476217269897
-0.03502781689167023
0.00097962049767375
0.02477433532476425
0.016534367576241493
-0.03285008668899536
0.016538910567760468
0.023830201476812363
-0.025381948798894882
0.005647197365760803
-0.024045631289482117
-0.04936818778514862
-0.04743615537881851
-0.0567367784678936
0.05047270283102989
-0.05959778279066086
-0.03742922469973564
0.04963075369596481
-0.032197799533605576
0.02752031944692135
-0.044961631298065186
-0.01809239387512207
0.012402450665831566
0.02179306373000145
0.03981593996286392
0.004979215562343597
-0.02625061757862568
-0.03115428052842617
-0.056136779487133026
0.059396401047706604
0.028175851330161095
0.02664194069802761
-0.0771753117442131
0.024326644837856293
-0.036375246942043304
0.030206941068172455
-0.008438927121460438
-0.03890283778309822
-0.016317956149578094
0.007806234061717987
-0.011923469603061676
0.03190350532531738
-0.022816471755504608
-0.013404094614088535
0.01052442193031311
-0.008975379168987274
0.06244834512472153
-0.037004876881837845
0.057983674108982086
-0.003285832703113556
0.01198267936706543
-0.04562307894229889
-0.0391252338886261
-0.03414111211895943
-0.06950363516807556
0.00823422521352768
-0.00820070505142212
0.02520330250263214
-0.033191293478012085
-0.04252995550632477
-0.03049074299633503
0.002571187913417816
0.03914875537157059
0.027281196787953377
-0.04950053244829178
-0.043653637170791626
-0.05381018668413162
-0.0018026083707809448
0.04228917509317398
-0.05332992225885391
-0.04251094162464142
-0.012813017703592777
0.04780285060405731
-0.03071427159011364
-0.055240362882614136
-0.0005912259221076965
-0.051463522017002106
0.0026192674413323402
0.020765112712979317
-0.013341963291168213
0.04129461944103241
0.037695832550525665
-0.0052889566868543625
0.028244473040103912
0.03068651258945465
0.03779219090938568
-0.002277955412864685
-0.053146958351135254
0.0394592210650444
0.026946209371089935
-0.06612353771924973
-0.04419149085879326
0.0071871462278068066
-0.012141520157456398
-0.04850456863641739
-0.05771692842245102
0.04969853162765503
-0.00417780177667737
-0.014553889632225037
-0.012755483388900757
-0.031276896595954895
-0.027270987629890442
-0.03504634276032448
-0.07758129388093948
-0.0041785165667533875
0.0141511932015419
-0.05157870799303055
-0.041745737195014954
0.030198190361261368
-0.011097066104412079
-0.06600948423147202
0.05226747691631317
-0.04890555143356323
-0.06171098351478577
-0.017978422343730927
-0.00891543086618185
0.006510542239993811
-0.05077676102519035
-0.04427102953195572
0.04382285475730896
0.05197320133447647
-0.05244757980108261
-0.019404292106628418
0.03253801912069321
0.01801973581314087
-0.01981537789106369
-0.07290031015872955
-0.06113822013139725
-0.030967427417635918
-0.07609052956104279
-0.033164575695991516
0.007769815623760223
-0.08131632953882217
0.018915195018053055
-0.05948246270418167
0.00041418522596359253
-0.004032798111438751
-0.06251604855060577
-0.04230416938662529
-0.06643719226121902
-0.020704515278339386
0.019007805734872818
-0.06368961185216904
-0.06817805767059326
-0.022902334108948708
-0.023008497431874275
-0.02003166638314724
0.011009544134140015
-0.01706358976662159
0.00039376094355247915
0.008593961596488953
0.04909966140985489
0.03609757870435715
0.029103167355060577
0.029391087591648102
-0.045090824365615845
-0.058542974293231964
0.029004298150539398
0.002347022294998169
-0.04152905195951462
-0.02159079723060131
-0.05458410829305649
0.002762511372566223
-0.006929664872586727
-0.0030156001448631287
-0.012847844511270523
-0.03667783737182617
0.05030978471040726
-0.03614295274019241
-0.04016219452023506
0.038857489824295044
0.023271679878234863
-0.019884148612618446
-0.028870373964309692
-0.0823923647403717
-0.010037013329565525
-0.037120334804058075
-0.07794810086488724
-0.03595587611198425
-0.04151173681020737
0.046084485948085785
-0.050374191254377365
-0.0010565808042883873
-0.027486778795719147
-0.02755448967218399
0.0215684175491333
0.049049898982048035
-0.02811482734978199
-0.08152703195810318
0.059038981795310974
-0.05921357870101929
-0.056388914585113525
0.04212046414613724
-0.03476838394999504
-0.08054322004318237
0.02416258305311203
-0.042041853070259094
-0.02808402106165886
-0.05327025055885315
0.0018587484955787659
0.01313774287700653
0.009892590343952179
0.005985923111438751
-0.030092716217041016
-0.05963664501905441
-0.04959852993488312
0.035676077008247375
-0.08305283635854721
0.04739628732204437
-0.05868755280971527
0.04683917015790939
-0.03093462437391281
-0.032738082110881805
-0.04240486025810242
-0.018687613308429718
0.038421377539634705
0.05842699855566025
-0.03211567550897598
-0.033414967358112335
-0.04042227566242218
-0.042096227407455444
0.018120847642421722
-0.037449732422828674
-0.011883385479450226
-0.009488634765148163
-0.007570244371891022
0.042375385761260986
-0.07712309807538986
-0.026286639273166656
-0.02263960987329483
0.030619598925113678
-0.07121795415878296
0.0034735649824142456
0.03119289129972458
-0.01335656177252531
0.042343225330114365
-0.04806593433022499
0.006203938275575638
0.007841616868972778
0.014527633786201477
-0.06431389600038528
-0.04334217309951782
0.02051255851984024
0.06004433333873749
-0.025130555033683777
0.01871560886502266
0.06178843975067139
-0.027880115434527397
0.02882978320121765
0.03404314070940018
-0.061916522681713104
-0.05770816653966904
-0.009241444990038872
0.01945265382528305
-0.0008347324910573661
0.023073337972164154
-0.07114492356777191
-0.004972465336322784
0.01432906836271286
0.02254689857363701
0.028786860406398773
0.04957766830921173
-0.013950432650744915
0.03504539281129837
-0.06626329571008682
0.024924058467149734
-0.042938701808452606
0.04815509915351868
0.02435261756181717
-0.0719733014702797
0.01856233738362789
0.010169409215450287
-0.0251469686627388
0.02928946167230606
-0.013359541073441505
-0.007685591001063585
-0.06914737075567245
-0.05232783406972885
-0.04518597573041916
0.005329262465238571
-0.05883043259382248
-0.006521508097648621
0.11319132894277573
0.1039726734161377
0.04708598926663399
-0.03776872530579567
-0.14711762964725494
1.9647951126098633
0.1804407685995102
0.28529322147369385
0.0643790140748024
-0.006449684500694275
-1.984375
-1.954289197921753
0.2649056017398834
0.29617130756378174
-0.10791251808404922
-0.2536931037902832
-1.9776180982589722
0.7173969745635986
0.22181200981140137
-0.04993398115038872
0.047401949763298035
0.37098053097724915
0.0026491121388971806
0.1462666541337967
-0.04202306270599365
-0.060953497886657715
0.059761613607406616
0.11595852673053741
0.4682897627353668
0.5055767893791199
0.10946403443813324
0.3946402966976166
-0.050761878490448
-0.016388796269893646
-1.9826246500015259
-1.9827007055282593
-0.006125524640083313
0.6470986008644104
-0.05462808161973953
0.03883982449769974
0.25202715396881104
0.016601983457803726
0.059662409126758575
-0.25532105565071106
0.05894401669502258
-0.06485355645418167
0.0017276108264923096
0.040609486401081085
-0.05253203213214874
0.21132875978946686
0.39393121004104614
0.18781226873397827
-0.11244574189186096
-0.013648569583892822
-0.034164369106292725
-0.008975289762020111
-1.7302597761154175
0.005402949173003435
0.0030434743966907263
0.039113759994506836
0.001583513687364757
-0.02902510017156601
0.37906286120414734
-0.011408625170588493
0.436195969581604
0.08486992865800858
-0.5635662078857422
-0.01932118646800518
0.08052559196949005
0.047325700521469116
-0.1454399675130844
-0.15337543189525604
0.0589546337723732
0.01826488971710205
0.3220416307449341
-0.0030595362186431885
-1.8530409336090088
-0.14786121249198914
0.5177209973335266
-0.10458444058895111
0.04530482366681099
-0.034102872014045715
-0.10872271656990051
0.8815016746520996
-1.8028608560562134
-0.047449152916669846
-1.9784536361694336
1.960870385169983
0.07890411466360092
-1.9610061645507812
-0.05822291597723961
0.37248754501342773
0.04161693900823593
-0.3867974281311035
1.8749439716339111
-0.21163685619831085
0.007268056273460388
0.5203569531440735
-0.2881852984428406
-0.031586505472660065
-0.5575708746910095
0.011635120958089828
-0.170511856675148
1.9779936075210571
-0.21652789413928986
-0.02781791239976883
-0.19288843870162964
0.3479863703250885
-0.11786562204360962
0.9712314605712891
-0.029195964336395264
0.025602372363209724
-0.14603136479854584
1.5659217834472656
-0.01877782493829727
0.3734043836593628
0.05657750740647316
-0.20179274678230286
-1.9755938053131104
-0.24459484219551086
0.18849703669548035
-0.33264878392219543
-1.939318299293518
-0.05238628387451172
-0.5974408984184265
0.13628046214580536
1.2735251188278198
-0.05753440409898758
0.05414308235049248
0.03820795193314552
-1.5889668464660645
-0.05482226610183716
-0.00769621878862381
-0.006163693964481354
0.16219154000282288
0.16471964120864868
0.05835733562707901
0.31939855217933655
-0.07493419200181961
-0.4418117105960846
-0.5846397280693054
0.019002534449100494
-0.2642498016357422
0.0386957973241806
-1.7685402631759644
0.2928845286369324
-0.8016687631607056
0.13374623656272888
-0.3600923418998718
-0.09277833253145218
0.3307707607746124
0.4964026212692261
-0.045821964740753174
-0.0660480335354805
-0.03950304165482521
-0.04644455760717392
-0.15860888361930847
-0.23569446802139282
-0.015056480653584003
-0.1636490523815155
-0.10232659429311752
-0.17606037855148315
0.37561771273612976
0.01770135946571827
0.001435748883523047
0.004032976925373077
-0.025080084800720215
0.014228366315364838
-0.16480763256549835
1.2811943292617798
-0.10869863629341125
-0.04528622701764107
1.1294130086898804
-0.340292751789093
0.6020125150680542
0.001039068098179996
0.10101621598005295
0.451617032289505
-0.04880339652299881
-0.034822795540094376
0.0010623112320899963
-0.3582887053489685
0.024807460606098175
0.15944616496562958
-0.048201315104961395
-0.010514630004763603
-1.9822659492492676
1.5667519569396973
0.01538127288222313
-0.4689577519893646
-0.15810969471931458
0.056824058294296265
0.1421734243631363
0.083683542907238
-0.17345866560935974
0.01635788381099701
-0.005527026019990444
0.035110220313072205
-0.022555038332939148
-0.8333336710929871
-0.06175483018159866
0.09961330890655518
0.015424012206494808
-0.0038646161556243896
-0.03857878968119621
0.43755725026130676
0.7126643061637878
-1.631617784500122
0.5074002146720886
-1.806127905845642
-1.7042920589447021
-0.16512195765972137
0.03720247000455856
-0.02289532870054245
-0.17179018259048462
-1.4327648878097534
0.33585381507873535
-0.04045991599559784
0.40658676624298096
-1.983742594718933
-0.00511077931150794
0.40037989616394043
-0.061658650636672974
-0.016383402049541473
0.6120368242263794
0.047744862735271454
0.2881321310997009
0.4535861015319824
-0.14737799763679504
-0.2310483604669571
0.14555788040161133
0.017374465242028236
-1.237629771232605
0.4369451701641083
0.0031175825279206038
0.025937234982848167
0.14386290311813354
-0.6201220154762268
0.1663273274898529
0.4916556477546692
-0.020603694021701813
0.04806627705693245
-0.03813846781849861
-1.9830670356750488
-1.984375
-1.8196967840194702
0.4135569632053375
-0.036503151059150696
-0.12192748486995697
0.39989203214645386
0.024419639259576797
0.02648734301328659
0.03839707002043724
1.6318715810775757
0.5174441933631897
0.019290681928396225
-0.06751459836959839
-0.003690413199365139
-0.034554921090602875
-0.04637531563639641
0.007210341282188892
-0.04530489817261696
-0.034374307841062546
-0.06385336816310883
-0.038143012672662735
9.02414321899414e-05
-0.05146772414445877
-0.10572420060634613
-0.0904281884431839
0.00882305670529604
-0.04119023308157921
-0.06417812407016754
0.011166766285896301
-0.013679451309144497
-0.0024181255139410496
0.015422368422150612
-0.025729479268193245
-0.003521670587360859
0.047637056559324265
-0.03332652151584625
0.04121120274066925
-0.045549146831035614
0.045705705881118774
-0.015103514306247234
-0.08084697276353836
-0.09036160260438919
-0.027544746175408363
-0.008859802968800068
-0.025700964033603668
0.017939597368240356
-0.010038656182587147
-0.00922504160553217
-0.04648570716381073
-0.014766326174139977
-0.028774067759513855
0.00851861760020256
0.013594337739050388
0.01994827762246132
-0.05798052251338959
-0.10149473696947098
0.04685336351394653
-0.041212067008018494
0.04013147950172424
-0.033640146255493164
-0.03183572739362717
0.006937013473361731
-0.0647067129611969
-0.018614446744322777
-0.07525395601987839
0.03992635756731033
-0.05794636160135269
-0.035900235176086426
-0.009470094926655293
0.053721025586128235
0.0553668811917305
-0.038726553320884705
0.03483358398079872
-0.027530379593372345
-0.05616685748100281
0.026245279237627983
-0.08173512667417526
-0.01588667370378971
-0.0747019574046135
0.0009972972329705954
-0.033015694469213486
0.034407004714012146
0.010726206004619598
0.007247454486787319
0.043467625975608826
-0.041100285947322845
-0.04959847778081894
-0.04183343052864075
0.017969608306884766
-0.016287514939904213
-0.05246320739388466
0.007721299771219492
0.048814013600349426
-0.0024938061833381653
-0.06217266991734505
0.060942452400922775
-0.04538990557193756
0.05749299377202988
-0.00023511819017585367
0.03185016289353371
-0.020113997161388397
-0.07012529671192169
0.005112911574542522
0.003341029630973935
0.023843832314014435
-0.0296555757522583
0.0027394085191190243
-0.0669526532292366
-0.033248305320739746
0.023283865302801132
0.0033374831546097994
-0.05647265911102295
0.00164852908346802
0.058278605341911316
0.010843516327440739
-0.0801553726196289
-0.02257883921265602
-0.041854918003082275
-0.06294795125722885
0.010324286296963692
-0.024799056351184845
0.0015820193802937865
0.05412382632493973
-0.04117681458592415
-0.023257577791810036
-0.08120961487293243
0.029333218932151794
-0.07246950268745422
-0.005150617565959692
-0.03544221818447113
-0.039272014051675797
0.006135400850325823
-0.034430403262376785
0.010355910286307335
0.010227871127426624
-0.0649213120341301
-0.06343180686235428
0.0053926981054246426
-0.044918447732925415
-0.09651299566030502
0.048802271485328674
0.06045312434434891
0.02479361742734909
0.023647166788578033
0.024335764348506927
0.02678091824054718
-0.07802660018205643
-0.06140545383095741
-0.02829902619123459
-0.07310806214809418
-0.015686094760894775
-0.04581484943628311
0.01502862200140953
-0.02489638328552246
-0.02116440236568451
-0.01578281633555889
0.026764361187815666
-0.04828769713640213
-0.01792970672249794
0.034957461059093475
-0.0690598264336586
-0.06583034247159958
-0.08268207311630249
-0.020414767786860466
-0.038237620145082474
-0.059049900621175766
0.0010609403252601624
-0.03089515119791031
-0.09076152741909027
0.02867823652923107
-0.04490441828966141
-0.06233564391732216
0.042234621942043304
-0.02983960323035717
-0.07709409296512604
8.442823309451342e-05
0.036821670830249786
-0.03881842643022537
-0.05601632595062256
-0.0031977433245629072
0.0003625508106779307
-0.08758454024791718
-0.012027806602418423
-0.01693706028163433
-0.0717819333076477
-0.06633471697568893
0.03053944557905197
0.05438920855522156
-0.028319859877228737
-0.013991235755383968
0.016135670244693756
0.020671062171459198
-0.03031950443983078
-0.08032512664794922
-0.011170566082000732
-0.06098473072052002
0.051192931830883026
-0.06478584557771683
-0.04767628386616707
-0.06495208293199539
0.020667575299739838
-0.03209783509373665
-0.05524442717432976
-0.023890599608421326
-0.014487101696431637
-0.08430960774421692
-0.0946744903922081
0.032182879745960236
-0.08785438537597656
0.0025453120470046997
-0.002678699791431427
-0.012572512030601501
-0.02816174179315567
-0.047283947467803955
-0.053403034806251526
0.01827044039964676
0.0010199187090620399
-0.07925521582365036
-0.07895732671022415
-0.08906243741512299
-0.03657153993844986
0.01565159484744072
-0.06245267763733864
0.010287092067301273
0.009452491998672485
-0.01822669990360737
-0.05526391789317131
-0.04710588604211807
0.011313343420624733
-0.04627548158168793
-0.03647332638502121
-0.00488522183150053
0.052796363830566406
-0.06329986453056335
0.03466138243675232
0.03690244257450104
0.00543607072904706
0.048722147941589355
-0.07823273539543152
-0.06978483498096466
-0.02010377123951912
-0.00016881470219232142
-0.0245585348457098
0.025723112747073174
-0.09985575824975967
-0.044256098568439484
-0.06523288041353226
0.030800696462392807
-0.03867008909583092
-0.033723413944244385
-0.07230591773986816
-0.08708737045526505
-0.001888968050479889
0.04484301805496216
0.0323866605758667
-0.08323226869106293
0.007503296714276075
0.062256354838609695
-0.08905826508998871
-0.019974447786808014
-0.07081331312656403
-0.0766460970044136
0.010087908245623112
0.036089204251766205
-0.007598549127578735
-0.09336119145154953
-0.027190886437892914
-0.37250396609306335
-0.05854371562600136
-0.10652770102024078
0.05353202670812607
0.5265607833862305
0.03110162913799286
-1.2837731838226318
0.43892019987106323
-0.5236706733703613
-0.25440889596939087
0.025963246822357178
1.9719202518463135
-0.6622567772865295
-0.6224017143249512
-0.55793696641922
-0.06359806656837463
-1.4786994457244873
0.306803822517395
-1.6058286428451538
-0.44207897782325745
-0.07065743207931519
0.02585083805024624
-0.9482913017272949
0.6752738952636719
-1.6038508415222168
0.049215853214263916
0.012995846569538116
0.0016101747751235962
0.10058975219726562
-0.9885976910591125
-0.8665835857391357
-0.9910202622413635
-0.49868378043174744
-0.020015224814414978
0.03359087556600571
-1.9810963869094849
-1.9762994050979614
-0.05877964198589325
-0.39140814542770386
-0.02374563366174698
-0.026427028700709343
-0.3149729371070862
-0.037270523607730865
0.018321670591831207
0.5200005769729614
0.1336301565170288
-0.3756771385669708
0.043774813413619995
1.3749936819076538
0.005393698811531067
-1.51018226146698
-0.8821515440940857
0.13983307778835297
1.5866811275482178
-0.05037727952003479
-0.04373272508382797
0.000685274600982666
-0.11079781502485275
0.047433555126190186
-0.04897087439894676
0.04607483744621277
-0.05749353766441345
0.03342409431934357
-0.9162330031394958
-0.01379200629889965
-0.7269535064697266
-0.24134880304336548
0.12105591595172882
-0.06960355490446091
0.472390741109848
-0.28413382172584534
-0.17480604350566864
0.22515714168548584
0.02940589189529419
0.015756363049149513
-0.8092387914657593
-0.033248208463191986
0.8294081687927246
-0.21669046580791473
-0.9809719920158386
0.19285517930984497
0.016080541536211967
0.018841378390789032
-0.8659508228302002
1.5905967950820923
-1.2818437814712524
0.031573642045259476
-0.6523157954216003
-0.2738381326198578
0.4724283814430237
-0.41083261370658875
-0.1136324405670166
-0.9013532996177673
0.449047327041626
-1.9123541116714478
1.005900263786316
0.3337131440639496
-0.03175999969244003
-0.8445712924003601
1.983362078666687
0.002496764063835144
-1.2201178073883057
-0.03391728177666664
0.32351356744766235
0.4767742455005646
-0.24612584710121155
-0.05416431277990341
0.19644783437252045
0.3878616392612457
-0.25394880771636963
-0.8483402132987976
0.015315636992454529
1.3718185424804688
-0.003046019235625863
0.6329232454299927
0.005991317331790924
-0.6508904695510864
1.4563782215118408
0.3173447549343109
1.1993448734283447
1.010460376739502
-0.11016234755516052
-1.9838073253631592
0.9308121204376221
0.17948336899280548
-1.9843491315841675
-0.3500787615776062
-1.9589719772338867
-1.2863115072250366
0.3988775312900543
0.05867832526564598
1.984375
0.03190518170595169
-0.003369666635990143
0.0278267040848732
-1.8744535446166992
0.20005150139331818
-0.036304011940956116
-1.9771029949188232
-0.041448723524808884
0.5325522422790527
-0.09616705775260925
0.009257197380065918
-1.9708194732666016
1.2153111696243286
0.10406161844730377
-1.4556816816329956
0.5560716986656189
0.09099919348955154
0.3875557780265808
0.7033722996711731
-0.7540698051452637
-0.8502306342124939
0.0296708382666111
0.6670557856559753
-0.05794155225157738
0.7290523052215576
-0.10042602568864822
0.1133827492594719
0.03978361189365387
-0.3159070909023285
0.19267991185188293
-0.23090609908103943
-0.12993432581424713
-0.05088568851351738
-0.020907968282699585
-0.0005822256207466125
-0.06156346946954727
1.1622591018676758
0.5588401556015015
-1.9553272724151611
-0.7683051228523254
0.2887956202030182
0.768205463886261
1.9665807485580444
0.629318356513977
0.022085079923272133
0.0920581966638565
-1.9315625429153442
-0.008498065173625946
-0.5815073251724243
-0.04778130352497101
-1.4625229835510254
0.043826062232255936
-0.05772131308913231
-0.047944314777851105
0.037346001714468
1.9166150093078613
1.1785812377929688
-0.03606518357992172
-0.3104642331600189
-0.2865622341632843
0.05851802974939346
-0.6137596368789673
-0.25110045075416565
0.44068604707717896
-0.0054871439933776855
-0.2371789962053299
0.019840285181999207
-0.0038979947566986084
0.6265102028846741
0.03232181817293167
-1.1411746740341187
0.03119710087776184
0.02468809485435486
-0.03525109961628914
-1.9693000316619873
1.9826096296310425
-1.7313237190246582
-1.9511324167251587
0.6801784634590149
-1.418487548828125
0.5865582227706909
-0.05097971111536026
0.029067011550068855
-0.2024526596069336
0.34587910771369934
0.27654093503952026
-0.04321911185979843
-0.9466099739074707
-1.9664576053619385
-0.06342456489801407
-1.3666330575942993
-0.008984170854091644
-0.0293358713388443
-0.27355271577835083
-0.025148816406726837
-1.3348602056503296
-0.7761709690093994
-1.9701648950576782
-0.5354971885681152
0.08969633281230927
-0.027594324201345444
1.9837232828140259
-1.2478511333465576
0.012048663571476936
0.02792457863688469
0.0515458881855011
1.9806599617004395
0.23620928823947906
0.971916139125824
-0.006458519957959652
0.03757064417004585
-0.09587695449590683
-1.7551019191741943
0.17195819318294525
-1.2875174283981323
-1.96185302734375
0.01919749192893505
1.4723036289215088
-0.824151873588562
-0.9221397638320923
-0.03411717712879181
0.018092339858412743
-1.9213250875473022
-0.2136176973581314
-0.02465210109949112
-0.023347152397036552
0.01850227266550064
-0.01817093789577484
-0.06855782121419907
-0.0008442133548669517
-0.03307550400495529
-0.02274744212627411
0.05360594391822815
0.022251922637224197
-0.021902568638324738
0.02772718295454979
-0.014229687862098217
0.004565484821796417
-0.045188501477241516
-0.06228615343570709
0.008791167289018631
-0.025958487764000893
-0.03903505951166153
0.04548884555697441
0.05231441929936409
-0.0646684467792511
-0.03949391841888428
-0.013432659208774567
0.029013603925704956
-0.01515159010887146
-0.06241631507873535
-0.01860574632883072
-0.02651972323656082
-0.0012320554815232754
0.0018608593381941319
-0.016645751893520355
0.05596185103058815
0.04169692099094391
0.017090260982513428
-0.02375003695487976
0.052043430507183075
0.049951232969760895
0.004504965618252754
0.02822805941104889
-0.013346964493393898
0.04096046835184097
-0.03106864169239998
0.051693618297576904
-0.0018791659967973828
0.02905268222093582
-0.046121276915073395
0.03403909504413605
-0.02223670482635498
0.05967150628566742
0.03529974818229675
-0.058890096843242645
0.032957419753074646
-0.004680086858570576
-0.014269620180130005
-0.04837971180677414
0.03105972707271576
0.013688755221664906
0.03351816162467003
0.003211095929145813
0.001679934561252594
-0.049470409750938416
0.05434788763523102
-0.023189447820186615
-0.0379948727786541
-0.03827846795320511
0.04275113344192505
-0.045705731958150864
-0.018767254427075386
-0.006330607924610376
-0.03766481950879097
0.04984221234917641
0.004342195577919483
-0.04942868649959564
-0.026620671153068542
-0.01116950437426567
-0.04281394183635712
-0.01506822556257248
-0.02102675847709179
-0.0012785147409886122
-0.018906662240624428
-0.0018771439790725708
-0.0044194236397743225
-0.03657665476202965
0.01951504684984684
-0.016793668270111084
-0.031165756285190582
-0.0010886340169236064
0.04298703372478485
0.0007381290197372437
0.03279707208275795
0.027452705428004265
0.011406201869249344
0.054465122520923615
-0.05632871389389038
-0.005940362345427275
-0.050364669412374496
0.013423912227153778
0.035316795110702515
0.0195578932762146
-0.030804157257080078
-0.06867446005344391
0.0471787229180336
0.04837610945105553
0.032875850796699524
-0.05236777663230896
-0.0004400387406349182
0.006739040371030569
0.006147315260022879
0.0417068712413311
-0.01373345497995615
-0.05575425922870636
0.0070085423067212105
-0.026700865477323532
-0.006529609672725201
-0.020101003348827362
0.043964650481939316
0.03525928780436516
-0.0038853406440466642
0.04198311269283295
0.03120105154812336
0.010492909699678421
-0.03983098268508911
-0.028310848399996758
0.004211654886603355
0.04572382941842079
-0.038358353078365326
0.02429165691137314
-0.016455333679914474
-0.038604363799095154
-0.017239823937416077
-0.009603165090084076
0.030963681638240814
0.00785887986421585
-0.0217224583029747
-0.057370930910110474
-0.04389476403594017
-0.020590297877788544
0.011985596269369125
0.009797833859920502
-0.05425482615828514
-0.06282981485128403
0.03023821860551834
-0.01474005077034235
0.033472076058387756
-0.03699720650911331
-0.02570892684161663
0.01766381412744522
0.014702878892421722
-0.013034192845225334
-0.04623469337821007
0.003797575831413269
0.018115209415555
-0.015270869247615337
-0.014675728976726532
0.028255127370357513
0.01970096305012703
-0.05006604641675949
-0.02385757863521576
-0.04588024318218231
0.005039457697421312
0.04695003479719162
0.021505096927285194
-0.06822413951158524
0.00491761602461338
-0.0548570491373539
0.02438203990459442
-0.0014097914099693298
-0.04039432853460312
-0.004272222053259611
-0.05080343037843704
-0.015692420303821564
0.023496001958847046
0.05524595454335213
-0.02015870064496994
-0.03642437979578972
0.001173168420791626
-0.039943620562553406
-0.011019624769687653
0.041203439235687256
0.011228851974010468
0.031997740268707275
-0.049597449600696564
0.024834834039211273
-0.0076501029543578625
0.011185817420482635
0.05030541867017746
0.020741157233715057
-0.05720380321145058
0.005151267163455486
0.03537886589765549
-0.04447994753718376
-0.05972782522439957
-0.00937397126108408
-0.03208262845873833
0.029724445194005966
-0.034112684428691864
0.03757845237851143
-0.0144914910197258
0.03790891915559769
0.010819685645401478
0.031060636043548584
0.03650187328457832
-0.05022609233856201
-0.020156458020210266
-0.04645435884594917
-0.01295060757547617
0.031152185052633286
-0.0015205226372927427
0.03530111908912659
-0.023203201591968536
0.011404207907617092
0.048897042870521545
0.04268251359462738
-0.031088875606656075
0.0008634030818939209
0.007896199822425842
-0.011237912811338902
-0.010949313640594482
-0.05765751376748085
-0.011677883565425873
-0.05090929567813873
-0.03815978765487671
-0.042989276349544525
0.030991390347480774
-0.029939409345388412
0.04918660968542099
-0.058982010930776596
0.03177712857723236
0.05227651819586754
-0.04669409990310669
-0.04357481002807617
0.03146427497267723
0.03315826877951622
0.017223291099071503
0.007995571941137314
-0.007669586688280106
0.009396186098456383
-0.05244969576597214
-0.014217320829629898
0.011430814862251282
-0.060629457235336304
0.023885443806648254
0.048145145177841187
0.04438303783535957
0.02450462244451046
-0.03213859349489212
0.05547965690493584
0.0010123790707439184
-0.04419038072228432
0.0057242270559072495
-0.0055706193670630455
0.007688060402870178
-0.03907188028097153
0.01984424516558647
0.01898692548274994
0.021666672080755234
-0.058965470641851425
-0.02522546797990799
0.002795279026031494
-0.04636549949645996
-0.09462989866733551
-0.07333062589168549
0.027747927233576775
-0.06119312345981598
-0.09375450760126114
-0.03107980638742447
-0.08628702163696289
-0.018972761929035187
-0.0648481547832489
-0.005134072620421648
-0.05130401998758316
-0.021484864875674248
-0.021706340834498405
-0.09073159843683243
-0.07479029893875122
-0.016603851690888405
0.0048380387015640736
-0.05283407121896744
-0.03704448789358139
-0.09534484148025513
-0.029734700918197632
0.011487632989883423
0.03294944763183594
-0.015232336707413197
-0.06129413843154907
0.01552413497120142
0.011387734673917294
-0.08490277826786041
0.008879251778125763
0.029888413846492767
-0.05681480094790459
-0.0969669446349144
0.0028420016169548035
-0.011181065812706947
0.04055359959602356
-0.06177866831421852
-0.06417988985776901
0.024500641971826553
0.030649609863758087
0.007812165655195713
-0.025570325553417206
-0.04107626900076866
0.022294960916042328
-0.05331921949982643
-0.007155463099479675
0.014713594689965248
-0.03216036036610603
0.03185325115919113
0.04830755293369293
-0.021988511085510254
0.008088700473308563
-0.03268766403198242
-0.007627657148987055
-0.019759906455874443
0.027850739657878876
0.021840602159500122
0.006422591861337423
0.002170659601688385
-0.043296948075294495
-0.03101208806037903
-0.003679024986922741
-0.0008148237830027938
0.017188405618071556
-0.05820479616522789
0.03264942392706871
-0.020485639572143555
0.026270154863595963
-0.027517547830939293
-0.04202953726053238
-0.030746184289455414
0.023153213784098625
0.017767414450645447
0.04278408735990524
0.015086126513779163
-0.03171047568321228
-0.02165365032851696
0.029047973453998566
-0.058172762393951416
-0.08821114152669907
-0.020437605679035187
-0.04197100177407265
-0.041834019124507904
-0.023855075240135193
-0.008041987195611
0.03462489694356918
0.016875678673386574
-0.06821674853563309
-0.0084778917953372
-0.0034742371644824743
-0.10934241116046906
0.08100347220897675
0.004617475438863039
0.018372543156147003
-0.09464988857507706
-0.004059470258653164
-0.005280926823616028
-0.05547114834189415
0.019667085260152817
0.008892813697457314
-0.053822483867406845
-0.031122511252760887
0.01578664779663086
0.020640380680561066
-0.0363699272274971
-0.09638237953186035
-0.041473984718322754
0.037174299359321594
-0.04396872967481613
-0.08265483379364014
0.021809682250022888
-0.03347950428724289
-0.09616503864526749
0.018247362226247787
-0.02324841544032097
0.012594310566782951
0.06701138615608215
-0.0888134241104126
-0.07376835495233536
-0.041358429938554764
-0.06754005700349808
-0.0396532341837883
-0.05027712509036064
0.010675926692783833
-0.07280821353197098
0.03915025666356087
0.021038711071014404
0.03255990892648697
0.0069461390376091
0.05051497370004654
0.012377023696899414
-0.006714279763400555
-0.044106375426054
0.0018725469708442688
0.0077094282023608685
0.026089034974575043
-0.042509548366069794
-0.05481405183672905
-0.02996072918176651
-0.02470826543867588
-0.046143725514411926
-0.01637963391840458
-0.05573070049285889
-0.02887897938489914
0.006380635313689709
0.05124189332127571
-0.04256347939372063
-0.05547370761632919
-0.07674255222082138
0.03958115354180336
-0.003991366364061832
0.026233315467834473
-0.0859563946723938
-0.06133095175027847
0.005466965958476067
0.030280664563179016
-0.007236716337502003
0.02522917650640011
0.03215987607836723
-0.050161149352788925
0.0013204726856201887
-0.007158923894166946
0.035770222544670105
0.039428822696208954
-0.005190380848944187
0.07992901653051376
0.0011185741750523448
-0.04786451533436775
0.07745260000228882
0.006427208427339792
-0.032794367522001266
-0.000883876287844032
-0.03560399264097214
-0.06424580514431
-0.020054485648870468
-0.04517790675163269
0.04143282771110535
0.020517639815807343
-0.012145794928073883
-0.018722258508205414
0.05671185255050659
0.016054287552833557
-0.04535706713795662
-0.033580243587493896
-0.05044594779610634
0.035150106996297836
-0.09626263380050659
-0.0919417142868042
-0.012201808393001556
-0.08226685971021652
0.0022507659159600735
-0.06635485589504242
0.054723434150218964
-0.08367250114679337
0.0624571368098259
-0.018648691475391388
0.009437736123800278
-0.02592090517282486
-0.015907682478427887
-0.04953407123684883
-0.003277331590652466
0.036939386278390884
0.0025942432694137096
0.04556172341108322
0.00203942833468318
0.02325594238936901
-0.0766134038567543
-0.022239329293370247
-0.06435911357402802
-0.035733938217163086
0.05072387680411339
-0.008951160125434399
0.028641227632761
-0.06132188066840172
-0.02224837988615036
-0.07207871228456497
-0.047680191695690155
0.036481551826000214
-0.06572013348340988
0.03274641931056976
-0.0455477237701416
-0.027135325595736504
-0.0447613000869751
-0.08989331126213074
-0.026248598471283913
-0.028090432286262512
-0.1024525836110115
0.006436553783714771
0.052461106330156326
0.025707010179758072
0.011194281280040741
0.040184296667575836
0.02830648422241211
0.03485940769314766
-0.060069650411605835
-0.07083521783351898
-0.0018983852351084352
-0.030578775331377983
0.05514577776193619
0.02254997193813324
-0.10459721088409424
-0.00838064681738615
-0.03164291009306908
-0.07797147333621979
0.035649657249450684
-0.06299255043268204
0.006951699499040842
-0.08430685847997665
-0.044288039207458496
-0.024601811543107033
-0.03317942097783089
-0.04629647359251976
0.005506226327270269
0.6156086325645447
0.5330056548118591
0.03512173146009445
0.6845614910125732
-0.08122830092906952
0.09270768612623215
0.4884183406829834
-0.09458021819591522
-0.08739830553531647
-0.03330446034669876
0.42103520035743713
0.4762774407863617
-0.5186958312988281
-0.0842975452542305
-0.027563471347093582
-0.0805499479174614
-1.9843381643295288
0.0522216260433197
0.054872848093509674
-0.03968615084886551
-0.0014155724784359336
0.07714603841304779
-0.19633591175079346
0.4532719850540161
-0.001225396990776062
0.05817481130361557
0.02518784999847412
0.395609050989151
-0.13041278719902039
-0.13219748437404633
-0.09980932623147964
-0.044885534793138504
0.0026042982935905457
-0.04658833518624306
1.1314468383789062
-1.9843395948410034
0.038688890635967255
-0.11366284638643265
-0.0590880885720253
0.04414713755249977
0.1262688785791397
-0.07702001929283142
-0.03481827676296234
0.08014274388551712
0.1750912368297577
-0.2728991210460663
0.007148569915443659
-0.025941234081983566
0.05300966650247574
-0.12854158878326416
-0.09037873148918152
0.3728581666946411
-0.06624807417392731
-0.06151845306158066
-0.003924235701560974
-0.010335102677345276
-1.2225958108901978
0.03980119153857231
-0.0722082257270813
-0.054814644157886505
-0.05549006164073944
-0.029837198555469513
-0.12139584869146347
0.021474283188581467
-0.07732170820236206
0.640954315662384
0.09862103313207626
0.29987117648124695
0.38404008746147156
-0.10208994895219803
-0.023125555366277695
-0.27222955226898193
0.015631601214408875
0.01658165082335472
-0.004356296733021736
-0.03360327333211899
0.7686017155647278
-0.04131080210208893
-0.08636371046304703
0.022533509880304337
-0.02956335060298443
0.005704201757907867
-0.11524763703346252
-1.9840800762176514
0.4786088168621063
0.027735324576497078
-1.9842846393585205
1.0830605030059814
0.6554519534111023
-0.109756700694561
0.20189771056175232
-0.1177702471613884
0.5967528223991394
-0.10028409212827682
1.984375
-0.29142725467681885
-0.044021427631378174
-0.07810589671134949
0.25935909152030945
0.055026523768901825
-0.712988555431366
-0.05677289143204689
-0.3046102821826935
-0.22723986208438873
-0.27335822582244873
0.0532614141702652
-0.31926101446151733
-0.24447853863239288
-0.2778342366218567
-0.19495558738708496
0.022938348352909088
-0.011560929007828236
-0.31973689794540405
-1.1461329460144043
-0.04059398174285889
-0.08908988535404205
-0.05674973130226135
-0.29078128933906555
-0.14256832003593445
-0.01019945926964283
0.620742917060852
-0.1381533294916153
-1.118536114692688
0.30913370847702026
1.5282044410705566
-0.016259366646409035
-1.104453444480896
-1.1737309694290161
0.5729103088378906
-0.04369152709841728
-1.9332376718521118
-0.04498698562383652
0.04347963631153107
0.004288196563720703
0.06017601117491722
0.5466281175613403
0.05635422468185425
0.18184641003608704
-0.05494527518749237
-0.12630128860473633
-1.1327365636825562
-0.01002146303653717
-0.985594630241394
-0.08217919617891312
0.6376376748085022
0.21841587126255035
-0.6253312230110168
0.651069164276123
-0.06721782684326172
0.28892362117767334
-0.029593268409371376
-0.11925091594457626
-0.00603977357968688
0.40476202964782715
-0.054594457149505615
-0.009562568739056587
0.17812004685401917
0.016844380646944046
-0.012131135910749435
-0.010650372132658958
0.240089550614357
0.006853910628706217
-0.1042177751660347
-0.059314560145139694
0.05101073905825615
0.04454198479652405
0.02646689862012863
-0.05348314344882965
0.00427217036485672
0.8273671865463257
-0.35945338010787964
-0.011875719763338566
1.984375
0.28596800565719604
0.46874427795410156
0.06208578124642372
0.4928096830844879
0.2143675982952118
0.06124723702669144
-0.7527761459350586
-0.010015524923801422
0.1092553436756134
-0.012965388596057892
0.4796079397201538
0.03640924394130707
0.10747362673282623
-0.4450485408306122
0.40227073431015015
0.020119033753871918
0.017311053350567818
0.003243574406951666
-0.0033562928438186646
-0.06489042937755585
0.4425099194049835
-0.31088343262672424
-0.0065513551235198975
-0.15149763226509094
-0.051404695957899094
-0.028180129826068878
0.11930695176124573
0.02654428780078888
-0.10706599056720734
0.052400242537260056
-0.04157273471355438
0.03721947595477104
0.340697318315506
0.23311708867549896
0.0059532830491662025
-0.12888787686824799
1.9675731658935547
0.5057547688484192
-0.3032175898551941
-0.05152899771928787
0.009668013080954552
0.005047792103141546
0.3914550542831421
1.4512040615081787
0.05701974034309387
-0.10671249777078629
-1.9666017293930054
-0.04328230023384094
0.25137588381767273
0.020072251558303833
0.05978454649448395
-0.15039081871509552
-0.04466819018125534
0.6597868800163269
-0.11104153096675873
-0.8526219129562378
-0.10915929079055786
-0.5289914011955261
0.027379252016544342
0.06598538160324097
0.5055208802223206
0.012236325070261955
0.02157086879014969
0.5434537529945374
-0.5422235727310181
0.6207850575447083
-0.17743425071239471
-0.014451119117438793
0.052543241530656815
-0.005243822932243347
0.26885759830474854
-1.9737873077392578
-1.1059010028839111
0.28815287351608276
-0.013865585438907146
-0.05591893196105957
-0.6652619242668152
0.010560760274529457
0.018353238701820374
0.005029554944485426
1.8803988695144653
-0.084758460521698
0.0021132363472133875
0.021426167339086533
0.001115070073865354
-0.0010345280170440674
0.003409862518310547
-0.08448956906795502
-0.07139924168586731
-0.06402955949306488
-0.05597347766160965
-0.07634851336479187
-0.011290796101093292
0.0011271120747551322
0.027728348970413208
-0.014269846491515636
-0.043451543897390366
-0.05080249160528183
-0.012197524309158325
-0.06643661856651306
-0.02303808182477951
-0.07730615139007568
-0.025738410651683807
0.01775665581226349
-0.025533124804496765
0.028544694185256958
-0.010629519820213318
-0.031258195638656616
0.044924020767211914
0.01049107313156128
-0.037263624370098114
-0.031341344118118286
-0.010339580476284027
0.034248992800712585
-0.055570825934410095
0.035340286791324615
0.005497954785823822
-0.03216002136468887
0.03439224883913994
-0.05610600858926773
0.01926477812230587
-0.04176541417837143
-0.04502344876527786
0.0179132167249918
0.003966838121414185
0.021455533802509308
-0.07133935391902924
-0.06246362626552582
0.01626266911625862
0.061749398708343506
-0.023604128509759903
-0.0056254565715789795
-0.05516287684440613
-0.0678236335515976
-0.04138900339603424
-0.07835368812084198
-0.04811575263738632
-0.046033263206481934
-0.0012048855423927307
0.003035594942048192
0.022159017622470856
0.004787825047969818
-0.021407797932624817
0.027172990143299103
-0.059506870806217194
-0.04483076557517052
0.02617371827363968
-0.020461078733205795
-0.046127207577228546
0.006540356203913689
-0.0626523494720459
0.05617094784975052
-0.043728239834308624
-0.024590760469436646
0.011911695823073387
-0.014203153550624847
-0.0460725873708725
-0.04493888467550278
-0.03511021286249161
0.008849769830703735
0.034875594079494476
-0.009168431162834167
0.019928107038140297
0.029258079826831818
0.00990036129951477
0.05359547585248947
-0.02262343466281891
0.01405755989253521
0.006673894822597504
-0.02228529006242752
-0.03735850006341934
0.04720693081617355
-0.026097184047102928
0.030736707150936127
-0.042860373854637146
0.03696298599243164
0.03599712252616882
0.0475333109498024
-0.005209676455706358
0.03491295129060745
-0.05766305327415466
-0.042440611869096756
-0.016130216419696808
-0.04988495260477066
-0.024111703038215637
0.007528191432356834
0.02264918014407158
-0.04250657558441162
-0.06146825850009918
-0.05592585727572441
-0.034725189208984375
0.009479360654950142
0.027150452136993408
0.05741635710000992
-0.01406926941126585
-0.028938857838511467
0.029536470770835876
0.03602404147386551
0.04328298568725586
0.022938592359423637
-0.07101693749427795
-0.06039673089981079
-0.03206222131848335
-0.008650586940348148
-0.03121088445186615
-0.0783291608095169
0.02863672375679016
-0.004240597598254681
-0.010506637394428253
0.002249598503112793
-0.02376513183116913
0.04314868897199631
-0.04212456941604614
0.02070382982492447
-0.014105580747127533
-0.00455407053232193
0.05877543240785599
-0.03451353684067726
0.02316243201494217
0.01896347850561142
0.03199507296085358
-0.06144320219755173
-0.06609954684972763
-0.05167994275689125
-0.00901591032743454
0.014035999774932861
-0.04588949307799339
-0.08117436617612839
-0.022604120895266533
-0.035808272659778595
0.018180683255195618
-0.0037590311840176582
0.004695244133472443
0.046711266040802
0.03766234219074249
0.003700733184814453
-0.030557768419384956
0.016130641102790833
-0.0257879551500082
0.034850455820560455
-0.01620887778699398
0.05842817574739456
0.023895585909485817
-0.048392631113529205
-0.048911623656749725
-0.08089962601661682
0.0028468891978263855
0.03494739532470703
-0.06056874245405197
0.016987189650535583
-0.02302039973437786
0.011538824997842312
0.0004694312810897827
-0.019563093781471252
-0.06572991609573364
0.0466180294752121
0.053625643253326416
0.0434609092772007
-0.04506500065326691
-0.06529437005519867
-0.00357348145917058
-0.040367841720581055
0.011525185778737068
0.025660894811153412
0.02015230990946293
0.04875987768173218
-0.04654352366924286
0.008085735142230988
0.006220309529453516
0.05933389812707901
0.01789162866771221
-0.04536142945289612
0.024230025708675385
-0.07304183393716812
0.02492457628250122
0.008737869560718536
-0.007913532666862011
-0.054745376110076904
-0.012991130352020264
-0.04319103807210922
-0.04931239038705826
0.05389484763145447
-0.00905463844537735
-0.006229691207408905
-0.022108446806669235
-0.011402949690818787
-0.022193104028701782
-0.05129992961883545
-0.008603520691394806
-0.02561267837882042
-0.039063237607479095
-0.05429692566394806
-0.07916808128356934
0.020456762984395027
-0.019841376692056656
-0.04795779287815094
-0.05551309138536453
-0.015275532379746437
-0.04050683230161667
0.0030169698875397444
0.04416140913963318
-0.05687394738197327
-0.08534375578165054
-0.019144177436828613
0.02556174248456955
-0.01873929798603058
-0.0391310378909111
-0.026352964341640472
0.023014552891254425
-0.022567689418792725
0.03906584158539772
-0.07880959659814835
0.03192238509654999
-0.019498787820339203
-0.05552693456411362
-0.01880175620317459
-0.024449050426483154
-0.05346330255270004
0.009869314730167389
-0.0793505385518074
-0.0554368793964386
0.00047730200458317995
0.027038730680942535
0.04282897710800171
0.04891432821750641
-0.03672633320093155
-0.02760559692978859
-0.04113128036260605
-0.07095667719841003
-0.06052963435649872
0.03499282896518707
0.02646014094352722
6.879559077788144e-05
0.02153366059064865
-0.016873091459274292
-0.05995721369981766
0.01411813497543335
0.02107042819261551
-0.11375974863767624
-0.11611698567867279
-0.13165447115898132
-0.027597486972808838
-0.29072147607803345
1.7914927005767822
-1.826544165611267
-0.4753192365169525
0.41062796115875244
-0.1886233687400818
-0.02347181737422943
-0.01506816130131483
-1.984375
-1.0367070436477661
0.34681206941604614
0.3413989841938019
-0.07194893062114716
1.122578501701355
-0.9736426472663879
-0.8582258224487305
-0.03393574431538582
-0.012915072031319141
0.510317862033844
-0.9174505472183228
0.5850608944892883
0.01197110116481781
-0.06147176772356033
0.04569092392921448
-0.4598544239997864
0.4153057634830475
-1.9234341382980347
-0.28559935092926025
0.10865195840597153
-0.04529951512813568
-0.0015167074743658304
-0.5933818817138672
1.9772769212722778
-0.002667151391506195
-0.4046165645122528
-0.006480276584625244
0.03568670526146889
-0.6436707973480225
0.017279645428061485
-0.0013416483998298645
-0.10743850469589233
-0.044922806322574615
0.5860226154327393
-0.016142796725034714
0.9141450524330139
0.0003511682152748108
-0.38314104080200195
0.35631483793258667
0.35515812039375305
0.30601802468299866
0.04465325176715851
-0.017798028886318207
-0.029969394207000732
-0.021157896146178246
-0.01817014440894127
0.04457453265786171
-0.04371324181556702
0.0785689428448677
0.03312606364488602
0.23083330690860748
0.0283017847687006
0.27112671732902527
-0.1121658906340599
1.487565279006958
0.4885070025920868
-0.20110677182674408
-0.3548440933227539
-1.9122288227081299
1.9740322828292847
0.04523670673370361
0.02739007957279682
1.1123722791671753
-0.037165895104408264
1.8115516901016235
-1.8905715942382812
0.4162977933883667
0.15658341348171234
0.06614252179861069
-0.017989568412303925
-1.0920785665512085
1.984375
0.1197149008512497
0.012817734852433205
-1.1788265705108643
-0.19797098636627197
-0.2508102357387543
-1.949193000793457
-0.2744867205619812
0.43221044540405273
-0.9151361584663391
-0.41260555386543274
-0.3582223951816559
1.9694983959197998
0.0173911452293396
0.2683731019496918
0.3480778634548187
0.01826655864715576
0.5481812357902527
0.020589519292116165
1.9715945720672607
-0.8138630390167236
-0.3126523196697235
0.012798860669136047
1.9741209745407104
-0.934552013874054
0.42129752039909363
-1.4790254831314087
-0.004710853099822998
0.8571024537086487
0.3748961091041565
1.7607271671295166
-0.01412610337138176
0.4645646810531616
0.8296494483947754
1.9692907333374023
-1.984375
-0.43868497014045715
-0.13609693944454193
0.9101734757423401
0.002643381943926215
0.1593559980392456
-0.6540750861167908
0.6309706568717957
-0.0683797225356102
-0.4006580412387848
-0.27627238631248474
-0.04801064729690552
-0.17121651768684387
0.052534207701683044
-0.00576481968164444
-0.033545881509780884
0.6687909364700317
-0.12326039373874664
0.0005013495683670044
1.9548778533935547
-0.015505172312259674
1.9063256978988647
-0.17361336946487427
-0.04789591580629349
1.9770621061325073
-1.024283528327942
1.3977060317993164
0.9358180165290833
1.7851943969726562
0.08836059272289276
0.059116851538419724
0.6285173296928406
0.3586938977241516
0.2149704247713089
0.03824048489332199
1.4529303312301636
0.04687274619936943
0.44335928559303284
0.2608659267425537
0.22412177920341492
0.00628065736964345
-1.785939335823059
-0.05078146606683731
-1.945688247680664
-0.07776547968387604
-0.028027020394802094
-0.007897266186773777
-0.04666967689990997
0.0456218421459198
0.7516793012619019
-0.17923563718795776
-0.41386863589286804
0.11671368032693863
-0.026119370013475418
-0.2453927993774414
0.5229317545890808
-0.19907988607883453
-0.04293006286025047
0.1869385689496994
-0.7166416049003601
0.027935750782489777
-1.0544342994689941
0.017229653894901276
-0.21507643163204193
0.02635178714990616
-0.12495416402816772
0.028316251933574677
0.11032310128211975
-0.9114076495170593
1.7885513305664062
0.06334368884563446
-0.3789984881877899
-1.8553541898727417
0.022487513720989227
-0.04722411930561066
0.17020544409751892
1.9726884365081787
-0.053769342601299286
-0.16765618324279785
0.07135317474603653
-0.01383894681930542
0.27844327688217163
-0.043535277247428894
-0.6359866857528687
0.055659059435129166
0.028306201100349426
0.021383408457040787
1.9542800188064575
-1.0890029668807983
-1.8505195379257202
0.3841128647327423
-0.7702099084854126
-0.4041749835014343
1.9692175388336182
-0.004150092601776123
-0.024911383166909218
-1.9576047658920288
0.4348902404308319
-0.3465653955936432
0.039710551500320435
0.5939914584159851
1.1356041431427002
0.06303123384714127
-0.5745965242385864
0.04532516747713089
-0.0007413029670715332
-0.3448683023452759
-0.011083334684371948
-0.9266781210899353
0.5646323561668396
1.1572766304016113
0.08643325418233871
-1.939017653465271
-0.0572332963347435
-1.9805233478546143
-1.0279468297958374
-0.03165750205516815
0.07789019495248795
0.11816997826099396
0.2941480278968811
-0.24900929629802704
1.3957384824752808
0.03569035232067108
-0.04372946918010712
-0.023524153977632523
0.5916244387626648
-0.12007909268140793
-1.5967990159988403
-0.5859154462814331
0.0022992026060819626
0.371521919965744
-1.3047231435775757
-0.01246419083327055
-0.05281706899404526
0.011526846326887608
1.8831692934036255
0.024189818650484085
-0.09514487534761429
0.04711519181728363
0.014940647408366203
-0.05954556167125702
0.021332360804080963
0.022430073469877243
-0.004001392517238855
0.03570185601711273
-0.08254031836986542
0.009620428085327148
-0.04306715726852417
-0.027296172454953194
-0.0008794758468866348
-0.011808820068836212
0.015923207625746727
0.01677711121737957
-0.051597531884908676
-0.0860976055264473
0.04753538966178894
0.05593564361333847
-0.04587255418300629
0.054749950766563416
0.04811679571866989
0.001696550054475665
-0.016834191977977753
0.020802296698093414
-0.014835633337497711
0.028262682259082794
0.04096180200576782
-0.04977569729089737
-0.014468475244939327
-0.047111716121435165
-0.0527503564953804
-0.029512830078601837
0.016181573271751404
-0.07520557194948196
0.010638685896992683
0.009337566792964935
-0.055546291172504425
0.040268249809741974
0.0023227334022521973
-0.029352806508541107
0.056963205337524414
-0.02561458945274353
-0.02421986497938633
-0.03357350826263428
0.037783704698085785
0.002556733787059784
-0.12375228852033615
0.009415917098522186
-0.08769579976797104
-0.02239081636071205
0.0061365216970443726
-0.07651924341917038
-0.01772259920835495
0.04332253336906433
-0.0021447166800498962
-0.02937091886997223
-0.03585340082645416
-0.0392846018075943
-0.059631139039993286
-0.025063395500183105
0.05816591531038284
0.031692810356616974
-0.04996708780527115
-0.04559878632426262
-0.024538222700357437
0.06825802475214005
0.042334552854299545
-0.02096443623304367
-0.022095121443271637
-0.04573310166597366
0.03345418721437454
0.010457292199134827
-0.01158212125301361
-0.03409764543175697
-0.051433831453323364
-0.09562063962221146
-0.10313799232244492
-0.016960350796580315
-0.059277765452861786
-0.0010371431708335876
-0.04050198942422867
-0.01610025390982628
0.026131145656108856
-0.07059149444103241
0.0025334209203720093
0.028799524530768394
0.030236121267080307
-0.03794032335281372
-0.01942656747996807
-0.03135807439684868
-0.02748662605881691
-0.02696625143289566
0.03592026233673096
0.0022757872939109802
-0.061806805431842804
-0.017809957265853882
0.0002056111115962267
-0.04806864634156227
0.0065858736634254456
-0.0440259724855423
0.046153537929058075
0.03281267359852791
-0.06866306811571121
-0.02986501157283783
0.04547761380672455
0.0016914333682507277
-0.03599865362048149
-0.049306102097034454
-0.05062668025493622
0.021594882011413574
-0.03637862578034401
-0.06375128775835037
-0.06239175796508789
0.015580929815769196
-0.03364860638976097
-0.011828063055872917
-0.045313362032175064
-0.07908475399017334
-0.08726678788661957
-0.09655056893825531
-0.06204044446349144
-0.01833341456949711
0.010563366115093231
0.015600038692355156
-0.03445777669548988
0.05068793147802353
-0.022348621860146523
-0.04432573914527893
0.04047871381044388
0.042672671377658844
0.05039460211992264
-0.040927253663539886
-0.015615247189998627
0.012265278026461601
-0.05961257219314575
0.02587462216615677
0.028698770329356194
-0.03577032685279846
-0.08972789347171783
0.05800439417362213
0.03501474857330322
0.027605874463915825
0.015709493309259415
-0.1144382506608963
-0.01962042599916458
0.006915525533258915
0.028053971007466316
0.01614563912153244
0.07866119593381882
-0.02669842168688774
-0.0839003473520279
0.018543556332588196
-0.056796297430992126
0.0335705503821373
-0.023679843172430992
-0.03864417225122452
0.03926191106438637
-0.05810142308473587
-0.008624504320323467
-0.0017008036375045776
-0.07260318845510483
0.05168765038251877
0.024007849395275116
0.027517490088939667
0.05665941536426544
-0.05835380405187607
0.026650233194231987
0.013792839832603931
0.014153167605400085
-0.013993806205689907
0.051832154393196106
0.05139932781457901
-0.08527571707963943
0.0013442026684060693
0.061196066439151764
0.01578567922115326
-0.013916276395320892
0.009634643793106079
-0.06010334938764572
0.05902176350355148
0.07469627261161804
0.025987662374973297
0.00038923960528336465
0.06121138483285904
0.0595724992454052
-0.0347602553665638
-0.023596955463290215
-0.0056467801332473755
0.031136952340602875
-0.10671347379684448
0.05365286022424698
-0.03446563333272934
0.05455179512500763
-0.08623302727937698
0.04213438928127289
-0.0547596737742424
-0.019961997866630554
-0.04668993502855301
-0.021229179576039314
0.028650090098381042
-0.01692100055515766
0.018181174993515015
-0.0073524415493011475
-0.01019926369190216
-0.0017997664399445057
0.0016950814751908183
-0.027531525120139122
0.0008480058168061078
0.03896414861083031
0.03138675168156624
0.0345769003033638
0.02395925670862198
-0.020526692271232605
-0.033752527087926865
-0.1457250714302063
0.029077796265482903
0.014907687902450562
-0.09395558387041092
-0.021211525425314903
-0.02090311050415039
-0.05202280730009079
-0.054647862911224365
0.022812359035015106
0.03859579935669899
-0.02835211157798767
-0.05187544226646423
-0.07489850372076035
0.01232881285250187
0.04282141849398613
-0.06826925277709961
0.05135706067085266
-0.05531098693609238
-0.003852113150060177
0.03765999525785446
0.0324532687664032
-0.032342445105314255
-0.06148194149136543
-0.040388528257608414
-0.06329495459794998
-0.002020113170146942
-0.05442114174365997
-0.04179137945175171
-0.07308916002511978
-0.03770586848258972
-0.01021451223641634
-0.04959145933389664
-0.025966614484786987
0.04949451982975006
-0.058760423213243484
0.02588227018713951
-0.04557959735393524
-0.0588497593998909
-0.1113969013094902
-0.0242136362940073
B
64
-0.03465404361486435
-0.17175234854221344
-0.05345919728279114
-0.036315031349658966
-0.3915947377681732
-0.08741404116153717
-0.062266573309898376
-0.1404007226228714
-0.011516612023115158
0.12461186945438385
-0.06923193484544754
-0.031618881970644
-0.07386622577905655
-0.08273699134588242
-0.24618461728096008
-0.01680404134094715
-0.07582254707813263
-0.049013033509254456
-0.024889765307307243
-0.26066726446151733
-0.2806589603424072
-0.0760502889752388
-0.0857035368680954
-0.146845743060112
0.1498195230960846
-0.0807717964053154
-0.07492132484912872
-0.02584202215075493
-0.04638113081455231
0.11956298351287842
-0.07581189274787903
0.23092371225357056
0.1382962465286255
-0.11003805696964264
-0.0313284695148468
-0.07417679578065872
-0.022321898490190506
-0.04994480311870575
-0.011011172086000443
-0.08049436658620834
-0.05380681902170181
-0.11187388002872467
-0.1056746318936348
-0.06574757397174835
-0.025227922946214676
0.01876644603908062
-0.03501901775598526
0.09120692312717438
0.08714199811220169
-0.060689736157655716
-0.02663087286055088
-0.227310910820961
-0.0876052975654602
-0.06562831252813339
-0.06588510423898697
-0.06462401896715164
-0.018770702183246613
0.14920872449874878
-0.05950329452753067
-0.01852278783917427
-0.027677128091454506
-0.09035417437553406
0.16996143758296967
-0.06271149963140488
W
1
64
-38.746925354003906
4.232555389404297
0.012572364881634712
-0.0003680000372696668
1.4153764247894287
0.04399746656417847
0.006222114432603121
46.73764419555664
15.508916854858398
-2.8898632526397705
-0.002547625219449401
11.123587608337402
5.054563045501709
0.09711232036352158
42.80222702026367
0.07000230252742767
-0.009703529998660088
0.01588069088757038
-32.51792526245117
-2.6456642150878906
-36.066349029541016
-0.07630663365125656
-16.278640747070312
23.22882843017578
1.8766485452651978
0.020364034920930862
0.054537441581487656
28.716060638427734
-0.014397560618817806
-43.91209030151367
0.06785649806261063
-4.550450325012207
-1.5665050745010376
-0.04221971705555916
-0.0671367421746254
0.04367188364267349
0.0011858271900564432
0.015600066632032394
-0.011641391552984715
0.12134583294391632
0.015643279999494553
3.6093826293945312
1.3802225589752197
-0.011493652127683163
6.106154918670654
-4.98550271987915
-0.030461592599749565
-2.052496910095215
46.44862365722656
0.06871824711561203
-0.03336747735738754
1.3807921409606934
0.021196791902184486
-0.06094134971499443
0.06511444598436356
17.430692672729492
-0.022416090592741966
-1.6426448822021484
0.09710313379764557
7.957756315590814e-05
-79.7421646118164
0.05432262271642685
5.443996429443359
0.0029181973077356815
B
1
0.3082697093486786
