W
256
119
-2032
234
-527
1438
57
-1406
-566
-1781
3
1805
938
-151
-351
1852
896
1816
1001
-1753
-1664
-1421
-1644
58
290
488
18
751
360
599
1408
1949
-465
2019
1062
1494
-1518
-1647
-1692
-1490
-1996
-1551
-1176
-634
-2004
-1556
-1291
-938
-1921
-1925
-1969
-1676
-357
1967
735
1290
291
554
1077
1674
-2032
87
29
-1221
-2028
2016
1088
-2031
22
-1949
2006
-2017
1924
-1872
671
-1975
806
303
-1148
376
-968
88
80
-800
-515
-686
496
-656
1075
-89
1393
939
845
-365
1313
-618
961
947
1335
58
1002
-533
1401
-74
997
-690
1215
-333
987
901
1609
1036
759
-493
471
-683
1182
-111
-1633
-2024
2024
-2031
-31
-417
-61
-100
-131
404
-1160
-15
524
584
467
1743
1840
1973
1759
1823
1799
1951
1972
1834
184
224
-31
-6
-883
1642
2031
1679
-376
-1620
-2028
-1689
-215
1742
1846
1658
130
-1316
-1918
-1682
-41
1547
2026
1745
-235
-1935
-2031
-1831
106
1999
2024
1781
-164
-1401
-2030
-1062
230
910
77
11
5
92
-291
-440
113
8
307
233
117
1948
1804
1887
1935
1756
1858
1967
1918
1854
6
-2
18
20
262
-33
-178
74
-107
-47
-92
-68
-90
-44
-189
-31
-4
-43
-108
-27
-127
-51
-109
-69
-89
-89
-23
-183
-162
-58
-82
-92
-18
-121
-16
-117
-45
-22
32
239
-2032
-190
-400
56
-101
-117
539
-1338
-21
345
429
329
1731
1837
1863
1711
1868
1987
1977
1857
1880
155
219
-29
-9
-1251
-1503
-832
1491
1895
2014
223
-456
-1987
1316
-863
-2031
-2013
-1384
44
2028
2017
-1474
-1974
-2028
-1065
693
2023
1355
335
-1116
-281
2030
2032
1745
-966
-1690
-2017
-146
155
25
139
87
-417
-673
157
25
570
487
93
1972
1859
1746
1725
1807
1879
1911
1793
1955
-13
-25
21
21
388
-155
-81
-13
-15
-98
-76
-61
-5
-39
-87
-75
-62
-60
-168
-73
-183
-8
-90
-19
-166
-85
-81
-208
-219
-17
-148
12
-111
-9
-100
18
-193
-6
54
375
13
76
-52
10
-63
66
37
-97
-55
-8
77
25
-40
-58
-41
-61
-54
-43
-26
45
-75
-52
-88
-14
-129
66
-14
-124
5
46
36
16
-82
-75
47
-37
-10
-14
-34
-74
19
-27
-54
46
-121
65
20
-103
-84
-26
-69
56
-50
26
-47
-16
2
8
41
-65
15
-45
-40
28
-7
-39
22
-63
35
50
-115
-81
6
-85
72
-25
-11
-59
4
-68
32
-75
-48
-78
-86
-24
-71
-93
2
-85
-94
60
-61
68
22
-21
-2
-14
41
10
38
74
0
6
-42
-41
23
-18
-10
61
-4
57
1
-74
88
-81
1
-95
-51
514
-229
26
-264
-303
-348
-86
207
-20
-106
-75
-111
-64
37
81
66
-90
-55
-38
-74
-110
-429
50
-127
-91
-295
-33
-120
35
50
-56
-7
-22
-27
46
-46
38
-69
-101
-104
45
45
-52
-48
49
-112
-47
-47
-66
11
45
37
-4
-97
-113
-136
59
-46
549
-559
-245
-502
-669
-531
-174
102
54
-11
-47
-84
-76
-8
-28
-100
-82
-39
-25
-70
-84
-692
-109
-129
1
-497
-67
40
23
-16
-108
28
24
-99
-20
-50
15
5
19
22
-26
34
5
26
-80
29
-10
-113
-104
-40
-38
24
-114
-2
-48
-66
-35
52
-12
61
1779
1929
-202
-455
134
820
80
-188
-357
-62
1977
1939
-1282
1544
1789
1827
1799
1805
1776
1817
1796
1698
170
190
31
104
257
44
258
116
169
372
415
56
335
5
143
146
36
137
-12
43
238
159
61
31
320
-78
256
176
229
192
403
36
153
124
169
173
263
1872
257
379
-671
-1088
-452
188
-1008
-50
-450
587
651
432
463
549
554
491
678
794
604
720
316
23
346
-389
-1988
-1949
-1972
-1982
-2014
-1997
-1609
-1704
-1885
-1809
-2028
-2013
-1940
-1893
-2013
-2005
-2020
-1983
-1911
-2005
-2032
-1765
-2031
-2013
-2020
-1992
-1694
-1709
-1946
-1928
-2031
-1827
-2001
311
-111
2031
1969
-225
-214
-1220
-2004
193
1041
-293
42
1474
1537
-657
1884
1992
1805
1983
1812
1867
1887
1861
1841
107
-9
-61
-38
-133
3
-27
10
15
-103
31
9
15
-13
-41
-95
-71
63
-30
-118
0
46
-14
-78
-61
-64
-21
-82
-73
-62
-26
51
13
-15
6
28
-5
-959
8
-191
2029
-349
94
-104
-225
-19
2027
1959
396
1962
1859
1846
1848
1876
1918
1869
1895
1886
185
187
-57
2
-214
-217
-189
-183
-186
-147
-179
-204
-270
-149
-153
-120
-327
-199
-130
-136
-293
-192
-146
-146
-278
-129
-154
-125
-334
-126
-208
-181
-200
-190
-151
-177
-242
-141
1
-2032
-581
632
-2020
-1585
96
-414
-210
249
-54
1075
1178
393
1745
1988
1995
1768
1606
1929
1851
1746
1903
1198
978
258
-31
478
-2009
-2005
-2021
-48
1414
2031
1784
593
1180
2031
1736
745
-1050
-1945
-2028
79
2029
1102
-1110
-2027
-2024
64
1489
2027
-32
-407
361
652
1562
1131
886
-371
1999
-443
-511
-186
18
482
258
-53
-17
572
465
40
1904
1982
1851
1970
1878
1967
1863
1789
1897
218
284
7
9
-240
-244
-153
-146
-284
-200
-304
-63
-334
-285
-362
-112
-231
-204
-151
-185
-298
-283
-225
-235
-140
-209
-183
-265
-278
-20
-271
-249
-226
-238
-168
-261
-161
-47
-23
111
-297
103
-38
75
22
-334
-435
-53
-50
1601
1601
101
1846
1819
1826
1729
1973
1873
1862
1789
1844
26
18
-37
-10
298
134
-91
184
94
35
203
72
66
49
70
95
25
127
-68
106
76
112
57
118
2
119
193
18
-16
46
88
108
25
110
260
173
105
-2028
138
-322
-317
-14
-203
325
-1370
75
950
923
833
835
947
884
864
877
1047
962
944
975
226
237
3
22
-1702
-1956
-1164
686
1388
1778
-448
-1197
-2008
1486
-1624
-2003
-1816
-1553
-1334
1775
2026
-1747
-1609
-2032
-1814
1059
2030
1346
-1442
-1627
-2014
-1798
-1250
1860
2028
2014
-1044
-39
16
-175
186
-7
-83
128
-176
-279
-595
-58
-85
-372
93
-352
194
-476
265
-429
82
-105
-169
31
99
-142
-29
163
-81
451
-296
-288
-206
-180
-262
-144
-292
-265
-17
16
-50
124
-104
-93
-60
126
-163
-193
-171
60
-103
-93
-11
115
-154
-42
-221
-206
-48
-217
-243
-337
-115
-143
-129
-137
168
-199
344
-743
-69
-106
-64
93
278
-282
253
-193
147
-103
-258
-80
-163
-35
5
507
-142
-292
-176
216
-233
45
-207
-86
-100
87
-35
172
-110
-15
-305
-45
-322
85
-155
-35
-219
191
-37
174
-246
-222
-217
5
-111
156
-174
323
-287
-72
194
-49
-2032
-61
-75
-2
52
64
79
46
-58
-27
-63
63
14
-7
-92
-11
-36
24
82
45
56
-4
-92
-76
37
51
27
-35
14
-11
33
-12
90
85
-82
65
82
57
-45
67
-62
63
32
57
-83
-17
-47
49
-28
-56
54
12
2
-38
34
-83
-8
78
19
-86
10
-74
-84
58
-85
19
24
-27
27
-16
14
39
50
29
57
2
-2
-37
71
31
-72
-2
-20
25
74
-19
42
56
-4
-3
58
14
9
43
-60
89
29
65
14
-64
32
-5
17
17
-5
-8
61
73
77
33
81
41
-64
-31
93
9
38
-23
-80
48
-1062
771
408
-1507
-2032
45
-958
-1908
-60
276
-1354
-2007
54
2032
1918
1903
2014
-1818
-2029
-1904
-2025
427
156
418
-1923
961
-373
-2028
1024
54
380
-881
1672
-201
25
-360
-1036
817
1785
-529
813
-506
1960
-376
679
-509
109
-258
-900
1267
847
-773
1926
137
-393
-2032
1321
204
-1696
1448
-612
2024
-1158
-830
432
2032
0
639
-820
2032
2020
1905
1998
1767
2005
-1978
-1949
-2010
-1938
-173
-98
-142
-471
-1705
-2000
-380
-598
-576
-14
1748
1248
-1434
-847
860
-1142
81
256
27
-837
-453
377
15
-625
-404
-1513
764
-1180
-55
-339
1583
1133
-2006
-2025
-591
-649
-702
-923
-69
2032
-42
628
578
-26
289
788
1011
-1988
50
845
118
331
-1025
1879
-1563
1573
-1518
-988
-1513
-943
-1281
-872
174
-1414
-883
951
-332
-1566
-991
-1760
-795
-1473
-597
-1973
-426
-1312
128
-1079
161
-1959
-259
1505
102
-2032
-315
1687
739
-807
938
-850
-566
-1788
-898
-1952
532
-1637
-1417
-1601
-244
253
339
-464
-619
-2032
-1541
-1960
66
-2032
1944
-452
1888
-1785
903
-1792
1203
-2030
-1996
-2024
-2012
-1527
-602
-1979
-251
1933
-1996
1423
-5
-1898
348
1053
-1055
-296
-1979
1837
-1995
-1658
-1805
-542
-1953
304
-1839
-322
-1851
75
-2032
1552
-2032
-1582
329
724
-1022
-864
-1936
1201
-46
-2032
1819
-1167
1999
-244
-95
-41
36
-170
85
110
228
-17
71
-170
-33
-134
-53
-85
8
-90
63
23
-64
4
3
7
174
-5
98
-10
80
-79
-72
-145
152
-152
-147
7
16
22
-66
-25
20
-15
-29
-30
-3
84
-138
100
-86
-3
-21
-126
161
-166
-177
-129
138
-55
28
-162
8
-7
48
56
3
13
170
39
-77
-68
123
-57
-76
-139
-41
-83
38
-31
-22
-50
-18
-34
-102
-29
22
161
-106
136
-25
-45
-17
57
-118
-117
-83
40
-254
-10
-227
71
-317
-2
-275
-1
-388
-6
-198
-117
-194
-31
-113
34
-166
112
-27
110
-67
-29
-24
-2032
355
22
-52
66
-35
-279
-320
-20
86
206
264
-3
1906
1931
1751
2000
1946
1876
1921
1960
1870
23
25
11
-2
339
73
-79
53
62
1
37
107
-6
156
32
49
-20
65
18
36
68
29
108
89
-45
58
39
67
-37
106
64
33
-1
63
121
-3
54
-2030
207
-270
-284
-65
-152
354
-1242
-40
511
490
652
1811
1936
1891
1774
1950
1788
1902
1964
1933
195
180
-92
19
-1419
1041
-1468
-1571
-745
-1036
-1031
1565
2028
1494
-716
-1358
-1532
-1160
-740
1629
1659
2006
2027
2027
-936
-1993
-2032
-1875
-790
1144
2030
1835
121
-1568
-2030
-2027
-1051
-38
-20
-124
1944
-98
-184
1375
1011
-988
1011
-861
-3
864
1938
-204
272
1827
1410
1773
1612
1099
1049
1155
1124
75
143
-545
-364
-1972
-1638
-633
-1704
-16
-1340
-69
-1166
-218
-1583
-348
-1570
-553
-1646
-393
-1476
-269
-2032
-594
-1791
-308
-1972
-162
-1664
-712
-1585
-166
-1159
-442
-1529
-705
-1700
-79
-2005
91
-80
-2014
405
-541
-1754
-2029
-34
1922
1506
-916
1886
-94
379
-149
184
236
180
82
58
-111
-54
154
187
1820
-303
55
61
138
496
-148
258
62
434
157
-305
75
72
-55
-124
465
-58
-138
23
345
446
-197
-11
22
513
117
636
140
-243
80
558
147
1346
851
-621
516
87
-174
1132
-127
-190
-71
2023
40
1476
1623
-39
351
-2013
-2012
1998
2031
-2029
352
2028
-144
23
65
-101
-213
-362
-829
-2003
-1551
-1370
-794
-821
-917
-1871
-2032
-1661
750
1995
1834
2005
-2
-1643
-561
-507
-540
1895
1750
1782
-149
-650
-62
249
32
605
144
946
19
897
2018
32
129
-220
-2032
415
12
-1976
-84
1475
1658
-1415
525
188
513
1433
1216
362
1356
443
721
133
12
1
55
-297
99
-141
-40
-354
-151
21
564
370
150
-11
161
111
-295
-119
-49
104
-15
-39
377
41
-238
307
32
-232
109
-270
-86
-244
123
-42
-187
96
-504
-1259
229
2028
-125
630
-2022
-2006
-941
-391
2028
87
1899
1953
2028
105
127
153
139
185
131
132
164
175
302
397
-16
-28
1975
-2029
-2030
-1084
343
1088
-1344
-336
-1423
-1759
-607
-466
1406
106
962
-1353
572
679
1610
-1210
962
-1301
-164
2
2030
1309
-1220
-96
-1362
-2032
-2028
-894
319
-457
-221
155
-2027
-3
1969
1539
2028
12
1415
1477
2028
-284
-221
-182
-267
-157
-133
-153
-134
-122
173
156
-29
5
-1312
1742
1515
1606
1414
1974
1543
1584
1267
1649
1243
1982
1484
1624
1884
1671
1140
1637
1820
1647
1173
1556
1223
1993
1359
1916
1365
1589
1203
1823
1468
1456
1268
-24
-2030
-2031
-2032
-131
-349
1089
106
278
2030
-7
-3
1979
2003
-51
1927
1989
1943
1962
1979
1918
1890
1918
1911
183
258
-42
-15
-409
-61
-81
-130
-123
-106
-115
-122
-90
-83
-106
-93
-107
-177
-144
-82
-140
-144
-121
-51
-105
-48
-68
-106
-113
-144
-79
-128
-101
-65
-55
-167
-143
-2032
-32
270
-2031
1183
306
-2026
114
59
1970
1925
-731
1955
1997
1952
2005
1969
1945
1918
1936
1947
-279
-236
-19
9
-34
219
179
221
169
199
186
207
182
208
173
240
157
216
166
198
153
165
163
208
129
223
209
228
124
165
200
227
177
197
223
240
153
-44
-2
-1453
-255
-138
-63
62
-83
-76
71
8
59
-48
-26
-268
-14
57
-42
131
-88
-56
-23
-140
-9
-58
-32
-59
-119
29
-75
-91
-30
57
-121
17
-26
-80
-86
78
-103
62
-85
-63
5
3
-1
-22
-99
76
-96
-11
-17
-52
-50
-34
-30
-56
-135
-81
-62
-48
-161
-95
45
-115
7
35
-61
300
48
-75
23
-14
-155
-85
-113
-132
-102
-46
-62
-70
-41
-46
-67
-71
-81
-46
-76
-180
-130
-81
-114
-89
-78
-41
-162
-195
-42
-210
-134
-268
13
-331
-71
-112
-101
-291
-150
-258
-49
-237
-81
-195
-111
-81
-38
-138
-49
-93
-213
-1
-2032
68
-104
4
-116
-70
-3
-51
67
-21
-6
-99
18
-118
-31
15
-77
-28
42
-64
63
56
6
0
-10
97
-41
41
-6
-84
40
-68
-24
5
6
-27
-17
22
-13
9
42
14
-113
30
109
-61
7
-96
17
-47
123
-91
-78
102
-42
68
81
-40
111
17
-132
-8
53
-22
-114
17
-65
-92
-29
45
60
-49
53
-88
-96
76
17
-8
-56
-22
19
-75
13
8
-18
23
27
54
-96
-60
-77
20
7
-31
-21
67
18
12
-70
-69
45
20
34
120
5
-82
-55
1
-116
-50
56
-14
76
42
31
-33
-45
-17
-22
72
-39
20
50
23
38
30
-87
34
-16
-76
46
26
63
-14
77
-56
65
-17
67
56
69
40
1
20
8
71
80
50
-82
85
31
-87
-47
-35
33
46
-95
-47
-76
-77
-71
-11
48
-27
-53
74
32
60
-44
74
85
61
21
-93
77
60
-5
-60
4
-104
-43
-4
-28
-90
34
-18
28
-1
13
-5
-41
-37
-93
42
-57
-100
-32
44
60
-17
27
58
5
71
-73
50
47
-85
-24
2
-87
34
-26
-41
-79
76
46
76
29
-14
-58
-68
-15
-18
-45
66
-69
39
46
-53
45
85
67
41
5
-41
-13
-64
36
-2028
16
160
957
-363
14
187
116
94
1939
1987
-553
1833
2006
1946
2008
1900
1945
1976
1941
1984
-167
-209
13
-13
-62
39
17
38
96
107
-17
51
67
115
88
115
99
57
65
125
150
53
53
126
100
58
78
104
89
94
44
93
75
32
9
49
69
-2030
-1492
-2030
317
1030
1949
-2023
-2027
-29
1929
1927
-1275
1961
1875
1930
1905
1857
1917
1902
1905
1887
784
1109
1
16
-1002
2030
1806
2027
1544
1993
1469
2014
1649
1763
1648
1874
1415
2022
2001
2024
1333
1931
1500
1960
1510
1950
1571
2023
1675
2015
1536
2031
1580
2032
1594
2027
1501
-11
-29
461
-1917
111
189
-2029
-822
329
-391
183
54
2006
1301
2027
1556
1811
1886
1906
1923
1618
1629
1783
1618
927
660
395
151
518
35
184
182
230
1
242
177
-7
376
309
220
312
131
235
-75
150
119
559
-175
303
247
293
158
397
-185
453
162
335
11
405
129
336
2027
738
-265
-819
526
-227
-131
-1392
92
1541
1943
-2032
1987
1578
1659
1491
1466
1792
1787
1689
1780
-336
-354
258
-131
372
799
807
707
626
750
661
719
849
941
780
1009
710
877
651
879
642
786
598
973
687
965
792
932
669
924
628
718
765
948
767
736
693
-171
14
-450
-2023
125
2028
1120
842
-21
-294
989
47
-620
-327
-155
-47
168
330
244
264
1
17
56
13
-692
-2027
-25
-137
-503
-421
-544
-467
-415
-455
-315
-300
-148
-176
-352
-586
-534
-700
-480
-476
-112
-397
-201
-437
-317
-224
-226
-336
-269
-509
-321
-474
-398
-341
-353
11
-158
-2029
28
-8
158
31
116
-136
1538
-37
704
770
304
-822
-295
-251
-331
-174
-339
-429
-240
-396
5
46
-180
-74
-129
109
110
64
86
-139
63
-149
8
-16
195
97
158
99
193
14
82
110
146
15
142
-46
110
76
141
-123
60
-113
-39
34
107
54
189
-82
-266
2031
-44
38
-17
43
77
61
78
64
-49
-50
-24
33
19
-26
78
31
-38
-24
-27
-75
-1
-78
51
-32
-82
-41
-67
46
-70
-25
-79
-37
-9
-53
69
-30
-77
82
47
-93
-28
-13
51
-10
-24
48
-1
11
-67
-81
16
71
-46
65
-31
24
32
-36
-39
88
-57
69
-72
-75
76
50
46
24
69
14
-43
84
-14
60
-21
40
-48
-77
2
-92
-29
75
-71
-83
-5
19
-82
-46
85
6
-35
28
-49
-1
31
-23
26
-71
-38
82
68
-55
77
-1
-86
77
-85
56
11
28
85
67
60
-16
-17
66
50
-16
-61
-32
-80
-64
-5
59
-81
60
46
91
-28
19
19
20
22
-38
-21
51
-92
42
74
92
37
-14
22
-80
58
4
-78
-19
54
75
29
-79
15
-50
89
59
11
-1
-42
82
62
-76
-48
-84
22
-23
-68
13
59
17
33
-61
26
-38
-52
-51
85
87
62
19
37
72
-82
-94
49
26
-20
24
59
-12
-41
-68
-25
-89
-48
12
49
53
-74
-72
80
68
30
-87
63
-13
76
87
41
-35
-69
-7
43
76
45
9
-93
29
65
-25
-47
55
-13
-93
-35
-13
-17
88
16
-32
-56
9
-24
85
34
54
-28
-34
82
-87
-13
20
66
2
32
33
-55
3
5
-71
-22
64
-47
68
-2
18
38
-33
74
84
-92
-28
-13
35
88
-89
-41
-93
42
-30
-52
51
-22
51
-51
91
77
-59
-57
41
-93
-35
76
34
65
-8
-79
84
76
-56
-84
-18
2
57
-17
-68
49
-25
52
28
9
-57
51
63
-57
74
-63
38
-15
-66
-20
53
13
-59
93
-55
67
15
-6
-31
71
-68
-12
-65
-38
49
-57
-52
38
41
67
83
-37
38
-31
-34
-34
-76
-28
31
43
42
-38
80
92
70
15
-71
29
3
-76
17
50
-75
-56
-26
-76
-934
743
-2016
-1686
125
-454
-136
891
8
1541
1566
-237
1338
1274
1191
1780
1641
1223
1353
1493
1290
1216
944
317
-39
907
1039
1001
2016
838
1454
-138
563
-303
1869
882
-1637
-2014
-1467
660
1887
2012
-2015
927
1322
2030
1734
1237
-2010
-2030
1411
200
-2009
-2031
-1402
1345
1971
1861
2004
-531
-516
-17
-1
633
252
67
-70
775
586
-163
1829
1718
1668
1592
1720
1653
1733
1859
1775
178
241
4
45
-369
-414
-197
-312
-422
-252
-221
-306
-318
-217
-210
-264
-529
-351
-400
-290
-362
-176
-270
-302
-553
-352
-362
-352
-349
-165
-463
-182
-526
-216
-308
-236
-485
-52
-16
280
60
60
-10
2
-13
-153
-115
-24
-38
258
272
147
1942
1967
1890
1961
1986
1949
1914
1986
1981
18
15
7
4
127
-21
-19
-46
25
-25
52
4
-59
-6
17
-11
38
6
34
63
-4
31
-43
14
-25
14
85
-23
-45
13
8
16
-2
-24
-7
15
6
-2022
-19
-271
-40
-31
63
153
-525
1
443
479
-6
1836
1957
1873
1761
1737
1871
1824
1863
1880
102
116
-11
-6
-162
976
442
-2032
-2031
-2032
406
887
1633
-1472
-1876
-1435
334
2031
2024
2028
101
-1251
-1483
-956
511
1886
1916
1739
85
1340
1185
1121
53
-508
-801
-250
416
-26
-14
24
-2030
-126
-775
2028
-315
670
2027
-527
-47
553
691
-237
471
601
426
616
361
517
535
526
494
293
561
-65
-28
-328
346
394
334
352
420
240
375
449
291
308
380
357
324
336
366
202
368
389
294
319
417
504
388
422
267
351
350
358
335
347
348
416
-2026
-280
-156
-1088
-1757
659
-2025
-800
-53
547
625
-30
1420
1559
1572
1563
1549
1580
1633
1576
1615
165
6
46
-23
-533
-699
-548
-568
-396
-502
-301
-509
-508
-533
-490
-529
-447
-589
-435
-502
-445
-560
-407
-479
-587
-621
-522
-506
-522
-492
-388
-509
-447
-505
-470
-442
-373
-274
-54
-2031
1034
-55
-236
615
-108
-869
491
-474
17
-524
-683
-218
-173
-302
-541
-190
-460
-379
-497
-208
-493
-21
103
210
38
949
486
276
108
420
-84
294
-8
218
-11
244
209
178
-231
332
226
483
-21
409
306
454
138
249
220
236
-117
447
-51
253
467
465
142
513
-1883
-803
-2015
2032
1069
1295
35
2022
-51
1098
-133
661
-280
-525
-315
-406
-295
-644
-614
-588
-677
191
-1959
839
437
1744
1254
1877
1381
1368
1063
1115
1228
1160
1750
2018
1111
1118
916
1075
949
1945
717
1188
992
1739
1491
2023
982
819
967
1555
1247
936
934
2005
1509
1419
115
148
-2026
923
25
33
121
-21
-97
-124
81
30
666
670
-168
1803
1755
1805
1773
1918
1702
1802
1985
1875
-21
-37
-6
0
124
-77
-31
-134
-41
60
-13
-49
-49
18
82
-38
-52
-14
-11
32
26
106
50
92
-49
-49
32
-11
70
34
71
21
-7
40
-49
80
87
-2032
3
-474
-137
-4
72
159
-688
23
-428
-445
-222
1561
1251
1234
1961
1873
1519
1568
1684
1573
205
216
-45
17
-82
2026
826
1648
514
1995
1080
1838
652
504
573
2008
1492
1487
194
150
-59
1649
-80
-2032
-2017
-1592
404
2031
2017
-1910
-632
-2028
-598
-2030
14
-1361
-228
-7
-36
132
-86
-60
71
-74
-76
29
69
72
-60
-57
-28
34
-50
-74
-24
76
82
10
-49
-84
88
30
-93
75
-75
-11
44
18
49
-53
93
-83
18
71
-88
42
78
-19
71
-76
10
-5
31
49
72
-45
-53
-36
-13
-38
47
23
-70
1
-93
33
30
55
46
64
-5
45
49
70
60
54
59
-30
81
64
-85
79
-11
79
-32
69
75
-63
34
14
12
-70
45
-68
-75
-66
-7
50
71
61
-27
93
33
-92
-85
-3
56
53
30
62
2
-2
-53
37
-4
-60
65
31
83
90
91
-19
-19
12
86
17
-76
-60
-86
88
63
-94
-64
-22
-34
33
-82
40
-21
27
29
-32
-32
-17
-40
-50
-46
-25
28
80
28
-79
18
-79
-2
-2
-64
74
3
90
-71
-49
61
7
18
-53
97
8
-16
-8
-11
-78
51
18
-47
-69
-85
16
76
-53
48
-45
48
-69
-88
85
-74
-77
48
-38
-34
26
65
64
59
46
5
-90
0
-73
-82
-38
-31
72
-44
23
65
25
3
23
-48
-66
-66
67
69
-56
-14
40
-35
47
83
-9
-61
69
-94
59
-11
38
-2
-10
88
33
39
-67
-19
-42
106
-62
-87
23
53
112
-87
65
-81
-68
-42
-82
1986
-282
-66
2029
-2032
127
-114
1979
37
1731
1214
1716
14
-790
-122
1014
-432
-650
214
220
-912
-2032
65
-106
157
-675
-1795
-2012
-2029
-908
-1025
-942
-687
-712
-1180
-1146
-1019
-1071
-1060
-1209
-810
-1105
-1113
-695
-1568
-1648
-1271
-1318
-1588
-1346
561
2032
1984
1631
2025
2032
2027
1285
-1985
131
88
-190
1984
-275
-102
834
-33
1648
1971
-970
-200
32
118
911
-264
-183
315
414
-197
93
33
-161
-47
-253
-21
-71
118
1
-398
-39
-365
-403
-106
257
41
-121
-130
-148
250
418
-345
817
-235
582
-12
34
108
898
-1543
1875
-722
1557
144
-336
-229
1972
-7
-2031
1021
1840
-456
-245
-196
-2032
-1827
-1294
2028
63
636
596
-1550
1961
2019
1998
1990
1979
2000
1991
1956
2001
938
-655
51
20
-2011
661
586
563
539
706
667
534
620
536
528
527
660
516
601
556
697
566
625
596
533
470
443
484
552
682
584
554
518
612
454
542
547
-2027
631
853
1542
-155
-228
1116
-1209
41
1428
1427
-149
1946
1982
1998
1962
1988
1997
2013
1999
2020
-814
-799
-4
2
-136
1450
1395
1573
1452
1545
1425
1583
1489
1469
1432
1568
1448
1426
1446
1506
1424
1537
1499
1502
1385
1450
1426
1495
1402
1759
1363
1598
1429
1577
1409
1537
1349
-8
-2032
1308
-40
15
8
-44
28
-40
33
26
-64
52
-69
35
-28
-83
19
83
42
-69
36
-2
-76
-59
-41
-33
19
70
-75
-69
-85
-69
-43
56
83
-37
67
-28
82
63
48
-9
7
-28
-58
57
-51
-27
-40
-62
32
38
73
24
23
13
-5
-33
-77
-32
62
-70
59
58
42
2
-56
-53
37
90
-42
91
56
-89
-68
-46
39
-50
8
-79
39
-69
27
-41
59
22
30
78
-35
-27
13
-37
-84
20
94
10
-11
-38
-57
39
86
-76
-38
-71
-40
-48
-18
18
89
-54
78
50
86
26
29
80
-48
-13
-31
-6
-33
524
-157
-31
-70
-62
188
30
19
22
2013
1994
-88
1960
1874
1936
1913
1823
1874
2020
1728
1984
10
17
-36
-5
-76
-111
-83
-128
-110
-142
-91
-95
-130
-109
-69
-56
-166
-73
-102
-129
-101
-167
-117
-82
-79
-35
-99
-151
-233
-48
-192
-17
-94
-148
-69
-81
-167
1057
220
-458
98
-71
-187
107
-920
-59
1957
1973
-838
1859
1769
1841
1829
1935
1812
1835
2000
1936
132
194
24
-10
739
2015
1401
2028
1403
2029
1449
1959
1184
1753
715
1710
1520
1923
1140
2031
1623
-1309
-14
-1781
285
-2027
-985
-2031
621
2016
1337
1900
1130
2028
1056
1997
1306
3
-18
-71
68
68
34
63
86
12
-2
-5
57
-18
-86
-7
-88
90
-30
48
80
-79
34
8
43
-35
-54
43
18
-1
-27
-5
-78
-30
-16
55
15
46
-29
58
35
-19
28
-83
-64
-47
30
-73
-83
57
-35
52
67
30
90
-77
-67
-74
54
58
11
49
81
23
-32
-77
92
17
59
83
-15
81
22
24
73
-8
29
-9
-14
-80
40
77
-17
-4
60
-4
-81
11
-9
26
-10
-15
-14
87
-4
26
33
-60
-40
-55
66
51
-58
42
87
-71
-84
86
72
5
-90
81
30
-94
-26
-35
-90
-62
52
-94
85
-93
45
64
-22
-57
4
-68
-80
-52
-123
-5
-41
-135
-130
12
48
78
28
-49
7
1
-13
-92
13
26
90
6
-107
36
-80
-99
23
29
-44
25
52
52
-41
-99
104
-42
-55
49
28
-15
35
-9
-20
-7
13
62
68
-28
70
86
-48
2
-24
37
-44
-83
14
-105
-43
-82
-101
4
-84
-69
62
-23
-61
22
18
-14
-73
-121
-24
-26
11
-87
2
36
-99
-26
-74
-63
42
22
35
39
2
3
-82
-109
-26
-30
-14
-99
14
-15
55
15
11
-6
-31
-70
35
-73
-52
-67
-114
-75
-71
8
-20
-6
10
33
-26
-316
-37
-81
45
-73
-60
-86
81
-278
-53
-136
-70
-227
74
128
-71
280
-34
-143
-154
-200
-173
-34
-73
-9
-157
5
-144
-19
-61
-70
-94
-171
-20
73
-91
-29
-74
-95
-4
-176
-182
59
-75
-127
-162
13
-24
51
-205
39
43
69
130
84
-67
179
20
93
-243
2
96
-72
44
-24
68
196
17
-188
-114
39
90
-160
130
-107
45
-103
-89
-88
-47
-32
-74
182
-52
-54
-66
-66
-110
-105
-171
-237
-151
79
-122
-150
-144
-216
-139
-191
-151
-154
-63
-174
-55
-147
-93
-250
-97
-5
-92
-203
-145
-52
-87
-87
-29
-128
-229
-86
-2032
-64
-5
-128
-62
33
-48
-24
-114
-92
13
-26
-100
-91
-75
13
43
26
-90
51
-59
-98
-93
-2
-26
28
9
-31
-107
12
-97
-111
-119
-17
-36
4
-124
-71
-130
-124
-89
-53
-76
-64
-46
-3
23
-177
-98
-64
-21
23
-31
-117
-120
38
-65
4
-39
-73
-5
-107
5
-21
-22
-44
-8
-83
-92
-92
-73
-42
-43
15
-63
54
-30
44
-49
3
56
18
0
-12
26
-136
-114
-23
-39
12
-94
34
-87
-14
31
-27
-86
-71
21
-90
-120
-9
-9
-18
-62
-133
-56
-93
-90
-36
-81
63
51
-112
-13
-107
-131
-79
-35
-31
-25
8
34
-60
16
-48
3
27
-58
-35
59
-68
15
-70
-11
11
18
-62
-90
-56
5
26
24
44
-65
-77
50
13
-31
58
8
-60
-21
-28
34
-59
-69
-88
32
-88
-1
-51
18
-47
71
-57
-63
-47
-42
-68
-78
-47
94
-86
-29
91
22
49
-43
-12
-36
-94
-32
4
93
-70
-47
94
70
-81
89
-45
82
19
13
59
1
-51
-14
-30
-16
89
17
-10
-74
65
37
47
5
-56
60
71
-10
-16
-31
-38
35
-37
-33
-77
-12
75
-87
-85
-85
33
92
12
42
-54
-24
-6
-57
3
-83
6
58
-39
32
-414
1338
-1523
1836
-2032
1520
-1995
-1384
-92
2010
1521
2031
1888
1669
1858
1546
1903
1503
1590
1466
1526
174
597
224
126
1250
1253
1855
1730
1533
1606
1448
1700
1709
1322
1328
1349
1808
1610
1463
1415
1460
1597
1661
1254
1376
1220
1363
1384
1793
1537
1564
1451
1317
1074
1568
1570
1665
-2020
-145
-2022
-716
557
642
27
1305
94
1703
1912
-530
1660
1846
1791
1846
1907
1717
1851
1752
1879
1047
1189
178
-93
-1671
-701
179
-293
211
-166
215
-280
89
-400
-137
-287
250
-406
221
-344
-22
-137
420
-283
-118
-310
105
-556
397
148
101
-282
148
-475
291
-354
62
-74
-728
-610
450
-124
-29
-86
-368
-325
-183
33
2
-45
-74
13
18
-6
-102
-31
60
-16
-61
-62
-75
-304
12
-2
-70
-244
96
-107
-67
-29
-97
16
-38
12
24
48
41
53
-65
43
52
29
8
4
33
47
21
-63
43
-30
50
11
25
49
-80
-15
-1
6
408
-154
-27
-92
-383
-212
-113
85
18
-17
-102
38
-58
-30
-8
13
-32
-4
-75
93
47
-322
27
-18
13
-267
-70
-96
-46
9
-88
4
-13
-10
-83
39
59
61
38
-26
74
31
43
-21
40
-78
7
34
-50
76
50
3
74
-91
-77
-106
-84
-116
33
-33
36
-1310
-1084
-2007
-249
88
984
86
-31
19
383
343
647
-507
367
198
-927
-763
-53
-421
-914
-417
764
1045
-77
71
457
1323
2029
-1029
2017
2031
2030
-1320
2028
385
1326
1548
1781
-107
2026
923
1868
-503
-2028
1912
-1773
-698
-1846
1691
-2031
1926
-1669
-1023
-2015
1763
-2028
-970
-1566
-2030
870
-743
-217
-114
-964
-54
-271
-73
1881
1932
-95
1105
417
584
994
765
713
1093
599
646
320
368
226
-14
1089
922
888
923
796
856
965
929
804
481
692
858
1512
1343
1362
1061
680
721
732
894
1316
1295
1280
1240
711
1154
1171
987
1148
935
1187
1059
1183
79
-31
-3
80
53
-113
9
31
49
68
57
34
-68
71
-87
95
76
-93
-14
-6
-57
18
-62
31
-71
-79
46
-33
-112
62
72
80
-41
-55
78
-73
57
-96
-67
15
-6
29
72
-40
-29
-11
33
37
43
-35
-27
-16
-83
47
13
-89
-57
99
-15
100
-99
-22
53
18
-39
-62
10
39
-7
47
-42
1
42
-87
45
76
92
-16
28
98
-8
37
-51
61
17
15
-33
-26
-5
56
-92
85
8
-4
-43
46
4
-93
-115
-55
41
18
39
98
22
-49
-27
34
65
0
0
-35
-4
66
79
-20
47
31
54
-86
24
-1
-1813
62
45
-33
-8
-273
0
-542
13
1863
1577
422
1623
1944
1665
1885
1688
1942
1537
1943
1535
71
69
476
136
-21
-291
36
-134
-172
-374
387
-348
-188
12
-107
-67
-1
7
192
-16
-109
-22
106
-71
-138
-41
-106
-119
-55
-367
409
-405
-177
-249
30
-97
-188
-2032
-259
-86
-254
74
57
-53
706
-68
1940
1990
1105
1372
1365
1916
1350
1898
1498
1299
1417
1298
6
29
-138
-9
73
1919
1415
2030
1689
1998
1463
2010
2031
-1792
-821
-1504
-1783
-1996
-1660
-2027
-1266
-1981
-1594
-2031
-1402
-1932
-887
-1553
-1752
1819
1479
2008
2028
1831
1433
2026
1685
164
207
924
42
-72
-34
18
33
-2
-66
19
52
-15
-15
-16
7
-35
-69
72
88
-68
-29
30
27
-30
-61
-46
-60
52
-44
3
-68
-83
-19
92
-17
-50
43
7
-52
23
11
62
81
-73
-9
53
65
-89
30
-37
-87
23
-68
-6
-25
-86
-39
-3
41
-27
23
68
-50
-66
-87
78
3
-10
83
-88
84
11
36
-86
34
43
41
-68
-5
-17
46
-71
-67
34
61
40
68
-6
-54
-42
8
18
36
21
4
70
45
16
-77
12
-25
-46
67
8
5
82
38
-89
-41
3
-18
-88
-62
86
88
7
22
-22
-42
88
53
-2030
-379
-854
249
-290
715
337
164
67
708
305
530
1519
1631
1538
1816
1548
1514
1554
1713
1473
178
418
-94
104
-1012
-406
-505
-476
-702
-342
-793
-628
-939
-391
-801
-336
-766
-485
-419
-401
-773
-228
-162
-114
-569
-274
-623
-303
-475
-91
-512
-279
-675
-251
-269
-150
-498
-2029
919
-1733
-1828
593
-389
-140
1157
-3
1968
977
2030
1571
1444
1099
1676
1098
1322
1401
1500
1388
1914
-2015
1329
384
-1832
-1319
-1293
-1546
-1930
-1192
-1650
-1358
-1567
-1603
-1256
-1549
-1188
-1769
-1018
-1698
-1490
-1735
-1249
-1789
-1480
-1805
-1613
-1583
-1118
-1214
-1639
-1423
-1677
-1546
-1416
-1725
-1785
339
-155
-2027
-1246
-98
-78
10
-15
151
-41
30
-48
911
917
47
1792
1805
1892
1898
1732
1963
1812
2010
1714
52
64
-17
2
-25
26
-101
123
32
-57
147
-72
-11
31
-21
2
-49
30
-21
-8
-51
57
-63
2
-55
44
24
69
-114
41
0
28
19
-31
25
20
237
-1855
70
-386
-124
36
21
38
59
48
821
1048
132
1776
1888
1921
1827
1825
1981
1823
1953
1552
141
224
0
-59
511
-1590
946
1810
2024
1720
437
-2014
-2032
409
-284
96
765
874
728
1093
972
1871
1905
1971
462
-504
-983
-132
887
1684
2031
2030
1100
-1883
-2030
-2030
992
16
-25
129
1275
-100
-33
98
-853
-89
-5
-1872
53
301
-271
311
244
-455
18
-751
-121
0
-44
86
-35
104
-13
-445
99
-253
112
-80
56
-92
120
46
-79
-100
-36
-235
131
61
100
-14
53
-25
67
-194
45
-55
143
54
161
56
158
-85
-21
-273
-8
-294
89
-30
1617
-50
-145
3
-1009
-220
-118
1979
47
17
-49
117
-185
-335
-230
-496
-235
132
182
281
220
14
-168
-25
-7
216
38
6
17
-210
64
-25
95
-60
19
-129
156
-161
76
-197
145
-451
140
-457
175
-457
-200
-214
33
-231
19
-284
81
-111
6
-81
-14
-264
110
-116
1979
-2032
75
183
-54
-1374
-41
-134
-1929
-92
-527
-80
-469
1105
1264
1469
1945
1074
1503
1372
500
952
57
-50
-17
-119
66
141
-152
-234
46
-347
-83
-462
-845
-328
200
475
447
493
534
27
-188
-390
-162
286
912
423
447
-208
145
65
168
371
639
5
369
-121
329
-2004
-77
-219
-590
-207
160
83
1215
-81
1782
779
2006
1025
1179
1978
-402
-500
1729
897
-598
315
93
161
-74
150
-43
1959
1737
1688
1480
893
1970
1734
2031
1994
1650
1448
2019
2031
2000
2004
1997
-2031
-1255
-2027
-1846
-2029
-813
-1814
-1989
-1321
-1080
-2025
-2004
-1971
-674
-1796
-1362
170
182
143
61
-2
-65
34
-57
-81
-16
62
-9
46
-21
36
-27
67
22
-4
73
58
18
-4
-38
-22
-39
0
47
-75
15
-38
79
82
-74
-66
-81
76
-37
-50
-66
-9
-24
-75
-4
70
76
15
-38
37
7
-9
-47
-52
32
52
2
29
-44
89
84
94
-82
-77
-20
13
46
-24
8
-86
56
0
5
-87
11
34
47
37
-9
-2
15
14
49
-29
8
28
-22
-85
92
53
14
62
60
71
69
46
79
-9
-13
-6
-52
-60
-54
17
52
43
-81
-62
-29
22
38
-25
23
42
31
16
-20
8
67
-77
71
-46
65
-84
-9
31
38
-65
85
-83
-86
75
73
3
57
58
57
-2
70
-78
-60
37
89
-13
-76
-72
-13
-27
77
69
48
83
0
5
70
-58
79
86
48
54
61
75
43
9
-1
-13
-12
-24
-20
-80
-14
-41
-31
-45
-1
0
-58
-81
-6
-62
32
69
-87
-19
1
-32
79
-83
-36
91
-43
-54
-52
63
-69
-20
22
-83
-80
-34
-51
-56
-17
4
-60
-89
57
-43
-69
-21
4
35
-56
-46
91
-49
-52
77
-23
-48
-87
-87
19
-13
43
7
85
66
85
83
-38
-7
-76
80
-30
36
-48
15
82
30
64
70
63
-70
-92
64
50
1
4
-51
60
-26
-80
-88
-31
67
80
21
1
23
-50
-58
83
40
-14
-51
-12
-44
14
-73
-62
78
50
-87
-36
43
-14
63
-38
-75
51
-58
55
-27
-11
-69
-8
84
43
88
-94
-21
6
-64
-78
74
-20
84
33
-73
-80
38
-15
-31
-57
28
-70
-28
-16
29
-44
-49
63
56
81
-30
63
-27
59
-41
-81
27
15
28
-5
-63
70
33
-63
-81
-39
59
-21
-45
69
71
24
4
-47
-58
64
-80
4
53
78
-39
82
-29
-88
47
-18
-57
-70
-40
-40
55
31
9
39
3
-63
-2031
-23
329
2015
-713
1151
1937
2028
-59
114
2002
-344
-1892
919
1982
618
2013
1000
806
1088
783
-88
-196
589
-78
-1073
-1606
-1862
-1209
-1629
-2014
-792
-1650
-1998
-1161
-1942
-1620
-1698
-1344
-1982
-1989
-780
-1646
-1995
-1979
-884
-1284
-1966
-1871
-2005
-1992
-764
-1629
-1928
-1269
-1835
-1223
-1841
-2021
-168
-706
-279
-2032
354
-1529
-2032
-5
-1553
-54
-1663
1933
-475
-1935
-420
-1950
-85
84
-195
29
266
397
-1183
206
2029
730
67
527
-423
1038
-1117
185
1757
-864
-354
889
-83
692
-831
190
-713
601
-846
100
-859
-785
-446
1069
-31
835
-989
174
1639
422
-52
524
-25
952
-695
-1988
19
-74
-122
-16
-17
-98
-43
-82
-84
-48
-113
3
38
-60
-121
-77
-114
35
32
63
-28
0
-57
-18
5
3
-100
-27
-43
-23
35
-116
-49
-60
-65
26
31
17
-58
38
-58
104
-45
-50
17
72
59
8
-26
54
-62
-29
37
-135
66
-18
65
11
20
-61
51
-8
13
-20
-113
88
70
66
-11
-90
-52
-6
13
25
-17
5
-4
-74
54
-129
-4
-121
-95
29
80
-24
-106
29
-21
48
21
38
-5
16
-72
93
52
-70
4
-52
-64
-110
-117
-91
25
-30
-40
29
-93
-43
59
15
-59
48
5
-56
-106
22
-91
-52
1
-92
-16
19
89
79
56
66
-38
-62
23
-73
-7
-27
-84
-50
-27
-88
-35
-11
-94
-86
75
29
73
-51
49
-16
-67
-29
-87
-50
22
16
6
34
50
-21
-50
73
88
-10
-40
-3
27
83
77
-43
70
-66
0
-28
-97
-40
-1
63
86
63
-23
50
-4
9
50
64
-52
87
-34
79
-66
-21
7
35
69
-4
-78
42
85
-59
5
39
40
75
-80
29
27
-12
-57
45
83
10
-21
-94
36
43
34
1
20
-33
-50
56
-2
-67
-63
-85
-21
25
-73
35
-54
-76
26
-78
-53
81
-23
-48
-104
55
-68
93
-53
-64
47
43
39
-61
27
-33
-12
-32
80
-8
-59
-11
-58
-56
5
-86
-91
13
-82
2
-18
53
6
80
-81
-29
-4
57
-24
-82
-23
64
45
0
-31
34
-62
9
-50
85
-76
-61
-59
-16
54
-85
-82
90
-69
7
73
60
67
-41
43
-54
-2
-85
64
25
16
-73
18
87
-74
42
18
49
-35
-48
-27
-5
6
44
71
86
-90
-35
-34
-82
-15
28
36
-71
-56
-49
71
92
-30
-34
-47
-51
-80
12
49
3
7
58
69
66
21
-59
-36
-35
-35
-82
2
41
83
-54
69
74
85
-36
-58
27
-20
1
-85
24
-83
3
-14
77
17
-115
-126
17
23
-40
-58
64
-70
-107
-65
-89
32
-118
37
-43
-92
34
-94
-88
-36
-70
14
-53
-19
-72
37
5
-53
22
-144
-112
-32
64
-9
-99
-84
-35
-114
-44
-19
-27
2
-23
9
-38
68
-85
-39
-1
-33
33
-78
-104
-10
2
-83
62
19
23
-96
6
-78
78
-50
-12
-51
-13
103
-25
-20
3
-117
6
3
-75
-5
-23
-49
-70
-186
18
-27
-142
-47
-171
5
-106
-94
-92
-2
-38
28
12
-101
-14
-67
-126
-92
-143
-125
49
-22
-87
-114
-22
-98
-92
-91
-100
-11
-16
3
-70
53
66
-82
-86
-91
-25
-80
-51
-80
-40
-53
-56
37
-76
-91
-83
-58
69
-6
85
29
-77
52
-88
4
-36
-80
-94
39
-41
-37
-39
80
90
-36
66
-92
-73
67
-27
-17
10
-32
54
-87
57
36
-2
2
-4
-27
-10
-9
76
-82
91
8
-31
-13
-19
5
-49
60
78
-25
14
6
-31
-41
-6
-44
12
76
-18
27
-37
-60
-25
92
-35
75
13
41
-64
28
-36
-65
41
32
-54
-53
23
-64
-78
36
54
89
-28
18
-4
-47
-71
43
-75
27
-18
90
-27
44
-92
9
-47
-10
-63
3
968
74
1
15
-8
-238
-158
-31
82
-1
46
45
1870
1818
1982
1867
1837
1907
1918
1828
1864
10
-5
-10
-8
211
52
46
-25
101
104
68
82
37
10
39
21
100
51
65
59
15
20
93
118
110
75
78
18
65
50
120
68
64
63
34
-7
12
-2028
54
-183
-107
-57
-33
212
-814
-34
369
235
-41
1791
1890
1865
1828
1731
1877
1905
1756
1830
103
71
-126
36
-459
-2030
294
1320
1995
1224
1
-2029
-2021
-1512
-285
2011
2030
2030
71
-1214
-1616
-471
66
1611
1492
1297
12
-801
-1032
-741
492
1776
1610
1615
52
-920
-1518
-14
-11
-52
-98
56
-95
-105
96
42
37
-13
14
-44
58
-117
25
16
-77
37
45
45
-29
43
-30
-78
12
6
-33
-63
-96
-15
40
-7
-45
25
-61
36
-89
-95
-62
-11
-68
-101
27
19
-62
23
-20
41
-60
53
5
19
-89
-16
-42
0
-28
-22
48
-91
-42
8
3
-41
-29
-92
-55
-98
-40
-10
-37
-1
60
55
-53
0
36
44
69
-24
-83
18
30
-25
57
52
-17
-14
-71
31
11
16
-102
34
-7
45
-56
32
-67
-63
-1
-110
53
-94
-114
65
22
29
-75
10
3
59
44
-11
-85
-59
38
24
-57
-62
29
-808
-78
39
55
-56
207
52
23
21
1209
1217
-33
1965
1951
1958
1967
1875
1870
1952
1909
1983
-24
-29
-66
-2
-116
-130
-33
-117
-128
-29
-109
-54
-79
-84
62
-105
-92
-84
-84
19
-99
19
-103
12
-126
-81
-40
-75
-81
-32
-36
13
-68
-84
-30
-40
-49
-2032
-71
-325
-18
70
122
-35
609
-31
1056
1244
-754
1813
1635
1597
1934
1964
1776
1807
1697
1758
81
103
93
-37
1091
887
590
751
541
1954
1800
1689
459
1874
1472
-2029
-2029
-1587
1405
1910
2024
-1633
1127
1762
2018
1581
1176
-1732
-2028
-2028
960
1520
2032
1430
744
-2014
-2021
-20
-3
145
-2021
-78
-225
-124
-121
19
457
-932
65
1055
1184
281
1713
1612
1629
1949
1853
1666
1735
1850
1793
114
126
-56
-65
-642
2031
100
-606
-1714
-1029
-510
1952
2029
-2029
-1943
-987
566
2021
1988
1255
-822
1662
1852
392
-937
-2032
-1653
-961
860
-1982
-2028
-1228
269
1958
2030
1437
-637
1119
-10
-100
51
35
-241
-365
146
46
1120
1028
18
1951
1906
1746
1860
1843
1824
1905
1860
1973
46
56
20
45
234
-221
-190
-197
-116
-153
-130
-264
-91
-81
-136
-198
-257
-130
-257
-155
-140
-84
-164
-90
-241
-189
-189
-267
-131
-158
-240
-149
-222
-138
-273
-76
-185
-100
32
244
2029
572
451
-117
-1395
-158
714
-2017
29
-805
900
-2029
754
1147
728
1234
617
998
1000
969
1009
127
-125
-431
-527
-280
1715
1625
1617
537
1139
542
1239
1184
1021
684
1210
979
957
1108
849
1262
1409
1312
744
1406
1414
1022
1382
1409
461
945
1457
1119
1687
1251
1460
851
2018
902
-683
-1741
405
-758
1064
346
-9
-688
-1109
-895
2015
1243
1139
1252
1297
1391
1488
1532
1527
163
375
151
-11
1446
1545
1898
1574
1756
1684
1870
1436
2004
1674
1984
1822
1917
2020
1981
1301
1715
1874
1877
1300
1831
1616
1894
1910
2019
1364
1835
1469
1922
1158
1789
1359
1864
51
325
2032
-2032
-333
291
-448
-2029
1991
1863
-2031
33
-633
524
-2031
-1145
1768
-1640
1612
-1658
1072
997
1004
1031
-1995
-539
1225
-375
-2004
417
-407
181
-93
123
923
-568
-277
2031
-863
1961
-588
791
-560
1588
-948
596
-703
1909
-1156
2028
-990
2002
-1103
2
1113
-407
5
744
-454
517
-244
-2031
-296
-561
1108
-2017
-1704
-1338
-2032
54
1667
-996
-2031
1040
206
-509
214
-741
821
797
625
743
-2029
821
-979
-262
909
-1402
-1191
-1849
-1812
-1112
-283
-2032
-1945
-2024
-573
-1790
-762
-1909
-1026
-1355
-1746
-1670
-869
-1197
-1893
-2025
-575
-1474
-380
-1212
-331
-2032
-1840
-1496
-1002
-1429
-1355
59
-1859
2026
614
-668
-471
-603
-912
-801
-307
177
15
-93
-84
-153
-140
24
51
331
16
-162
-82
-193
-115
-911
42
78
-177
-877
-69
-124
31
-88
-60
-13
-32
-36
0
51
-89
-12
-39
-39
-96
-63
-107
-79
39
-87
25
-114
-109
21
6
27
4
15
-81
-65
42
-41
733
-1166
-1004
-1253
-1408
-1243
-202
249
45
32
-191
-49
-106
-176
37
-177
63
41
-75
89
24
-1377
-8
-501
12
-1335
-114
42
3
-15
-68
-79
-54
16
-91
-56
-61
-69
-87
-97
-20
-98
6
-51
4
-78
38
20
21
-57
-56
-114
-63
-26
-106
-135
65
-57
-376
-107
1907
-2025
-727
-270
1414
-254
588
-1937
2032
-26
459
2007
1230
-1726
352
390
730
389
83
194
349
209
137
257
-719
-69
1947
1260
139
602
220
940
315
734
-42
1357
546
1507
-47
724
699
1377
836
1254
1018
1584
1108
1604
650
1839
485
1422
74
639
29
1152
363
887
552
-2031
114
281
-1464
2015
-569
984
-1971
-93
1970
1175
-1517
1993
-1979
-1957
-2009
-1967
-1414
-1185
-1176
-1141
-36
-171
1226
36
734
-890
-628
-1043
-542
-1210
-668
-754
-387
-1420
-1137
-765
-732
-948
-831
-958
-641
-640
-708
-771
-470
-1371
-1300
-1113
-973
-1015
-708
-829
-535
-901
-931
-1365
-743
671
-2013
-2020
-1896
77
87
437
-25
-201
-149
-463
13
1220
1355
-88
231
436
286
456
218
1099
-266
1021
-326
-60
-86
72
-49
42
222
211
280
553
12
259
223
155
100
21
151
418
178
342
124
128
177
289
142
157
132
8
49
256
36
437
301
323
249
319
181
412
-1008
30
-224
-430
114
-29
-70
705
-18
1904
2016
720
1659
1316
1556
1388
1458
1419
1393
1353
1352
140
202
-93
-48
310
-1396
1258
2021
1732
-2025
1747
2017
932
-1371
-606
2014
-1330
-1461
-786
1724
-583
-1028
-914
1324
-511
-1132
-747
1737
-1375
-2028
1842
2021
955
-1023
1147
2026
1845
-138
134
-2032
-1998
116
-257
-122
174
-104
46
368
-58
1993
1941
884
1646
1567
1537
1648
1527
1731
1622
1591
1596
97
180
74
31
496
-1157
1071
1988
2002
-2023
1819
2029
1063
-612
-83
2030
206
-1552
138
1777
-373
-379
-1362
874
-1319
-312
-1831
2027
-2029
-2018
1948
2008
1474
-1288
1721
2000
2016
-937
17
19
140
6
-216
-71
-123
28
193
301
116
251
504
452
561
447
814
76
970
80
38
33
-116
-27
-85
-191
16
-17
151
-178
39
-26
-74
-156
-131
-47
-19
-31
61
5
-34
-43
-33
-36
184
-214
-152
-52
33
-178
-15
-40
-117
-169
13
-11
116
26
-56
2032
2
-1
-5
-97
42
-73
-21
61
16
-90
-42
-61
-10
24
26
50
-44
63
-45
-16
-91
-86
-66
-62
-82
-52
-3
-12
0
17
-21
25
-20
71
-80
-112
8
55
-40
30
-31
-87
24
38
-84
44
-18
-63
-23
72
-88
-96
-55
-71
-60
41
-21
68
42
-91
25
38
-70
29
61
-88
-77
42
-16
63
49
34
-31
33
-52
-68
-75
-39
-67
-92
-21
-74
23
-23
31
-1
50
12
-60
-27
-82
-75
6
6
-91
36
22
85
-10
78
-31
-34
-110
-12
-65
-88
-30
-55
-33
-61
2
52
-88
-88
-84
-62
-39
-117
-77
25
20
-68
-63
-52
62
-49
13
-65
31
55
-9
-47
12
5
-84
46
-56
-67
-18
-30
27
-31
-32
-13
-45
-65
-9
70
57
-93
-56
70
-92
-82
51
-49
110
55
3
-73
-21
-93
-108
-67
88
22
69
72
11
-69
-10
-89
-7
32
-96
51
-42
75
77
-52
58
-70
-62
-86
-32
4
-36
71
-22
66
-83
40
89
-71
-19
-65
15
5
-15
58
-11
65
-68
-29
26
42
25
-7
-27
-63
-88
-92
-66
49
-5
96
-49
-7
-8
-3
-66
75
-32
76
28
14
-40
-12
44
40
-59
24
-61
36
37
-62
54
90
-552
816
-586
-815
228
-489
-19
-444
63
1688
2022
-1556
1857
1916
1783
1849
1794
1929
1897
1878
1922
-165
-118
-51
-48
736
1249
1138
1087
1077
900
834
956
1034
1101
999
1151
1062
1057
881
1169
1095
985
761
1201
1066
1106
977
1029
908
825
839
973
862
1305
976
1039
1015
-2032
-319
111
-2030
-413
497
-273
324
-37
1943
1676
1695
1109
968
1149
1013
1164
1140
1067
1078
1048
910
646
292
72
-809
-1307
-1332
-1358
-1329
-1336
-1245
-1411
-1477
-1611
-1666
-1502
-1341
-1220
-1377
-1348
-1492
-1345
-1493
-1421
-1463
-1415
-1582
-1425
-1358
-1304
-1448
-1410
-1348
-1277
-1461
-1305
-1279
31
-38
-962
28
35
40
-50
11
57
-43
52
33
-49
41
73
-88
-26
-60
-24
25
-24
61
87
31
-23
-19
71
-52
25
-40
53
-39
89
61
14
-86
28
91
7
-70
55
-37
19
-17
78
61
-15
44
-22
87
44
11
-52
-48
-20
62
-52
82
-30
65
-10
81
20
-73
6
-91
80
10
76
-67
4
-33
18
57
-34
20
31
3
-9
24
-12
39
-38
-67
48
52
83
-56
-10
92
-8
-55
39
-6
34
22
-74
-81
61
65
-11
49
-70
64
75
-54
-61
-47
1
-65
-55
46
-59
-68
56
-17
-26
-24
6
-39
-26
19
198
-579
-112
-956
-1035
690
2030
-56
-91
1938
1868
-75
1955
1915
1828
1914
1839
1951
1968
1958
1942
79
64
-20
36
-780
-634
-645
-664
-655
-720
-709
-619
-711
-650
-675
-664
-721
-656
-622
-682
-739
-650
-677
-682
-746
-626
-704
-677
-744
-664
-672
-579
-654
-633
-617
-656
-613
2025
-514
27
1963
-2019
853
46
72
-52
836
653
-277
2030
1877
1886
1901
1910
1940
1967
1943
1957
-66
-65
110
53
-387
-283
-324
-257
-278
-212
-245
-259
-320
-254
-367
-266
-356
-257
-339
-272
-359
-268
-304
-272
-338
-235
-326
-299
-345
-209
-272
-270
-310
-235
-302
-240
-340
-9
-35
2028
-1347
148
46
493
-103
-189
-166
-489
-77
1043
1097
-68
51
119
-98
294
22
-264
284
-43
256
-39
-58
-30
-22
-27
149
271
272
205
11
125
168
302
66
265
62
334
203
213
109
211
335
124
74
273
30
146
-76
214
-130
164
131
337
215
437
119
-55
-1145
-65
-183
-497
158
-31
19
678
-40
1924
1940
613
1718
1493
1327
1921
1615
1391
1498
1295
1495
130
187
-113
-44
142
2030
87
-1996
86
1964
222
-2007
183
-490
-313
690
100
-604
-11
648
-324
2023
-1898
-1171
-1317
1236
-1020
-1783
-1989
1144
1895
-2018
1655
1579
1107
-1535
1416
-28
95
-2031
-727
-166
-34
64
-28
253
15
86
-1
560
594
-192
1877
1934
1939
1877
1892
1920
1952
1989
1888
18
9
-82
-10
-146
-87
-199
-41
-34
-49
-66
-105
-71
-65
-115
-105
-79
-108
-169
-93
-60
1
-97
-22
-77
-65
-156
-77
-160
-10
-201
-37
-67
-91
-110
-31
-100
-1199
91
-319
-122
94
-1
-6
386
48
281
387
-431
1829
1867
1826
1849
1947
1693
1748
1838
1732
121
170
7
-41
887
1617
1605
1271
1125
-781
-1236
-641
1196
111
529
1131
1570
1070
352
-231
323
-1676
790
1831
2019
2019
1250
-1434
-2032
1597
725
-1986
-2032
-2006
1070
1938
2029
-42
-36
141
2012
1
91
-206
-534
475
425
105
3
1733
2012
-461
-1646
1589
-402
-235
931
380
-1599
-576
1039
-3
-43
-496
-65
-564
504
-1143
-1447
-2024
-1895
891
1898
2030
-954
-54
-817
-949
-633
1266
88
1049
-64
-1238
-829
-107
235
391
707
950
1563
-183
-1990
-1989
-1413
543
32
2006
1122
-203
-60
-113
-169
-480
-121
-1689
-80
1199
822
-130
228
2030
-2029
-1853
2028
-876
-1457
736
1373
55
80
148
60
306
-576
6
1909
1996
-377
606
835
198
-216
160
239
1747
76
148
-124
-79
-808
279
-186
-200
-655
-86
-1196
-1814
-582
203
-453
-162
166
-338
-1970
-1907
-278
-458
443
-1
-56
-26
-42
-17
-16
23
-26
27
-45
-39
-97
88
-11
-72
-91
74
-45
39
-6
-82
19
40
61
-91
8
-34
-23
-51
84
-52
33
-17
-27
44
13
3
-44
36
75
-49
-42
-82
-41
-32
81
87
-47
-21
48
-61
38
34
49
39
66
41
14
81
32
-64
-25
90
74
64
19
-9
-82
10
-14
39
55
41
-8
-42
-43
47
13
-19
34
-92
-91
-3
33
47
89
29
-22
-15
79
-95
-28
-54
4
54
-80
-40
-43
21
-71
-21
-52
-67
0
-25
6
21
-63
-9
-34
71
-91
45
-16
-59
-21
20
50
27
-84
86
19
-8
70
72
-4
1
84
-66
-68
36
-45
-28
20
-79
66
71
10
8
68
1
-34
44
-85
50
59
18
-82
54
-33
-77
-78
-14
-60
84
-4
-41
-14
14
-36
0
-73
79
8
80
-71
-71
-24
-11
-50
14
26
-76
81
-32
31
28
51
52
-8
-3
-94
-55
77
8
47
4
-80
65
26
44
60
-34
-94
-65
-84
-26
-57
-33
-60
16
-53
42
15
-4
27
75
-90
2
-75
68
16
-12
-7
-2
19
-29
-63
-40
38
-2
-28
30
-46
-81
53
-90
55
-34
53
49
8
-76
73
-21
-6
-30
-45
1815
491
54
1444
-2010
-504
-742
-2024
57
-1567
-1916
416
-1010
-1828
-170
-1964
-103
-180
-273
-218
-109
83
96
732
327
-1313
-1557
-2021
-1383
-877
-1013
-1037
-863
-1292
-454
-488
-696
-1229
-812
-936
-657
-1887
-1336
-1106
-769
-2010
-594
-595
-840
-1426
-647
-1268
-1446
-1256
-1351
-2015
-1418
-1018
2032
-415
-1372
448
1146
687
60
-2032
-43
1453
1157
-405
-1696
-274
-1239
-531
-1139
-216
-305
-308
-224
408
654
-51
349
-41
1790
444
1479
1025
1980
468
1515
942
1407
522
1603
1285
1936
217
1995
728
1815
63
2010
659
1390
454
1469
887
2007
628
1568
920
1701
500
1462
1000
1367
947
-2030
-1013
-17
372
-2031
1741
339
75
-29
47
2009
1968
-397
1468
1445
1462
1463
1438
1452
1458
1462
1435
-271
-264
51
20
-414
-89
96
-8
90
-95
62
-34
114
8
44
-39
78
0
97
-16
48
-27
54
-67
30
-23
2
-70
69
-107
81
-43
101
-64
53
-18
92
-1674
62
-1345
942
-286
-89
-677
166
-75
1952
2003
-302
1635
1626
1604
1623
1615
1651
1648
1644
1628
731
545
54
6
194
151
107
140
102
195
77
110
103
116
99
195
163
198
148
178
114
154
110
181
119
146
112
197
146
171
76
131
87
158
77
130
84
-54
-75
-1124
-1383
267
-192
-2021
-2026
-578
-55
-2025
-40
-780
1705
-1930
-1971
2032
1089
2032
1201
-1984
-1550
-1715
-1601
-163
-21
-2032
-1016
444
1773
-520
131
-211
-180
1110
-813
-836
720
-1529
1830
-76
897
-1515
1387
-948
1047
-1441
1442
-829
738
-1424
1875
25
-355
1187
-1003
-731
1777
-494
14
-323
-2032
103
-196
-32
-941
1868
271
-1918
-93
-1938
-1611
-822
-860
2032
-1978
2032
-1938
499
54
477
-28
357
362
-1101
-538
-1148
-1641
1931
-1170
-1007
-2021
991
-1141
-1553
-1787
2026
-1728
-85
-686
1980
-2025
-1580
-775
2009
-2030
-1707
-1632
2026
-1660
-132
-2024
1091
-1120
-1627
-1560
1898
-1091
-1062
1010
758
-484
69
8
-125
-132
-59
-80
-81
32
-62
49
-49
-4
40
25
-14
-61
-4
-83
25
-26
48
-69
-104
49
-73
-55
-22
26
-105
-81
-65
-66
-111
-114
-94
-14
5
28
-104
-6
-38
-120
-20
-55
-78
14
-63
-116
-110
-34
28
-83
42
16
10
58
-47
-9
-2
-108
3
-17
1
-6
23
-19
-16
-100
27
-72
-94
41
-53
-43
-93
75
-56
-93
-60
-50
-8
9
26
-79
4
-119
1
39
-90
-114
-101
-100
-8
-106
-112
-114
-67
-9
-31
-13
-3
-55
-50
-34
46
11
36
-107
21
-39
-75
-69
-32
-97
-61
-79
-83
12
-30
34
258
-37
1
-2032
304
637
-2029
-38
1183
1115
-2030
1486
1442
1386
1435
1448
1460
1473
1494
1520
-1953
264
62
27
336
166
-774
-291
-143
66
-50
753
-755
989
15
497
153
446
-239
501
373
554
-379
715
-100
830
-150
334
2
89
-29
491
-458
-247
-538
-301
-62
-2021
-66
-571
671
-614
-70
-846
-2024
56
418
462
-244
1468
1381
1355
1384
1364
1386
1365
1359
1373
-2032
441
5
-18
499
-247
-265
-528
-629
-688
-467
-541
-413
-487
-243
-591
-220
-453
-363
-640
-330
-508
-515
-581
-364
-480
-272
-551
-224
-731
-443
-497
-374
-464
-285
-539
-503
-1
-2031
-2032
-2031
1876
-1807
-2026
1862
-1671
-678
-1940
38
258
60
-2032
1626
1840
1939
1647
1826
1763
1970
1717
1661
787
1566
-41
-86
-1714
1520
1840
1695
1741
1253
1104
1503
1790
1725
1751
1713
1443
1551
1504
1367
1514
1910
1515
1273
1358
1604
1614
1813
1690
1815
1684
1708
1687
1770
1866
1893
1612
-2019
-851
-718
-2032
1910
1062
-371
-464
5
167
262
-912
1760
1827
1735
1953
1525
1596
1746
1877
1738
-174
372
-93
-137
-726
-408
-267
-287
-294
-134
-348
-348
-389
-399
-269
-237
-194
-362
-288
-144
-562
-192
-129
-263
-332
-309
-332
-433
-436
-250
-432
33
-307
-331
-446
-253
-392
64
-236
-48
559
48
10
-37
-67
-71
-67
130
-42
-8
-113
-1
-50
92
-22
135
5
-94
-88
-142
-126
-41
-19
60
-84
-120
-88
-108
-70
34
-41
41
39
10
-49
-32
-14
-25
22
48
7
-122
21
-61
-1
-66
-35
-87
20
-125
18
-85
30
-63
-66
-58
34
-32
570
-836
-765
-676
-821
-756
-116
147
48
-68
-18
-63
-182
-5
-10
-116
6
-160
-91
-109
-27
-764
23
-497
-34
-868
-10
-100
-9
56
20
48
-34
-80
58
-52
-57
16
2
-64
45
14
-33
-92
6
-14
-61
-44
18
-74
38
-47
78
13
-7
-27
39
-69
-177
34
1853
-969
601
-1030
-205
-34
-861
295
-101
41
-1689
-1716
503
-1933
-1884
-1940
-1919
-1911
-1943
-1927
-1945
-1955
465
638
25
-5
430
332
386
380
281
469
288
319
379
362
367
360
259
387
233
392
289
403
304
408
290
326
359
369
262
385
337
279
340
289
395
370
293
2032
658
-502
2028
-1244
-1185
-2025
-538
12
1207
1383
920
-1095
-923
-902
-892
-913
-1004
-1012
-997
-1028
444
385
-16
-21
595
359
312
310
307
382
325
313
338
319
336
351
394
343
391
403
399
295
345
438
359
310
335
375
351
358
357
361
376
317
309
324
314
22
64
-2032
2032
577
630
-2028
-2006
-1104
1079
1249
18
989
641
-2018
1993
1792
1986
1790
1975
-1965
-1996
-2010
-2013
-1757
-1591
-140
-1306
-625
-1432
-1466
-1292
-964
-1235
769
-1841
-2016
-1163
-1338
-921
-56
-869
-737
-1021
-598
-1434
-1225
-885
-536
-1294
-1590
-1472
-843
-1490
505
-1960
-1989
-1537
-1673
-1857
-1171
1521
-608
-369
-2026
1941
2015
400
1795
-23
-592
394
-187
-628
-220
1377
-471
896
2026
1295
1849
1581
1903
1991
-627
696
-581
1927
411
794
-703
2027
660
-211
427
777
-802
2016
-84
442
88
1897
-1173
359
-29
1790
-1233
1192
-323
2022
-22
2026
774
-175
496
1983
483
1074
-255
-844
749
501
391
-26
-78
-5
-23
-165
-318
-18
26
1005
968
262
1980
1896
1960
1904
1945
1859
1958
1856
1979
61
70
53
9
217
-2
-28
-13
-40
-65
-18
-83
-82
10
64
29
14
11
-66
69
-61
-10
-116
50
-114
-27
-40
23
-20
22
-38
-85
-73
-56
-18
7
34
-2032
34
-277
-121
-13
-66
342
-822
8
842
1026
440
1870
1990
1860
1888
1868
1897
1906
1913
1951
119
184
-28
-49
-859
1790
2029
1659
-528
-2031
-2030
-1954
-366
-2022
-1313
-1437
-524
1801
2032
968
-1569
1851
1787
1395
-706
-2003
-2031
-1443
97
-1660
-2029
-1546
-270
1999
2014
1846
-251
-77
-15
-14
553
-1383
-1412
-1319
-1290
-1443
-240
78
26
-34
-47
-24
73
-8
58
165
-7
-172
57
-132
34
-1465
-132
91
-149
-1469
-47
10
-13
3
36
-65
-45
46
25
-19
-90
-58
-7
-56
66
-66
0
-77
-10
-116
-71
46
-46
8
-64
-43
-12
9
46
-96
-85
45
869
-1681
-1675
-1578
-1641
-1614
-368
228
-56
-152
148
-16
-203
-376
-358
-527
-233
97
568
242
196
-1575
-88
-2032
81
-1693
53
56
-95
69
19
11
49
30
29
63
-59
-6
-16
60
48
-11
35
-55
1
-84
-28
-11
8
-37
-63
-22
27
-73
24
32
1
-112
-354
360
2028
-1386
-375
-157
64
30
-106
88
-1718
-29
511
-411
716
-575
-1972
-973
1917
-1713
-2032
-26
682
-1971
76
4
-627
191
-701
-2032
-2032
-2032
-1812
-2013
-1530
-1996
-2032
-1638
-1641
-1197
-881
-657
1
-1274
-1715
-1897
-1068
-2032
-1994
-2032
-1901
-1914
-2032
1951
1976
1970
1972
1942
1977
1957
2032
662
63
-63
-218
45
-255
-149
-1501
74
-1284
461
-693
-392
-1864
-1148
1956
-143
-1300
1762
489
-929
89
-9
-429
114
-272
913
284
1422
484
59
21
-80
-110
1192
756
1564
-125
-929
-138
270
443
540
1904
986
196
-755
-1056
567
562
-546
1951
210
1385
-263
-1437
-1075
841
49
171
-1980
1923
-28
-1090
-1606
1492
-10
-1073
757
67
-140
-179
-368
38
-14
123
-12
12
111
7
102
-63
-297
20
9
-59
-437
111
-268
-106
-355
389
-427
114
-479
-269
-485
88
-13
-23
-292
59
-233
-18
-366
35
-151
-19
-79
-223
-143
200
-640
-29
-632
-199
-426
-245
-482
1932
276
-1471
-247
837
700
1566
-197
-13
-133
-31
-144
29
32
-119
106
89
58
48
-177
-27
31
-280
-156
-50
1093
-380
-424
-279
-311
-325
-448
-307
-332
-435
-422
-387
-321
-400
-369
-326
-468
-268
-492
-396
-371
-375
-340
-438
-324
-267
-294
-324
-343
-273
-385
-435
-317
-28
-2032
-1888
-1559
191
-309
-126
115
-158
24
87
19
2002
1951
427
1564
1685
1677
1350
1447
1557
1370
1640
1523
105
198
-83
-8
332
1252
993
-1410
193
2020
39
-1063
822
1315
1097
-2031
328
2017
-646
-537
40
-2017
1620
1497
402
-813
-543
2032
751
-172
-1629
1968
55
-2028
62
1845
-1376
9
62
28
85
30
-125
-49
-75
-45
35
87
308
-769
-944
-857
-364
-502
-929
-744
-393
-682
28
29
-69
9
-194
36
5
-139
-85
100
-53
-181
-117
-131
-72
-226
-112
13
-66
-92
-5
-124
-174
-105
-220
9
-100
21
-126
-117
-148
97
-92
-71
-165
106
-83
-12
-17
2031
-77
7
63
-52
-5
44
7
11
-46
-43
78
43
-61
-56
-8
-31
92
12
-84
68
-81
-39
-59
38
-74
30
-9
-73
-7
-83
32
80
17
60
48
-52
-52
-7
-28
-37
-6
44
69
45
87
-33
-39
-88
-91
79
1
33
-59
49
61
69
82
-77
61
-10
-64
-76
-92
-12
-56
-63
10
-55
3
49
-38
-63
-17
58
87
91
-30
-65
55
-41
-39
-15
73
-49
-12
-79
6
22
54
48
-25
-6
10
-30
13
91
-20
-55
-36
79
-14
81
-58
29
31
73
-40
-70
-69
31
-7
-72
-45
74
-58
-87
78
-58
-93
350
0
-21
18
-13
-8
-15
0
-2
187
218
-58
1845
1804
1763
1838
1989
1853
1771
1864
1897
13
-3
-70
-6
116
77
73
64
152
119
-23
83
31
143
64
70
156
126
118
147
118
21
61
114
65
59
66
89
85
185
181
39
171
84
48
65
57
-1876
-44
-232
-27
30
126
51
-10
-2
396
388
-524
1788
1955
1943
1673
1740
1781
1747
1765
1822
70
89
-75
-7
415
-1877
605
687
1275
54
-180
-2031
-1657
2017
998
-1683
-2032
-1908
404
1652
2016
1245
-149
-1161
-628
-485
686
2023
2030
2023
718
-467
-929
-789
504
1927
2026
-17
-34
44
2024
-394
23
269
41
837
-169
433
9
590
609
-226
-809
-234
-426
-281
-444
-492
-556
-488
-511
-65
-42
43
-41
-583
-119
-256
-314
-359
-349
-394
-438
-374
-434
-375
-323
-360
-370
-304
-328
-303
-369
-346
-303
-340
-421
-317
-235
-332
-397
-426
-496
-534
-210
-309
-293
-307
2030
773
-2023
-1396
365
-452
-287
2032
-68
-437
-678
-2030
-547
-708
-237
-691
-233
-555
-519
-582
-532
1514
-2018
252
83
-749
-514
-553
-616
-970
-598
-629
-568
-938
-406
-657
-845
-978
-834
-744
-882
-776
-1004
-595
-654
-855
-601
-677
-678
-1027
-875
-606
-401
-859
-447
-459
-392
-914
193
156
1895
-68
63
-54
32
-37
-44
32
43
86
-29
41
-21
-50
-33
41
-5
-70
19
73
-65
-19
-35
22
-74
-12
64
63
41
0
-2
85
-43
66
77
-67
-67
9
51
-62
-7
-18
-82
-12
-74
-73
67
81
39
26
-86
36
-30
-5
-76
33
14
36
36
83
8
-44
-31
10
-83
5
-67
53
-54
-20
89
54
-35
31
32
-63
12
39
77
-41
-42
-75
-75
41
-74
37
-31
58
-31
94
64
-73
4
19
54
-43
-59
-43
31
-70
3
-82
93
91
-63
11
-32
-90
-63
-59
48
-36
60
-49
28
-73
-22
1
24
2
-2032
-1894
311
-2032
-1894
1960
-795
-882
-3
777
793
-2032
614
772
873
792
894
873
837
879
828
1035
-2031
75
-46
-1977
-2032
-2032
-1693
-2032
-1706
-2032
-1743
-2032
-1784
-1914
-1956
-1923
-1944
-1965
-2023
-2032
-1953
-1812
-2015
-1916
-1652
-1789
-1907
-1875
-1701
-1943
-1846
-1922
-2015
-1971
-1763
-1979
-2032
-1501
249
-2032
1951
1952
1339
50
-1
535
418
-2032
603
943
770
915
653
589
584
580
502
-296
-349
164
-31
-1533
-846
-788
-940
-912
-806
-745
-766
-743
-757
-433
-744
-725
-802
-660
-869
-567
-596
-711
-589
-645
-620
-469
-616
-612
-821
-707
-794
-582
-790
-697
-861
-682
-186
-57
-2032
84
-70
-40
-147
-5
-94
-85
-2
58
-26
27
57
-75
37
64
82
29
-73
47
-84
-10
-42
-134
117
-58
9
-6
36
-11
-101
19
-72
-16
-55
-37
-63
-116
-105
-100
-13
-8
25
49
37
-111
-54
48
-28
4
-75
-104
-27
10
-97
43
14
-28
20
38
2
-81
-109
68
-74
40
-103
-39
-6
59
-55
-36
14
-23
-114
-61
-24
-6
-74
-68
23
34
-41
-103
-22
-17
1
-15
-72
-51
-105
-10
-50
58
-17
60
-31
16
39
40
-29
35
-33
-21
-68
-106
-46
-51
-23
-66
13
-63
-72
-33
17
34
-112
-33
-19
63
-1657
390
-43
-115
32
-281
52
476
60
1974
2003
-77
1387
1751
1896
1058
1406
1681
1530
1467
1601
45
37
90
-19
603
-147
419
1985
1891
-2014
1758
2012
460
816
1380
528
1447
643
1307
602
1326
2007
2021
-2026
2021
1891
1286
-526
1509
71
-2032
830
-2021
555
-2023
731
-2016
141
-23
-23
62
6
-1
51
-195
-70
260
164
-73
-1081
-854
-724
-703
-828
-752
-707
-1218
-954
4
16
-36
57
-253
154
-130
-35
-227
-207
-236
88
-183
-384
-355
-202
138
134
-18
-32
-309
-216
-304
-190
146
126
138
-31
-176
-105
-160
80
105
51
-60
-7
-183
-57
63
2030
2032
185
-506
-1354
-2032
170
470
2031
18
-322
-363
-2030
-401
-425
-407
-345
-443
-455
-404
-402
-451
-2032
444
-37
20
-654
-313
224
-322
-1331
-1166
-1657
-764
-1092
-1059
-569
-1304
-813
-1048
-1022
-1678
287
-1409
-1359
-1794
13
-1395
-874
-1513
-1063
-871
-1590
-450
-1067
-249
439
-281
-1056
754
-586
526
479
-2026
226
-853
-850
-40
-513
-532
-2030
-976
-966
-915
-908
-935
-985
-945
-936
-976
-2030
-399
49
-4
939
402
405
558
551
594
465
471
435
500
389
499
410
588
466
578
375
575
539
633
346
513
385
466
392
528
451
481
576
562
490
567
444
12
2030
2032
-191
-74
7
-22
-269
-279
-555
-630
-69
383
-385
-238
-289
-186
184
149
201
19
-128
-92
25
163
-5
408
-19
-83
-286
78
-274
179
117
474
-101
-177
476
320
249
347
107
213
222
-81
85
243
90
-85
183
93
132
172
104
440
-39
-29
-164
51
-79
150
-55
102
-21
-115
703
163
198
-1376
86
-218
78
98
-115
-322
-130
-293
21
160
-93
-45
-14
-87
-32
130
-220
-227
242
-185
-291
44
51
52
-152
-140
-119
-53
-228
154
-191
-271
-41
104
-119
-282
8
301
3
-40
-9
82
-13
-28
160
17
154
38
-119
-68
3
-77
-2032
58
24
-65
-90
-17
25
86
-63
13
80
73
2
-5
-42
55
71
41
2
-43
21
-9
40
-3
93
76
-68
-83
54
-14
46
72
68
92
-47
70
39
77
-37
-39
93
11
-26
9
11
-2
-90
-74
60
51
-6
78
27
-38
-35
-66
8
72
52
0
77
-23
-90
-33
5
-66
56
-82
40
-52
-65
64
1
16
29
57
-6
44
49
-33
-59
47
8
-26
-73
78
58
-19
79
-78
14
-21
78
-69
46
-89
-51
-83
47
35
0
40
68
84
14
61
67
19
0
20
14
5
84
9
55
-24
57
-63
21
32
-1684
15
-285
-159
196
32
14
271
83
1994
1963
752
1717
1702
1602
1843
1659
1386
1603
1721
1579
94
191
-85
16
234
2001
1345
-2006
1233
2023
747
-1719
1097
-1037
-1908
464
-2004
-1197
-2022
816
-2028
2031
207
-2031
312
2011
356
-1984
194
2028
93
-1578
1284
814
1087
-1056
-214
-118
95
42
189
22
-243
-108
-66
-47
327
422
140
652
684
730
855
777
693
928
675
929
18
18
-42
-13
11
9
90
17
188
165
197
-63
69
33
15
21
41
187
17
6
29
122
48
-53
22
5
90
-64
55
144
96
-157
-26
-20
-23
-16
50
19
-69
2031
-2022
27
254
-121
-136
-253
1952
-1290
-28
1913
1856
-241
1367
1613
1886
1424
1657
1758
1769
1559
1737
80
-12
49
-24
-1594
-1927
-1114
-1619
-895
-1998
-1023
-1864
-1097
-1979
-1006
-1985
-1028
-1876
-1078
-2028
-1090
-1686
-1000
-2030
-1083
-1850
-969
-1801
-913
-1980
-1025
-1721
-1055
-1844
-1380
-1743
-965
2031
-1160
-684
-375
605
-476
-2030
2032
26
-419
-300
-430
1200
1663
1784
1566
1585
2012
1948
1831
1901
210
300
-32
7
1562
-853
-501
-357
-509
-135
-379
-73
-630
-43
-491
-96
-773
-447
-457
5
-576
-14
-115
53
-669
-104
-390
-410
-736
163
-647
-232
-625
-205
-321
-387
-770
7
-309
-2025
-1458
-76
-2025
-857
197
147
2
257
79
1393
1464
474
-1657
-1443
-1613
-1666
-1611
-1271
-1819
-1948
-1446
916
1001
-136
-33
1041
-2019
1014
1761
-1645
2021
-1962
2023
1017
1802
1630
-1269
1587
2031
587
689
485
1974
1683
-2027
1604
1821
-2000
2023
-2007
2032
2024
-1410
1986
1984
1055
284
806
-1494
175
-356
-57
-59
-168
-99
-103
43
1969
1977
605
-563
-423
-501
-733
-625
-462
-608
-757
-275
179
268
99
-13
-218
-203
-254
-189
-211
-31
-117
-238
-357
-105
-193
-168
-306
-234
-198
-229
-286
-184
-292
-208
-160
-239
-92
-196
-23
-53
-77
-242
-119
-192
-159
-275
-63
-51
-21
116
-2029
-15
-341
-221
198
720
-1314
1315
-38
-1219
-987
-1911
-484
-508
-535
-491
-532
-447
-532
-427
-542
427
393
-118
-92
-1856
1326
2030
1507
1056
1106
757
1346
1596
-852
-173
-346
508
-129
541
-96
-68
680
1060
-106
965
357
624
431
1730
205
734
851
1463
885
1554
680
767
2028
133
177
1160
201
506
-1082
-544
82
222
335
-2019
561
399
549
466
496
327
330
363
339
123
-12
320
-33
-1687
1235
1160
492
586
174
860
406
1187
-123
1025
461
1550
982
1187
241
1151
370
456
-284
1394
77
925
985
1897
-122
1332
565
1016
-90
323
-145
1152
-13
-103
-2031
65
-18
42
-62
88
4
-1
55
-75
8
-42
29
0
-25
-60
28
-14
92
4
23
-4
-38
-9
-93
10
-25
-52
33
-36
42
91
-41
4
12
-64
76
3
-69
-5
65
63
-57
-66
63
7
29
36
21
24
-43
71
65
3
-20
-52
74
-44
-28
62
60
80
-69
50
-55
-27
-60
8
34
-28
-55
-16
-14
48
25
-76
-42
5
90
-58
-50
-35
44
9
59
66
-9
-63
90
35
40
63
-82
-52
-37
15
24
-56
61
33
-4
54
-90
-25
31
-81
-11
45
-37
-94
-15
-60
24
-17
-87
-47
76
50
-7
10
-1022
92
-4
-269
-31
-91
-31
-590
-7
1476
1552
626
1552
1735
1817
1917
1422
1913
1834
1195
1658
61
67
-34
-48
-38
345
240
-12
70
-21
239
-134
-278
117
31
293
445
204
238
165
-87
-229
-224
271
279
189
-8
-152
-108
-31
-110
-18
41
-11
-36
227
-154
514
-127
-39
-109
-27
65
10
-284
-71
1981
1653
262
1242
1347
1992
489
281
1111
913
740
1009
6
20
-110
72
-79
2021
1459
1639
1884
1502
1777
1925
2031
-1594
-720
-1880
-1935
-2030
-1331
-1767
-1372
2007
1851
1814
918
1090
658
1215
2031
-1546
-971
-2031
-2031
-1917
-1171
-2013
-1505
145
146
696
-781
150
-2009
-616
109
-101
-6
84
-68
1907
1986
-339
-734
-765
-563
-743
-674
-453
-737
-384
-937
827
905
-100
-60
708
-2013
831
2009
-1687
1966
-2007
2009
547
-182
289
1504
398
-298
973
1132
644
2013
-590
1163
-445
1195
1684
-2028
1670
2012
-2023
2020
468
-2019
755
2026
-2022
-2015
29
-330
-347
-71
-50
89
-4
27
1940
1985
551
660
432
413
445
490
642
493
679
375
204
260
90
-2
-224
-347
-297
-249
-235
-185
-208
-156
-317
-205
-219
-209
-300
-261
-290
-186
-384
-351
-291
-232
-326
-178
-221
-267
-413
-210
-77
-222
-368
-278
-262
-307
-253
-62
-11
49
-1498
16
-400
1174
-297
54
-2028
-651
-70
1978
1919
42
-371
-371
-454
-339
-453
-344
-350
-338
-348
225
259
1
6
-178
89
75
49
7
114
-10
44
72
61
40
104
-38
69
1
121
46
99
34
124
44
78
100
102
-24
86
23
57
104
101
111
97
59
-1542
108
-369
1172
1656
-110
-1948
-134
88
-1397
-1399
-125
-1939
-1962
-2021
-1995
-2017
-1948
-1973
-1963
-1950
117
232
-64
-14
140
422
295
384
316
337
292
381
359
402
277
342
263
372
252
371
286
348
281
368
272
389
321
352
275
317
281
400
344
412
301
422
272
-10
9
2032
34
-102
32
-108
-55
-18
-117
-29
8
-9
-103
65
25
72
71
41
82
-98
6
20
35
-51
-12
-22
-36
36
110
10
-22
-115
36
-71
-51
-107
-31
31
-74
27
31
-14
40
22
-113
-106
46
24
23
39
-23
-54
60
-79
-55
-106
93
66
35
-116
-21
50
-101
-98
77
-28
8
-86
-69
6
-40
-73
-46
-19
57
-109
-89
-70
2
116
-72
17
78
66
12
-74
94
-94
-100
-50
-30
5
39
108
-15
-14
-111
-29
-2
-48
38
54
-91
-15
118
-33
45
90
45
33
-68
46
7
-1
-54
60
-19
37
-109
-23
94
143
97
-99
4
4
-358
-413
-114
50
291
289
277
1943
1882
1970
1887
1906
1866
1855
1945
1927
63
91
16
-3
442
119
204
135
137
131
259
115
138
223
302
179
100
138
176
176
36
215
121
231
92
176
158
153
163
252
237
122
171
127
130
254
206
-2029
58
-333
-178
-43
-111
403
-1423
58
349
380
784
1702
1532
1749
1901
1894
1859
1815
1978
1908
173
210
-53
6
-1560
-1340
-1923
-1158
-879
2016
2031
1820
-753
1214
2031
1764
-822
-1382
-1612
-2024
-1401
-1698
-1223
1430
2029
1724
-784
-1557
-1716
1637
-731
-1484
-2020
-2031
-989
1273
2026
-17
-1
-133
-1162
102
-6
-185
-127
-118
-39
-566
62
1507
1545
83
1551
1907
1487
1759
1863
1193
1652
1947
1891
45
51
-23
-33
-31
-14
-72
198
-206
-43
-153
1
-9
230
50
-89
-98
-205
-219
266
241
165
269
124
-175
40
-24
253
418
-70
246
-181
-239
425
306
-65
100
511
-143
-25
-168
79
68
10
-299
-79
1983
1707
539
1179
447
149
1222
1948
670
986
1123
905
15
27
-124
75
-109
-1942
-1171
-1996
-1497
-1563
-1104
-2032
-2018
992
626
1229
2027
1996
1794
1700
802
-2020
-1405
-1830
-1526
-1683
-773
-1766
-1866
1472
1861
1934
2029
2008
1529
1657
1838
125
141
729
-2032
-14
-282
-106
65
-8
90
172
67
1996
1905
600
1715
1694
1672
1928
1836
1743
1773
1681
1689
95
194
-34
17
18
-1704
-50
1773
533
-2029
483
1668
52
1068
-268
-1751
-1278
2023
-1166
-1771
-303
-272
-2022
2017
-1469
-600
689
-724
105
2027
-88
-1882
243
2019
447
-2020
485
-1031
230
52
130
-2
-369
-25
-98
-45
371
393
151
148
575
508
137
213
540
400
102
281
6
2
-60
-1
114
192
226
212
121
-9
140
178
88
103
228
158
138
150
157
139
88
332
233
133
177
148
241
89
165
199
276
84
200
174
197
42
223
57
-51
2032
2027
-177
-204
22
-2032
119
139
-1275
23
2001
1994
2016
1771
1925
1793
1887
1769
1835
1882
1816
1891
95
145
-142
-8
-534
-456
-713
-436
-631
-396
-335
-418
-707
-485
-693
-332
-602
-239
-685
-393
-615
-175
-585
-413
-579
-446
-630
-354
-525
-418
-378
-412
-543
-564
-531
-476
-646
473
-43
15
1996
116
-136
-170
1852
12
2029
1909
-952
1877
1830
1866
1822
1884
1862
1906
1862
1886
-2
-2
160
-16
183
-201
-311
-152
-255
-123
-242
-209
-140
-263
-332
-47
-193
-191
-206
-219
-279
-176
-230
-217
-279
-238
-365
-85
-230
-80
-285
-243
-193
-165
-289
-184
-326
-183
-2031
-2020
-2028
1063
-2027
-433
1406
-846
437
1985
-51
387
-224
983
-801
-436
-189
-582
-289
-550
-661
-689
-629
826
-2025
37
235
1341
1598
2021
1548
1516
2029
1666
1879
1904
1369
2021
1185
1505
1253
1698
1601
2003
1193
1492
1587
1812
1366
1999
1252
1117
1826
1601
1660
1385
1515
1836
1476
1509
-953
-466
-48
834
-177
269
318
-221
-45
-19
224
-297
-1466
-934
-1129
-837
-1050
-1154
-1168
-1098
-1183
-48
-34
28
-49
241
323
-117
147
-111
353
-167
313
-54
40
-341
232
80
131
-195
176
-112
118
-262
175
-23
92
-242
363
56
449
-162
301
77
417
-24
167
-5
150
184
-869
-1015
-18
-583
-344
85
153
60
163
-49
521
516
140
1871
2014
1859
1993
1848
1863
1799
1728
1804
280
299
-32
-2
404
-1187
1241
2023
2031
1276
-337
-2017
-1855
-2018
45
1693
2028
1925
748
-1584
-2029
-99
685
1831
1519
1531
36
-603
-1033
-2032
80
946
2030
1504
769
-1719
-2032
1989
-44
-107
5
-55
-55
60
9
43
114
13
0
1904
1996
1945
1947
1902
1969
1972
1989
1858
46
64
32
15
79
-150
-14
-10
27
-80
91
-84
-68
-97
38
-98
85
-133
-40
-21
-21
-6
17
-6
-90
-90
-142
-53
-91
19
-107
-54
-157
72
-80
-105
-90
-8
-12
113
-1282
213
-126
83
188
-226
-420
1127
87
1882
1753
-241
891
668
555
654
541
750
730
723
758
111
107
63
32
345
113
37
290
245
156
183
342
125
284
182
218
241
329
289
59
209
214
201
-23
152
222
78
199
149
311
55
245
200
-24
205
188
226
-2032
-456
-1218
243
-2032
631
119
-1159
53
2001
1861
1291
841
916
581
883
587
938
969
896
985
358
495
35
48
-1508
-1489
-1495
-1637
-1528
-1465
-1502
-1585
-1454
-1580
-1415
-1585
-1568
-1585
-1559
-1617
-1450
-1533
-1527
-1550
-1493
-1557
-1516
-1544
-1520
-1572
-1398
-1465
-1472
-1581
-1423
-1552
-1490
114
-150
79
1960
273
659
-1778
-2032
229
-613
-2031
17
-2017
2025
-2012
1993
-1915
-1969
-2012
-2000
738
235
221
984
-371
-600
-1198
119
1032
-465
-28
268
-153
1958
-1794
1311
-63
1089
-1012
1061
-319
878
-2018
1046
1017
1558
-1993
1557
1054
1396
-1095
1960
-271
1995
-1634
1306
-129
85
-35
881
469
2029
81
-600
-1570
1165
476
648
2026
85
-894
1905
1756
-1996
1976
-1999
1966
-1162
-1767
-1892
-1472
-1506
1514
1660
-1543
-1601
-287
-1951
-349
-1979
-1019
-2025
-849
-2004
-581
-2029
6
-1994
108
-2018
-227
-2030
-101
-1751
250
-2029
130
-2030
-599
-1983
-157
-2012
-347
-1898
-211
-1707
-326
-1970
-1252
1495
-2025
2031
-379
-33
-74
-336
-130
111
196
-587
91
-538
321
6
172
255
-59
138
-82
-329
-42
-222
-57
-94
41
104
-20
-306
-94
-12
-160
-69
-408
-109
-197
-117
45
-189
-113
-53
-65
-308
-248
-64
-169
-213
-150
78
-43
-236
-74
-134
-367
-246
-105
-91
5
-148
-118
-54
665
-32
-69
3
-99
-188
-668
-9
82
-228
15
-532
-437
-40
34
67
24
127
42
46
28
-58
-117
-157
23
120
-43
-124
-119
16
179
-81
2
-197
-85
19
96
48
48
87
9
-228
29
19
12
-193
-17
-44
89
31
29
-95
-8
-154
-144
-77
-180
-5
87
-136
2025
-1659
-284
-45
-417
51
80
-59
-2006
-29
1877
846
253
-453
2013
-1900
-1854
-458
164
-2016
-1507
429
17
58
-123
431
-734
2017
2032
2025
1118
262
2030
1841
1061
-1332
-954
-1351
-1374
-1286
-680
-1780
-1794
-1260
-1092
-1031
-1142
-1311
-1257
-1352
-1224
-1333
-932
-1016
-812
-2032
-2032
-2031
-1172
71
134
-44
-27
-2021
-275
-117
-2030
24
1199
1990
-1718
102
2008
-322
-20
113
1078
-123
-152
1177
109
67
-183
-34
-129
479
-461
-62
1986
-1313
1977
-584
1958
4
-138
229
1148
-30
1013
66
674
-193
-66
442
486
-2
544
210
78
-108
119
-286
-380
185
-143
323
262
4
826
969
-2025
696
37
1212
-39
-2014
-1167
-1847
-54
1521
988
-482
571
-888
-462
-606
-604
-127
-140
44
-193
-83
-70
1042
273
1933
-1926
-1529
-1401
-1230
-1350
-980
-1462
-1727
-1353
-1589
-1459
-1444
-1471
-1019
-1759
-944
-1193
-860
-1678
-807
-1320
-1446
-1166
-1029
-1296
-1037
-1240
-1698
-1855
-1748
-1212
-1060
-2029
-1360
-141
-470
409
668
1897
987
-40
-94
2004
-436
-1156
905
623
1163
720
549
885
756
763
5
40
1155
-449
-2031
-133
294
-94
723
471
654
92
277
-173
569
50
352
-191
375
-79
547
-84
451
33
635
-282
256
-67
199
515
706
68
132
-252
126
-269
541
516
-714
2013
2031
-2032
-2032
-2032
-2032
-2032
-2030
2031
-89
-1497
-1746
-885
-1746
-1788
-1755
-1356
-1850
-1920
-1729
-1742
-1978
-2032
1531
19
29
-2032
2030
2030
2031
2030
2030
2030
2030
2030
2030
2030
2030
2030
2031
2030
2030
2030
2030
2030
2030
2030
2030
2030
2030
2030
2030
2030
2030
2030
2030
2030
2031
2030
825
-2002
-2016
-2007
2020
977
-682
-1118
32
-1217
-991
1654
-1986
-1808
-1773
-1659
-1825
-1947
-1825
-1721
-1907
1289
1694
-94
-18
-2017
-881
-867
-784
-1094
-1234
-963
-988
-1067
-910
-665
-939
-889
-991
-965
-924
-579
-1098
-654
-1183
-498
-910
-753
-870
-526
-1412
-184
-1041
-381
-1004
-1167
-1113
-342
84
2028
-2025
2024
240
65
2031
-2022
-557
-363
860
-38
-810
-1053
-836
-1484
-1784
-1749
-1765
-1729
-1793
-1793
-1755
-1805
-67
-117
127
54
560
-78
182
53
165
208
123
123
215
130
56
35
-103
67
31
11
128
-22
110
59
30
2
91
85
-74
134
158
89
74
12
94
160
162
2026
118
39
-1939
1661
366
880
-80
-79
864
1027
912
-1233
-901
-780
-868
-806
-894
-945
-948
-960
-35
-32
-218
-23
-1072
-203
-349
-279
-318
-396
-175
-316
-281
-419
-218
-397
-170
-216
-218
-380
-331
-349
-333
-387
-275
-382
-302
-273
-82
-466
-183
-302
-344
-405
-472
-303
-194
13
127
-2032
393
-41
-129
-54
-221
-219
-117
57
-13
22
4
46
-85
24
-8
71
-62
-126
-100
-108
-147
-105
11
34
-61
-162
-48
-110
57
46
23
-102
62
22
54
-80
63
-47
-44
49
-45
-17
-51
-29
5
30
-70
38
32
12
28
-54
-80
6
18
45
-13
-105
596
-443
-316
-335
-530
-517
-236
154
93
-19
-84
-37
8
-76
-74
-18
2
-21
-21
12
22
-459
-146
-276
-31
-524
38
-78
-45
-1
-38
-92
12
63
44
52
-33
35
-63
-94
-99
15
32
42
34
-38
53
-96
-76
-59
-18
27
24
-11
7
11
59
-53
-101
42
1997
-27
-16
-77
-19
82
24
-35
-74
24
-82
-7
-60
76
-63
-20
28
5
-81
41
34
-51
-66
-19
-86
26
-32
-79
-52
2
6
13
-75
-33
-102
-40
-40
61
-78
71
51
-3
-89
-32
-24
12
-105
34
-110
15
-66
-27
76
-26
-67
54
52
54
46
-83
-105
12
64
-58
51
-28
-16
15
-92
-48
-82
-72
45
-45
99
74
2
-38
-90
-9
7
77
12
27
-36
-62
0
-101
-95
-89
60
-54
-87
-98
26
77
8
56
6
50
-84
-72
-28
-81
75
-43
-28
10
-64
-34
75
12
-95
-19
0
52
-45
-44
57
-106
1934
-2032
-258
-2032
-2015
1327
-1689
1207
55
-1456
1477
1690
-1470
1966
-2032
2001
-2032
-1963
-2012
-2028
-2003
790
809
1381
1626
760
-2011
2009
-1440
-1267
-2024
1975
-2032
-2032
1997
1786
1881
-471
-37
-626
1966
1600
516
-769
1992
1565
1989
1802
1985
-223
-2028
1964
-2019
-1970
-1969
2006
-1379
-1147
-998
-225
-313
761
-1487
-317
994
-1987
17
1708
-1138
-1730
-1356
1597
-2001
1627
-2026
1816
1714
1939
1711
-17
163
400
-634
-1673
-1967
-2025
-125
1250
-1169
-1872
-1027
1723
1586
-1025
606
330
677
-766
411
1741
556
-935
440
1337
1095
-1014
458
356
-723
-1617
-984
1835
-1866
-2015
-94
1334
527
-258
-1951
-52
90
-10
-67
-56
-73
48
50
53
-58
75
51
3
62
-38
20
89
-50
1
2
88
-80
-42
-55
-28
-18
-19
59
-23
-83
15
-92
55
14
60
93
11
-84
-24
46
42
-23
-48
-17
91
-67
-79
-6
-33
-83
52
67
76
38
-63
-28
53
-18
-73
-76
92
-81
-30
-24
43
-53
4
14
-37
-5
28
68
-50
21
51
-6
21
-39
-28
26
-27
-8
-34
-28
18
-78
-83
17
-8
-45
-83
24
92
41
-9
-80
40
87
-43
34
-30
-27
63
49
-35
82
91
89
37
60
1
-56
-87
87
80
-14
68
-52
80
-22
-13
-81
-87
-17
74
-67
61
-49
38
-8
73
33
28
21
11
3
-76
-56
-11
81
34
-81
-7
-19
-25
19
48
92
-57
37
-38
93
-18
-81
15
-54
38
-59
-15
-47
80
4
2
59
26
-15
87
22
31
-73
-46
11
62
-59
28
-4
11
-87
67
-44
86
20
35
-90
83
-86
-38
35
40
-12
-42
41
68
-90
1
10
-5
15
44
-4
-94
-44
35
35
-41
12
-42
-2
-41
61
17
68
42
92
-23
20
18
-79
66
-91
-23
29
-54
85
68
-47
-11
38
28
-54
35
-11
70
-49
41
-75
4
8
16
-85
-43
66
-52
-60
60
-40
87
29
22
-4
-33
-90
-72
-58
79
-73
-4
-75
26
37
-3
-84
-79
40
84
-49
70
48
2
-37
32
37
-91
14
-71
-41
-90
2
1
-27
-4
34
19
-1
-31
4
21
57
23
69
-93
-58
-88
-60
48
-37
-5
-80
-87
85
-72
-29
73
-75
-76
-18
37
51
-91
-49
49
-8
86
-55
51
-47
76
-93
-64
-36
-79
-14
-38
-42
-1
-62
-3
-26
-16
48
19
78
-93
-29
25
71
2
-18
-10
6
-49
92
5
37
28
81
8
-22
-71
-76
72
-76
-53
-87
87
9
-17
-1754
985
-30
-2026
991
-414
-526
-718
59
1988
1518
-1328
1390
1633
850
1102
1072
655
460
270
536
-280
-325
757
67
119
-951
-229
99
-428
67
-990
151
-666
-523
-327
-414
-473
104
-695
-700
-744
-176
-767
-617
-769
-521
-548
-771
-605
-274
-1013
-258
-927
-892
-886
-504
-815
-2032
-142
-657
1608
156
651
52
2032
-12
1049
1875
1874
737
595
1624
549
1714
5
-168
-334
-220
319
467
-312
-456
-970
-995
-310
-814
-512
-717
775
-1017
-623
-1215
241
-1692
-82
-957
-489
-1480
-74
-1421
-157
-1154
-354
-1305
437
-1304
-153
-1106
799
-571
-444
-1328
-114
-412
-122
1446
2029
2023
-2032
-332
-453
101
-107
139
299
-1079
-93
1099
1003
783
1662
1946
1811
1438
1298
1624
1540
1372
1636
175
246
-36
54
-1105
-1334
377
-1553
-961
-1791
-842
-1768
-234
2026
-422
-1716
-2017
-1751
-1025
1620
2008
-586
-258
2028
1931
2031
-950
-926
-2016
-1365
-2029
-1975
-932
1425
2029
2029
-280
-77
447
17
-12
73
-643
-331
-24
-69
1200
1206
279
1862
1892
1873
1954
1882
2004
1850
1831
1855
-16
-19
-2
-9
470
284
260
305
214
255
151
365
132
70
139
199
407
330
326
228
167
172
256
230
387
237
289
224
250
318
252
97
275
168
310
240
248
-21
22
133
55
-57
79
-3
68
-35
-59
8
18
-7
31
-91
-54
53
42
60
20
-61
-40
90
14
-88
-56
19
-34
-10
-39
74
-84
63
9
30
15
39
2
50
-87
61
94
42
-25
-20
42
88
74
79
-38
-15
-4
-79
-60
62
-77
-63
65
85
9
-32
54
-56
-41
-1
12
-36
89
59
-41
77
-65
-84
-71
79
7
90
77
34
31
71
-72
-69
-16
11
25
-30
44
1
38
44
-26
-17
-47
27
27
62
9
67
-65
7
-60
-82
-71
32
79
92
92
23
41
59
-45
-22
-92
-75
-3
-57
60
-72
-78
-15
-61
2010
-357
-76
-54
-60
16
-183
151
13
-111
1511
1061
-1475
2030
-1832
-2015
-1520
-1497
-1960
-1923
-1295
19
35
-1830
-772
-317
1239
2032
1580
2029
2029
2029
2019
2028
266
-28
215
-104
358
-302
-67
-271
33
93
-6
-112
-215
-167
-116
-230
-15
-61
-63
-191
-167
-220
-206
-241
1680
-11
30
-22
-104
58
41
-429
77
1664
938
115
1964
-446
1240
1760
1453
1053
1600
1641
1312
30
13
414
252
-43
-628
-585
-785
-818
-450
-1030
-485
-573
-452
-402
-503
-589
-647
-771
-414
-456
-518
-287
-372
-326
-339
-325
-457
-355
-423
-327
-374
-284
-502
-215
-304
-115
-620
238
278
20
4
67
-110
-78
-25
-38
8
-89
68
-92
-96
-70
-40
3
-18
43
-40
89
-70
-111
72
-105
53
-38
-45
79
-137
-74
-131
17
-21
-30
44
57
-53
39
-113
-97
-117
-50
-135
45
44
-48
-21
-89
16
-102
86
-107
-18
-18
-20
28
4
-20
-58
-88
47
79
-51
-70
21
53
58
-59
-3
-82
-62
-104
63
-82
13
11
-105
80
-16
-78
-28
-39
-30
24
58
25
77
36
-19
-83
21
49
-95
17
-44
21
-19
-73
-4
28
-1
57
-67
-21
-56
-89
-124
38
55
-33
-69
-24
-42
-51
-76
-9
-4
-67
-67
-48
-1664
-56
-33
-384
-2027
-111
-874
-1
27
835
1008
-855
1774
1943
1960
1990
1942
1853
1853
1889
1836
110
-126
-66
-50
-197
-296
-123
-280
-111
-159
-174
-242
-43
-185
-122
-244
-199
-279
-114
-292
-84
-264
-6
-300
-127
-210
-89
-187
-151
-303
-108
-277
-164
-271
-218
-179
-45
-378
-141
-574
2029
-1348
314
2030
129
-39
203
172
171
665
698
715
753
727
753
750
762
723
336
327
-37
18
-375
-138
-140
-181
-155
-226
-109
-192
-86
-257
-92
-233
-75
-92
-44
-210
-134
-138
-155
-236
-80
-233
-196
-201
-47
-319
-94
-205
-130
-331
-230
-228
-58
-52
30
2032
-904
104
113
70
166
-264
13
-1952
17
-1220
376
-230
-831
587
-45
611
-28
243
-215
539
111
-470
-68
-1336
-631
103
814
-1032
-287
-223
-44
-382
-313
350
-556
-819
-430
-262
-691
-1642
-424
112
-585
-1977
-352
-159
-739
-756
-552
-256
-144
-591
-450
306
491
-1076
-336
-321
61
284
4
136
-65
-377
-99
-2032
-43
752
-351
-142
-129
521
-921
291
-1023
547
-77
464
9
-306
-111
47
-418
338
-481
728
-1001
-535
-1063
5
-734
-110
-649
1128
-615
-542
-545
1111
-884
-441
-391
1138
-735
-326
-365
1337
-658
-813
-904
4
-762
-150
-469
771
-944
-296
261
42
-2019
63
-33
22
-37
-1
80
69
75
7
31
52
-87
-29
15
59
11
43
36
-61
11
26
-59
84
-74
60
-88
-36
8
-63
-36
-56
92
-77
65
8
19
-23
-16
-77
41
51
68
82
-74
29
-13
-17
-18
66
-19
84
63
82
-26
-46
13
8
-78
-36
36
-90
-69
31
11
19
31
34
-89
-58
38
43
10
63
-73
55
-41
88
-11
-1
-21
5
-86
74
80
-84
-57
5
-75
-57
31
-43
-42
-78
-15
-36
-32
13
-77
-81
-69
24
-65
-2
39
72
75
-20
-32
-71
17
44
-16
85
36
47
-88
-77
-19
-41
-2023
229
646
-2030
309
-115
115
563
-47
670
522
-2032
1159
1152
1307
1155
1280
1204
1215
1193
1207
476
-2023
9
48
-308
-319
-239
-368
-264
-232
-249
-244
-238
-266
-144
-350
-290
-365
-250
-282
-197
-396
-157
-249
-196
-273
-44
-309
-233
-236
-258
-250
-314
-254
-198
-284
-285
-2032
-55
39
141
-43
124
39
308
-46
325
396
-93
1518
1735
1722
1722
1730
1733
1720
1714
1741
-32
-34
-34
-24
150
170
89
196
146
248
122
217
112
103
107
235
155
234
137
196
110
236
124
172
110
137
106
233
149
305
116
206
99
187
51
191
131
41
21
187
-1936
402
-2016
438
571
-154
-143
2011
57
1636
1258
2031
688
438
1256
530
1184
680
713
748
700
1325
-1847
352
93
-1961
-1419
-1486
-1416
-1731
-1565
-1592
-1573
-1566
-1382
-1399
-1510
-1548
-1590
-1478
-1464
-1350
-1522
-1451
-1557
-1346
-1635
-1617
-1624
-1520
-1831
-1435
-1473
-1504
-1379
-1523
-1513
-1559
658
-220
85
138
133
531
-208
2007
-44
610
1001
-791
1019
1512
1708
1606
1740
1425
1388
1499
1320
-3
-61
87
-79
-351
527
163
365
98
448
-23
330
233
256
144
523
151
610
181
370
247
579
115
427
365
305
198
589
142
503
86
485
353
534
282
420
293
223
-261
-1892
-1235
-669
-119
282
702
-203
-148
-2032
-88
984
-717
-2032
-797
1983
-2022
-1815
-932
1375
-2032
-2032
1498
-68
231
-84
637
-1176
1975
1986
2018
1367
1972
1977
1970
1774
-2003
-176
-2022
-2005
-1920
1458
-2032
-1810
-1621
-1591
-1987
-2004
-1958
-1934
-1818
-1090
-1899
-997
-1744
-1574
-2032
-2032
-2032
-1910
-751
86
51
-400
1533
-273
-201
1805
12
-842
207
476
-1823
1983
-2032
-2032
-2032
617
-1833
-2025
1386
-12
-2
618
558
-410
503
-1541
-611
1973
-277
1961
-641
1968
509
-483
605
1892
181
1884
520
1290
-306
-838
1157
383
-140
121
1374
-72
14
-448
-489
-1519
903
-525
1402
147
-321
348
1959
-2028
507
-2019
826
-120
-355
-408
2032
29
1499
1217
-2031
1707
1549
1910
1690
1912
1728
1842
1878
1789
1341
-1997
98
156
-706
-430
-671
-371
-880
-416
-684
-374
-631
-610
-824
-829
-1059
-781
-1042
-578
-668
-759
-952
-646
-601
-693
-852
-770
-958
-682
-617
-381
-760
-395
-766
-308
-727
1607
-568
154
-206
162
905
-86
-243
-57
1197
1793
-937
1192
1747
1862
1870
1706
1586
1517
1554
1413
-63
-142
-190
-175
-856
373
-77
134
-205
76
-169
200
-27
-80
-281
97
52
334
-59
-49
-135
264
-143
-5
-46
-54
-345
127
101
-79
-195
231
11
295
-64
166
-101
266
80
2026
-2032
672
-99
-152
119
-260
983
-746
-8
1616
1968
891
763
1339
1462
1249
1455
1162
1145
1060
1192
93
193
-172
-95
-790
767
1160
934
754
1189
821
1164
942
778
970
946
731
1090
914
895
711
1233
1167
834
846
929
1124
932
975
964
869
1102
837
767
1071
979
1029
1078
749
-308
275
-1225
1464
-2025
-1455
-24
-23
147
825
-1631
-804
-814
-879
-851
-1058
-1163
-1062
-1128
61
135
73
-5
675
1557
1437
1782
1311
1920
1452
1904
1453
1900
1418
1951
1536
1964
1468
1796
1573
1970
1589
1881
1638
1809
1350
1957
1607
1942
1496
1972
1451
1599
1486
1935
1396
-603
-23
2032
-2031
-316
-341
-9
-7
383
242
-182
-66
789
735
-80
1901
2009
1936
1914
1881
1999
1753
1957
1730
101
136
-91
27
-34
-1588
858
1773
2026
1049
-283
-2030
-1971
-343
-620
-441
71
743
1004
1147
17
2031
133
-1357
-2016
-1386
-126
2029
2032
1403
158
-2029
-2031
-1923
392
1676
2028
1903
175
90
-22
-54
-365
-122
118
-28
1071
1043
109
1760
1879
1862
1827
1991
1975
1745
1984
1806
-12
-35
38
-11
284
90
78
-22
70
59
52
-83
79
54
34
25
14
60
-3
58
-30
24
3
34
51
-25
33
-37
98
-49
166
-78
71
43
54
-5
106
83
1
106
-344
-192
-145
-257
-368
-9
240
-918
43
-718
321
8
-1139
1957
-549
1767
-275
-179
-31
-209
-37
-16
-20
-130
-317
-205
-278
279
-461
-582
-807
504
-1106
-482
-61
-708
-85
-27
-328
-563
-298
-222
-420
-600
-373
-200
-69
-567
35
-114
-580
489
-956
-522
-299
268
-350
-405
-136
11
-216
77
-126
399
-294
310
72
217
-272
-193
87
484
-1817
311
-1821
126
119
117
78
-117
87
-1265
-226
39
-477
791
-556
-155
-543
447
-374
-796
-603
706
-501
447
-918
674
-537
-416
-397
785
-577
-246
-530
897
-519
423
-465
505
-437
-627
-341
638
-515
11
70
-64
1994
-2021
557
149
-2010
1946
-674
161
-1604
0
610
503
-355
-138
1471
1174
1674
929
683
733
743
424
-5
-95
217
-76
-277
-1115
-474
-769
756
222
281
-677
-82
-358
778
-100
488
65
417
-354
217
-343
296
-550
433
-404
785
-31
-25
-124
176
29
229
-723
-581
-510
320
-2029
-160
-142
2025
-1593
311
-1336
1978
-34
958
908
1620
1377
1080
1778
1497
1030
1969
2010
1418
1522
139
193
-421
-58
759
1836
1307
1547
1875
1644
1605
1692
1989
1521
1518
1339
1907
1808
1731
1977
1897
1765
1684
1959
1849
1442
1072
1633
2023
1525
1543
1686
1731
1461
864
1944
1983
-975
-866
2028
-370
-266
-124
-49
-33
338
-17
118
82
789
888
93
1890
1876
1888
1851
1979
1996
1874
1889
1907
66
90
36
-14
-123
-131
-331
-158
-56
-147
-170
-181
-156
-104
-149
-101
-169
-75
-249
-128
-203
-55
-273
-74
-256
-63
-178
-135
-260
-61
-157
-151
-112
-210
-100
-165
-84
-2005
233
-339
-277
70
-96
42
281
-91
500
756
-201
1797
1975
1898
1657
1738
1923
1806
1915
1849
160
212
129
-58
853
-1830
-2026
-1836
1231
2018
2031
2021
1158
-1402
1713
2021
2014
1924
1384
-1924
-2031
1520
1693
-1421
-2029
-1103
2012
1990
1533
1774
1930
1631
578
1135
868
1151
565
-49
-31
5
-304
5
31
52
0
16
-18
35
87
817
816
-92
1918
1917
1949
1963
1937
1952
2016
1959
1937
-16
-30
11
0
-49
-60
-69
-35
-73
-63
-91
-14
-94
-10
-42
-97
-50
-8
-71
-25
-67
-49
-91
-30
27
-106
-11
-65
-69
-24
-70
-15
-66
-84
-71
-70
-19
-2007
-46
-369
-83
32
70
0
-87
-19
752
746
-417
1964
2032
1870
1890
1846
1844
1879
1864
1890
156
149
-33
-6
430
343
469
-2029
-2018
-2032
328
235
935
2013
2029
2028
673
-1614
-2011
-1888
700
2029
1946
1812
215
-876
-991
-279
853
-362
-261
71
666
1912
1823
1477
223
-9
-15
54
-37
-77
0
-7
-30
-112
4
-11
32
91
-88
-13
-86
-78
-53
-69
-9
-5
-39
35
-69
-26
34
10
51
-75
61
63
66
-49
-59
-12
-74
15
-41
41
-83
-52
-69
40
63
77
-79
-40
35
-50
58
47
28
-65
-48
85
-68
-47
-91
53
8
-19
-64
-16
-63
-9
90
82
-34
-94
-35
41
-16
41
-54
-62
63
-48
-10
-79
-18
99
23
-8
31
55
-66
-68
-73
-151
58
-36
33
-110
-78
-92
-118
-6
-118
-79
-94
-118
-22
-92
-47
-17
16
65
-72
-28
-74
-63
-21
9
-45
-31
-24
-73
-4
-73
0
-88
-194
2026
315
-184
2023
-877
1670
-925
-1316
-65
-804
-330
-40
-698
-810
-908
-666
-1151
-853
-840
-813
-1023
-216
-141
-334
-258
-2021
-1338
-1054
-1091
-1218
-1474
-1427
-1338
-1197
206
-453
-371
-308
-204
-228
-744
-184
-1001
-961
-1325
-929
-628
-1042
-1167
-1163
-1498
-1256
-818
-1112
-710
-1293
-691
-1252
2025
-40
-50
-1922
1237
-788
196
1919
-35
-1272
-1564
-1481
-1959
-1363
-1456
-1156
-1604
-1324
-1160
-1345
-1301
589
364
283
33
-198
1241
869
864
936
977
713
453
1222
121
1002
1087
1650
1849
1486
657
354
1190
802
459
886
472
509
1435
2007
572
1029
859
1086
263
36
295
1100
-254
208
2031
16
-16
-95
41
-25
-91
76
-87
-59
38
9
80
86
59
93
31
72
63
23
-96
-57
32
-38
-1
25
-20
-44
-56
-14
-63
79
2
-78
8
58
68
-37
51
34
-91
25
-88
-20
-44
55
-34
-80
-83
35
65
-65
26
-27
79
-32
16
-89
-31
-75
-55
70
-2
82
36
-34
13
-1
34
34
64
13
63
78
40
57
63
18
16
-7
1
-70
-50
16
-44
77
38
-50
-85
30
51
56
-25
12
-21
4
65
58
-74
-40
-72
-38
-66
10
28
-57
-70
37
-5
74
14
9
-31
42
-66
72
-75
49
45
-35
-2032
-88
-139
1836
-1975
-1567
-855
-2032
-86
1791
-1807
-2029
-1992
-1984
1726
-2021
1352
1982
2005
1944
2017
-2030
187
1791
1010
-24
116
85
-1471
515
952
2027
102
132
1565
721
1695
-52
708
347
2005
-1967
118
223
1997
-1963
1180
815
1493
-156
659
1633
-298
-151
9
-275
-1481
195
-2032
-280
-763
-569
-2032
1177
1258
-2032
-17
-1984
2014
-2030
774
-871
3
-1579
-228
926
837
601
845
-2029
407
-1380
-784
-1776
137
-1128
-586
-1876
190
-996
-318
-1470
-1228
-870
-1115
-1230
-764
-1644
-366
-1142
-995
-1956
-398
-1090
-939
-675
-1314
-1488
405
-1108
-333
-1476
252
-1150
-704
-1987
1173
270
2031
697
53
311
-1841
1595
-240
1113
-890
-87
1449
1173
-2030
2022
-1914
-2000
-1950
-1999
-1080
-947
-1226
-881
20
-77
569
21
173
-366
219
-365
-497
-1021
-877
-49
-282
-1032
-501
-1037
-477
-403
-225
-820
-352
-543
-552
-988
-404
-1099
-545
-1215
-469
-706
-765
-542
-603
-903
127
-676
-186
-2015
-697
-341
1101
-765
229
-2017
2031
-85
166
1875
-908
475
1200
1274
1170
1918
1278
1354
1715
1648
49
129
-354
-242
1908
129
-329
274
-275
1190
102
694
-358
324
-211
1041
393
506
-188
833
-97
659
-156
722
58
623
234
720
187
1453
-110
434
-240
691
-151
-239
-771
898
-772
2027
2015
-184
156
-868
-2023
1996
2029
-704
-91
1872
1572
-1494
-1007
283
845
1074
503
208
1046
630
-158
-71
-119
123
166
-2013
-1833
-666
-700
633
309
-388
-1925
-1893
-229
-486
-265
-307
-670
-928
-914
-1029
-1094
43
-458
-453
-850
-629
-1038
-1560
-1335
93
35
311
-728
-930
-1303
-1406
721
-385
-119
-221
-172
-1737
-657
-2012
-79
1230
1487
-823
-776
-450
1240
1097
-1032
6
266
-681
-993
153
171
58
48
717
-1068
-1051
-1854
-1517
-795
-864
-993
-821
-1422
-919
-1554
-1719
-1425
-911
-1382
-888
-1438
-1384
-1730
-923
-1419
-1312
-1144
-664
-1042
-724
-822
-773
-1986
-1075
-228
254
-323
-466
1993
62
67
-37
-71
19
77
5
38
1
72
44
-87
33
-39
67
60
-62
96
-14
-57
-114
41
86
-125
-11
-66
-6
-59
-108
-128
-84
47
-95
-23
-104
-13
66
-70
24
16
54
-63
34
-111
-7
-56
53
66
-55
-32
69
61
-122
-18
-110
-66
67
-85
-51
-97
62
-83
-9
39
-71
-50
-58
57
-78
-21
62
68
33
41
-42
-46
-19
-70
-100
0
-102
-60
52
-91
48
-10
-89
-87
7
-44
-69
30
-58
-109
4
-136
-84
-82
-26
-111
79
-45
-132
-48
8
32
-124
-32
-41
11
-61
34
41
-71
-64
66
-113
-39
-101
-1769
-16
-85
340
-55
157
53
-447
-18
1336
1466
-247
-554
278
78
467
361
-283
127
173
231
-32
2
-37
-39
-151
402
429
355
178
229
288
377
287
248
448
123
252
160
168
235
455
225
43
177
374
244
310
139
210
148
128
343
340
362
487
272
92
-1968
188
-117
-405
-123
-357
64
-25
78
1722
1990
315
1247
1524
1740
1670
1893
1653
1782
1825
1778
129
174
-234
-90
-157
-989
-593
592
-811
-83
-823
696
-313
1645
26
-2017
-277
2014
-275
-1892
104
2009
-599
-1626
-122
1455
-142
-2012
-415
-2021
-563
2020
-201
-2018
-283
2022
-383
-224
82
-2032
349
-189
-99
-143
-224
-79
-28
16
27
-6
-70
14
-62
2
15
9
-11
-45
13
100
106
-185
-94
45
42
-139
-55
48
-18
-25
-76
-57
47
-100
-107
-42
14
35
-99
-53
-40
-14
31
-1
36
-110
-41
-44
-17
-22
11
51
-19
-5
-92
-62
-33
42
302
-58
-211
-60
-126
-165
-119
107
25
-95
-35
32
-168
35
-61
-60
-138
47
53
-11
14
-119
-100
-67
-3
-27
54
-121
-12
-70
36
32
-24
35
45
48
48
32
-22
-74
-42
-97
-2
-65
-79
-78
-48
-27
7
-50
-39
-63
12
-34
-91
-72
-80
-11
-38
-160
599
-1076
17
-24
250
-128
82
-27
-291
87
1129
1149
134
-320
-740
-781
22
-144
-795
-263
-258
-335
-6
-7
-35
-6
-197
-1
-77
84
188
145
85
-23
58
105
-6
22
190
21
-29
-37
332
-427
-232
-390
186
103
210
-218
-175
-155
-96
93
20
14
54
13
-43
-212
335
8
-447
110
-96
-28
567
-74
1697
1919
-124
1602
1665
1786
927
1130
1549
1513
1596
1466
69
41
27
-122
333
1814
764
-1060
512
1891
718
-1132
606
-410
1120
1378
1523
-987
1772
1197
1289
56
2016
412
1291
522
1204
694
1987
-286
-2029
1973
-2032
-551
-1735
1393
-2029
-215
110
-2032
-1675
-161
-9
-114
-1029
-202
-251
-2032
-11
375
-122
-173
-361
-558
494
-512
421
171
201
248
232
-869
44
-179
119
-232
-144
-348
239
103
111
128
243
-68
432
403
284
63
646
348
254
-47
640
453
267
-7
551
273
195
-7
19
112
198
-75
-125
-466
90
96
-295
-35
38
-43
148
-75
-60
1659
40
-210
21
-93
-85
-89
282
-7
179
-177
11
-76
-110
-53
-104
-125
-80
145
211
-466
121
223
166
61
-117
174
-31
-514
-14
264
112
-429
410
125
66
-331
313
168
89
-351
64
251
190
-212
-96
217
305
-320
74
68
26
-137
-2031
34
-10
-34
40
-83
-140
-3
12
82
-44
-148
45
-71
12
-31
0
-78
-158
8
-114
-65
-105
43
1
-73
2
29
15
-116
-35
-74
115
-14
-1
58
-94
26
80
-38
72
69
-66
35
-37
-70
51
30
17
10
56
80
-39
-1
43
-3
56
79
114
-52
64
30
-16
21
-13
-70
-17
86
10
-105
-91
-47
-82
-14
-21
-137
19
20
-20
71
12
19
-49
-116
-59
47
24
-124
14
-100
-104
-63
7
-157
-11
-30
46
20
-132
65
-21
-80
45
68
-116
-23
41
-175
-101
-11
-128
-72
-61
94
-64
-151
-191
31
9
-757
-21
-145
-79
-109
-90
-104
-117
35
-83
5
-65
-72
-76
-92
-20
33
0
26
-63
-124
-23
10
33
-64
-56
-44
-88
-7
-2
-53
13
-39
-4
-120
-24
-82
-36
-116
13
-99
-101
-103
50
-95
-91
0
-1
-88
-114
-98
-87
15
49
-135
-54
-71
-128
20
-75
-50
-26
23
19
-13
-66
71
-83
-59
-45
-139
-120
60
-6
9
39
-10
-25
-48
4
-3
34
-49
-34
-75
18
-94
-78
-28
-33
-145
-130
-5
-121
25
-143
49
47
10
-95
-5
-106
-113
-5
-137
-108
-74
-101
-68
-87
-106
-28
-26
-33
-47
-12
-34
-8
-96
-154
-82
5
90
38
-74
10
49
6
56
-47
12
-78
76
-79
-90
78
31
71
35
50
-82
-14
-71
-91
-68
-85
80
36
80
30
92
-80
-81
-70
-33
92
68
32
-29
47
-30
61
2
-50
-80
4
4
1
-18
-17
82
93
40
75
-28
-14
90
-63
71
25
-45
36
-50
51
51
-77
24
-30
-83
35
-46
-33
-21
5
-25
50
57
-80
71
-27
-23
38
-9
56
86
49
-9
12
44
-49
69
76
-12
-78
33
-45
-21
-76
-63
-85
-56
33
66
-79
92
32
-22
-18
41
52
-48
-90
-23
-78
-68
-2
-84
84
-57
-8
16
-13
-86
40
-90
-18
3
-85
-37
-72
33
44
-51
-31
-68
65
-46
65
89
53
-89
80
72
79
-30
-66
10
85
56
-83
-14
-11
57
-78
-19
90
49
52
-59
84
-11
-90
-60
-70
-77
-29
-18
-69
89
-62
23
59
11
-27
54
70
50
61
-60
-19
29
30
2
39
-89
-86
-36
27
66
-73
-19
-5
60
89
-40
-81
-3
-40
-22
-52
-68
-62
-62
-30
91
-55
-7
-86
46
36
-13
-45
6
-83
42
54
-35
29
32
-78
77
77
-60
-30
56
-29
7
34
65
2
66
61
-71
74
2
54
55
88
-2032
218
102
55
-361
-242
24
-981
11
1895
1435
517
1277
1773
1983
1732
2022
1179
1841
1199
1871
41
28
516
213
75
22
151
301
-174
117
267
42
98
693
147
268
-85
228
118
430
128
141
77
274
67
559
177
212
-118
67
265
-9
189
47
310
316
-123
1368
-289
-125
-476
168
98
-12
53
-79
1695
1977
-343
1553
1717
1949
1594
1968
1689
1689
1692
1722
-3
28
-121
-93
-394
-2025
-1427
-1993
-1946
-1443
-1432
-2029
-1993
1877
1245
1671
2029
1974
1709
1900
2031
1999
1715
1870
1994
1809
1233
1615
2032
-1560
-1509
-2029
-1951
-1962
-1462
-2003
-2002
-172
469
866
-1975
23
-220
-246
-85
-262
129
-66
-22
1524
1549
400
-643
-832
-1147
-791
-550
-1399
-947
-190
-602
155
199
59
-13
67
-158
-170
-191
-222
-76
-149
-289
-134
-68
-88
-289
-159
-232
-90
-224
-137
-70
-154
-157
-367
-246
-265
-51
-119
-281
-315
-141
-249
-30
-224
-162
-208
1203
-340
-2023
-797
99
288
-44
-3
51
868
855
1307
-105
-149
-489
4
115
-259
-132
-129
-213
918
1212
7
8
173
1996
-156
-2009
-298
2032
-268
-2011
-115
1090
358
-1459
361
1352
47
-1045
102
-2018
-215
1981
-746
-1705
-914
2026
-949
-2013
1793
1354
725
-779
1035
1195
1535
-22
0
-135
2025
-2011
-2011
-2011
-2018
-2018
-2030
2028
48
1842
1757
880
695
596
679
1087
494
624
872
807
470
-1998
869
4
13
-2011
1259
1863
1532
2029
1777
1869
1188
2028
2029
2028
2029
2028
1178
1887
2029
2028
813
1922
2029
2029
1782
2029
1464
2028
1072
1377
1021
2026
1231
1750
1602
2029
2014
2013
-1999
-2024
-2019
-2020
-2030
1749
-85
1591
1838
-2030
494
556
648
889
421
466
704
616
514
-2005
1998
-205
-74
-1462
-325
-277
-289
-148
-296
-202
-518
-315
-352
-272
-267
-252
-399
-307
-353
-173
-380
-159
-391
-190
-385
-230
-280
-27
-618
-86
-499
50
-276
-240
-305
41
-100
2030
2023
-517
-906
-2019
-433
96
755
32
523
-6
601
773
1139
-1879
-1747
-1786
-1785
-1707
-1864
-1760
-1737
-1693
834
1227
-149
-48
1085
419
926
959
548
1511
569
1190
1283
601
-1811
979
-2032
592
-2019
449
-1621
602
2012
1346
1740
1004
1978
1165
1999
-2027
2023
2032
-230
1043
-170
2023
1887
-2032
622
-343
-10
-77
-859
87
-183
-32
814
715
218
-1877
-1992
-1982
-1883
-1867
-1815
-1959
-1912
-1850
129
190
80
4
570
461
460
356
521
390
518
352
428
246
409
385
497
470
379
391
544
260
420
404
307
325
449
348
453
140
371
349
298
267
306
287
398
4
-84
-26
-1995
-112
226
-1020
-2005
1637
208
-2029
-89
-963
1948
-1989
1940
-1346
-1830
-1235
-1961
-239
-520
-214
-362
257
195
-1419
-357
-284
223
-1432
1319
158
836
725
1580
-998
1826
-185
685
315
1491
-21
1182
10
1580
-26
874
-262
1678
-262
442
375
1177
566
1540
-989
393
-1253
1415
596
-1977
1118
-534
-1600
-212
-899
-26
-2022
15
1974
-506
-720
-299
2025
304
2012
888
-2025
-2026
-1912
-1936
67
152
695
139
8
1578
631
2005
2031
2032
1267
1930
2032
1228
71
1416
1827
763
432
1385
1043
607
359
1359
1313
1189
170
1037
1317
2031
1283
1902
2032
1701
776
1908
2032
-488
1126
-2032
2025
-1574
-790
-568
1659
1400
1217
-2032
62
0
-157
175
-6
-90
-13
6
-4
48
-7
31
28
-221
381
-46
-9
-2032
1982
1083
454
-103
-301
-12
1193
1966
1186
1915
1991
1267
716
-206
-383
-147
663
-7
250
172
1196
1592
1980
1092
372
-256
191
691
1784
1802
1656
794
-2032
79
649
-2031
-65
270
-893
-134
13
-97
-79
-717
37
-77
-15
-10
-43
-77
-87
-47
-82
251
-1280
-78
-14
-167
-103
-386
-207
-407
-280
-443
-370
-329
-248
-260
-298
-259
-286
-204
-149
-419
-433
-291
144
-400
-324
-370
-80
-389
-231
-331
-283
-349
-77
-334
-39
-187
22
-133
1904
2032
68
-365
129
32
253
243
799
22
801
690
503
-162
29
123
75
96
75
48
132
-7
152
223
-446
-16
-683
-220
-195
-459
-248
-381
-356
-393
-221
-72
-408
-117
-105
-182
-28
-129
-436
-432
-116
-279
-346
-199
-338
-195
-17
-335
-365
-356
-284
-270
-134
-314
-182
-1131
358
2030
1272
639
-78
-240
-1606
-46
947
634
201
696
563
485
645
389
565
683
688
669
-846
-1959
1207
197
-1002
-963
-706
-971
-1074
-1159
-872
-1057
-1052
-847
-543
-867
-818
-1161
-696
-1097
-745
-999
-574
-997
-795
-1008
-752
-900
-838
-1163
-820
-955
-1028
-826
-630
-1012
-1053
356
-217
2024
2013
-646
2029
-1022
779
257
-721
607
-56
1924
1851
2028
1851
1774
1982
1752
1994
1669
1719
1715
1645
945
-1890
12
19
-1278
-1919
-1563
-1400
-1628
-1888
-1593
-1706
-1988
-2015
-1679
-1995
-1495
-1561
-1165
-1810
-1844
-1626
-1343
-1747
-1343
-1853
-1746
-2009
-1457
-2011
-1511
-1411
-1707
-2017
-2002
-1823
-1646
1993
-214
1193
1682
-958
-818
-239
-746
-19
877
916
-935
1942
1927
1793
2026
1774
1767
1800
1855
1756
-1117
-895
299
49
-330
-855
-523
-796
-685
-1088
-563
-784
-809
-690
-709
-1192
-693
-698
-652
-1100
-421
-931
-676
-970
-363
-732
-789
-793
-525
-1351
-418
-585
-713
-1083
-513
-647
-359
55
-1747
2028
58
-70
-43
-34
-44
-8
-70
-34
44
-65
38
11
14
-94
-93
-77
76
-28
75
-93
33
-9
-63
-72
-50
-67
-85
50
77
-63
-2
-95
59
-75
60
24
-11
-87
-24
-10
54
35
78
-52
-26
1
28
37
-67
71
51
-45
-41
-62
-95
80
29
8
57
-59
4
88
-72
18
0
-46
80
-52
-9
-27
30
16
10
-70
-66
-82
65
48
-8
-74
-50
76
-14
23
-43
74
-39
6
15
21
3
64
-92
45
-43
62
38
-87
-84
-61
-24
-56
38
-71
-52
33
-69
55
17
66
-13
-17
3
41
46
-74
57
35
22
-936
-543
-473
71
105
770
90
917
50
1242
1019
-931
1906
1806
1810
1971
1920
1761
1732
1850
1688
78
163
-242
68
1141
-1535
-2028
-2031
171
1611
2031
2026
1404
2012
468
-1305
-1882
-1287
385
2029
2031
1326
2002
2005
1431
-877
-2013
-1625
150
174
1752
1575
1690
-752
-1383
-2032
-276
2015
53
307
161
-160
-157
12
256
-59
1004
1006
-392
1828
1957
1739
1931
1743
1970
1868
1929
1888
-124
-197
36
-8
167
89
-43
28
66
28
58
-81
22
74
-8
-10
-51
20
50
-53
23
-43
109
37
40
-53
-32
-26
-11
-153
155
-54
28
16
-58
17
103
171
2
32
-1548
-164
3
-87
-4
119
-68
-726
-25
1810
1991
-432
1308
1466
2004
1364
1908
1559
1499
1404
1589
2
-5
-8
-87
-183
-2030
-1962
-2005
-1561
-1460
-1281
-1724
-1806
1236
1067
1095
1386
1246
1326
1065
1236
2030
2029
1968
1612
2017
1741
2001
1994
-1545
-1473
-2027
-2017
-2032
-2012
-2015
-1595
1899
193
-92
-160
59
-31
73
-308
-61
1970
1849
390
1897
1709
1960
1572
1966
1810
1839
1667
1975
39
86
80
60
108
472
228
261
164
257
208
523
426
546
263
297
169
446
206
387
250
273
196
434
39
638
407
342
111
107
141
459
443
491
314
332
109
-135
165
-218
75
-90
-23
-45
-81
28
-55
81
31
-71
59
-33
26
0
-82
-11
-32
64
21
-12
19
-24
-59
-43
-44
-91
52
80
-3
-63
-58
63
89
79
-43
-17
-18
77
92
49
38
61
83
-83
-83
-30
-66
8
85
-63
-1
-22
-6
53
94
44
-54
-74
-91
-89
-38
-5
-21
59
61
-45
1
74
21
19
46
-63
-63
51
-6
-29
-35
-41
47
-84
32
43
-46
35
90
31
-5
-76
-59
-22
12
70
29
-60
90
-26
-49
36
1
79
-86
-36
-27
92
18
52
-17
45
39
-71
32
53
19
15
3
-70
20
-62
-36
603
-39
-5
99
-73
79
42
332
-54
-56
-34
-249
-7
-22
-171
15
-92
-64
-55
-7
38
-51
-4
72
-83
60
140
-127
-75
-72
137
-81
-83
-158
-62
-235
45
-8
-35
-150
94
-159
-138
-112
32
-236
-66
-305
-44
-115
0
-156
-48
-214
111
-73
-31
-164
-226
-133
-8
-109
-54
-16
160
-260
55
-11
-216
23
-156
101
75
141
-8
-19
-123
-17
-67
3
4
91
28
-83
-258
178
-161
-77
-241
1
-74
-83
-106
-10
-213
-243
-76
8
-193
-174
-204
45
-272
-238
-113
69
-315
-103
-330
-85
-21
-57
-336
188
-163
-72
-156
-102
-2032
64
-24
-61
-75
-33
18
44
1
50
-24
49
-3
-47
62
-45
30
-64
-54
13
-49
82
81
30
60
15
-57
44
55
-37
19
67
65
-40
-35
-6
72
-31
-77
18
-43
-7
-24
-28
30
59
15
20
2
34
23
-74
24
-31
-16
50
-77
39
-56
67
-74
10
52
-13
36
5
-15
-89
-43
-90
-2
-11
-89
88
-51
-42
57
-10
10
-78
-82
-61
-29
26
-47
4
90
-44
-52
-19
80
83
-76
35
-11
69
46
18
-11
65
-43
-26
30
-39
91
-31
-21
-62
-49
-74
78
73
46
-22
18
-78
79
-84
24
85
2027
64
-357
1933
-214
-192
-94
2019
-10
1916
1822
687
547
2012
2017
-1994
-2030
2018
-52
-2029
444
37
134
-72
-143
-467
-128
722
-399
446
-133
40
-325
268
1323
1500
-335
-1048
-930
-823
-949
1490
2000
2016
55
-1809
-2030
-1755
793
1996
-780
-801
-1150
-1797
-851
-1985
-1762
-1458
2027
45
346
-391
-2031
351
29
-1905
-46
1839
1996
-1361
1082
1778
1609
575
903
964
1250
811
1767
173
-55
68
112
-281
86
89
-6
27
151
-355
-31
-170
-151
449
169
-246
-216
75
387
78
-212
-164
-24
140
24
-178
126
106
-138
108
474
373
33
-163
-145
-248
-479
-2030
-231
-25
57
-71
5
-83
-38
56
34
6
-87
-44
-100
-79
52
-4
-41
-24
38
13
-3
27
-9
-93
66
12
43
-22
9
-44
16
12
-55
57
-39
60
-23
-109
9
68
60
33
-67
-88
-2
31
76
-110
11
16
53
91
92
2
-71
65
-104
2
1
18
-45
-11
-46
87
-28
-107
-16
76
-83
33
20
-79
60
28
-36
90
59
-30
58
13
46
-25
46
-18
-35
-51
73
40
-15
-10
-79
14
-10
-69
-20
56
-37
-65
32
33
84
87
-90
-30
-43
62
39
37
13
15
-13
-72
15
-80
-88
67
-58
-49
-31
34
-2030
-489
-355
84
-61
366
443
-1135
-38
516
432
577
1676
1410
1342
1886
1859
1490
1728
1618
1702
111
200
-43
53
-1371
1197
-1135
-1994
-2028
-1272
-182
2023
2031
1754
2032
2032
-1065
-1571
-2031
-2009
-1664
-1210
-2026
-1654
-1296
1883
2031
2018
-792
-1435
207
-1438
-861
-1965
-604
-1818
-769
-54
457
-27
53
48
-762
-467
141
-8
216
177
227
1769
1872
1771
1842
1911
1737
1852
2004
1888
20
12
39
-5
541
95
270
131
191
294
102
85
190
209
239
134
33
56
81
141
136
186
208
191
46
6
23
131
301
154
42
217
46
227
129
243
247
-3
20
201
87
-40
52
-39
51
63
22
31
-39
-87
50
-83
-48
62
23
27
-50
49
40
-2
-84
49
-78
-43
-11
-2
88
-2
39
-88
35
-22
-59
-39
-4
-60
-45
80
40
-39
-21
82
89
79
-93
-51
12
-44
18
-66
63
-73
48
32
-44
-44
-81
-36
82
93
-19
-18
88
16
31
65
57
65
-1
75
-59
-76
-11
-49
60
-17
12
-9
-79
-53
-55
-55
46
58
57
-25
10
-1
-55
18
-12
-32
-3
-38
28
57
27
-72
23
-22
52
-15
-12
16
89
-48
-90
-74
71
28
-93
-44
-58
70
-76
-32
-32
-10
-19
-2023
-802
-279
-2009
616
295
-2015
306
-63
809
-204
600
1878
670
694
7
855
1349
1009
957
1326
-70
39
444
454
125
-766
-209
-1022
-1066
18
-699
-868
-593
-1299
-581
-338
-788
-764
-658
-853
-814
-1192
-746
-907
-910
-1319
-746
-634
-1167
-578
-631
-1293
-1188
-1074
-777
-1458
-1276
-2032
312
345
199
-1855
-543
654
-2023
-82
1187
1833
-1747
1137
1509
1388
1078
1623
1294
1139
1061
1381
-14
-92
-445
-118
-795
-846
47
-625
83
-545
756
-239
436
-731
560
-519
389
-163
513
-297
522
-654
-111
-616
554
-157
959
-215
585
-365
1112
76
779
-884
-1
-850
415
450
2027
2031
-2032
-127
-920
-852
-2020
-723
1111
-337
56
1977
1955
-208
624
338
309
319
326
520
499
511
564
627
732
80
-21
1424
276
462
183
218
97
383
345
408
237
432
121
313
30
337
96
348
172
381
142
322
152
349
42
457
203
452
367
330
275
509
302
412
2018
119
114
-2028
372
194
1605
-210
38
1967
1940
-502
1026
925
980
756
987
979
963
941
994
-158
-149
36
33
690
494
363
547
495
566
467
534
356
443
327
534
347
455
336
546
337
527
367
436
341
504
447
456
258
664
453
556
405
585
451
460
407
211
216
806
2032
24
-107
2028
-1860
-80
-373
-264
-57
1253
1234
-246
1527
1514
1474
1502
1445
1550
1558
1532
1536
102
-47
-37
7
-134
-129
-5
-67
-19
-30
-130
-93
-1
-110
-28
-80
-121
-61
-11
-117
-140
-49
6
-41
-95
-46
41
-36
-109
-45
-138
-94
1
-104
-37
-83
6
-2032
-168
-426
-458
-99
318
317
-118
-27
-583
-592
357
-870
-892
-938
-886
-940
-851
-883
-860
-906
235
229
1
28
-43
-42
-94
16
-50
64
-39
27
-85
13
-91
-2
-135
1
-86
-30
-145
25
-86
-10
-166
-19
-92
-2
-154
66
-40
13
-69
-59
-89
64
-73
-124
-1
2032
36
16
34
-53
-78
2
7
13
-41
84
-19
-87
-12
-98
-93
-35
52
-42
-86
45
62
35
-35
-43
-59
-47
-25
38
-30
-83
-25
84
-42
63
-75
-17
-21
-24
-12
-42
-86
-70
5
42
-44
-89
-29
62
-85
-36
66
-12
60
-31
76
-58
-111
65
-34
-24
-14
13
47
-85
-75
82
-8
50
-8
-36
-27
74
60
-79
-65
-90
58
-4
14
-70
61
-57
-3
2
-8
-37
-100
-93
-100
-93
0
-49
9
-72
57
30
16
62
-43
-24
-12
-70
49
-89
33
-93
2
9
-100
-23
-68
30
-66
68
-75
6
32
16
-36
-2032
171
-302
466
187
-1331
-821
-294
29
-237
-32
-628
-456
-85
-655
-55
-631
6
351
189
32
-156
-192
-1115
-70
796
-867
-118
-154
169
400
139
-594
-430
-890
-522
184
-6
-871
546
-689
257
-757
598
-501
575
-312
376
350
257
336
268
-349
255
-206
-273
-601
-202
-1687
220
-429
-14
-250
813
1211
-1996
58
-227
151
-469
18
-284
-728
-236
-1130
0
-169
-201
277
26
229
-52
-342
-1241
448
-185
-573
-25
-168
-183
-483
-327
-789
-106
323
169
-480
334
114
-451
-803
420
-91
-481
-217
237
142
361
-87
-328
-62
-545
228
-271
-204
195
495
-206
-2032
-1611
123
-4
283
-77
-101
7
-305
81
990
1052
5
-242
126
1
-200
-378
58
48
-679
-91
-14
-25
16
-29
-69
215
252
215
121
-27
111
-30
-7
-67
32
44
226
256
66
114
159
-16
107
-34
205
189
197
-45
224
94
91
211
416
106
243
145
107
-584
-17
-121
-487
56
-9
-10
318
83
1936
1955
440
1507
1787
1745
1101
1091
1276
1399
1286
1461
130
168
-75
-33
16
-214
1376
168
1868
-1005
2004
-134
1507
959
-1185
-1841
-2020
2022
-2032
-1651
-1455
-1290
1320
701
525
-720
604
820
1095
2031
-1237
-1980
-792
1894
-710
-1824
-1259
-59
91
-2031
-60
-57
14
40
84
75
24
-28
-34
-69
4
82
-64
75
47
-9
31
-78
72
31
-69
38
-77
-5
13
-85
-63
-68
23
31
-32
54
-86
32
-94
56
-2
8
-53
8
-1
34
37
-71
71
-26
-84
-28
29
-88
-90
-57
8
46
-74
65
-79
38
76
49
68
8
93
28
-39
81
-56
6
23
73
-21
60
-94
-8
48
83
-16
7
56
-89
-73
53
-56
-45
-22
45
14
-2
41
-90
-38
20
69
-68
56
-78
-54
-63
-62
56
90
-67
0
70
66
59
-45
2
30
-36
90
-89
-18
27
-76
89
-17
51
18
-2028
-1686
-166
-154
-1423
-616
-402
-387
-32
1897
1512
-1003
-365
602
746
437
774
667
459
501
560
61
101
-88
155
629
-2014
-1884
-1824
-1895
-2008
-1259
-2025
-1854
-1472
-1363
-1956
-1137
-1710
-1190
-1952
-1344
-1620
-1446
-1957
-1497
-1371
-1430
-1991
-993
-2015
-1187
-2003
-2018
-2015
-1966
-1679
-1743
-2029
26
224
-857
-638
1797
2027
773
17
1978
1758
-1662
-537
1110
1320
1178
1465
-249
216
-65
248
55
-25
-205
-176
-542
-1894
102
-1660
-541
-1755
31
-1565
-290
-1781
161
-1999
-405
-1789
-404
-2016
-348
-1763
-263
-2013
-474
-2016
39
-2022
-442
-2005
-131
-1610
-317
-2032
-140
-1998
-598
237
-1572
-1385
-365
-680
-361
-53
88
756
272
1288
20
1827
1657
-1314
1842
1997
1904
1974
1871
1512
1729
1686
1746
15
52
-66
10
1533
1734
2030
1063
-30
-2017
-2012
-1359
1231
1393
2029
1687
739
-1680
-2019
-2031
554
-1576
-1967
-2016
973
1193
2008
1330
1019
-1113
-2028
-868
757
2013
1603
1790
556
2019
-131
166
161
-193
32
-23
233
4
1511
1412
-248
1864
1789
1869
1874
1861
1928
1967
1848
1992
-48
-116
-4
22
99
-121
-285
-101
-156
-196
-78
-253
-194
-203
-273
-261
-217
-130
-120
-247
-183
-202
-246
-205
-191
-162
-172
-283
-240
-254
-50
-220
-163
-189
-196
-26
-239
55
43
222
-2032
-21
-194
-137
179
63
34
510
34
1966
1852
495
979
953
1063
1284
1312
1146
1283
1020
1107
69
143
17
43
313
1755
-1958
-1192
-2031
1936
-1992
-1348
-1602
1147
1338
62
1852
1099
2023
-598
1957
2023
-2003
-371
-871
621
-197
-1651
-1388
-2032
1711
1637
106
-179
329
1063
2032
-449
244
55
194
-58
-476
67
-260
-8
543
501
-111
-899
-718
-857
-745
-534
-1305
-704
-576
-555
-24
-24
-5
33
211
418
373
241
259
340
198
210
421
461
617
223
248
244
163
191
464
387
220
243
174
34
15
290
444
41
268
342
224
370
246
305
197
33
29
2030
-29
-72
69
-55
84
-21
-52
56
-23
29
28
-43
57
-18
-86
-45
-71
-83
-89
32
-33
-3
54
75
-9
-84
92
44
-48
78
15
-82
-86
83
24
4
93
-53
-6
-56
10
29
-6
-4
1
-41
-10
38
85
-43
78
-38
-31
-86
-89
-75
48
6
93
-64
-78
-85
-60
-78
-32
-31
10
-87
25
-41
-89
-15
16
-54
-94
-31
49
27
14
-48
87
-69
-85
-66
-30
24
52
54
-33
28
28
39
52
-13
53
39
-89
-21
71
44
5
72
60
-21
8
7
3
-85
75
60
-82
64
63
25
23
-64
-9
-16
61
291
-190
-118
95
-315
-296
-381
518
-71
-132
-248
-370
-275
3
35
-126
73
-167
-242
-179
-56
-134
-129
-82
-99
139
-66
-268
-156
-26
19
-71
-207
-17
-121
44
24
140
-128
-80
-41
-86
-237
-135
-20
-83
-160
-133
-101
52
-29
-140
-260
-234
-117
-220
-162
-108
-430
49
-168
-134
-39
103
285
-700
84
-402
2
92
-12
-191
-35
-296
1
-191
-78
-133
5
15
101
743
-111
-271
-131
-20
-195
-257
-316
-152
-97
-3
81
-44
-327
-233
-275
-191
-201
13
-300
-384
-89
-55
91
-11
-226
-158
-247
-168
-187
-59
-222
3
-182
-153
-66
-53
-2032
-35
-126
16
-83
-39
-21
-109
25
84
-40
-29
-7
-90
-3
-29
-11
67
-113
-38
-25
76
-51
39
-100
16
-59
-118
-20
-36
-42
-13
24
-110
54
7
-61
45
29
-46
10
-29
-11
-57
-20
-3
2
42
-27
-57
56
-37
-46
41
-53
-28
74
55
-20
71
-113
-105
-81
0
-11
-26
-60
-35
-7
-8
-76
-41
27
48
72
-32
41
86
-1
14
-9
-132
60
-42
-35
-28
12
-24
-44
8
25
-24
-26
-14
5
-60
-59
68
-82
-11
60
37
52
-26
-59
-59
38
-77
-75
44
-4
13
62
-33
-41
-36
-89
-39
41
-37
-9
-72
20
-19
25
73
-11
-51
70
83
40
-11
1
25
-40
-66
44
79
45
45
87
48
-80
64
72
9
47
-63
68
2
42
-6
-16
-35
19
-73
47
89
61
42
-3
21
-3
68
53
84
9
65
28
-11
73
-78
78
-40
-81
86
-57
-68
-65
-93
-42
-42
58
87
48
49
-90
-70
38
-59
-2
44
-84
11
-27
60
86
-11
-89
-2
65
43
84
-47
-86
15
35
62
3
65
-6
14
-70
-52
74
61
-66
-30
-93
-23
-44
-48
43
53
-15
86
43
-82
4
81
-78
-40
9
-84
75
48
87
-41
25
2025
283
-428
-257
1640
-739
1393
518
-66
319
285
335
-1635
-1581
-1500
-1597
-1493
-1587
-1594
-1577
-1609
270
335
109
32
522
35
177
21
113
106
97
7
180
-106
81
-8
107
-41
154
-14
61
15
191
29
59
-61
57
71
139
25
106
-54
168
1
57
-6
143
955
415
-179
-2028
-167
-683
-1111
-220
-93
109
396
555
-1508
-1462
-1384
-1431
-1375
-1454
-1495
-1483
-1491
27
129
-30
-49
458
7
140
73
166
14
249
13
111
86
291
-8
212
107
235
40
263
101
269
30
276
93
317
-8
255
-35
305
46
211
3
180
93
227
15
167
2032
59
-32
-42
59
-44
-75
86
22
-34
-28
-36
-89
-11
-39
-64
-56
49
-17
43
82
86
-10
-16
60
10
-2
-13
41
45
-25
13
-89
48
2
50
-32
-77
-51
22
63
16
76
-67
77
-10
67
17
-63
-45
-92
91
-87
76
-3
46
79
-58
-87
-55
-44
-92
-58
-7
-14
71
23
26
-1
-21
-33
56
-87
-85
92
83
11
59
21
-51
14
88
17
-83
-16
16
-28
73
1
-27
-17
-1
86
14
-16
-78
-68
-66
-59
69
-89
39
85
60
-10
-45
20
51
33
-90
46
62
57
30
-68
-73
48
82
-16
-24
-2032
-272
-47
-2025
-62
-526
-1892
-1268
16
1640
1331
531
743
93
84
-41
0
34
37
46
74
-175
-109
62
10
1932
120
-7
-165
-130
-332
-331
-254
-114
-102
-291
-98
-606
-488
-626
-388
-254
-408
-285
-221
-258
-224
-298
42
-474
-241
-451
-141
-314
141
-265
-267
-144
-2032
-127
-176
670
1958
-1940
1685
1046
9
1353
1987
86
-64
64
181
3
84
129
135
84
141
88
276
-47
-118
-1509
-1516
-1030
-1972
-664
-1995
-476
-1815
-824
-2025
-758
-1727
-744
-1859
-847
-1810
-1151
-1985
-1063
-1825
-1161
-1915
-839
-1564
-872
-2030
-375
-1876
-1044
-1865
-1213
-1980
-740
1057
566
-2029
-18
46
-2
7
-90
-62
-90
-101
-63
35
-39
-97
62
23
83
-49
39
-11
57
-112
51
0
-28
61
13
-97
25
-52
-26
20
20
-29
6
-72
-53
61
39
9
-16
-68
45
45
56
-15
27
-12
-107
51
66
-17
8
-45
17
-48
-16
-84
7
-45
-44
-94
28
-62
51
55
-81
35
-34
-44
68
28
4
-41
-5
-12
-3
15
-39
-3
8
-62
-21
-45
-25
-57
42
-34
5
-97
-108
43
-32
58
54
-72
-86
-7
-104
-109
47
-79
30
27
33
42
14
-15
-7
72
67
-50
32
-22
10
-92
64
35
-40
69
104
62
-56
-24
-37
-61
-55
-91
66
-61
38
-25
87
4
13
47
-88
-12
30
-68
31
57
45
74
51
94
69
-75
-45
66
-8
-54
77
18
43
52
33
26
-28
-81
-57
40
18
-61
-41
91
-83
-77
-77
70
7
29
-22
-20
-21
41
-11
-19
-5
-67
-25
27
-23
93
10
-38
-67
87
-6
41
10
-22
-29
23
-89
34
-43
66
-36
66
23
-39
-77
30
-27
-59
73
-88
54
25
90
1
80
20
34
-70
-90
-78
43
-31
-80
-72
-52
-37
24
-3
-22
39
16
-88
48
39
-59
28
-42
-26
-49
70
-92
13
-36
28
-114
-80
87
-91
-83
-7
23
70
-23
34
-55
-97
0
11
17
39
-70
65
54
-46
42
63
-55
-51
65
-37
16
25
-96
67
24
24
78
-79
60
-13
-103
-85
22
-86
1
71
-63
-59
74
66
-47
-95
-34
51
-71
-30
-98
-85
-29
-53
-37
27
38
-6
-91
-20
-59
-42
-65
-80
-93
-58
51
40
-106
34
-97
-116
22
13
65
-26
-30
-71
-15
38
-17
-15
37
-55
-44
19
19
-97
76
26
-68
-60
-110
71
-38
40
-22
-23
-19
59
-102
-59
28
68
-74
-98
28
45
61
-92
-21
-69
43
57
35
2019
-356
-86
-46
-34
9
-162
-48
44
436
1972
1205
-1435
-2027
-1528
2027
-1947
-1878
-1276
-1488
-1975
29
51
-1621
-713
-339
-214
-303
-283
-296
-26
-19
26
-200
-235
-293
-178
-288
-24
-43
-73
-149
244
-376
-170
-338
142
-169
126
-188
2027
2027
2026
2026
1222
2031
1665
2029
-1995
1
22
-13
-38
28
28
-361
-71
1648
1041
152
1420
1385
1036
-774
765
1215
854
558
1108
31
18
394
212
-47
-444
-164
-165
-51
-340
-256
-330
-284
-268
-247
-350
-312
-442
-200
-329
-243
-514
-686
-304
-403
-334
-324
-419
-469
-418
-930
-464
-410
-520
-560
-719
-695
-655
197
405
-2032
-787
-339
-2026
107
592
2030
89
47
1754
1969
64
-247
-71
-154
-39
-156
-174
-165
-191
-193
105
193
-67
-48
-286
-625
-744
-702
-805
-559
-799
-554
-723
-654
-799
-678
-817
-788
-869
-725
-855
-823
-923
-751
-943
-672
-759
-699
-964
-530
-782
-605
-742
-642
-774
-678
-837
-2031
-256
-100
41
197
321
-1454
-1303
-80
1752
1948
1399
911
1128
1126
1107
1170
1006
993
1019
987
203
224
-159
-83
-1856
-2029
-1519
-1764
-1320
-1980
-1483
-1930
-1503
-1753
-1475
-1894
-1452
-1822
-1556
-1867
-1382
-1686
-1520
-1937
-1417
-1720
-1429
-2031
-1440
-1955
-1491
-1927
-1427
-1962
-1497
-1822
-1393
48
226
-2028
-1886
-561
-166
405
-1993
-165
-115
-2032
56
1444
64
-883
-654
-2032
-966
1979
-1966
-2009
1118
1037
-2025
-1089
301
-327
562
-1149
-2032
-2032
-2022
-1866
-2032
-1086
-1375
-1336
-2012
-1826
-2032
-1074
-1646
-1481
-1482
-2008
-2032
620
-2032
-1671
-1336
-407
-2032
-2004
1917
1989
1973
1908
2026
1988
1981
1300
-1465
112
218
-906
-2032
-324
-208
1696
92
-204
550
1862
-2032
-1935
-2032
1967
-2032
-1612
741
415
-1376
-284
-97
254
336
-450
129
-934
393
-250
-323
-101
-636
-1724
-509
129
628
-401
-461
-785
413
490
-425
2000
192
1158
-65
-816
538
1963
-945
1982
-1185
1974
533
-1527
-494
1983
-192
182
1937
-2030
243
-1112
-2029
-63
-48
-399
-2030
-68
768
1302
-492
833
1470
1196
1361
1210
984
1023
1010
967
831
716
-245
-258
198
251
387
312
457
176
576
263
377
219
367
177
85
444
408
153
269
340
461
243
514
302
566
186
235
139
677
268
350
276
324
276
499
-1574
116
2030
602
2004
-127
-250
1965
72
1716
703
2017
1748
557
1706
564
1688
1228
1235
1207
1183
-517
-976
118
247
414
-477
-467
-175
-396
-67
-275
34
-718
-285
-458
-206
-502
-145
-450
-158
-713
-163
-377
-206
-663
-154
-382
-272
-534
-87
-261
38
-625
-244
-434
-243
-483
59
-1747
-1039
2030
282
2020
498
-2030
-34
-253
2030
38
809
834
389
291
340
284
283
320
287
284
271
312
-459
-956
-91
-13
61
-171
121
-73
2
-95
141
135
1
-146
118
-91
1
17
265
-263
130
263
252
-291
13
-143
-107
-128
-69
-6
-23
-45
25
-160
276
-40
-16
2025
413
-1293
-2029
-759
-141
-561
-212
36
959
992
119
-618
-630
-593
-681
-568
-602
-641
-633
-641
967
800
-13
-14
609
652
800
814
702
719
708
677
884
822
835
711
769
852
660
680
754
868
673
750
715
754
830
738
743
698
704
710
764
640
821
843
643
-25
-2031
1306
1894
76
710
2024
-2025
-811
-293
1851
-79
1994
-2001
-190
-1990
790
1270
1900
-71
-875
-65
-943
-1101
-1726
-359
1524
359
-329
-21
2028
1979
128
634
1986
1950
-306
-135
-243
-1031
709
784
2001
408
-377
492
1695
-8
-1181
-937
-861
-1296
497
628
1993
1628
-677
-212
2021
1945
371
-796
154
-527
-2026
655
1254
10
-1994
-39
417
1811
-1481
-1876
1270
-415
1188
-887
671
1929
638
1458
-1977
584
-596
-589
-1457
1232
-2025
-129
-265
2027
609
2028
-2028
-204
-663
1610
1157
1526
431
2023
-480
1476
403
2016
-627
-5
-765
1242
912
2019
838
2014
-2025
1575
-2022
-227
-484
-1902
515
-2032
-2025
57
-178
-174
169
72
46
483
45
1902
1992
368
1377
1139
1406
1568
1802
1433
1437
1525
1481
101
154
98
2
340
55
-1594
300
-2020
1005
-2020
378
-1445
-586
146
2018
1173
-1878
1584
1654
489
-2026
2021
1982
1027
-808
1023
2027
2011
1989
470
-1391
309
1998
-54
-1014
-113
-316
172
-74
159
21
-282
-96
-143
-47
285
193
-4
94
60
-159
-469
-342
-54
-226
-318
28
17
52
7
59
200
384
208
411
150
186
109
337
286
388
172
220
105
140
31
219
299
325
265
305
181
44
24
188
381
142
146
252
166
321
98
271
42
-54
-42
2032
-89
60
-17
-24
-68
-36
-91
8
31
59
-49
40
39
-89
55
73
-34
35
-66
-62
-54
47
-70
-38
22
-18
-38
11
-83
-1
-32
4
-57
-3
-19
47
62
29
-75
-60
55
26
62
-2
-78
-83
88
73
-94
-83
38
88
-6
54
-8
14
49
-57
9
-35
26
-34
7
25
19
90
45
4
24
-15
-52
-85
37
24
-8
-57
91
-7
10
-22
13
-21
-16
85
59
-75
-63
79
-34
51
17
15
-52
-5
50
89
-58
-40
-52
37
15
77
-48
-37
27
-16
-27
68
-21
25
56
-67
43
-86
14
34
83
94
18
48
40
-20
-44
-32
32
-72
-24
43
-47
-10
-64
-77
38
57
85
24
72
-92
-41
-15
-19
36
56
60
-88
6
59
-5
-55
48
-54
-86
-60
73
11
-16
53
76
30
35
-18
-57
-55
25
13
59
69
-86
-28
52
40
61
43
-64
-41
46
-7
-61
22
-72
-25
-91
-19
-29
26
85
-95
52
-51
-7
-53
-104
18
-14
58
-94
50
29
25
54
71
-65
-35
-83
64
-90
2
-78
69
-69
-6
7
-39
47
-33
-76
23
-44
65
75
63
-16
72
-98
31
-40
-24
-80
79
-60
-39
-51
-7
-67
-37
-21
19
39
-1976
-55
-28
255
-168
175
57
-273
-65
1330
1343
-116
-480
-37
-205
-677
-760
-412
-398
-702
-364
-30
-23
-3
2
-266
101
104
147
78
-122
-144
9
-85
50
322
-167
-179
-446
-88
-374
48
-4
27
-26
185
92
19
66
84
110
-10
19
184
124
-27
62
68
710
377
6
-456
124
-164
-36
663
85
1632
1975
-123
1545
709
1038
1790
1877
1591
1530
1587
1536
76
54
-29
-141
574
-795
-2016
1357
-2026
92
-2027
1899
-2017
979
1627
476
2028
366
2023
555
1624
-398
1754
1274
1345
-183
1110
1262
1167
1563
1295
-640
1128
1418
1172
-168
1004
-265
126
-2032
-1120
-1230
-165
-11
-1912
2025
1716
-199
19
828
869
-1302
1255
1310
1216
1314
1248
1288
1274
1299
1272
42
-49
-118
-9
-1966
-873
-766
-866
-789
-948
-924
-867
-791
-911
-881
-1010
-863
-975
-903
-982
-953
-1047
-925
-1091
-884
-901
-882
-985
-843
-1030
-922
-953
-850
-973
-766
-942
-846
-2028
-1357
83
-2030
490
2027
2027
-100
-68
1000
888
-1207
857
971
1033
1000
1044
910
941
958
952
-25
-136
115
63
-2023
-1108
-1128
-1242
-1260
-1304
-1204
-1227
-1158
-1393
-1277
-1333
-1211
-1319
-1212
-1313
-1185
-1393
-1355
-1385
-1127
-1360
-1358
-1253
-1144
-1373
-1150
-1224
-1170
-1258
-1203
-1346
-1158
-138
-73
1368
-49
292
-2031
-1779
1024
-40
-68
-715
65
2020
1945
1166
1971
2013
1906
1994
1931
1948
1999
1973
1976
1309
1896
25
10
549
591
464
449
532
470
621
399
467
583
398
595
559
411
499
596
579
352
492
443
562
497
478
484
540
430
626
500
475
635
441
513
583
14
178
-10
-2012
-599
-123
267
186
82
2023
1926
-160
2027
1870
1894
1909
1849
1990
1968
1959
1973
-41
-61
58
-9
135
68
-52
84
-112
69
-115
11
-74
-9
4
72
-56
48
-3
-13
-180
52
17
50
-113
14
-56
94
-49
104
-151
6
-58
113
-68
88
-162
107
7
2029
-26
-76
19
74
32
64
-62
55
-85
-14
8
66
-30
36
-29
-1
81
82
-56
32
14
18
-8
7
19
74
50
65
-33
-92
-19
30
21
57
0
-61
20
-55
89
-13
11
-13
52
-57
-51
92
92
43
-16
-26
69
-31
44
33
-6
7
-92
-66
-11
-91
29
73
-93
-11
-58
-50
49
23
85
33
4
-17
25
-28
-33
-18
94
41
-65
-77
-37
-10
1
-75
-66
-83
32
-32
-31
-11
38
54
89
-71
38
49
70
73
40
-18
77
85
36
28
46
-33
-55
-25
-39
21
-56
-83
82
-33
-76
85
-37
-45
-55
-152
-51
-52
86
-5
-38
-238
44
78
395
405
43
1886
1873
1945
1964
1911
1875
2001
1908
1952
23
33
32
-2
143
-72
-100
56
-57
-33
-79
-10
-11
-5
-62
-20
-10
35
-84
-50
82
-24
-80
-70
-10
-25
-90
-27
-109
110
-113
-15
35
-99
-48
-9
-36
-2032
64
-396
-84
43
-25
220
-474
-64
519
584
233
1831
1993
1987
1805
1837
1682
1933
1687
1841
144
243
-37
-13
-360
1490
1119
871
-54
-2006
-2024
-1407
503
1749
2032
1783
-88
-1480
-1770
-1920
-221
-1596
-2031
-2030
-43
1524
2032
2020
441
-1321
-340
1598
2031
1122
-772
-1682
-1271
-92
-40
128
2024
-244
-104
-2031
1069
157
-1079
167
-48
710
684
-535
-1639
-1652
-1664
-1673
-1681
-1690
-1688
-1691
-1698
-56
67
28
8
-93
-297
-255
-249
-227
-330
-219
-309
-252
-272
-288
-347
-253
-299
-271
-311
-236
-307
-269
-322
-236
-291
-304
-305
-239
-304
-263
-308
-227
-300
-272
-279
-250
-2032
-165
60
1042
169
245
1442
229
-27
1677
1710
176
-1397
-1371
-1367
-1403
-1358
-1400
-1381
-1416
-1389
-52
-17
-12
-15
-583
-525
-461
-520
-383
-534
-426
-516
-455
-516
-419
-486
-459
-578
-424
-525
-454
-536
-404
-517
-429
-523
-424
-502
-442
-474
-447
-548
-477
-489
-470
-540
-443
31
-136
2031
-30
-35
1
-76
-16
-48
31
57
33
-94
66
31
25
104
20
-70
-42
11
-65
-16
-28
0
65
7
-42
-18
-68
114
32
-26
-24
-35
-60
-94
-7
10
-116
-56
-23
-64
-31
-60
-70
46
-22
-21
-29
-83
53
2
-57
-108
43
-120
-58
-58
-45
-8
69
-84
-17
-103
-109
48
-62
65
60
48
-87
29
-106
72
106
-9
-83
42
-12
52
-57
-31
-67
-4
20
37
-34
-96
-47
66
109
-37
-99
27
76
-73
65
-8
9
36
-115
16
-4
-7
-28
73
105
31
11
-9
48
-59
44
54
0
45
-66
35
-77
10
-41
-1281
-142
-81
-281
29
165
27
-846
-1
1999
1897
497
524
766
842
218
575
759
493
196
484
51
66
-92
58
66
2030
2030
2032
1465
1966
1869
2020
1819
1846
1492
1562
1655
1967
1627
1600
1338
-1996
-1621
-1888
-1194
-2032
-1178
-1880
-1876
-1385
-1582
-1982
-1698
-1855
-1710
-2031
-1249
2012
90
-105
-196
-98
-33
-21
-387
-28
1915
2007
439
1147
1184
1386
1398
1249
1305
1444
1060
940
86
117
107
-8
245
149
-6
184
189
149
87
493
3
-255
-136
66
763
651
643
350
-40
167
131
431
603
832
595
665
-11
670
450
400
703
312
582
463
463
116
165
-363
35
13
45
-82
-1
-46
43
-22
2
-44
14
-6
10
-49
-93
-92
45
20
11
-22
-88
52
54
-33
23
-64
25
91
84
-33
93
-22
82
-23
-54
-54
-35
-83
12
-21
18
-69
1
55
-90
46
-22
-14
33
75
-3
56
52
5
10
22
-19
-23
-94
34
-92
23
-18
-68
50
-41
-32
13
-14
-9
-25
-2
49
-57
91
44
11
1
-34
-63
30
16
-70
-12
-21
-13
-66
-86
-75
66
46
25
39
-9
-31
7
-87
21
47
-86
70
-27
93
-49
-30
13
6
20
-64
-84
50
69
-2
19
72
23
27
-89
21
-33
92
91
13
40
-39
19
31
-2
65
23
-91
-79
-88
93
35
-21
39
4
-92
-4
12
-26
55
27
61
-40
5
-73
-68
44
4
-26
-49
10
52
14
15
86
-59
-33
-91
25
-42
28
29
-68
80
21
-21
6
36
-4
22
25
89
-33
71
93
57
-85
-47
52
-34
29
62
-23
-57
31
6
-2
-84
-23
-36
93
-84
-16
-63
14
80
-78
81
-61
63
77
28
66
90
78
8
-52
44
75
-43
89
58
-63
36
44
64
83
-42
79
43
-33
89
46
-90
48
-30
3
-34
44
31
-79
-20
76
-75
85
449
-145
-15
-28
-69
165
18
33
73
2014
1994
-198
1969
1887
1884
1865
1937
1716
1965
1881
1997
-3
-3
-23
-4
-54
-123
-138
-76
-175
-70
-177
-1
-108
-36
-129
-118
-224
-129
-146
-93
-27
-58
-130
-68
-135
-152
-57
-59
-135
-77
-109
-94
-87
-104
-26
-118
-109
-286
235
-491
74
-57
-192
104
-952
-72
1651
1670
-669
1887
1823
1945
1868
1855
1981
1922
1824
1869
151
230
-10
-6
635
2028
1317
2020
1251
2027
1360
1800
1071
-2027
-935
-2032
758
-1152
-68
-2025
84
1955
1053
1736
1335
1572
844
1976
1735
2028
1149
1760
1132
1815
1188
2026
1505
4
-21
-43
-11
38
-4
-89
62
-57
42
-83
-64
-83
38
79
67
-30
-10
-61
-48
56
-37
-71
70
-71
36
-28
14
39
-93
-40
-68
50
71
73
11
-61
-67
-76
90
44
2
-66
48
-91
-46
10
65
35
83
-33
-85
69
66
36
8
68
-64
80
-5
36
2
37
-89
40
-89
1
-23
-8
-80
6
62
-82
7
10
77
43
-92
-34
15
6
-10
-57
43
35
-37
-18
-78
-65
-65
64
-25
-18
-87
-39
-19
35
-22
-77
71
-3
-64
-43
10
26
55
-22
81
89
87
-7
19
30
-1
-39
-67
54
-86
56
16
-60
-3
-2027
-427
-1724
-176
871
1202
-2030
-2031
59
1984
1932
-2030
1973
1949
1993
1922
1977
1872
1934
1942
1946
691
766
-87
30
-687
2031
1671
2025
1683
1737
1367
1769
1709
2030
1688
2000
1637
1929
1538
2014
1581
1760
1307
1787
1710
2029
1548
1939
1643
1883
1556
1941
1747
1993
1700
2026
1627
2030
-400
420
588
-472
440
914
36
-93
2023
1880
-852
1920
1972
2006
1954
2022
1927
1984
1948
1935
-194
-339
66
15
-395
-165
-249
-180
-169
-30
-139
-162
-237
-172
-169
-125
-212
-166
-164
-142
-154
-152
-164
-90
-176
-180
-217
-92
-216
-79
-186
-143
-214
-173
-214
-155
-169
-31
54
-1094
-921
-110
-48
23
-32
131
20
26
-2
389
394
-42
1792
1997
1751
1881
1845
1941
1791
1938
1922
22
32
36
15
-65
-88
-149
-108
42
-5
-109
-22
-71
-42
-96
-3
-118
-43
-37
-139
45
-115
-62
-87
-47
-27
-127
-77
-30
-10
-112
-88
-89
-59
-104
-18
-85
-2003
72
-265
-8
17
20
49
198
47
428
573
-192
1829
1789
1830
1987
1949
1754
1630
1640
1818
69
128
-128
-56
742
-1738
-2032
-2031
888
1641
2030
2018
1293
87
-739
-384
726
1581
1591
2007
1218
501
327
1389
1730
1027
-91
227
834
-2031
-2009
-1125
1416
1821
1998
1027
536
-44
-40
149
-2032
356
-103
-2026
-272
-146
1500
-522
33
1916
1944
-557
1634
1293
1299
1137
1205
1369
1316
1294
1379
-134
-95
51
23
767
1044
77
693
252
903
344
683
149
493
39
1088
149
852
344
954
211
546
188
777
397
505
86
1024
118
968
436
490
286
901
241
629
246
1523
-22
-831
-1986
-2028
-488
1557
-1073
35
1927
1932
-489
1621
1220
1311
1302
1248
1682
1551
1642
1585
835
809
160
51
1289
627
643
601
660
427
493
545
621
868
757
471
657
576
777
467
851
647
813
532
723
664
617
625
917
490
803
794
887
562
808
728
1017
255
475
-1234
-2005
919
-1106
-1630
5
-79
-293
-2031
28
1972
-1983
1987
-50
1569
-552
-534
1861
946
-793
-1781
1300
1286
651
887
-24
741
1009
2032
1860
1988
708
1307
2024
1405
2004
1912
1749
1986
1339
1956
1803
1976
-884
25
1315
1858
1986
822
581
179
-1564
599
428
-1057
-1677
-1638
-985
927
-2015
-491
1632
-2025
-1098
1323
-200
-2032
8
-1959
2009
-2028
2020
-1955
-730
-2031
-11
-1604
-2028
-2028
-1879
-1194
-464
-2031
-1590
194
-933
40
204
1917
566
1697
218
-1958
894
980
-860
-683
474
945
186
2009
-586
1036
-6
1895
1784
1460
429
-107
309
1597
740
-1087
-9
905
533
1203
192
-473
925
-2029
429
-338
-2030
1670
1422
633
-2031
-74
-1225
-106
-191
-1012
-1102
-1434
-936
-1684
-1240
-1168
-1198
-1341
-59
-14
-458
-443
-484
-1626
-2023
-1619
-1907
-1936
-2026
-1888
-2017
1656
-140
530
-431
363
-236
-187
520
-1070
-1394
-875
-1184
-306
-1337
-735
-2007
-1368
-1716
-1017
-2007
-659
-2025
-513
-1513
-2028
-92
685
1731
-2019
-621
677
1974
-73
190
-351
-733
-589
-387
-453
-185
-518
-246
-37
-207
-119
-226
-397
318
79
999
900
555
924
799
1080
594
439
838
450
907
1193
1122
1496
1242
610
-17
1162
1042
812
487
647
358
1304
1442
832
678
676
750
635
214
543
664
-206
356
-2032
-38
-52
-6
18
-61
15
-90
35
12
-94
29
-26
66
-5
55
-65
44
59
47
-82
-83
-7
-26
56
64
-60
-60
-61
62
-7
39
56
-84
-37
81
0
58
101
-37
28
-54
36
20
-77
52
-64
-80
94
-48
-77
53
-80
40
-5
-91
-10
25
-73
-90
-68
13
-40
-2
18
-47
-34
-24
-38
-91
-88
3
-59
-71
-66
-93
-70
-74
-68
-53
-59
7
-67
26
-66
14
47
43
-17
-53
-70
-5
-83
-85
-35
-9
-85
41
-83
14
-30
49
47
10
11
60
-39
-22
-27
-20
59
-11
18
-62
5
38
-86
-27
71
-44
267
-94
-4
-109
-16
145
142
-3
70
2008
2003
-107
1988
1975
2013
1936
2005
2007
1971
1984
1986
-17
-17
-5
6
-130
-37
-110
-64
-108
-48
-110
-60
-122
-90
-145
-63
-137
-59
-113
-79
-146
-56
-112
-60
-155
-90
-148
-69
-128
-22
-124
-52
-116
-53
-105
-60
-97
-434
150
1847
-2027
-24
-84
-24
-157
92
1988
1994
-2032
2000
1908
1960
1922
1947
1986
1998
1971
1976
94
-2030
28
2
-142
-41
-25
-102
-2
-22
-11
-54
-19
-108
11
-82
23
-53
-9
-88
48
-31
-52
-79
-12
-135
3
-74
-47
-54
6
-55
-18
-63
-33
-45
-26
4
-4
-92
1985
-28
-53
-108
-55
31
-62
-1600
-70
1535
1995
-92
1676
1759
2014
1659
1795
1839
1681
1644
1766
29
43
-166
-141
730
2030
2031
2014
1458
2012
1490
2009
1775
-2032
-879
-2029
-1495
-2016
-1198
-2031
-761
2015
1926
1971
1149
2031
1871
1994
1740
1906
1676
1849
1308
1795
1662
2027
1610
2032
37
-220
-251
49
59
-29
-380
59
1852
2006
627
1671
1799
1921
1914
1999
1790
1850
1811
1880
118
213
-11
-30
-78
-67
13
123
267
420
185
185
-91
90
35
173
-4
175
51
183
131
48
114
239
-71
170
51
79
-56
80
49
160
25
-68
36
2
132
-59
100
-638
-80
-22
-55
-56
53
63
-21
-19
-62
-32
22
61
37
-29
-40
-51
14
-52
39
-37
-23
65
67
-48
-83
22
-104
-32
34
-25
2
-76
-32
-61
-14
-61
4
53
-86
-62
54
-46
42
-12
41
-28
-40
-8
17
-78
8
30
64
-13
-24
-82
72
-65
27
53
56
38
-74
-68
-94
-16
-41
-3
-82
-7
6
-78
-84
-15
44
-65
73
-57
-80
38
27
-107
20
29
8
-75
43
52
39
-82
-4
5
80
-25
36
28
-87
17
-20
-2
-51
-66
-44
23
66
-94
60
69
6
-36
-88
27
-65
-29
-26
56
-54
-80
-22
-111
14
14
-81
21
-26
14
-93
-56
37
45
-1
-65
-114
97
-76
-112
-139
22
52
-31
-50
5
-29
-128
-29
-13
7
-108
-21
105
16
-11
-66
56
36
23
-117
53
-30
-99
-10
-48
-165
-125
-133
27
-84
12
-137
-39
-47
-110
-6
-137
13
-6
-108
-124
-110
-113
-90
1
-18
50
-61
-72
34
-28
10
-22
-34
-86
52
46
-16
-83
24
-85
-59
-36
48
-18
-71
-7
-117
3
-25
-47
-78
-106
-97
-105
-49
-67
-64
-12
-78
-88
4
33
-100
-97
-66
-51
-77
-178
-42
-48
-45
-95
3
39
-29
40
-94
-18
46
-62
-1978
-318
-436
25
-51
160
376
-788
59
636
653
89
1698
1626
1900
1733
1813
1874
1684
2002
1884
147
203
-34
22
-648
-1938
-2030
-1527
151
1669
2026
1528
86
-2022
-462
1461
2032
1500
-264
-1940
-1974
-2008
-949
1018
2031
2017
421
-1336
-1697
2031
-101
-569
-1769
-1118
-642
1846
2026
862
154
94
89
13
-372
-492
195
68
397
348
113
1979
1851
1867
1922
1822
2007
1943
1949
1894
-23
-42
37
5
321
-103
-63
-108
16
-78
-11
-113
-47
-81
-87
-104
-115
2
-71
-164
-66
-20
-107
55
-110
22
-70
-25
-117
-31
-68
-52
32
-27
-32
57
-86
70
33
244
2029
226
-354
-2031
-81
-33
-2029
-236
-57
425
529
854
116
133
88
145
23
92
88
67
47
141
292
22
-59
130
126
56
153
122
118
110
141
112
243
166
189
229
148
157
191
133
159
81
152
65
210
150
119
169
120
112
153
133
225
71
206
127
982
221
-156
-554
2031
-412
2031
-17
-90
534
664
65
89
272
233
303
225
256
273
232
239
128
156
-42
-64
777
511
590
581
654
596
600
510
561
644
671
620
601
571
595
581
591
609
647
588
550
579
669
594
591
567
618
507
598
585
631
606
598
-189
56
-2031
-937
228
-1332
-950
37
-66
-33
115
21
712
714
175
1721
1969
1896
1608
1550
1679
1745
1726
1727
746
649
104
5
414
1112
1312
-1215
-1646
-2029
-702
-77
1742
-2028
-2032
-1687
718
1902
2029
1814
241
-443
-1008
-796
139
1527
1700
1681
147
1839
2026
2029
845
-907
-2021
-1556
-74
1949
-234
-239
-70
-4
191
123
38
30
135
91
-38
1776
1817
1748
2013
1765
1785
1869
1844
1769
92
133
26
6
-62
-181
-149
-227
-74
-119
-182
-92
-180
-266
-232
-192
-118
-176
-105
-154
-172
-137
-112
-168
-74
-102
-152
-91
-187
-7
-184
-188
-184
-126
-105
-84
-160
0
-2
106
-2032
-459
-374
2032
226
306
1291
693
-25
1372
637
-459
-1613
-1900
-1961
-1889
-1955
-1759
-1762
-1707
-1755
171
300
-4
166
-1226
-1022
-1468
-1131
-1229
-1267
-1115
-1050
-1259
-1106
-1300
-1075
-1277
-914
-1370
-1022
-1238
-980
-1424
-1251
-1262
-1074
-1282
-1136
-1371
-1070
-1177
-950
-1137
-1033
-1318
-1060
-1257
-1186
-418
-509
-345
-900
406
-1898
81
46
-1320
-1781
-187
-1591
-1996
-1972
-1966
-1898
-1842
-1774
-1831
-1739
198
271
32
122
-39
-359
-421
-349
-575
-271
-528
-460
-483
-323
-580
-258
-568
-365
-635
-326
-637
-349
-564
-267
-563
-341
-492
-354
-597
-302
-557
-404
-464
-201
-375
-225
-654
273
-118
2032
3
-49
33
-74
-45
-67
38
-17
-44
36
-79
-110
-92
-86
-16
-29
35
-84
49
-110
28
-2
-110
6
0
-123
-124
-43
-87
-94
-12
-1
-69
-21
64
35
-4
6
-67
11
-55
-91
72
-92
-101
-39
-6
36
-106
-44
-105
-68
-56
-84
24
-100
-64
18
-17
-40
30
69
81
-29
-92
-80
-34
31
-111
-33
14
15
-3
-127
-3
-2
-60
-103
-22
90
7
-2
1
33
7
-34
-3
-86
-59
-155
13
37
-50
-98
-134
-101
38
-104
-76
31
-44
23
-6
-73
-139
34
-46
8
-71
-137
84
72
-6
-163
-129
-138
45
-94
9
77
88
-65
-46
-1
25
-95
-56
-36
-71
58
27
-17
-42
51
-49
-10
-13
85
-23
48
-83
-47
68
37
-33
80
20
-44
-71
-91
-76
68
-53
-11
-15
-11
-84
-20
-75
3
52
-78
6
-81
-19
-7
-76
85
-64
48
-65
-8
-49
49
-17
26
-62
-39
-82
-84
70
2
36
76
89
-44
-55
48
58
-40
-13
-43
-86
5
46
-57
96
-87
-83
6
-36
73
-12
-21
84
-95
-5
-46
35
28
-29
16
-33
52
-74
86
58
32
-79
41
-58
82
-96
-87
-47
-27
-49
55
83
-24
-19
-82
-16
-40
33
10
-5
-68
3
-72
-100
-99
23
16
-70
-41
26
24
-110
-3
-103
-91
-80
-65
-94
-13
35
43
47
62
6
-30
-10
-40
-66
31
-44
-19
-22
-16
-71
-113
5
-89
-38
-12
-74
-65
-50
48
67
-4
0
8
-39
62
17
43
-22
6
-29
38
-72
-104
-72
-95
-68
23
29
-32
-83
0
-16
-79
-31
49
-66
65
-118
-71
-71
51
-74
63
1
-52
75
-65
-56
-53
-5
-63
-89
86
75
30
-8
-88
2
-36
-86
-107
40
-28
18
-41
-68
-2
-25
-77
-128
-49
12
-93
63
49
-86
-85
1
52
-65
-71
17
-95
-71
13
58
2026
1650
-1801
-864
1432
-1
-373
2025
-38
1971
1969
-2030
-159
-137
-125
-176
-97
-145
-133
-122
-125
1024
-107
-11
4
-938
498
420
514
323
108
419
541
376
672
246
439
438
412
18
368
743
472
149
302
652
670
327
162
573
-95
418
518
223
447
319
597
348
2030
-379
-2018
2024
510
-249
-2029
897
-88
1927
2006
-2009
-614
-600
-559
-590
-580
-605
-627
-620
-610
1013
698
-120
-17
761
185
303
268
479
320
753
278
317
270
474
306
370
254
387
333
444
238
385
325
427
305
548
250
345
411
643
270
287
241
327
209
363
58
-2028
-506
1998
198
210
-1722
1894
832
-440
-1916
-79
-424
2012
-970
-2021
-2019
2024
-2017
2006
1572
1983
1484
2008
-439
-506
-265
525
-334
1854
-267
-100
-263
837
599
1298
-1068
706
961
1218
421
-627
1908
1376
-1385
-581
2002
1420
-1299
852
951
1380
614
952
734
1337
-1108
1875
-235
-79
-71
72
-235
846
-842
-1955
-584
349
-1683
91
1982
-1984
2030
-1909
-1381
1938
-1694
1957
-1879
-1651
-1913
-1529
1691
1091
770
933
-1642
-1337
-1120
-686
1321
-2010
-403
-213
2031
-1607
-2027
-2020
541
-1164
-650
-1821
39
-964
-435
-1733
37
-1644
-2023
-2026
743
-2018
-371
-212
2030
-1287
-1113
-694
1310
78
-918
-2032
2028
-208
151
2028
-2008
106
-1196
-218
14
-471
-454
173
-1916
-1831
-1932
-1856
-1988
-1922
-1951
-1942
-1929
101
-133
-46
-37
-73
-138
-80
-107
-118
-31
-120
-94
-99
-149
-86
-110
-166
-125
-112
-130
-144
-71
-96
-74
-177
-133
-38
-79
-182
-42
-172
-96
-106
-104
-103
-133
-149
2029
-46
-730
-971
-723
318
2026
-194
67
874
950
28
-419
-451
-373
-437
-409
-420
-446
-444
-453
333
471
-99
-20
-228
45
42
119
62
145
97
80
95
115
44
103
0
52
15
143
48
53
50
95
20
120
86
89
-16
133
68
48
136
57
72
122
35
-226
-44
-2032
-874
-69
-72
-104
92
80
-62
-640
90
2001
1996
322
1524
1501
1392
1696
1965
1692
1608
1430
1541
36
51
-32
13
26
-2032
-1874
-2026
-1389
-1395
-1525
-2018
-1730
1822
1553
1491
1837
1721
2013
1174
1245
-1986
-1848
-1597
-1547
-2030
-1292
-1815
-2030
2009
1834
2026
1768
2029
2032
2027
1294
2012
63
-64
-93
6
-30
1
-230
38
1718
1820
171
1663
1855
1700
1657
1954
1583
1661
1888
1879
37
64
-34
-20
2
114
211
75
278
376
97
-32
166
548
592
169
-275
-38
-57
151
268
288
274
335
20
-128
-324
179
397
42
256
409
36
90
97
202
69
9
120
-367
-77
-63
-91
61
-19
-7
77
45
16
-66
56
-89
72
-54
15
-87
10
59
50
-93
77
43
7
-101
32
45
-77
47
-88
-36
37
-106
-50
0
-63
-57
-9
-70
-56
-75
-4
-46
-12
81
72
-65
-86
26
-14
-20
51
65
-38
-52
-96
-34
-89
-83
23
-40
19
-48
-36
45
-5
-22
26
52
-31
-7
57
103
20
-24
0
-14
73
76
-95
5
32
23
16
-100
53
-37
-20
53
-13
21
97
-60
-81
-42
-102
-14
-39
12
-57
-71
65
-85
-3
-57
3
-34
16
-96
-39
70
26
32
0
-4
-53
79
54
57
25
-2027
97
209
-57
-1681
-25
-129
-1995
-24
-552
-73
-1259
963
1720
1068
1509
1603
532
971
1500
1261
50
-70
-63
-144
61
56
349
-182
405
74
302
182
461
483
612
-63
235
-505
-99
144
957
532
571
81
-78
-441
256
376
416
-355
1
-274
-474
88
-12
-130
-17
-1947
-93
-233
-677
-102
172
68
1056
21
1713
712
2003
1197
-867
-334
1493
1870
-569
630
1759
710
111
179
-124
145
-37
-1961
-806
-1692
-1352
-1303
-920
-1918
-2011
-2030
-1054
-1780
-1989
-2029
-1078
-2026
-1951
2031
1915
1999
2015
1983
1845
1437
2014
916
2021
1732
2031
1938
1967
1652
1580
84
168
234
-130
-60
55
60
39
-17
-80
154
5
-254
22
-162
114
108
-223
51
56
-180
-206
-178
-120
-70
-62
-49
-104
-44
-33
138
-41
-25
69
-123
60
13
-245
-252
-115
-253
-285
-228
-167
-93
41
-168
0
-86
-117
20
-64
-51
171
-52
-19
-34
155
104
-203
-7
-40
-63
-26
-40
32
-50
19
24
62
-103
6
110
-52
254
-32
50
-53
67
-145
-80
-52
-43
-12
67
-63
-154
-143
-165
-175
-94
-174
55
-43
-30
-109
-186
-232
-402
-19
224
80
-32
117
143
-19
-141
-131
-158
-130
-175
-318
-174
-201
-39
104
189
75
-83
-105
-28
-2032
-2029
141
-113
-2028
-194
77
177
-1760
-69
1995
282
2018
-31
-1926
776
2030
-1330
-1960
523
1198
-1164
31
52
186
611
-21
-2011
-1986
-2031
-1517
-1293
-574
-1888
-1954
-118
-487
-1237
-2028
-1989
-1737
-827
-217
1872
1968
1180
1552
942
1908
1537
2009
982
902
1532
1677
1504
2032
2022
1561
-2032
10
83
-192
-2029
189
-74
-2029
4
509
1967
-1851
976
-1423
-138
1736
46
-1248
275
1029
-617
136
57
-265
-152
726
972
1153
1400
1075
875
1084
1398
1402
1787
1673
1485
1109
-648
476
381
489
1854
1615
569
1388
-524
-714
-468
642
713
824
132
-89
-270
-207
51
692
397
1813
-217
-77
-67
-12
-62
-88
15
55
89
-46
-7
-13
-52
-88
32
-21
-42
57
-65
80
-90
91
4
32
-63
-71
-32
-49
-73
-29
68
5
92
43
11
44
43
39
-17
20
-51
-20
54
81
51
86
3
-25
-38
27
-2
10
76
-77
72
3
39
73
-76
3
-66
-88
-31
23
87
-29
-34
-11
39
-92
-38
-80
9
-72
64
6
81
16
-85
32
17
-38
-23
33
51
65
-52
67
-51
35
-8
-43
3
-31
-67
-20
-61
89
63
29
29
29
24
59
10
92
42
25
-74
-30
2
-50
76
-31
54
40
39
-64
11
1
51
-114
43
-25
-15
-45
44
-43
58
64
-21
0
-113
9
43
-68
52
-48
10
14
14
-40
45
92
-11
-66
19
-69
26
-20
6
-29
65
-103
-49
-11
3
21
46
-93
4
14
-50
10
46
-52
21
-99
-46
-99
30
28
-73
-33
-26
44
-99
-92
27
-128
-27
-21
41
-42
6
-43
76
57
-16
-65
-121
85
65
2
-22
-37
-78
-106
-22
71
-84
163
-103
-9
-71
-40
-71
-49
-55
2
52
30
-82
-57
-23
35
-79
-11
-83
49
-92
-62
33
47
-23
65
-61
3
52
-85
-55
-31
13
6
-22
-13
-118
-98
90
770
945
591
-2032
-1918
1287
636
-2032
-40
1008
1859
-2032
367
1999
-1926
1981
-1989
-1216
-1763
-1730
-567
136
-425
475
-1273
-2032
-1802
1950
-2026
1188
-2025
-924
-1318
53
-1917
1950
-1979
-2032
120
-1996
-167
-886
-468
-1700
-82
-188
-2032
1948
-1975
-2032
-2032
-1730
-1626
288
-2026
1925
-2031
1818
-1002
1520
-2032
1934
-21
-521
-678
2006
66
-1817
-1587
-386
-1495
-2032
-2029
-2000
-2032
1907
1960
1836
1803
434
587
-2006
461
-1028
1965
1932
1550
-2011
-2032
1886
221
-357
1981
1955
-2032
98
-1066
1922
839
-2011
-777
1949
386
-2032
1943
1933
-2032
-894
-2007
1903
1291
-353
1755
1979
1949
-2008
1957
-1832
-572
-2025
-430
92
412
296
225
-1577
-1984
-92
965
1909
922
-681
-97
-548
-119
-588
-520
-446
-430
-461
88
39
-108
-338
-2031
-2029
-1847
-2009
-1847
-1956
-2021
-1913
-1841
-1843
-1777
-1983
-1852
-1598
-1977
-2010
-1684
-1570
-1710
-1883
-1608
-1901
-1686
-1759
-1771
-1778
-2001
-1663
-1688
-2016
-1812
-1955
-1690
-2021
-1064
-513
-2032
85
893
1696
304
-60
1940
1965
-696
-63
55
145
162
194
165
249
231
267
139
253
-212
143
-605
-949
-1469
-1083
-1340
-1032
-1307
-1004
-1199
-1281
-1606
-1295
-1363
-1290
-1603
-1362
-1481
-1287
-1648
-1390
-1510
-1247
-1637
-1266
-1410
-1028
-1324
-946
-1271
-1104
-1579
-1046
-1413
-529
434
-69
B
256
125
-57
-35
-102
-35
160
-102
-97
-32
-9
-82
-125
-515
-8
-43
59
-17
-316
-108
-10
-38
-49
-251
-217
87
-91
-55
-86
-109
-89
37
-267
-84
-78
-24
-38
-298
-68
-220
-84
-102
19
-66
-57
-265
-2
-215
-94
-153
-88
138
-147
-98
-91
-43
-24
-44
-181
-78
-82
-87
-102
-17
-80
-18
-146
-68
-296
311
-28
103
-135
-133
-75
-57
-51
-11
-30
-88
-116
35
-51
-16
-80
-109
116
-71
126
-346
-3
-32
-70
-62
-36
-68
-25
-79
-57
-104
172
-24
278
-24
-117
122
-118
-49
-102
198
-105
37
-93
-120
-77
44
-53
-50
-113
-93
-32
-260
-100
64
-212
4
-84
118
-36
67
-18
-95
-442
-78
-84
-11
-123
-83
-76
-20
-66
-29
-70
-84
-21
109
-281
8
-333
-108
-19
-107
-146
-109
-23
152
-31
133
123
238
-93
-62
-45
-111
-91
-118
-78
-90
-61
-138
-41
-161
-123
-139
-124
105
205
-5
-136
-130
-86
-6
-86
-36
-110
-27
-85
96
-220
-32
-71
-136
-72
-58
348
-123
-117
-88
-16
-62
-70
13
-68
159
1
-68
-18
-30
238
-213
-97
-108
-344
-138
-71
-59
-128
216
-202
-35
-60
93
-80
-150
-59
-84
-211
-61
-228
-130
-290
-37
121
-107
-78
-238
-105
-42
-59
-98
-84
229
-62
-16
-53
-73
-579
24
-136
-70
-76
-1
-218
-12
-57
-72
383
W
64
256
31
19
10
28
-38
197
-636
21
335
-123
42
2003
1764
-665
375
-59
-57
-2032
561
-58
43
10
347
-124
306
-46
-29
-43
26
528
-266
12
413
49
-33
-456
2024
-16
567
31
16
-194
-2
-8
-196
55
23
1
101
5
28
355
92
-59
35
10
-19
1077
24
-31
-51
-44
-15
452
33
376
-12
398
-176
2
58
-295
87
52
-4
337
-42
-1021
-313
461
-12
17
11
-180
-109
-2028
-3
-2031
66
-27
-1231
46
395
120
-731
1444
63
-29
463
-69
51
491
-52
91
-2029
-245
-58
55
-223
-25
-273
-22
101
-22
-117
-55
391
86
78
-2032
-187
18
688
-1920
377
1333
71
-23
242
10
33
-1927
-33
-62
-48
217
15
-1
-171
6
-778
250
30
-55
-138
1026
239
287
19
-295
81
332
487
13
781
59
36
-4
-1
52
-310
-48
-320
-30
-27
2
-28
-13
78
-270
-72
-29
-45
438
151
-79
64
12
115
-58
-484
59
-174
-27
10
30
133
50
1194
-14
-258
-315
-8
50
34
76
49
-13
-51
30
323
15
-10
32
33
64
146
-285
1935
-253
-2031
-353
75
-12
40
-350
94
444
38
419
180
-16
118
-12
-41
563
-2
62
402
-6
160
-690
-62
-1416
112
38
9
9
-67
12
475
-38
36
-27
-2032
-1992
-138
111
41
-54
-793
44
-13
-27
784
257
-42
-273
-115
39
-159
-445
-945
-352
1142
-2
62
282
-1925
-270
1354
72
-31
-2025
1558
-449
-16
-60
802
-1773
-56
0
49
2
-261
2030
15
-251
1635
58
-17
-2029
-106
-39
1646
-36
-18
-256
10
-48
-426
-45
213
-3
895
-61
-293
1447
62
294
16
30
26
-1708
32
53
16
-31
20
1454
-19
1263
-233
783
617
-130
-214
-784
107
-11
-58
-239
-3
330
-834
1678
-35
38
-44
-587
2032
774
-3
-70
-1482
-147
-682
83
1493
-81
-1178
1997
140
-28
1527
-170
-49
-56
13
221
662
-35
5
171
-254
179
-513
-40
841
233
826
-11
1435
753
233
-771
351
-344
942
886
104
-1148
-75
2031
373
-157
20
1029
5
55
32
539
-85
-49
-494
-77
1622
-72
-27
-1093
278
-982
-229
367
-451
116
726
1296
1590
48
350
-42
209
88
-74
40
-785
-129
-987
-163
54
-30
-55
53
496
-742
1453
161
247
-1990
1147
-91
-4
-177
-729
3
-177
-30
-66
-17
-114
-40
205
65
612
19
-104
-935
48
74
-195
207
-5
40
85
-15
387
38
118
-52
-50
53
-382
-634
469
-428
-2027
-2021
220
-58
-23
-1066
-333
-517
-45
1835
-198
3
-382
11
56
1703
12
-1087
1475
6
-280
-235
-16
-2032
-635
18
3
-239
-861
-329
390
-48
-14
22
400
-824
-1497
-548
-18
271
-322
-148
5
51
-1997
-518
38
-57
-11
-27
4
-19
-2
-67
-31
-18
-18
-63
-25
40
-23
48
-11
5
41
-75
19
-2
-58
1
7
22
-21
-34
33
-50
-36
-55
-53
-45
5
-11
41
5
-76
31
-63
14
-42
21
32
22
-63
-42
-28
-14
-6
30
-1
-49
-39
15
-9
-2
-9
20
-56
-44
35
42
-15
-65
-73
-38
-19
32
-47
-25
-59
-57
50
-49
10
-28
21
31
1
32
-19
4
22
9
28
-2
-57
-42
-29
0
-30
23
44
-13
-102
60
13
-49
14
-34
-20
-31
-1
-67
20
-81
-64
-45
12
-52
11
-90
-17
-46
-31
-63
-63
-47
20
-84
-3
-45
38
-38
-16
19
21
27
47
-62
-60
-3
-62
-56
1
29
25
-18
-82
-30
-40
7
1
2
49
-66
31
25
-80
-9
35
-60
-95
-14
7
-5
-57
-56
18
-24
8
12
50
0
58
36
-69
10
-67
11
-17
-55
-2
-10
-50
-62
16
-44
-52
51
16
3
-59
45
-74
-61
-32
41
-8
-17
-58
21
2
-1
-44
-13
-64
-14
56
18
8
24
-61
-31
43
16
-23
12
21
-70
-7
-17
-30
1
-56
-73
5
-23
-104
-14
-61
32
54
-3
-35
26
-23
-9
-59
-80
50
-23
0
-50
-10
-73
19
-22
-15
-61
11
-30
-12
-67
-73
19
-69
-46
12
10
47
-55
-10
-7
-65
-38
-3
18
56
43
-74
-7
-66
21
-51
31
5
0
-58
-52
-30
-33
-42
-63
-57
-34
-2
16
-25
-3
17
-58
7
-30
49
-32
4
-41
8
11
34
16
-61
-7
-69
-39
6
-4
-29
15
-78
32
-43
57
15
7
-22
13
17
45
11
-19
32
32
-15
-56
-42
40
-9
19
-79
-25
-2
-40
5
-55
24
-18
-57
-8
56
9
-4
-82
41
6
31
31
16
-39
-18
-63
20
1
24
5
-13
-26
-50
-30
21
20
-32
-19
19
-26
-50
-20
-71
34
40
-58
-6
-65
-69
28
-47
-4
-63
-11
-36
-59
-44
60
-5
-93
59
5
-37
41
-58
16
40
18
54
-11
38
-45
8
-3
37
-20
-4
-15
-74
-39
39
-33
-3
-37
-8
-17
7
-41
-57
35
29
43
-8
-41
-54
-11
-27
32
-13
29
-33
-61
47
25
34
23
34
-2
-12
43
64
-53
-40
-53
36
19
24
-37
-38
-34
-75
-11
-3
0
30
-36
-56
-54
13
-82
-24
28
-31
6
5
10
7
-7
4
-23
-28
1
24
-6
-7
-46
-26
24
-32
-24
32
-49
-35
-2
54
-54
41
-71
-20
50
33
15
-53
31
11
-73
-42
-13
-45
25
-23
-51
-30
63
-3
-36
-37
-54
20
-39
-25
-26
29
-77
-1
-54
-34
-44
13
-70
-57
34
32
-5
-97
1999
1896
-42
-54
-1568
1225
1349
992
55
3
776
-1225
98
1017
668
-743
819
785
73
18
32
-220
-1237
1895
29
15
48
775
804
887
-613
1052
62
38
-2029
2028
18
915
27
10
162
-5
51
1379
-49
-1179
-13
460
-40
-893
352
55
785
59
45
41
-338
-29
1
-27
-42
-53
783
15
170
2032
-1175
-419
-246
375
474
-1569
60
44
-1123
-56
-1591
575
385
69
-37
-56
-623
-2024
1968
-87
1235
-51
63
2027
-976
750
-1193
700
1954
-1650
47
48
974
-30
-1999
100
-1438
347
142
-8
-1644
245
-879
1046
-42
414
-971
-1659
59
851
552
-1499
480
848
1859
-944
507
3
-2029
-735
-2015
654
78
28
2032
-16
49
11
-1854
1433
55
636
-29
-1423
-696
6
-2030
323
509
-1340
-759
2022
-324
130
248
472
-12
-116
40
496
77
390
-7
751
-137
611
408
10
60
-44
-34
339
-453
-1953
-1816
557
1188
1211
550
2
1632
-305
20
192
55
-948
46
1613
23
530
1695
-893
2
-64
608
-4
-155
769
-1516
-26
-86
4
-27
-1731
-53
-19
19
-7
-46
286
-1720
-614
-1719
1821
-183
-1569
-30
55
664
1667
-312
21
803
2029
44
-30
-19
0
990
-52
1127
561
-1023
-530
799
62
-1771
282
47
37
1988
2028
1808
-960
29
-24
-42
-695
824
969
8
23
737
633
-344
13
-44
-1373
-576
-71
50
-6
60
35
9
18
22
45
-75
45
38
1
20
-44
13
-18
-55
-5
-15
36
58
-32
28
14
2
58
-16
55
-75
38
-51
-10
-60
-61
1
-13
-30
-53
-54
23
-6
-12
32
29
33
31
54
-10
-28
19
-81
-27
-46
55
-26
60
2
62
23
29
41
-50
-55
38
-11
-73
-11
7
26
-4
-61
-59
62
-13
-55
46
37
-47
-70
-8
3
-46
-32
47
23
-56
6
-41
38
23
50
35
47
12
-54
-66
13
-62
-17
13
-35
-46
-54
11
24
22
29
27
-38
-42
-25
-82
33
-82
55
-22
32
-6
9
0
-66
-8
42
39
-23
-45
-58
30
30
-31
-37
-48
2
61
-1
42
-53
1
-53
-86
-70
-29
58
-77
-23
3
-50
-6
16
-18
-37
-56
-23
-68
8
-57
-32
-42
-21
-7
7
25
11
-51
10
-36
-15
36
-38
-53
-26
25
-20
15
59
41
-31
-45
50
-60
11
9
52
46
52
5
-65
36
28
-15
-70
-21
-17
33
-72
4
33
-47
-15
-49
-16
-82
-31
19
55
-16
-50
36
-45
-12
-4
-16
-33
48
57
-13
-7
9
15
29
5
-11
48
3
-77
-32
-31
-45
-31
39
-27
-36
-11
14
-57
-31
-31
-35
6
29
22
-21
59
8
-50
1
-18
24
-19
-18
-75
11
32
-67
-60
-83
-31
13
36
28
-35
-19
-32
-8
-13
-52
-21
10
-51
-68
-45
-46
49
-24
-69
-24
8
7
9
-4
-60
11
40
16
-11
18
40
8
-61
19
13
15
23
-15
49
-8
-36
-3
62
-56
-54
37
-33
-16
15
-11
-13
-13
4
56
-23
42
-17
28
33
-26
-29
-3
-63
52
-38
36
-36
19
-61
-62
-60
19
-37
-17
-26
-34
13
-56
45
16
31
-57
-40
50
-94
35
-64
7
-37
25
-26
14
-60
-32
34
-84
25
-58
15
-46
-40
26
-34
-73
-32
61
-22
-7
-22
-7
-63
-66
39
12
54
-60
-88
-67
-45
-1
23
34
-26
-10
12
1
7
31
-55
-3
10
44
-31
55
-26
13
48
-41
33
-63
-44
-30
-9
4
-64
26
-2
-75
21
-38
-46
-30
-11
17
43
37
-66
-5
55
52
-4
18
8
-11
-22
-47
8
44
23
12
13
30
42
-67
-81
57
-33
-23
-15
-16
-32
-61
-49
-14
53
-93
-14
1
-32
-26
-32
-62
16
-55
12
9
43
32
54
-35
14
-72
-53
47
47
-31
41
-45
14
53
25
-17
-56
44
-7
29
-24
15
-51
22
27
-40
-26
12
-64
10
-35
0
-29
-105
21
35
-42
-2
15
-57
-60
-37
-68
-34
8
-39
-29
-27
-38
-74
-87
36
-73
-14
2
4
-17
-40
45
14
1247
1071
39
-10
-106
1987
1038
-61
23
14
908
432
5
-35
76
-137
-1247
179
-41
40
51
-89
-205
90
53
-56
1
811
-90
1491
8
-28
2
-42
-622
-1848
38
-34
-18
36
18
21
-5
279
-44
-630
16
-61
25
-24
-76
-52
-11
6
-28
45
-811
58
-35
-17
-22
-38
-19
46
-45
1303
45
370
-87
-118
57
-739
-23
-61
19
-28
7
81
-54
29
-2
50
26
-2030
69
-11
-352
369
-85
364
408
-62
-264
29
-2032
-719
-26
-97
51
21
-832
-4
-803
-1852
-256
-31
-783
108
-634
646
-7
-28
-638
-1913
38
-62
-97
-735
-10
281
1266
323
-1739
17
1982
13
-78
-329
-35
15
974
-44
41
63
12
1079
28
440
-29
-1428
-626
-23
-2023
409
1453
-148
-1572
1362
32
150
-74
-115
-53
-193
50
-885
31
6
39
93
-79
133
529
8
-36
37
-40
-75
-45
1102
-861
-19
1480
-220
534
-47
1049
611
-24
-138
33
-163
38
957
58
-16
-754
-228
42
-32
71
38
-130
883
-785
-3
-63
-23
-2
-436
43
52
-56
23
-55
716
22
1367
-604
2000
1560
-812
-42
36
118
-525
1729
36
-38
-2032
6
648
-42
18
-74
42
965
-100
-554
195
-66
-28
118
836
44
-67
1204
-2031
1276
-2032
49
46
55
228
-1790
-2006
693
37
1
141
-6
1
48
2032
-291
-44
768
693
37
-47
-92
-637
619
153
-11
-19
-2025
-2032
-931
176
96
-585
-2022
-2030
-586
56
51
204
-1
-58
27
-34
54
528
244
-165
-95
224
-45
-3
-2007
2014
15
303
43
54
-529
-28
34
227
-52
-399
55
255
58
-205
129
-1611
270
-61
55
-1
-2031
31
11
-9
-43
-53
193
25
168
747
145
-363
-357
-64
-104
-455
62
-7
387
55
-2005
-141
244
129
22
62
-120
-1748
-1020
-20
-2028
-85
-59
-2021
129
158
-1297
-993
1325
-485
-18
275
294
-61
-1399
92
-436
2025
-591
21
-539
-237
-430
-43
-50
260
-516
-355
29
164
234
-462
-2031
307
700
-405
-161
282
-2007
-49
2032
-296
-31
-16
2032
34
53
-47
-93
663
11
-1210
-31
222
-140
18
-2022
77
876
99
447
745
236
189
142
250
27
1128
-7
-425
238
196
109
-192
-65
-146
131
-45
-19
-15
-52
191
-104
2023
-497
69
180
681
6
42
580
213
62
-792
-3
-863
54
609
-3
136
626
-478
-58
-184
-139
-7
-154
573
-486
51
-169
-27
60
-72
-13
-406
31
-2
6
-625
48
-1293
-83
-2021
-2015
-457
-15
-34
-168
-1080
837
37
145
1060
41
303
57
-52
329
-38
434
197
-411
32
-856
38
-1392
595
33
36
673
103
702
644
-23
57
-12
-2026
291
1249
304
36
250
-642
-115
-29
-57
-1911
-10
409
1551
1398
-15
-56
-262
-1490
601
-758
136
-11
229
1909
-232
-837
-986
372
-2030
-883
-412
-22
33
-822
1076
1632
40
-11
9
439
-1162
-426
-259
-832
38
10
2020
-2031
34
-1435
5
-30
-167
83
-51
1554
-25
-642
-92
-981
-25
-482
-575
33
-563
-13
53
4
-462
46
-10
60
-5
45
-1031
13
-828
1542
353
790
-71
176
-658
-112
-50
33
-839
25
2031
-603
-943
-247
-51
-7
-1093
-2032
-1752
-3
-1968
1405
-172
-549
432
-963
-37
1866
1985
-187
-43
-1028
1088
49
1976
91
-162
1687
-2
-6
-119
-171
-601
-1311
20
-1282
-387
328
33
-896
-1323
-10
-120
-114
1291
-1934
-1912
107
2008
980
512
-1428
-37
6
467
33
-26
8
864
1129
-50
1510
-69
1547
-138
-56
-102
-1437
2032
938
-840
1550
115
46
-701
-1045
13
1339
-32
291
33
152
-22
-309
-127
-443
-121
51
-22
59
-13
-993
17
139
-529
-292
-1250
494
-74
43
1133
1425
-17
-211
-47
383
53
1296
1
497
1964
655
15
-378
-440
-32
-459
758
-345
48
0
60
28
2006
-7
-241
-18
-45
11
1416
-897
-1992
1952
-2021
867
-253
52
22
-341
787
349
3
-817
1309
-3
1670
8
-35
-1464
-63
1121
-699
54
-146
-2003
36
2028
1985
-57
65
1520
-883
1038
887
2
-19
20
-1647
-551
-1932
1794
13
-622
-240
524
16
-16
1999
344
-50
27
12
22
-56
-24
-6
-41
46
51
-45
-21
22
8
37
0
-48
-21
-16
29
28
-36
36
-29
-35
-49
11
-33
-16
-21
-17
-29
-66
5
-2
-19
5
27
-37
55
-62
-38
63
32
-33
-11
-33
28
59
8
-46
-47
39
37
-36
21
-63
-41
22
-45
52
4
-45
29
62
-92
0
-25
-41
49
-57
21
-28
14
-37
4
-25
38
36
27
14
-14
27
-61
33
17
31
-75
72
60
-2
-73
2
-12
-28
-23
-20
-64
-85
-61
39
-25
-12
-16
-74
52
42
12
-35
-27
-72
-46
53
32
-19
28
-7
-25
-6
0
-28
-96
-46
-25
47
-72
-30
0
-49
-43
-16
-59
0
-30
-28
15
-31
8
36
50
-95
-31
-4
18
-72
-33
-37
-13
-55
-63
-50
-39
32
-45
-37
-3
12
23
63
-39
14
30
-28
-62
-4
27
11
64
-29
-23
-7
-23
46
-47
-36
-65
-20
3
-41
-8
18
18
-10
6
41
22
-89
58
-14
-53
22
-10
52
-47
-89
19
44
-16
43
-9
-55
34
-21
37
15
-17
-63
15
6
54
-10
-72
-26
40
45
-10
61
-63
56
-83
-24
-62
-79
42
13
-67
9
-57
35
-1
-7
14
21
50
-44
-35
51
-23
-4
-33
-37
-32
2
-64
53
-58
-47
57
-57
-10
52
-6
4
13
-63
9
-34
391
402
3
12
-889
40
391
-804
26
-59
-1966
-151
342
-921
28
-234
-1783
-327
186
9
18
-674
318
28
-58
-42
-35
295
-1433
1032
4
-1074
18
-32
-1473
-2031
63
-1255
-8
14
138
-64
21
197
47
-253
8
-475
27
211
-856
-425
-102
-5
6
-27
-423
42
-3
15
-106
8
-1123
2
-903
392
-401
-184
-38
30
192
-293
23
-20
-2023
-43
-359
225
-1110
-37
31
63
-136
-2032
1152
18
-2029
251
-90
-160
-102
-998
-35
276
-1976
-397
-55
-1088
84
-61
-721
16
-405
788
-14
28
-329
640
-287
60
41
-460
-293
362
-56
-924
-487
-299
-795
360
452
-1112
-2011
25
-1966
146
703
152
-43
44
-1861
-42
10
-40
-43
390
-54
177
8
626
-632
29
-1092
126
325
-218
-1085
460
-430
-283
-808
-1249
23
-490
-39
-614
34
-46
25
339
-77
231
-61
68
-42
-33
-63
-297
418
1911
-340
-15
-324
-290
232
43
345
478
43
353
42
-326
-4
398
55
-192
802
-2025
-26
107
241
12
-155
265
-375
32
-75
47
-45
135
31
-111
-51
-6
-35
734
-128
1957
835
1534
224
-346
-17
-13
283
457
319
64
-1146
-1992
17
417
-19
50
-1254
40
641
-1026
-786
-911
111
-15
2029
820
-57
4
428
769
452
-286
79
-65
37
-1916
864
720
465
-39
-103
117
43
47
49
2032
8
299
-654
-472
-28
-141
255
-491
-509
383
100
26
-437
-991
-229
498
-642
352
-558
-2030
-384
-34
-11
236
46
547
-34
33
-20
-497
675
146
258
483
-3
76
2029
-2032
16
238
8
-15
-223
41
27
-300
16
173
-77
-231
-36
675
629
-2
-571
16
53
-3
-38
6
3
18
72
-35
676
19
377
-688
746
272
-48
143
-479
685
-34
32
461
-40
401
-391
691
-202
17
-64
-781
-2032
317
23
-690
676
-146
-509
70
572
-47
516
1982
627
21
644
-926
34
936
-20
571
826
3
43
780
119
282
-342
52
-373
226
729
44
426
-423
713
-2032
-384
-719
275
-224
88
1962
226
2028
-382
-69
39
390
13
-28
-36
554
-443
16
2032
-12
859
-71
29
1036
-306
1973
293
285
-815
53
25
504
497
28
445
23
134
-233
-213
-51
-447
-171
-418
-127
-18
0
16
16
-574
-348
-14
272
85
-1996
-662
-190
-43
-613
840
-63
-201
41
200
3
-355
3
429
-1033
711
34
-81
-426
1
254
-542
456
-23
-10
62
33
-2030
14
212
-48
-56
52
2031
-1464
1987
690
-1542
284
460
-20
65
-435
-781
-762
64
505
-1421
-26
678
54
6
162
11
118
651
194
104
-717
-38
-1226
346
-22
-21
-515
171
-604
-329
-39
-2
-19
550
52
-809
765
-64
-535
-688
303
6
-52
1745
196
-3
-52
-57
-17
-6
-68
-35
-12
-10
-6
-58
53
-2
-30
-35
51
-49
18
61
40
-15
-16
-8
-16
62
11
-28
48
-55
-24
-18
26
-1
-17
-5
-44
5
4
-17
39
55
21
27
26
-5
-32
13
61
74
9
23
10
-49
25
-22
-14
33
-8
-50
24
-63
-17
-64
8
-16
46
-19
-6
20
-50
-62
-77
-36
-33
25
43
8
-44
-53
-35
-42
-9
0
-19
37
-58
41
-2
-60
-57
-66
-29
34
51
-5
46
-74
31
-36
38
-22
-48
21
-81
32
33
-22
30
27
-58
22
-51
-12
-28
-47
-63
23
43
-71
-61
-37
-24
-40
-58
64
-16
7
62
-58
38
30
-39
2
11
-29
-28
17
45
-27
33
26
5
43
61
-14
20
5
-66
-62
-40
-62
37
25
36
-83
56
-21
-24
17
16
17
60
-61
15
-51
57
-62
43
-53
30
15
-37
25
-58
0
9
36
49
-7
-13
55
3
4
32
-40
6
55
54
22
12
-49
-66
14
-48
-7
-70
-7
4
35
52
-56
-24
-4
14
55
-46
-44
17
-15
8
-59
-41
29
47
55
-74
-39
-51
-3
-2
39
-10
-41
-37
11
21
6
-62
58
-18
25
33
46
-57
42
-6
63
23
-14
28
3
43
-53
10
-12
-22
-81
3
-46
-3
-49
-10
61
36
30
57
22
82
26
-43
-137
-198
613
41
905
89
37
2017
262
-296
1054
126
-200
1266
-2013
-347
0
-39
1029
189
627
-20
-31
47
88
1660
-2005
26
1344
-48
78
156
977
-28
1545
46
-7
-302
10
8
284
-40
3
-63
580
8
137
1145
37
115
28
-57
33
965
33
-12
61
-11
12
1324
-60
1124
97
215
-109
-51
-53
-350
89
-53
-55
538
-43
1157
-479
1399
18
-3
-5
150
889
-371
4
-1597
106
-147
-303
142
1279
-42
1031
-1712
-9
-19
1324
-659
-35
204
27
114
-552
34
22
-10
-362
-38
828
-1
494
-18
-97
52
1081
401
72
-1405
141
52
-248
-91
40
1303
31
792
-458
-140
-60
-392
55
3
-1
107
48
60
536
-27
-858
-132
51
-255
-73
382
-115
247
-29
111
664
1069
1479
-30
-499
41
109
15
70
8
-390
-96
-610
-148
55
21
32
40
258
-428
-25
116
92
110
345
-687
52
14
-83
-30
-218
-58
-102
18
-22
-54
684
232
50
5
-240
-532
42
59
-3
71
-37
33
13
41
-1943
5
-106
17
36
-55
456
127
1576
-183
-619
-1687
14
27
27
-620
144
950
30
1320
1033
28
-47
48
46
1630
52
-95
1241
102
389
570
38
-2013
45
-3
-15
-58
290
64
-119
-59
23
21
315
-1338
-2025
-53
-26
82
-295
85
55
64
1965
-79
6
-40
-37
43
9
-68
-34
-6
-29
-83
16
1
-54
-70
-40
-12
-69
-39
1
12
-31
36
16
-40
-4
-40
-10
32
-33
-44
-14
-45
37
-44
-56
-48
12
37
30
11
-42
1
19
-37
13
9
19
21
-43
-17
16
-45
29
-22
-25
-52
16
49
15
-55
-46
-43
60
5
33
-78
11
15
7
12
5
-5
-21
17
-50
-16
42
20
30
-50
15
-40
25
7
2
22
-62
-18
-74
15
45
-38
-65
-51
11
-29
-64
18
-54
-57
-24
-7
70
-10
-27
10
9
-7
-8
-26
-12
52
-69
-79
-46
57
26
28
-22
-42
-21
47
38
35
37
-49
44
-24
-4
-16
32
4
-15
-46
-63
-77
9
-14
-29
-62
-24
-44
29
-6
-75
-18
55
-60
-7
-27
-6
2
-48
-20
-52
17
46
28
-77
-43
-26
7
14
28
50
-22
61
-35
15
-61
-45
-55
52
-70
0
1
-22
30
7
-5
-6
-38
6
-52
26
62
14
-8
-49
-39
0
-11
14
-11
-36
19
-56
-28
-39
6
-31
30
5
-52
-40
52
55
-63
55
-52
-53
-73
33
-23
42
-64
-68
-54
-39
24
-50
45
-31
-54
41
-10
34
-40
-80
29
-11
-41
22
-28
-53
65
32
-61
-15
-70
-5
-36
10
-25
-14
-3
-42
-23
9
-56
23
11
41
53
-16
8
31
-19
-70
-44
-51
-30
33
7
38
-25
-14
-70
-12
18
-29
-28
13
-67
-2
23
-12
9
-82
-44
-35
-31
-35
0
-39
6
-35
-54
-37
17
-60
8
-77
59
25
-42
37
-18
25
-34
12
49
30
-43
10
-48
-30
-18
46
-52
63
-13
-31
-22
-24
23
13
-16
51
65
-43
-28
-52
-5
-48
46
24
-21
-17
0
-29
39
26
-55
-55
8
11
22
-29
-22
33
-59
43
-21
-21
-21
-11
-42
5
-45
-55
-39
-11
-7
65
45
46
-66
-32
6
-65
61
50
-36
-65
-75
-2
25
3
-79
-25
-18
-47
-38
-93
-80
-68
-73
34
-72
-27
34
-66
54
-72
48
25
-4
7
12
14
-23
-46
46
18
37
8
26
-52
-20
30
-53
-24
-35
26
7
-10
19
31
-15
-3
0
-69
44
11
-2
-19
-29
-17
-23
-20
36
-47
-13
-43
12
-57
-61
-22
55
-42
-28
-52
58
4
55
-16
41
12
12
-79
34
18
25
20
-28
-6
-48
-23
9
61
-1
26
-6
-1
-18
54
-45
-32
4
-48
-22
13
-26
62
-35
7
-31
-17
-63
4
13
29
21
6
18
2
-61
-7
37
43
-43
-60
-25
19
-35
3
-9
24
-68
-7
21
20
-74
-19
-35
40
-55
54
-64
13
-45
3
48
-3
40
-5
-64
42
-33
-7
16
-69
-12
42
45
-43
13
12
-25
-62
-65
42
-56
-50
43
39
8
31
25
22
2
53
47
59
-24
-61
13
-56
12
-11
-35
-46
-28
-33
-54
-17
-57
39
29
37
-60
-33
-26
-55
-12
-12
26
-21
-16
-71
46
-48
-60
40
-59
3
-41
-50
14
-14
-60
-45
33
34
49
62
-25
28
7
34
53
-76
-28
-40
-8
43
14
30
-50
-51
-71
5
-63
-52
18
-44
42
43
-71
42
-33
18
-53
-48
-63
9
23
55
4
16
-17
61
26
10
39
-5
-29
58
22
-34
-34
5
58
5
-16
1
-28
-22
-15
-36
29
-39
-43
0
-11
38
-73
42
-6
-36
14
-3
57
20
43
25
-12
-70
56
28
45
-73
-41
-19
30
-29
24
32
-49
20
33
-39
-66
35
5
-10
-15
-64
-23
33
38
-3
-55
-1
-1
63
51
-2
-61
-2
44
-11
28
58
-63
10
20
1
35
14
49
62
57
-67
-45
18
15
-24
-44
11
41
-18
-35
-48
33
61
-47
-58
-20
28
-50
-36
-8
-55
34
-9
57
48
1
-46
-47
-43
-49
-7
60
51
-8
-49
24
-14
16
-55
-43
33
-39
-46
14
-18
34
-74
-42
-25
-57
33
47
-53
7
19
40
-18
-10
-1
49
-10
34
38
27
20
30
-47
49
-74
-61
-53
39
-12
-12
12
-1738
-1493
11
419
-317
1358
-1392
-12
78
51
-1802
-265
-462
-5
187
-43
-1812
1039
-276
28
-15
-5
-416
58
-55
-57
10
-1178
15
359
22
70
18
-7
-1591
-2028
7
78
-13
63
-100
-17
15
-263
109
710
-48
20
-56
130
-34
315
-40
-43
5
-33
64
-35
24
12
9
-3
-35
-14
33
-1661
-471
-219
417
182
78
773
1
-66
20
24
-1061
89
-13
-65
-47
-54
-194
36
-229
31
-2031
303
406
-1163
-145
3
362
-142
1622
905
-12
-21
-175
7
-1794
4
773
2028
-179
38
892
-73
820
-683
34
14
815
-342
-28
-8
16
846
1117
300
-1693
-1360
-1364
126
602
-140
1739
-236
322
-36
-785
-40
-20
-6
-278
-1441
9
374
-52
-6
-854
-36
-712
582
1398
-566
-1173
-1728
85
-32
-19
10
-47
-176
-45
-325
-97
-97
-129
142
79
92
-640
-14
-62
22
-60
48
86
1574
917
-46
1529
-64
-635
-34
-1358
-1227
-23
-274
56
-360
-45
-1268
38
369
191
41
-13
-414
92
50
34
-1202
756
57
121
11
54
-449
22
94
-1
-1
-38
297
234
1789
-567
-2032
-484
872
61
0
83
-9
-1799
5
-8
-1959
18
-1235
46
-56
105
4
-1485
-46
684
-737
774
5
-47
-1719
-2
23
-1622
185
-1677
12
-60
-28
-12
1973
843
193
-1297
-23
-42
-546
-65
23
9
2019
26
559
-1722
-1431
40
-101
-1788
2022
-1279
329
316
3
-329
1017
389
251
-1026
1036
142
2028
415
-34
10
-34
976
1464
-25
47
3
-1346
1013
1127
150
797
-6
37
2029
2016
26
1393
27
31
307
-30
21
-638
-15
108
78
-1405
-19
871
843
-294
-1200
-51
-33
-22
135
28
30
-49
-42
-16
585
20
627
-1818
-1649
-557
-340
951
1039
-913
-9
39
1223
39
-1894
1147
1143
-536
-46
-24
-630
-2032
31
-32
1394
954
-211
1750
95
569
-350
1925
1990
-1018
-1
998
-625
-58
1981
32
-1023
252
156
39
-886
2026
503
1646
-3
-1492
219
-1617
41
526
-1426
-983
-1292
-930
-1676
1469
-302
-115
2025
373
-1606
1487
-165
53
-1877
-11
-19
7
1469
-1007
57
2031
32
-1482
-694
-29
2011
-410
1980
284
-778
-2010
-363
-834
638
768
-19
-998
49
808
-748
-1126
13
1375
6
1080
-525
-43
46
10
19
-1375
-136
-835
807
17
-1152
-1423
-869
-7
-1449
1366
-5
440
43
1035
-54
-876
-47
174
-2029
-1383
40
189
1115
48
488
-1562
-1115
-39
290
13
30
-352
-47
623
19
51
4
2024
-310
1991
387
-176
868
-1064
33
18
1154
1564
-1416
32
632
-1993
37
1030
-34
21
1177
-18
-1183
736
-244
265
971
-2
-2029
827
-44
-25
-1533
1650
-1652
-2027
-75
-20
83
1819
-794
2030
1262
-2
-1190
663
488
-56
14
-450
722
-12
-21
-39
33
551
-465
2031
29
1025
117
-10
2032
-1860
205
1210
-37
-239
2031
-1486
-32
-26
-7
1247
-125
-194
34
-37
21
46
1893
-1512
50
1457
6
-76
19
2032
-53
1725
-1
60
98
36
-50
192
81
-5
9
517
51
342
1279
-485
11
6
-15
50
-695
57
23
58
28
38
1458
-33
1286
37
-389
-395
385
-204
-318
-43
-51
51
819
-56
-680
-377
1596
-3
52
-8
104
2031
-182
23
513
372
631
-1262
189
1358
425
1559
82
-134
50
1516
-887
-35
634
-68
11
-2024
153
32
-43
-73
-53
2016
19
460
-53
-1374
62
1220
430
-65
633
217
35
-67
-297
-33
1747
-3
1690
-683
515
9
1628
41
-10
58
264
-22
4
442
30
-839
-302
-62
-367
262
1561
-154
-2027
-60
-2
614
1221
1591
-55
-1992
65
90
-154
-84
22
-336
161
-456
-184
-36
-6
13
18
208
-479
634
83
-17
-601
-402
-1998
61
-44
-84
-49
354
-57
-78
54
19
11
317
1074
127
5
218
-421
-22
200
-75
-3
-52
-34
-1
49
-833
-15
210
42
-49
-55
518
480
1939
-240
-1387
1542
-104
-45
-3
-550
260
-983
-11
1443
-1933
25
-94
-31
9
1719
-32
142
1398
-19
257
2025
-2
-1986
-150
-24
19
-58
1049
-1
-2020
70
51
-49
-172
-906
-1787
-140
-12
44
417
-11
-23
41
1893
-83
15
-3
21
52
-5
0
10
-30
-20
-9
46
13
12
-4
-3
-59
-56
-45
-66
6
19
54
48
23
10
-61
-16
-44
-52
-72
12
-66
21
-22
-18
-35
37
62
-24
-20
-57
-44
39
-36
-27
19
-30
53
-1
-1
17
-72
-55
-57
-49
39
62
-64
49
-31
58
1
2
-31
24
-24
49
29
-9
53
-40
26
-65
-37
45
-25
-13
-4
8
42
-69
29
-51
-49
-6
20
-53
-20
25
11
-65
21
-68
-25
-18
55
15
14
-10
35
-16
-53
-12
-74
-50
-8
5
-52
5
-59
-78
-18
10
-39
-41
17
27
-4
-36
21
12
-46
11
-42
52
-23
-84
55
-27
-29
21
-77
-29
-40
-35
-70
-44
-60
-21
51
-87
7
-61
-1
19
-15
-52
23
29
43
-41
-30
37
26
31
49
1
-2
39
-28
38
47
-89
-44
-11
-37
-19
26
-56
-61
18
13
-63
-1
-21
24
33
-94
-30
12
-17
-44
-33
2
49
36
26
-13
-73
-70
22
32
-11
10
4
-74
-38
-12
-36
-11
-61
41
8
-60
-2
-6
14
-4
-63
-35
-27
19
-67
-51
49
-62
-40
12
3
43
-19
23
-8
-12
-41
-37
-53
-97
-26
-28
31
-56
-27
-43
30
34
18
-10
-39
-33
-15
-53
-61
-7
-10
-53
-75
-24
-29
-82
-53
-28
48
14
7
-27
-80
991
855
51
499
-211
133
797
101
-173
47
-2025
-2017
-324
62
148
-397
-1874
568
-269
-108
-47
226
211
-619
-42
46
-60
686
164
-58
-62
127
-23
-1
-995
-663
49
379
-59
19
-174
-3
21
174
-29
-439
42
129
42
38
88
-38
112
-53
-18
-58
1560
22
-1
25
28
60
110
-6
162
1002
-164
-45
492
54
9
-587
16
-83
-224
1
331
-4
207
113
14
40
37
-540
-438
12
-2021
1972
502
-2030
-10
108
574
-117
-2032
-613
38
212
79
-35
-837
55
-581
-69
-273
46
-652
479
-507
701
-60
155
-571
-2016
-32
114
220
-628
-1508
138
973
-1737
894
120
-325
-61
2029
1158
519
-9
-1919
-55
-30
-45
-209
841
-34
-714
26
-602
-1140
-18
-1804
400
-240
124
196
1049
-19
-60
70
209
9
268
-28
54
50
108
18
-103
-27
25
407
-69
-39
-34
-30
155
-79
2030
-588
44
2032
42
-281
-36
768
500
-32
-443
-60
-460
-49
796
-11
-136
-2017
-1024
15
84
-14
57
-10
686
-596
18
-167
-14
20
-881
-23
-213
27
-35
54
-855
843
-681
160
1161
-2032
-595
-10
-40
23
-1144
554
-55
132
99
49
496
23
53
348
-15
1183
162
-439
-288
-244
-26
-488
658
23
-3
945
817
956
-468
36
29
56
-2028
-1079
1954
503
-6
89
-445
-10
7
-44
769
219
-22
295
225
5
8
-117
-750
258
397
41
60
2014
768
342
413
-24
-136
2032
1665
7
-24
-3
357
-29
219
-5
28
-55
204
655
-213
146
542
0
-31
-300
-2032
31
749
30
-31
-40
83
-1
-225
49
-149
-39
4
7
368
517
-10
-162
-29
50
-64
1890
40
-19
4
56
12
591
-21
565
299
99
1024
-6
315
-85
-192
-61
60
449
56
-2010
-57
681
-64
60
16
-98
1981
1124
-29
-1235
589
-62
-2018
-89
554
-16
501
-453
-254
6
673
-568
43
634
6
-231
-2032
-14
-36
-252
346
-144
183
-11
3
-131
-1619
31
480
52
-244
-2032
-187
332
351
738
-59
2023
66
-1826
2022
60
61
-326
16
-22
-64
380
230
-54
459
-59
-2026
-35
20
-398
-66
-364
254
232
283
-1
-126
440
672
-15
677
7
-2029
-114
-110
-61
-127
-44
-60
7
5
2
-62
32
-32
-236
532
-124
-2
1932
-263
-108
18
217
542
-36
465
-22
-223
45
243
-19
97
-1704
558
19
-432
-61
-20
110
224
-222
55
46
20
63
-143
-12
260
-35
-57
-51
370
-14
827
-10
-946
-490
-284
-59
19
-56
255
1629
-3
558
-2032
-6
554
46
-39
737
33
382
525
161
-192
-684
-7
-1546
556
8
-32
260
-2012
348
-137
-13
22
-51
2032
-1327
1828
571
1
-148
452
31
22
-13
1563
563
-365
-1152
-1028
28
-73
694
-604
39
372
92
26
1096
1645
-191
716
170
-752
-940
-1800
-296
-4
-36
153
725
-1382
-54
62
4
0
809
-1201
-208
789
59
-14
-2031
-1560
33
953
16
-6
-214
99
26
-465
52
826
-69
1159
-1
-259
486
40
989
-56
-50
5
-151
18
-24
-63
-28
61
723
-57
417
-817
321
12
-27
-619
-714
963
14
-55
814
1
687
-658
787
111
2
15
-688
2032
-804
-4
-491
-2004
-169
-1479
-129
550
-51
485
-1996
985
-23
709
-62
1
1975
0
886
479
31
-63
982
-1396
869
-1293
-60
1216
1097
1008
-61
467
1095
993
642
-728
-575
651
600
92
-2028
348
2031
-1328
-104
-21
263
-27
46
-51
-1281
-1087
52
-2025
-60
918
-88
52
2020
1224
-2032
-1057
759
-725
84
453
469
810
-19
994
20
205
-414
45
-8
-866
-130
-706
-97
-14
-64
-19
-18
983
-112
1398
332
31
-42
617
542
29
-447
-2028
51
-164
-12
-512
-61
-765
24
396
308
1515
-5
152
-726
-41
136
-253
1068
-14
46
-15
7
618
-9
154
24
-48
50
-2032
-2028
-1987
-1553
-540
-960
1251
-10
31
-680
-229
183
-34
619
2006
33
-1785
45
-7
987
-48
1529
762
1069
-238
-688
52
-1511
-1882
31
60
-921
152
-386
1630
8
18
29
-594
88
-1296
-2029
-15
864
-239
-947
39
-29
1913
559
1
13
23
-42
26
-72
-69
10
14
-9
43
11
-9
-14
23
-43
-21
-22
-22
-20
-25
-27
-6
49
-27
54
-1
-52
-22
-9
39
-6
-41
46
-54
-11
3
-7
-20
-56
16
-47
-72
20
-28
38
-59
15
55
13
35
39
-51
-27
-52
57
-12
-43
-59
-39
-48
18
63
18
1
-26
-38
33
-64
-15
-23
-72
17
-63
40
26
-9
-70
40
20
35
-19
-18
-70
7
-54
1
-17
-16
-26
-37
-11
-7
43
-4
27
13
-1
26
5
3
3
17
12
-47
27
43
-9
19
-9
-64
-52
42
32
-43
32
-41
-22
-69
17
-73
-4
6
5
-70
34
-74
-45
-10
-32
-59
-61
11
-31
-49
-13
23
-4
-59
30
3
4
-22
8
-35
-54
-45
-49
-6
-30
13
24
-70
-34
7
6
15
-5
-31
-61
-27
-25
-35
10
-65
13
42
-4
37
23
47
-28
-60
0
-54
30
36
10
-4
-56
20
17
-2
-37
10
-39
28
46
-71
16
3
4
61
2
22
-21
30
-65
-65
-41
-70
-26
28
-43
-34
-21
17
22
-58
-27
-48
-4
-5
-38
27
-50
8
-38
5
30
-1
-63
-70
-18
-42
-31
-13
-70
23
10
23
-10
-11
13
24
-48
7
-50
31
-1
-55
-32
15
-33
8
10
-47
-68
7
-26
17
52
14
10
-44
40
11
39
37
33
-28
13
-82
5
-48
-35
-13
44
101
-145
47
10
-39
-89
-69
3
-26
-28
21
-9
-72
11
-55
-59
30
-89
-4
-55
6
61
31
-7
-77
-18
4
-32
52
50
-9
-2
-8
-6
-13
60
-28
34
1
-34
-1
-23
61
56
47
-75
24
-27
-58
7
-1
36
-35
-114
77
16
32
-65
-52
-39
-26
-37
-23
-86
22
-22
20
-68
29
-53
62
-132
-32
-20
58
-62
-59
13
-81
-4
30
60
1
61
24
52
-8
39
57
54
-47
-73
-31
-85
13
58
46
5
25
-28
-19
-86
-118
-31
-108
-12
40
-56
37
49
68
51
-56
-134
-31
-55
-25
-52
-10
-25
-56
27
9
34
-6
-40
-6
-6
7
-47
-49
17
85
2
1
5
1
21
-7
-22
13
-13
-19
23
-9
30
76
15
-4
-1
-28
-16
-57
10
-13
59
36
117
32
-71
-17
6
62
40
63
66
1
23
-60
11
-69
38
88
14
10
-19
18
-4
-67
-76
8
7
34
-58
55
33
38
16
-83
-20
-61
31
62
-61
-66
44
-43
42
-95
-12
-14
-22
8
-2
30
8
2
-5
-48
-11
-37
-20
34
15
-9
19
-15
43
2
-88
-49
51
23
-12
21
-8
17
-44
-63
-42
-46
-64
-60
32
-109
-91
60
26
-37
-32
39
8
-101
-111
24
-2019
-1714
19
-310
-295
1920
-1666
7
145
-51
-1999
-1999
-219
17
155
-123
-1239
1130
-348
-62
42
64
-572
568
-16
-30
-44
-1358
16
-27
0
131
-31
47
1416
-794
0
135
-53
-73
-238
0
-25
-244
-56
829
7
99
-29
-26
-29
47
-21
41
-1
20
-2032
-65
-31
46
48
60
-14
22
41
-1927
-281
-814
-134
208
46
941
-38
-11
122
-16
-820
81
17
-57
-35
39
-73
-801
-462
-28
-2032
-1622
-182
-1073
-254
20
-82
2025
1726
1064
-29
21
-44
-62
-75
12
950
-2015
-73
-19
1071
-357
948
-1261
26
85
966
-513
-9
22
70
1019
1891
289
-1970
-1438
-2032
122
1845
-121
-2016
-667
-152
25
759
44
-32
-45
-405
-1706
56
-104
-39
-467
-35
-61
-714
430
1044
-499
-1788
-2032
137
185
17
35
-61
321
-21
-81
-1
-36
-10
132
-125
53
-165
-31
-24
56
29
73
80
-2032
1067
-33
367
432
-775
-22
-1580
-1557
5
-228
-28
-203
56
-1501
42
649
494
-700
-43
-134
77
-17
-28
-1443
919
30
95
26
-32
-214
22
-78
-63
38
-7
8
-38
686
-493
1077
-1933
1083
58
-15
51
287
-2026
6
11
-116
-31
-1519
-5
38
144
-25
-2027
6
756
-746
469
30
-316
-2025
56
34
-1906
-246
-1979
350
13
27
5
2030
-2014
665
-1604
8
-29
-210
-126
-17
57
1271
54
19
36
-31
57
27
39
-16
-42
-26
-24
55
-14
-58
-33
-62
35
-3
-56
-55
-59
13
-7
32
-22
14
22
28
53
-36
15
45
56
-44
23
-26
33
-6
-1
-13
52
25
-36
-32
-9
-12
-29
19
41
-57
39
-49
-1
23
-78
24
23
-24
-3
-22
-6
16
-6
-53
-4
-35
-16
-19
-3
18
62
38
17
12
-1
-26
-57
-3
-16
7
-55
-13
-62
12
27
-29
-60
12
7
-7
-12
-28
59
-27
55
17
28
18
-20
43
-36
34
-49
43
-18
10
-40
-45
31
-51
-55
-25
22
-53
-55
30
54
-36
-42
10
-66
6
-56
-17
-63
7
-35
42
17
-68
-40
-50
49
-13
9
6
-55
-44
-9
-3
-21
10
-50
44
-14
11
-54
-5
-52
23
-41
-22
17
48
14
-57
46
4
-21
-19
-52
12
16
-14
-53
-19
-36
-6
-14
25
5
21
-25
-26
-47
-28
-74
33
-28
-46
-49
-88
14
-64
-47
63
42
-57
-50
-26
25
41
-32
20
-38
-49
5
1
24
21
-23
42
-44
8
-34
28
65
-19
3
-10
-28
21
34
-8
3
9
-57
42
-11
-22
3
-80
12
23
64
58
-18
-60
-45
-25
-19
2
18
-27
50
37
14
9
0
4
-12
-8
47
-4
26
54
10
-3
52
28
-75
-58
-46
52
8
41
-37
5
-44
-28
28
637
-2014
-600
-8
-1136
-307
17
-2023
-1983
-421
-1303
-86
-104
-2032
-1018
-255
-45
-13
-1462
-45
365
0
-64
-48
10
-2024
126
-256
-1560
-46
-33
207
-1194
0
-2026
-46
-82
-404
-31
-52
-257
125
44
-31
-697
12
22
-1268
182
-154
14
33
-63
-2021
66
40
-31
11
-9
-1576
-56
-1394
-62
386
244
489
-54
419
132
63
-63
-2023
10
490
450
-1688
-28
-20
-56
-50
386
-1991
-23
1478
-231
773
-463
-1934
-1457
354
367
-2027
116
13
-1649
453
50
273
-14
106
-2029
111
-22
108
-147
36
-1117
-47
-546
47
290
-7
-1320
-565
129
61
-99
-22
-1928
-1997
142
2010
22
-262
423
832
15
-1745
-23
-46
-8
-300
-31
-28
-152
5
-315
-874
-39
77
-180
-1318
91
671
-34
-46
-111
-1217
-1857
-48
-226
19
-1413
100
34
-3
453
704
478
21
-80
-32
-36
-11
-348
607
-2024
1
-27
-1189
479
48
-24
-34
32
62
-562
20
-453
10
-47
-36
-114
75
-456
10
104
486
-36
-16
-8
105
44
-102
-37
54
170
-40
-129
-39
-9
-61
11
-368
-815
103
-602
-1730
114
-16
21
538
291
199
4
-1611
644
72
44
-51
24
-2020
25
-41
-1515
584
-940
-541
19
2032
11
37
44
-41
745
-25
-209
63
49
-75
-768
-2032
-25
46
-24
-110
-1027
-68
63
-19
1821
180
-28
-7
-54
-23
-39
43
-29
27
-61
18
-17
73
35
11
15
-16
-21
23
-40
33
-22
-68
-58
2
-17
-25
-37
-23
-33
-2
15
2
-70
-51
-49
-5
-56
-37
42
-23
47
56
-10
-64
18
53
-49
36
-4
35
-17
-49
-36
-71
-13
-29
24
4
-44
3
-35
-46
-1
-45
42
-83
-26
-67
47
-61
-62
-16
15
-35
37
-71
-23
-23
-10
-25
-6
19
-26
27
5
-86
22
-38
48
6
-77
-16
-65
24
-51
-39
-19
-11
-55
32
34
-69
60
-13
0
-6
-46
-41
-26
-57
26
22
25
31
-29
-48
-57
-23
-86
-96
-33
-41
-6
-30
-67
-83
-19
-53
-7
-53
-34
50
12
57
48
-80
-71
-53
2
19
22
-7
-2
-56
13
40
53
-63
-49
-42
-17
-62
-52
22
-48
-59
27
-26
54
-51
-55
-44
-22
32
33
0
-16
14
-15
6
20
-32
94
44
15
-25
-48
-84
-48
28
30
49
36
-12
-36
-63
4
30
-88
-11
-5
-19
-14
-59
-99
20
43
-32
-26
-29
-55
-16
10
47
-41
24
21
8
10
-19
-17
-67
-75
-10
-5
-46
14
18
27
-45
-21
-20
-17
38
18
-36
-35
7
-31
-85
-103
-20
47
12
-37
-53
51
87
25
-13
-52
28
-58
33
-52
68
35
-85
46
-37
43
-76
-49
12
-31
61
-449
669
472
19
590
1901
-2026
358
-268
-202
23
522
127
-632
-483
1080
-990
-410
-1624
-525
-23
25
284
421
-717
-11
7
63
267
-521
-1921
-1324
-612
39
-56
-2031
-149
-30
-1214
-18
35
-309
-107
34
279
13
307
18
1484
-28
-1352
-479
173
1041
40
-9
-64
-380
-5
-60
-44
25
1
-767
8
-362
774
2014
543
409
-990
-1998
1916
-8
55
-22
32
2025
-2021
-345
688
-61
-54
-1167
-2032
42
-21
-1631
-569
533
-2010
-353
-529
362
-1047
1292
1971
-43
-521
2027
17
-119
47
1893
2023
-97
-33
2008
-630
124
-2029
-26
1618
-56
2026
14
-383
1578
2025
-1039
524
613
-564
322
206
-1865
-125
-947
-1737
670
24
1612
6
-45
10
79
503
-59
-2016
2
2027
-64
-31
-1967
530
163
-233
1598
957
445
1220
-189
-662
29
2015
-39
57
687
708
-40
-2027
297
-2022
-93
-20
11
-36
-60
1411
248
2022
-303
223
777
1411
16
-63
824
-1763
21
-648
23
-964
-59
425
-23
-560
-100
2026
10
-344
-2026
-44
-791
787
1957
61
-229
16
13
1999
-2
-1972
46
23
23
-2017
224
-1619
-1906
630
-578
2023
50
-42
-2016
-174
-35
63
-294
2019
-95
-1284
50
2
-1096
35
673
-282
-250
75
-1978
24
2028
-1633
-19
-48
857
-708
574
2019
-32
-27
23
173
62
-2031
-1528
-48
1130
-832
-475
-43
40
-60
-1551
-366
-1785
-1385
-62
482
361
-986
-869
1274
-196
10
-776
-2013
-574
1715
554
100
-799
1536
-492
40
-22
1599
-930
-1002
16
8
-19
-658
2027
-980
299
1701
-35
64
2023
-2026
-6
1999
-53
-10
-271
-89
12
-1013
134
1369
7
1984
4
-358
1633
217
1063
45
20
-37
-246
-46
-69
46
-118
-60
1858
-25
1154
-1583
842
960
418
-691
-696
1591
8
-38
1499
-47
1640
-731
1879
268
-21
-54
-1351
-2005
353
-33
-756
-1953
510
-2021
-571
1759
470
-1660
1975
1664
55
1867
-893
40
1533
-30
1465
-126
-270
-46
1600
-880
1434
-1240
-64
2008
1770
1890
48
1648
2028
1597
-880
-194
-1707
2022
4
262
2017
-346
-2030
-315
409
-33
-120
19
8
-51
511
-1648
32
-1759
-91
1246
-110
45
1997
1407
-1671
-1384
1111
-1751
388
913
1138
1842
-71
920
-4
664
355
278
39
-803
189
-710
-151
-23
-50
-63
1
1479
-763
-1992
758
546
-532
1569
344
39
-1046
-2028
15
-497
-30
-53
-1
-1022
49
-33
-857
1313
-46
-336
-742
-32
827
-1113
1579
-35
-258
-32
-50
-69
28
1145
-31
-55
49
-1313
-1664
502
-197
585
-972
1719
37
53
-651
31
-123
14
2020
1997
16
-2000
-31
-23
2015
-20
-1352
1996
1239
-197
-453
-2
-1706
-2023
15
20
-1401
-2020
-1353
1031
43
12
-2
703
934
-1113
-2010
74
1049
-742
-710
-1
-14
-1952
-83
-11
-74
2
63
63
54
-35
-96
19
-43
9
-37
-11
-148
-70
0
-62
-52
-64
-11
-47
45
8
40
-35
47
24
-8
-36
-105
-20
26
-62
-12
11
-19
-87
-21
-35
15
23
-86
-15
1
4
4
-75
37
-42
36
8
-93
-4
8
-13
1
39
-48
-47
-39
3
-4
56
-79
12
-10
-20
-54
-5
-18
-32
-105
-17
-49
-58
-57
40
-9
-40
-37
-29
-47
35
-27
35
-30
48
-34
-40
-25
-38
-7
-29
47
-103
-71
-46
23
-32
55
-13
-27
56
-77
-112
-75
47
-43
7
-118
-32
8
-37
26
-49
55
-78
12
-91
-39
23
81
-102
32
28
-159
-91
7
-56
6
-3
-32
50
50
41
29
-62
45
40
-46
-7
45
30
75
93
-81
-34
-79
-14
-87
-80
-61
-93
-2
-4
-58
9
-12
17
33
38
43
-40
51
-14
63
-36
-12
41
33
-52
42
23
14
67
-53
8
-93
23
19
-103
-10
5
32
-99
22
-48
29
-82
-61
-19
-18
-62
-6
5
30
32
-85
42
55
15
-64
0
49
22
14
45
-47
-72
0
-88
-111
-51
-49
-9
-95
10
-91
-48
-105
-31
41
-82
-22
51
19
-44
-23
21
-50
-126
-115
0
68
-12
56
42
17
24
-7
-68
19
29
-8
-73
-32
-167
-26
12
17
-64
-38
46
-8
-47
52
-45
36
-24
49
52
41
24
-31
39
5
-9
5
-40
-62
-16
-56
-42
-30
-36
15
15
-2
12
-27
-8
9
-5
60
51
-76
-37
-3
-38
-19
57
-38
-63
-3
7
14
-70
-24
-61
46
-53
45
-31
52
-57
28
-26
-74
-25
-12
9
-35
30
19
14
9
-24
41
-1
-56
-28
13
-24
-26
-5
-17
-54
-1
-21
39
41
-17
-4
44
2
-2
-78
-57
59
-16
-16
-65
52
-52
9
1
-70
-7
-63
35
-8
14
-50
47
33
-59
-10
-6
-7
18
-41
-39
-53
17
-16
-12
-12
-46
9
-79
-80
16
-81
-80
-76
-1
30
-31
-53
46
-63
40
-30
28
-70
51
0
27
54
5
6
-11
-1
-18
-30
0
6
-31
-6
-9
-68
3
-56
-61
24
-39
28
-43
-46
6
-38
49
-5
-85
-24
3
-12
47
-32
-62
-7
16
59
39
22
3
21
63
-3
26
-38
-7
-52
-9
25
-26
42
-29
-65
27
47
-49
49
23
-7
40
40
15
-43
-25
-43
31
0
-32
58
-56
36
-50
-14
48
-43
-1
2
-36
5
-45
-37
-72
41
-17
-59
-7
-42
-18
-14
-4
-66
20
-58
57
-58
7
18
35
-14
7
-70
-74
49
-16
-52
42
30
-17
10
16
-32
-4
-52
23
3
-38
-14
8
-62
-17
-44
29
0
-18
19
29
-17
-77
-43
-57
7
6
-30
66
1
-10
25
30
-5
6
-19
-104
-30
-71
20
-9
-7
-42
9
51
-108
10
37
-57
-67
-65
4
9
-43
-63
-28
-17
-42
24
4
-2
-26
-19
38
38
-77
48
-62
-20
-41
-45
-45
-73
4
-17
12
-22
-13
-49
49
34
-58
40
3
2
-16
-111
31
-42
-98
-29
62
10
-32
-52
-4
-83
-15
-37
-89
-57
-93
44
-9
-54
-52
-107
-17
-20
33
21
-22
46
-48
-3
-67
-79
-71
-8
-19
-58
57
-3
9
1
-29
11
-23
2
10
18
-89
32
2
11
-57
32
-112
-32
-8
-4
-68
-42
-24
-58
-22
9
4
-34
-28
-14
-46
23
-39
-55
-41
-55
-74
54
42
24
-72
57
-44
24
-65
103
9
-77
2
24
-116
64
-48
-21
17
31
28
-34
-115
11
-75
53
-27
43
19
-14
1
-5
-16
-28
-49
-72
8
19
-38
-24
12
-52
-36
26
-62
58
-4
-39
2
-38
-45
51
-67
-9
6
-100
23
27
-33
-61
-40
-66
45
-60
15
31
-91
28
26
9
-114
16
81
-101
-92
31
-6
-59
43
-71
-39
-58
-64
-25
-27
25
-117
34
17
-77
-8
-29
-91
21
-101
-94
-55
37
-38
-49
44
-55
-40
-7
11
-57
-50
34
1
-43
-36
-42
-15
-39
-2
-114
2
55
-2
-43
-28
46
-53
-57
-33
-69
-87
-43
-60
-12
-34
-34
-74
-14
-4
-12
-25
-33
-68
-37
-67
-49
-67
-54
40
17
-24
34
18
-33
-60
-67
-70
54
26
-90
-50
-12
-81
3
47
-10
15
35
-49
-51
-92
50
-36
-26
-35
-26
-47
9
-44
34
-51
-45
41
-38
9
-45
-7
3
-56
-103
-3
15
-18
20
38
-36
-2
63
-26
35
40
5
-38
-58
-56
-55
-15
-47
-17
22
45
-52
50
-22
-2
-71
-42
-42
13
-76
-37
31
-70
-72
63
-75
47
-10
-59
-74
40
20
30
-26
-35
-21
-35
-54
-10
52
-32
-46
-84
-43
-60
1
15
-11
-31
-85
-39
-33
-68
-39
47
-23
50
59
19
-100
-72
-58
41
-53
-46
-34
60
-15
-79
-84
11
-49
-61
21
2
50
-57
-42
-78
55
19
22
-16
57
34
29
-104
-108
21
28
-63
15
27
31
-49
-34
-30
-28
-6
-73
-36
-46
-8
-26
-41
17
-38
33
29
54
0
-20
38
17
-1
-16
21
14
11
-67
-24
-102
-47
21
-28
-14
-29
29
43
38
-31
22
-15
77
-75
-46
-18
-55
-27
-39
26
-47
21
-35
-25
-1
60
4
63
-30
-62
-39
-47
-102
-68
32
48
-44
-53
-56
47
-76
11
-4
0
-38
8
19
10
-22
-51
9
47
-24
-76
-73
-28
33
-77
40
64
-46
-81
52
39
6
-47
33
-22
54
60
25
-11
7
-51
-57
7
-14
-30
-15
60
-61
30
-36
-84
61
42
-19
-77
16
-4
-45
-45
24
-60
5
-46
-58
-55
-45
47
-49
-23
21
-47
-3
-11
-15
18
59
-18
-8
16
-26
-13
2
-13
-55
19
-50
-41
46
-17
-45
37
-36
-71
-89
-18
62
2
-97
-50
-18
42
-26
3
-13
12
-28
-18
-12
0
-71
-39
-63
-27
6
-5
24
-23
8
-15
-10
-69
6
-72
-23
3
-35
50
-59
-10
-94
9
-28
29
-7
-35
-30
1
-58
45
-88
-31
-20
-55
-73
-58
41
-2
2
-30
-35
-78
35
8
9
-37
54
-57
-61
27
32
16
50
62
-56
-63
53
-18
-28
-45
1
-81
-50
-33
18
-4
-40
42
38
22
43
10
48
20
28
80
17
-68
45
-10
-69
-58
39
11
-62
-61
-43
-63
6
-80
47
59
-13
-37
-16
33
44
-10
21
-2
-32
-28
55
26
-25
7
-14
-25
-72
-28
19
82
22
41
-13
59
35
50
0
-54
-16
-22
-42
-45
31
-77
-80
41
-71
-71
50
-17
-100
-6
-24
-22
-13
33
10
17
32
22
-23
-8
-40
-35
11
-31
12
14
-56
-85
-12
-53
39
-14
42
-88
-21
-16
-6
9
50
-74
4
25
-14
-55
-63
-6
-3
-15
-32
-63
-27
-21
-57
-34
10
-57
-75
-53
-82
24
-11
2
7
-24
26
-28
-68
-36
-5
4
-45
-21
57
-68
49
21
28
-83
30
-30
-8
-97
-38
-20
17
-65
-7
-45
21
-49
13
-70
19
33
-70
0
14
-35
55
-42
-43
-64
-73
50
-54
-7
-51
23
-6
55
7
-52
16
42
-59
-49
-29
-86
26
-75
-68
-72
6
8
-16
30
-16
-22
12
-29
0
-45
4
-10
-22
-7
11
42
15
1
4
15
-53
-97
-2
-78
-62
13
-3
0
-96
55
-21
-40
-11
44
4
-33
0
-16
-51
-28
-59
-34
-22
-51
-98
-86
-33
-86
-85
-23
-10
-12
-11
-46
10
-87
-15
64
59
-63
55
5
-110
17
-2
-52
52
-21
-6
15
-5
-32
-33
-44
-41
-114
-2
-84
-9
-12
48
-93
-36
-42
-68
-14
15
-59
-13
24
-59
16
13
40
11
-6
8
-54
38
21
87
-17
-91
-52
-71
-63
-42
-14
50
-16
-49
6
31
-89
-14
-33
-18
-4
-45
30
28
-35
-7
19
-13
30
-18
1
-34
-36
-55
-9
-56
-19
3
45
-72
-7
-98
-77
-16
0
25
-68
3
25
41
-78
-46
1
-42
-62
-50
20
-37
-61
-13
-72
-36
33
-63
-16
11
-8
-16
9
-18
-7
39
-8
-62
-27
-49
-43
53
24
-37
-20
-86
52
-68
-40
-66
-49
7
1
56
-49
35
20
17
-8
18
16
-56
18
-26
10
37
64
-32
-51
-18
-20
-39
-56
-18
-20
36
43
-46
-31
64
-29
-49
-50
-43
-45
-14
6
-64
-39
-47
24
-7
-27
13
-49
39
-20
-60
-43
0
32
-33
-14
-61
-55
-22
-26
1
52
31
21
52
32
36
-11
-18
38
41
-32
17
-4
51
-58
58
45
56
27
-10
42
1
-53
-61
-58
-9
-62
-16
-26
19
-34
4
-34
-11
40
-7
16
-54
39
9
-68
49
-57
-2
-30
-34
-7
40
17
16
-23
16
-46
26
13
8
27
54
-12
-13
-32
-29
-56
-64
-29
-2
30
45
-19
-24
-25
-26
1
9
58
29
25
-38
-21
49
38
17
42
-16
1
10
-64
-32
26
-44
-17
-35
39
-3
-34
-62
-8
12
15
-8
-59
35
-62
-19
19
-27
56
-58
31
-28
48
-18
61
61
-42
-58
63
-24
51
30
18
59
-31
-34
-42
-6
35
60
43
-1
-16
-28
-56
16
28
22
15
-8
-15
13
-56
-53
-58
-63
-42
54
19
24
18
-52
55
-21
-22
-28
19
22
15
48
-12
-57
58
32
-48
23
49
-30
-63
18
12
-64
-25
-60
-28
-20
-12
6
41
18
-10
45
10
28
-3
-43
-8
-25
1
20
-27
8
-19
-61
10
49
30
-56
-47
45
-27
-33
35
-28
-2
8
-8
-39
-65
-1
20
-40
-41
-38
-3
-33
-44
-76
-74
28
36
13
12
-16
4
-33
-56
62
-65
-51
-37
-97
-26
20
26
9
-54
-22
-68
-50
57
26
-63
26
-5
-46
-21
12
-13
-48
16
-13
57
18
59
-39
4
0
-54
26
-41
-62
-23
-94
-39
-105
-15
-59
-15
-17
-21
-59
30
-21
-44
-26
11
-50
-91
-8
9
60
33
31
-20
-57
19
-48
49
-55
4
-9
-32
18
-53
22
-39
-19
-113
0
61
-73
-9
42
15
24
-42
18
-49
-23
-91
30
-37
-79
-50
4
23
29
-86
2
36
-4
-51
-4
34
10
-83
96
-60
-48
-56
36
-55
1
-6
-103
-32
24
-17
-38
-33
-2
-46
-5
-87
-38
-44
-4
27
-15
30
-63
11
-16
-2
-7
-13
-27
-54
-17
19
71
-88
8
8
34
-28
43
-17
0
49
23
-14
45
37
33
47
6
-15
24
-50
57
-24
39
-57
-43
-65
27
27
-21
-61
-68
52
-63
-47
-41
42
18
-44
64
-26
30
-14
-60
-42
22
26
34
4
-2
0
-27
44
54
23
-40
-50
67
-59
25
62
22
16
-10
-36
15
-62
-22
-58
-65
13
-83
-14
15
-65
-50
11
-61
-26
18
40
0
-58
59
-48
59
54
-69
74
22
6
-47
-33
-41
14
-9
201
-1446
-1395
40
-382
1464
-1878
-1057
664
-17
0
104
194
-895
518
-713
934
249
1628
-718
27
19
947
1469
91
32
39
-37
-903
1378
-2018
-177
950
-63
-11
429
-1328
43
1992
18
16
-652
8
8
-1020
-15
581
-83
116
-57
-266
857
183
-696
39
58
3
162
19
20
-13
49
-38
871
-46
936
-1706
1922
471
-215
238
-1926
1957
7
-18
-308
-55
2015
-1950
1171
-143
13
-36
-2011
-841
-772
3
-1284
1805
-305
-1729
430
734
-132
2014
-1684
1911
29
1240
761
-35
1989
-1
1872
2024
-362
-57
1922
335
694
-1623
40
44
832
1946
34
780
95
1956
-1816
-1306
-1414
-2032
-320
179
1428
311
2032
-909
-355
-76
-1568
-57
35
-22
2022
-1199
20
782
-33
1548
-442
-14
1412
143
1984
1176
1832
-1462
192
582
885
1213
-40
1925
-42
1138
-60
-412
70
-1819
-41
-1956
-147
46
-8
-4
-8
127
-979
2031
816
-333
-228
164
-2025
-32
-1109
-81
40
-793
11
899
-40
-1086
-13
199
-2032
2022
-40
-123
-1908
25
77
-1242
1817
-38
-58
-34
-57
1761
16
-385
7
10
62
1497
1003
482
-1980
-1729
-397
1845
-8
-33
-1951
2029
-1534
37
833
-997
54
-49
2
30
1963
-62
-1456
935
-2032
749
-2025
-59
-2024
-593
39
51
-1241
1703
-1395
1348
-56
54
76
-51
-753
-1461
-182
-50
-604
-1083
736
-24
-13
-1000
655
584
1996
1600
31
-176
-2021
1556
1343
-1816
56
12
139
-346
429
-2015
-774
1057
189
1594
299
-57
2
-2004
2029
-233
21
-47
36
921
-2028
1865
331
-1630
-58
59
1797
-278
62
-1721
-63
-4
209
92
-29
1655
5
-1340
13
-1997
58
932
-1883
-135
-718
-35
-33
1
-491
-33
-14
9
41
-32
-2017
12
-1982
2008
-1478
-229
-31
454
1869
-1831
42
31
-1959
5
-1923
1960
-2029
-47
44
-27
359
-2031
-1485
51
2030
-189
31
1551
-1036
-2001
64
-18
-1613
-2029
-63
-1876
-96
-56
2024
35
-2024
2027
279
56
-1947
1989
-1128
1496
-45
-2015
-1343
-2023
-14
-1846
-2028
-2016
824
378
1948
-1121
-574
-171
1568
1446
-2027
1251
-26
-61
811
-22
25
-51
-95
1793
-51
2021
10
-1162
-295
-47
-2021
6
-807
454
-2008
2021
-608
-558
-1856
-2020
-37
-1851
-19
1233
-281
-34
39
1858
-40
1980
294
-2
24
-33
-62
-1966
1121
-2020
-971
74
-2032
-1472
-373
3
2000
2031
33
448
-48
1243
-13
1609
-9
231
1966
-1990
-48
310
1845
-35
-16
1630
-2021
-37
246
-20
-48
490
37
-261
20
36
-8
1069
-753
1869
1448
-2020
111
-2011
56
-10
2013
504
-1239
-44
-2032
-2032
27
1915
31
26
-1901
21
1974
-2023
89
-557
836
2
1996
2023
-5
88
2018
1928
1918
-1561
-1
29
11
-1570
-386
1169
2012
15
-732
455
609
-3
-56
-1963
-346
-40
12
30
-61
22
-31
14
-61
-106
-52
1
-44
-57
-59
-25
21
-78
50
-67
-40
59
-30
-33
-56
17
-49
-63
-28
-13
-71
33
29
26
-30
-43
13
21
32
9
14
-40
-24
6
62
-30
-43
10
-39
-101
-55
-5
10
-52
-33
20
42
-61
2
14
-37
40
-38
44
62
59
-149
-76
-88
-68
-39
38
-26
-40
46
-35
-89
30
41
-69
-98
-67
62
-45
-91
21
-90
35
23
-36
29
-32
-50
-113
9
-49
-42
-16
-51
3
39
-18
-4
-21
-102
-64
-11
48
42
8
-53
-16
-12
-60
-25
51
-6
-22
44
-76
-92
-51
-45
11
-3
20
-67
-95
-28
8
34
-32
61
-32
27
54
-35
2
4
-84
-60
-69
-38
-57
-63
46
-7
2
-54
-40
56
-54
-122
-65
-40
-52
21
-35
-17
11
51
-16
-60
34
62
55
-39
29
-42
-86
-44
12
8
10
47
-9
-46
57
-18
9
40
-1
-63
25
36
-23
15
-23
-49
-42
-46
-5
-4
8
-10
1
35
3
-51
-16
25
-35
61
-84
48
38
-49
-9
7
58
-39
-47
24
-66
27
50
0
-13
-11
-46
-120
-3
4
-136
41
-9
-19
58
-6
-105
36
-97
-34
-59
-8
-149
-25
51
7
5
-105
-84
26
47
-35
71
-71
-37
30
26
-61
-14
-59
10
50
-86
3
-563
-262
-530
42
-126
-1973
1693
660
-432
154
13
133
1729
765
-244
661
-424
741
179
834
-27
-71
-273
946
-2014
54
21
59
179
-610
2029
181
-622
-25
31
521
-24
-32
-18
62
-30
577
10
-26
341
-71
-300
-6
-511
-16
556
-612
-393
59
-40
-54
63
126
-4
-58
31
93
0
-262
39
-983
223
-1848
2031
85
-113
2015
-2020
51
43
-70
20
-2021
2020
-706
89
-11
-52
810
-2031
220
49
2029
182
46
2029
-432
-790
60
522
-422
-2016
-1
-473
-964
-43
-1569
14
-1958
2032
276
24
-2019
1152
-21
1962
-46
114
-87
-1999
28
-270
73
-2010
2003
375
176
255
140
-271
-1366
-366
-2025
1560
21
-56
985
4
-1
-43
-657
472
54
-2007
-43
-2026
198
62
-2021
1690
-1562
-1347
-1560
324
-79
-670
-433
-920
41
-2029
-7
1991
-192
-260
21
2017
-66
2006
199
9
11
15
-47
57
567
-1900
-76
593
-422
-976
413
-9
406
-14
17
907
0
3
43
261
-16
-1457
-361
-2028
-3
242
2023
-32
110
388
-1831
56
94
-6
-35
-306
54
744
34
-42
3
-1999
1363
2032
-1107
611
2019
-1907
-54
-22
2011
-664
-205
10
-782
-1686
-11
-130
-27
-11
-158
-46
914
-567
454
-339
2032
22
2027
-25
18
-13
-8
-183
641
-2022
65
-55
3
1132
127
2026
-153
30
-37
1079
-303
-32
-1
-1235
141
-261
-1135
-1408
24
-233
-1500
1349
-124
369
211
-41
-45
1830
714
787
-339
32
1971
-476
546
-32
44
92
246
-522
-45
-23
42
-705
463
1273
406
280
63
-4
2003
493
-56
936
1
1
386
13
6
-43
-12
105
-34
-1140
-41
1165
284
-286
-772
29
-27
13
704
58
-28
-5
9
-45
944
9
-269
-717
-2015
1990
-472
310
1354
-1419
-11
-9
1146
-40
-1940
1422
255
-436
26
33
534
2030
-476
41
2024
-25
-266
1800
-182
143
-591
1172
987
-1503
-7
458
-1744
53
1058
208
-1287
2030
253
1
-1462
246
322
1991
22
-605
386
-2003
-28
659
-675
-1488
1080
-988
-557
1487
208
-193
-472
561
983
2022
-381
-53
-1259
-62
12
-10
-24
-108
-27
2006
37
-1461
113
10
2021
467
-20
-469
-826
-527
-664
-1285
380
55
-23
-1977
-17
2030
-912
-661
-79
1533
-60
1317
135
6
34
60
-27
-582
-57
-2030
441
155
-1165
-2026
242
35
-173
505
-22
768
-58
431
-34
-392
-15
-841
-1393
-1918
-55
211
1468
12
424
-180
-1182
3
317
23
-45
-2010
-3
1321
-61
-40
10
1993
-429
2032
-207
-682
2032
-1348
-42
-66
1297
-148
-452
47
199
-1959
-76
444
4
-50
730
24
1273
445
1459
-210
1344
-59
-1433
60
7
-39
-769
917
-51
-1777
-73
-30
-4
1357
-524
2006
349
20
-886
893
91
37
-54
1719
1267
29
-86
-86
-40
-43
-67
-72
-98
35
30
-9
23
4
-31
-42
23
40
-13
21
17
-70
-10
40
-11
49
-44
39
51
-47
29
24
-49
-49
24
18
8
0
-57
-2
42
-46
-50
-46
51
-42
34
-14
11
11
-37
49
15
-79
-14
44
-46
26
-56
-27
-39
9
23
41
14
16
-56
3
30
-90
18
-71
-10
-39
3
50
48
-44
-56
-22
-7
-24
-17
4
43
-42
-26
46
-39
-22
15
16
-89
-2
20
-44
-9
-48
-24
-19
34
29
-67
-29
-73
-58
3
-27
-5
11
20
-23
-9
-47
-65
-59
-42
-15
32
-79
26
-41
-6
-71
14
-19
33
38
2
-9
-28
55
-34
26
-19
19
-35
-14
28
27
-31
-11
-23
-32
20
-28
-78
-5
-89
22
-39
-46
37
-23
-26
16
61
-45
-23
-31
24
22
56
-56
-40
-21
47
-2
19
-57
-57
-54
34
-39
-45
21
8
-24
19
24
-6
-4
-51
-68
-21
-57
-34
-67
-12
25
52
-45
-27
-6
-8
18
-72
53
-20
51
3
-50
-39
-10
14
30
28
-37
-54
-39
-25
16
-50
4
49
11
-57
20
9
54
23
-96
-44
19
61
48
12
-49
-62
-72
48
8
-46
-51
15
-33
20
-11
29
-13
-54
-72
-5
-27
7
5
-61
13
-70
33
-5
-81
-63
-37
-69
-73
21
-230
810
690
-35
311
-2027
1939
830
-1439
183
52
-139
-249
193
-1876
1081
134
-625
759
343
-28
2
-1557
39
-127
-51
34
-2
738
-2032
2024
1320
-1725
27
22
-2020
1006
55
-1946
-54
-18
450
16
-30
878
39
-701
1
-1051
43
986
-1628
-414
-14
-20
-30
15
-524
-29
-2
26
8
-24
-2013
-22
-1566
875
-1835
673
86
374
2019
-1668
-34
-42
-1232
-28
-1819
2025
-2001
-78
-22
60
972
2024
1949
9
1988
1278
307
1645
-487
-1712
295
433
-292
-1731
-50
-1908
-1486
-14
404
-61
-1774
849
114
-10
-1737
1820
-611
1601
-4
-870
-914
-1982
-6
-1624
-876
-1809
761
735
1136
-700
-758
-172
-1193
98
-2032
1848
297
-60
1863
20
24
-5
-955
725
-59
2011
10
-1877
27
-47
-1579
-360
-1626
407
-1581
984
-984
-292
-1430
-1982
8
-1875
-6
368
204
-643
-62
1907
152
2016
220
-4
-8
62
13
-731
1504
-2032
-535
464
-1468
-1319
-151
-61
770
1112
61
210
5
282
56
516
7
-577
373
-1580
46
-7
1974
-6
86
873
-1756
-6
42
2
22
-73
36
142
-44
48
-31
1989
1527
-1424
1816
-2028
-477
-1794
-4
49
2023
507
-321
-48
-2001
-2032
-54
549
52
9
-1887
-1
-1116
-1986
-164
-446
1619
25
1600
1000
56
-54
665
2020
944
-2023
69
2
5
-2
768
1913
893
-2
-31
467
75
-25
-20
1838
21
-14
-58
-41
3
34
-2032
-712
-3
-1081
70
2
-2014
-2001
110
-1229
-93
28
-2032
225
158
19
-57
-1508
40
150
33
6
53
-4
-1908
115
-224
-1460
21
-21
352
500
62
-1921
38
42
164
-21
25
-266
28
25
44
-654
-50
134
-1191
-448
-130
32
9
40
-690
-60
53
-4
30
-36
-1499
26
-1301
-47
106
89
90
-28
487
55
-24
-7
-2028
43
448
520
-1591
-15
37
-6
-65
766
-1738
27
-2032
-175
-44
-672
-1684
-1357
41
-917
1971
64
-13
-1558
282
1
318
79
52
-1013
32
-17
46
149
15
-671
-42
-510
33
447
8
-1239
-513
49
-2031
-61
-19
-2022
-2006
26
2027
0
-536
687
-7
-40
-851
-57
36
-52
-282
-50
0
26
-85
-268
-12
-58
70
-67
-1097
16
467
-28
92
-164
-1144
-1750
26
-688
27
86
40
14
29
510
-9
540
324
-1
-20
-26
-12
-351
613
408
31
7
-82
279
102
18
-36
50
-46
-114
15
-337
61
-46
-50
-149
-66
303
54
642
528
-18
-10
-17
62
-22
39
-28
32
-361
42
-60
-11
31
-13
86
-69
-1205
265
-2032
-1938
58
40
-24
599
86
-24
16
-1502
145
-91
54
-46
43
-1908
56
40
-1430
486
-1294
-67
-35
2029
-3
-25
-44
-42
851
-11
-661
-53
58
52
-2005
-1364
-212
48
20
-92
286
-77
28
37
1125
146
-14
19
-58
-7
-34
-94
-22
-13
-50
11
25
-61
-90
21
56
-44
-9
-50
25
32
10
-20
-8
5
1
-64
51
-39
19
-1
5
-30
14
-57
20
-80
-3
-48
-40
21
34
-1
-1
-32
7
52
-61
-44
-50
-24
-3
-67
-41
13
-29
42
-51
-9
-61
34
30
33
2
49
-64
50
19
-96
-47
-8
-25
-91
-26
-17
-22
-27
61
-36
-27
-91
-8
-8
-14
10
50
16
39
19
18
-2
-5
0
11
-32
-92
52
22
56
35
31
-49
-51
16
14
-37
-9
19
12
-26
-10
-11
46
-58
-27
44
40
-2
-5
25
32
-2
31
9
-54
-44
-86
-9
-33
-39
-3
54
-59
-20
14
59
-12
-1
-51
48
-43
-68
35
51
-51
-77
5
-70
-55
0
20
-96
-59
-38
44
-41
-11
-60
2
-93
57
-23
40
-2
-26
-11
-34
14
-37
16
-4
9
-74
-56
29
48
-93
-10
-19
-62
-53
-12
-12
-94
-62
39
-32
-90
-1
19
53
39
-4
-56
-6
-23
-51
14
16
-14
61
29
63
-93
45
58
-18
2
-20
-53
-69
-64
-57
-48
-49
63
-47
17
27
47
-45
-1
21
24
-54
-23
-95
28
-26
-57
-45
-16
-66
-51
-59
-58
-13
56
-79
-2
32
5
-35
4
-24
50
17
-3
-31
-74
-52
-74
-72
-23
50
-59
-29
-79
22
-74
16
-46
-65
-21
37
-16
-40
-1
-73
-28
-25
7
-30
-15
-47
-22
-55
59
20
38
-45
-4
57
-35
-48
22
-26
-27
-95
16
-33
-43
-14
-25
60
0
63
-66
-109
37
7
0
50
-10
60
-16
-27
0
-70
-62
-52
-20
-50
-12
-14
33
41
11
-41
-2
38
43
-13
-17
14
-36
1
-4
-57
-41
-17
-64
-51
-4
25
-27
21
-119
-38
-57
-35
-34
21
62
5
-59
20
-24
24
-26
-22
16
-49
-5
40
-37
-89
41
-40
57
-84
-98
-61
3
-103
-16
4
-24
21
-81
-49
-88
39
12
-95
-60
-31
-72
-87
-29
-11
-36
5
-64
-2
-1
7
-31
37
55
26
-29
-23
-15
-2
-50
-18
-12
-13
-13
-96
-41
-18
-77
-16
6
11
-62
-50
-98
42
-65
-40
-42
-8
-83
-56
-23
17
-88
34
-55
27
33
59
-2
-59
15
12
54
-49
-34
-27
19
-3
3
50
6
23
4
-34
51
7
-9
-66
-49
-17
-29
-26
26
-66
35
-14
-25
-67
37
-52
46
24
-53
-69
-59
-5
-55
-8
-58
-17
51
-77
-43
11
-42
-73
-37
-94
-8
9
-26
-8
-57
48
-23
29
-58
-69
-91
-19
-92
-84
56
-71
11
5
-54
-67
8
-56
-6
43
19
43
-51
-13
-51
-72
-42
-61
-49
20
-36
-35
-50
53
-582
490
164
2
-29
-1810
1318
740
-690
-3
54
872
743
252
-747
1881
-1663
-1238
-825
337
56
-19
138
533
-2031
-4
62
57
303
-1384
1150
-1174
-601
32
28
-2030
-2027
13
-730
-8
-40
236
67
13
824
-22
32
3
1738
-27
-484
-1432
-84
1977
-40
48
10
-748
-22
47
26
1
-6
-1129
-12
-1104
-179
-1892
521
75
-432
1506
-299
38
-12
-2003
-19
-1197
1480
-1373
618
-43
-25
-321
-2032
1714
-99
645
-1558
23
1132
-871
-1250
160
831
-2032
-101
38
-1320
888
-61
-2024
76
-401
644
-133
-39
-31
2022
-87
1173
-31
2030
-120
-982
-9
-917
2022
-201
-1502
35
760
-1934
485
-139
-2025
-915
-2022
676
15
-72
1913
10
55
-45
-2012
609
31
-2026
-27
-1138
-637
-4
-2028
1149
-262
-1261
-306
340
-242
560
-1039
-1304
14
-976
4
376
506
-382
73
1601
-31
1395
85
-15
41
2
57
1805
1196
1394
-580
1174
-1855
615
497
38
-147
-1834
-22
586
62
-1409
-52
133
8
-1759
-1024
-915
-26
653
1338
-32
-386
-499
-215
-30
167
-25
51
560
-35
-2003
-10
44
31
-1995
1295
-1966
-1608
55
82
27
-27
-52
1525
73
67
26
-1066
-1983
23
-2023
-4
-11
-872
-21
-1877
-1391
-1536
-573
1948
-18
2016
-2026
6
89
299
-2014
673
-2011
52
-18
-11
-1269
918
1637
-2007
-63
2008
383
-1500
-15
-27
-1209
-2003
-32
36
28
45
-25
-18
-75
-32
28
38
-29
60
39
-7
36
60
-2
-33
-47
-83
-17
-27
37
20
-83
58
55
-48
43
-52
-7
-6
26
-48
13
-24
-64
45
-47
-22
7
21
-54
2
-76
37
-66
-57
32
44
-23
12
18
51
58
33
-56
22
9
-35
1
-32
-50
-51
33
10
-2
42
36
56
-62
-14
19
-57
51
-82
-27
37
32
-13
-89
-61
-1
-74
-47
-62
22
-13
69
-6
-19
-22
48
-39
-13
-78
-29
58
-53
-60
-55
51
15
-27
-24
-36
41
-7
18
-11
9
-20
-30
-6
-37
-49
-42
-3
-39
-37
-32
53
-1
41
-27
-44
-32
9
-25
59
-55
4
17
17
-16
21
-46
55
-38
-4
39
59
51
-3
8
-37
-24
-56
-53
24
-44
-57
-72
-31
-40
-35
37
-68
-34
-44
32
32
8
-54
-43
3
-46
7
-1
32
60
-40
-76
-41
-61
-12
59
-44
-84
-51
-66
54
43
-47
39
-57
-36
63
12
61
-45
-70
-46
14
28
-6
-53
-60
-13
-45
19
-13
22
-9
40
-44
5
-41
15
22
-23
-66
54
-56
-51
-22
-18
-65
-32
-35
-2
-29
6
20
62
-83
-33
28
14
14
-16
-68
-4
10
33
-49
-60
22
11
-41
17
51
40
32
-17
-19
-13
38
19
0
-78
39
-62
-60
-51
40
-22
-11
-47
45
32
-59
0
8
22
33
-32
29
10
32
24
4
45
-12
-44
14
-25
14
-38
16
20
16
24
-29
47
42
-54
-63
-67
-12
22
51
-64
-57
-31
-56
57
-24
50
-12
52
12
-36
-24
-22
-61
53
10
-57
-39
45
-51
-20
3
-60
62
45
40
-8
34
33
-12
11
-24
-53
-65
26
47
24
15
54
-59
29
28
-15
-55
-59
-2
-38
-39
-41
0
-20
50
-22
-38
58
-3
27
-42
-25
-30
12
26
-57
53
56
15
47
56
-39
16
42
56
-70
-45
-13
-41
-61
58
-1
-29
-54
-41
-44
48
-45
45
-37
38
5
53
25
-36
-21
-1
21
42
49
26
-55
21
11
6
-38
-10
-53
-10
-47
-5
-15
57
17
-31
-30
42
41
-37
-61
-36
-33
-61
56
31
-54
-61
-28
54
-6
25
-27
2
-14
58
23
-65
-39
-34
-4
-12
58
4
-54
-57
-36
61
-16
1
-68
-17
17
-38
-59
63
-20
17
58
-42
1
-26
-11
-35
-41
26
27
60
30
-12
-60
42
-18
51
43
30
57
61
12
-33
24
8
-12
-21
15
-45
-25
37
11
28
-67
50
-11
7
-27
17
-26
54
-34
21
-36
1
25
17
-34
17
24
-26
6
-25
-51
-49
-58
52
-61
-38
51
-33
28
-46
-19
13
22
41
5
-27
-32
-57
61
29
27
-79
25
-37
31
-9
-40
-17
8
-12
33
-23
-14
11
-9
64
-38
59
-3
12
-47
-40
-35
-71
8
-8
26
-34
-44
-31
3
40
28
-51
-45
-55
-2
43
-55
-44
-13
49
-31
-57
-1
-53
3
21
-14
42
39
-5
29
31
39
-2
-54
40
28
-68
-45
7
-12
-50
-59
51
-4
-15
-13
-32
-28
-36
-79
-4
14
-53
-43
31
-11
-68
54
-50
-63
-18
-9
7
-52
-45
45
53
-54
-20
33
18
-20
-75
-63
-32
-78
-34
8
-83
19
-61
0
-4
-64
-43
-68
-21
19
-65
-70
-23
-24
-21
11
-17
0
9
50
37
30
30
-46
-60
30
2
-43
-22
-56
3
-7
-3
-13
-38
52
-37
-41
40
24
-20
-30
-84
-10
-38
-80
-37
-43
47
-52
-1
-28
-28
22
50
-29
-83
60
-61
-58
43
-36
-82
25
-43
-29
-55
2
13
10
6
-31
-61
-51
37
-85
49
-60
48
-32
-34
-43
-19
39
60
-33
-34
-41
-43
19
-38
-12
-10
-8
43
-79
-27
-23
31
-73
4
32
-14
43
-49
6
8
15
-66
-44
21
61
-26
19
63
-29
30
35
-63
-59
-9
20
-1
24
-73
-5
15
23
29
51
-14
36
-68
26
-44
49
25
-74
19
10
-26
30
-14
-8
-71
-54
-46
5
-60
-7
116
106
48
-39
-151
2012
185
292
66
-7
-2032
-2001
271
303
-111
-260
-2025
735
227
-51
49
380
3
150
-43
-62
61
119
480
518
112
404
-52
-17
-2030
-2030
-6
663
-56
40
258
17
61
-261
60
-66
2
42
-54
216
403
192
-115
-14
-35
-9
-1772
6
3
40
2
-30
388
-12
447
87
-577
-20
82
48
-149
-157
60
19
330
-3
-1898
-151
530
-107
46
-35
-111
903
-1846
-49
-2026
2008
81
-2008
-60
381
43
-396
1920
-217
7
533
-295
-32
-571
12
-175
2025
-222
-28
-198
356
-121
995
-30
26
-150
1604
-19
382
58
-207
-2023
-250
193
-341
-1986
-54
-612
140
1304
-59
55
39
-1627
-56
-8
-6
166
169
60
327
-77
-452
-599
19
-271
40
-1811
300
-821
137
-369
-95
339
508
-47
-68
-40
-48
-162
-241
-15
-168
-105
-180
385
18
1
4
-26
15
-169
1312
-111
-46
1157
-348
616
1
103
462
-50
-36
1
-367
25
163
-49
-11
-2030
1604
16
-480
-162
58
146
86
-178
17
-6
36
-23
-853
-63
102
16
-4
-40
448
730
-1671
520
-1849
-1745
-169
38
-23
-176
-1467
344
-41
416
-2031
-5
410
-63
-17
627
49
295
464
-151
-237
149
18
-1267
447
3
27
147
-635
170
503
-21
49
-39
-2031
-2032
-1863
423
-37
-125
409
25
27
39
1671
530
20
-69
-4
-35
-47
7
-46
-35
-65
-39
0
-53
-108
-93
9
-42
-66
11
-14
-2
16
-26
-4
49
-34
42
-47
47
-15
-83
-93
-28
-9
-26
18
-10
-9
-48
-15
-29
9
14
20
-59
-104
48
-42
41
-34
-33
7
-66
-19
-77
41
-59
-37
-10
55
57
-40
36
-28
-58
27
-84
-16
-76
1
-34
35
11
7
45
-42
-51
-43
18
-17
-54
8
50
-3
-64
62
-46
59
0
33
-21
-72
5
3
24
-30
3
-69
-34
24
3
-58
2
60
11
-82
-23
-43
-64
11
-25
2
55
-42
-24
-83
30
-74
-5
-36
-40
6
-35
11
10
-66
-65
6
-46
-99
50
62
25
24
25
27
-80
-63
-29
-75
-16
-47
15
-25
-22
-16
27
-49
-18
36
-71
-67
-85
-21
-39
-60
1
-32
-93
29
-46
-64
43
-31
-79
0
38
-40
-57
-3
0
-90
-12
-17
-74
-68
31
56
-29
-14
17
21
-31
-82
-11
-62
52
-66
-49
-67
21
-33
-57
-24
-15
-86
-97
33
-90
3
-3
-13
-29
-48
-55
19
1
-81
-81
-91
-37
16
-64
11
10
-19
-57
-48
12
-47
-37
-5
54
-65
35
38
6
50
-80
-71
-21
0
-25
26
-102
-45
-67
32
-40
-35
-74
-89
-2
46
33
-85
8
64
-91
-20
-73
-78
10
37
-8
-96
-28
-381
-60
-109
55
539
32
-1315
449
-536
-261
27
2019
-678
-637
-571
-65
-1514
314
-1644
-453
-72
26
-971
691
-1642
50
13
2
103
-1012
-887
-1015
-511
-20
34
-2029
-2024
-60
-401
-24
-27
-323
-38
19
532
137
-385
45
1408
6
-1546
-903
143
1625
-52
-45
1
-113
49
-50
47
-59
34
-938
-14
-744
-247
124
-71
484
-291
-179
231
30
16
-829
-34
849
-222
-1005
197
16
19
-887
1629
-1313
32
-668
-280
484
-421
-116
-923
460
-1958
1030
342
-33
-865
2031
3
-1249
-35
331
488
-252
-55
201
397
-260
-869
16
1405
-3
648
6
-667
1491
325
1228
1035
-113
-2031
953
184
-2032
-358
-2006
-1317
408
60
2032
33
-3
28
-1919
205
-37
-2025
-42
545
-98
9
-2018
1244
107
-1491
569
93
397
720
-772
-871
30
683
-59
747
-103
116
41
-323
197
-236
-133
-52
-21
-1
-63
1190
572
-2002
-787
296
787
2014
644
23
94
-1978
-9
-595
-49
-1498
45
-59
-49
38
1963
1207
-37
-318
-293
60
-628
-257
451
-6
-243
20
-4
642
33
-1169
32
25
-36
-2017
2030
-1773
-1998
697
-1453
601
-52
30
-207
354
283
-44
-969
-2014
-65
-1399
-9
-30
-280
-26
-1367
-795
-2017
-548
92
-28
2031
-1278
12
29
53
2028
242
995
-7
38
-98
-1797
176
-1318
-2009
20
1508
-844
-944
-35
19
-1967
-219
-25
-24
19
-19
-70
-1
-34
-23
55
23
-22
28
-15
5
-46
-64
9
-27
-40
47
54
-66
-40
-14
30
-16
-64
-19
-27
-1
2
-17
57
43
18
-24
53
51
5
29
-14
42
-32
53
-2
30
-47
35
-23
61
36
-60
34
-5
-15
-50
32
14
34
3
2
-51
56
-24
-39
-39
44
-47
-19
-6
-39
51
4
-51
-27
-11
-44
-15
-22
-1
-19
-2
-5
-37
20
-17
-32
-1
44
1
34
28
12
56
-58
-6
-52
14
36
20
-32
-70
48
50
34
-54
0
7
6
43
-14
-57
7
-27
-7
-21
45
36
-4
43
32
11
-41
-29
4
47
-39
25
-17
-40
-18
-10
32
8
-22
-59
-45
-21
12
10
-56
-64
31
-15
34
-38
-26
18
15
-13
-47
4
19
-16
-15
29
20
-51
-24
-47
5
48
22
-70
5
-56
25
-1
-41
-4
-52
-16
24
57
-21
-37
1
-41
-11
42
11
33
-51
25
-8
11
52
21
-59
5
36
-46
-61
-10
-33
30
-35
38
-15
39
11
32
37
-51
-21
-48
-13
32
-2
36
-24
12
50
44
-32
1
8
-12
-11
-59
-12
-52
-39
-44
32
-31
50
-60
33
54
-48
-45
32
34
18
8
-8
10
-54
-15
12
-62
24
49
45
25
-33
57
1
-45
6
-6
8
-40
20
19
22
-60
-26
3
-47
-97
-75
28
-63
-96
-32
-88
-19
-66
-5
-53
-22
-22
-93
-77
-17
5
-54
-38
-98
-30
12
34
-16
-63
16
12
-87
9
31
-58
-99
3
-11
42
-63
-66
25
31
8
-26
-42
23
-55
-7
15
-33
33
49
-23
8
-33
-8
-20
29
22
7
2
-44
-32
-4
-1
18
-60
33
-21
27
-28
-43
-31
24
18
44
15
-32
-22
30
-60
-90
-21
-43
-43
-24
-8
35
17
-70
-9
-4
-112
83
5
19
-97
-4
-5
-57
20
9
-55
-32
16
21
-37
-99
-42
38
-45
-85
22
-34
-98
19
-24
13
69
-91
-76
-42
-69
-41
-51
11
-75
40
22
33
7
52
13
-7
-45
2
8
27
-44
-56
-31
-25
-47
-17
-57
-30
7
52
-44
-57
-79
41
-4
27
-88
-63
6
31
-7
26
33
-51
1
-7
37
40
-5
82
1
-49
79
7
-34
-1
-36
-66
-21
-46
42
21
-12
-19
58
16
-46
-34
-52
36
-99
-94
-12
-84
2
-68
56
-86
64
-19
10
-27
-16
-51
-3
38
3
47
2
24
-78
-23
-66
-37
52
-9
29
-63
-23
-74
-49
37
-67
34
-47
-28
-46
-92
-27
-29
-105
7
54
26
11
41
29
36
-62
-73
-2
-31
56
23
-107
-9
-32
-80
37
-65
7
-86
-45
-25
-34
-47
6
630
546
36
701
-83
95
500
-97
-89
-34
431
488
-531
-86
-28
-82
-2032
53
56
-41
-1
79
-201
464
-1
60
26
405
-134
-135
-102
-46
3
-48
1159
-2032
40
-116
-61
45
129
-79
-36
82
179
-279
7
-27
54
-132
-93
382
-68
-63
-4
-11
-1252
41
-74
-56
-57
-31
-124
22
-79
656
101
307
393
-105
-24
-279
16
17
-4
-34
787
-42
-88
23
-30
6
-118
-2032
490
28
-2032
1109
671
-112
207
-121
611
-103
2032
-298
-45
-80
266
56
-730
-58
-312
-233
-280
55
-327
-250
-285
-200
23
-12
-327
-1174
-42
-91
-58
-298
-146
-10
636
-141
-1145
317
1565
-17
-1131
-1202
587
-45
-1980
-46
45
4
62
560
58
186
-56
-129
-1160
-10
-1009
-84
653
224
-640
667
-69
296
-30
-122
-6
414
-56
-10
182
17
-12
-11
246
7
-107
-61
52
46
27
-55
4
847
-368
-12
2032
293
480
64
505
220
63
-771
-10
112
-13
491
37
110
-456
412
21
18
3
-3
-66
453
-318
-7
-155
-53
-29
122
27
-110
54
-43
38
349
239
6
-132
2015
518
-310
-53
10
5
401
1486
58
-109
-2014
-44
257
21
61
-154
-46
676
-114
-873
-112
-542
28
68
518
13
22
556
-555
636
-182
-15
54
-5
275
-2021
-1132
295
-14
-57
-681
11
19
5
1926
-87
2
22
1
-1
3
-87
-73
-66
-57
-78
-12
1
28
-15
-44
-52
-12
-68
-24
-79
-26
18
-26
29
-11
-32
46
11
-38
-32
-11
35
-57
36
6
-33
35
-57
20
-43
-46
18
4
22
-73
-64
17
63
-24
-6
-56
-69
-42
-80
-49
-47
-1
3
23
5
-22
28
-61
-46
27
-21
-47
7
-64
58
-45
-25
12
-15
-47
-46
-36
9
36
-9
20
30
10
55
-23
14
7
-23
-38
48
-27
31
-44
38
37
49
-5
36
-59
-43
-17
-51
-25
8
23
-44
-63
-57
-36
10
28
59
-14
-30
30
37
44
23
-73
-62
-33
-9
-32
-80
29
-4
-11
2
-24
44
-43
21
-14
-5
60
-35
24
19
33
-63
-68
-53
-9
14
-47
-83
-23
-37
19
-4
5
48
39
4
-31
17
-26
36
-17
60
24
-50
-50
-83
3
36
-62
17
-24
12
0
-20
-67
48
55
45
-46
-67
-4
-41
12
26
21
50
-48
8
6
61
18
-46
25
-75
26
9
-8
-56
-13
-44
-50
55
-9
-6
-23
-12
-23
-53
-9
-26
-40
-56
-81
21
-20
-49
-57
-16
-41
3
45
-58
-87
-20
26
-19
-40
-27
24
-23
40
-81
33
-20
-57
-19
-25
-55
10
-81
-57
0
28
44
50
-38
-28
-42
-73
-62
36
27
0
22
-17
-61
14
22
-116
-119
-135
-28
-298
1834
-1870
-487
420
-193
-24
-15
-2032
-1062
355
350
-74
1150
-997
-879
-35
-13
523
-939
599
12
-63
47
-471
425
-1970
-292
111
-46
-2
-608
2025
-3
-414
-7
37
-659
18
-1
-110
-46
600
-17
936
0
-392
365
364
313
46
-18
-31
-22
-19
46
-45
80
34
236
29
278
-115
1523
500
-206
-363
-1958
2021
46
28
1139
-38
1855
-1936
426
160
68
-18
-1118
2032
123
13
-1207
-203
-257
-1996
-281
443
-937
-423
-367
2017
18
275
356
19
561
21
2019
-833
-320
13
2021
-957
431
-1515
-5
878
384
1803
-14
476
850
2017
-2032
-449
-139
932
3
163
-670
646
-70
-410
-283
-49
-175
54
-6
-34
685
-126
1
2002
-16
1952
-178
-49
2025
-1049
1431
958
1828
90
61
644
367
220
39
1488
48
454
267
230
6
-1829
-52
-1992
-80
-29
-8
-48
47
770
-184
-424
120
-27
-251
535
-204
-44
191
-734
29
-1080
18
-220
27
-128
29
113
-933
1831
65
-388
-1900
23
-48
174
2020
-55
-172
73
-14
285
-45
-651
57
29
22
2001
-1115
-1895
393
-789
-414
2016
-4
-26
-2005
445
-355
41
608
1163
65
-588
46
-1
-353
-11
-949
578
1185
89
-1986
-59
-2028
-1053
-32
80
121
301
-255
1429
37
-45
-24
606
-123
-1635
-600
2
380
-1336
-13
-54
12
1928
25
-97
48
15
-61
22
23
-4
37
-85
10
-44
-28
-1
-12
16
17
-53
-88
49
57
-47
56
49
2
-17
21
-15
29
42
-51
-15
-48
-54
-30
17
-77
11
10
-57
41
2
-30
58
-26
-25
-34
39
3
-127
10
-90
-23
6
-78
-18
44
-2
-30
-37
-40
-61
-26
60
32
-51
-47
-25
70
43
-21
-23
-47
34
11
-12
-35
-53
-98
-106
-17
-61
-1
-41
-16
27
-72
3
29
31
-39
-20
-32
-28
-28
37
2
-63
-18
0
-49
7
-45
47
34
-70
-31
47
2
-37
-50
-52
22
-37
-65
-64
16
-34
-12
-46
-81
-89
-99
-64
-19
11
16
-35
52
-23
-45
41
44
52
-42
-16
13
-61
26
29
-37
-92
59
36
28
16
-117
-20
7
29
17
81
-27
-86
19
-58
34
-24
-40
40
-59
-9
-2
-74
53
25
28
58
-60
27
14
14
-14
53
53
-87
1
63
16
-14
10
-62
60
76
27
0
63
61
-36
-24
-6
32
-109
55
-35
56
-88
43
-56
-20
-48
-22
29
-17
19
-8
-10
-2
2
-28
1
40
32
35
25
-21
-35
-149
30
15
-96
-22
-21
-53
-56
23
40
-29
-53
-77
13
44
-70
53
-57
-4
39
33
-33
-63
-41
-65
-2
-56
-43
-75
-39
-10
-51
-27
51
-60
27
-47
-60
-114
-25
B
64
-36337
-180095
-56056
-38079
-410617
-91660
-65291
-147221
-12076
130665
-72595
-33155
-77454
-86756
-258143
-17620
-79506
-51394
-26099
-273329
-294292
-79745
-89867
-153979
157097
-84695
-78561
-27097
-48634
125371
-79495
242141
145014
-115383
-32850
-77780
-23406
-52371
-11546
-84404
-56421
-117308
-110808
-68941
-26453
19678
-36720
95637
91375
-63638
-27924
-238353
-91861
-68816
-69086
-67763
-19683
156457
-62394
-19423
-29022
-94743
178217
-65758
W
1
64
-38.746925354003906
4.232555389404297
0.012572364881634712
-0.0003680000372696668
1.4153764247894287
0.04399746656417847
0.006222114432603121
46.73764419555664
15.508916854858398
-2.8898632526397705
-0.002547625219449401
11.123587608337402
5.054563045501709
0.09711232036352158
42.80222702026367
0.07000230252742767
-0.009703529998660088
0.01588069088757038
-32.51792526245117
-2.6456642150878906
-36.066349029541016
-0.07630663365125656
-16.278640747070312
23.22882843017578
1.8766485452651978
0.020364034920930862
0.054537441581487656
28.716060638427734
-0.014397560618817806
-43.91209030151367
0.06785649806261063
-4.550450325012207
-1.5665050745010376
-0.04221971705555916
-0.0671367421746254
0.04367188364267349
0.0011858271900564432
0.015600066632032394
-0.011641391552984715
0.12134583294391632
0.015643279999494553
3.6093826293945312
1.3802225589752197
-0.011493652127683163
6.106154918670654
-4.98550271987915
-0.030461592599749565
-2.052496910095215
46.44862365722656
0.06871824711561203
-0.03336747735738754
1.3807921409606934
0.021196791902184486
-0.06094134971499443
0.06511444598436356
17.430692672729492
-0.022416090592741966
-1.6426448822021484
0.09710313379764557
7.957756315590814e-05
-79.7421646118164
0.05432262271642685
5.443996429443359
0.0029181973077356815
B
1
0.3082697093486786
