W
256
119
-0.3630644977092743
-0.16274462640285492
-0.03864355757832527
0.004160662647336721
0.004325593821704388
0.14723673462867737
-0.03484269604086876
-0.028796831145882607
-0.025656627491116524
-0.07210703194141388
-0.13481022417545319
-0.0742264986038208
0.01918039098381996
-0.03605717793107033
0.027203314006328583
-0.04436651989817619
0.04231283813714981
0.025073645636439323
-0.019865890964865685
0.019289329648017883
0.025092292577028275
0.00856682751327753
0.013504581525921822
0.01935795694589615
0.017649676650762558
-0.11443738639354706
-0.17853623628616333
-0.15785600244998932
-0.1583239734172821
-0.154038667678833
-0.14099375903606415
-0.1539181023836136
-0.1504223644733429
-0.17413590848445892
-0.1263359636068344
-0.17030741274356842
-0.13299256563186646
-0.20831267535686493
-0.15964290499687195
-0.18635284900665283
-0.16221092641353607
-0.16045504808425903
-0.1158442348241806
-0.17688775062561035
-0.18385237455368042
-0.1405525803565979
-0.14143550395965576
-0.14709708094596863
-0.1511761099100113
-0.11455074697732925
-0.05105658620595932
-0.21804623305797577
-0.16600097715854645
-0.20023415982723236
-0.14929495751857758
-0.09611348062753677
-0.20413143932819366
-0.23397716879844666
-1.8133716583251953
0.05909000337123871
-0.0019871245604008436
0.0013110506115481257
0.013446043245494366
-0.10162168741226196
0.00283732358366251
0.04715043306350708
0.031128903850913048
-0.21754346787929535
-0.13688960671424866
-0.4363456070423126
0.006818228866904974
-0.05603271722793579
-0.015735728666186333
0.11219477653503418
0.010898403823375702
-0.000986685510724783
0.07756488025188446
0.0008581733563914895
-0.031637270003557205
-0.006827326957136393
-0.010512512177228928
0.01082385703921318
-0.026197873055934906
0.6676844954490662
1.0320037603378296
0.8759523034095764
0.7116991877555847
0.36457785964012146
0.6372780799865723
0.5957262516021729
0.8979849219322205
0.7656543850898743
0.7145657539367676
0.585168719291687
0.8772679567337036
0.7336195707321167
1.8854674100875854
1.3680375814437866
1.7457635402679443
0.6574665307998657
1.982474684715271
1.0434046983718872
-1.9827582836151123
-1.9815922975540161
-1.886322021484375
0.8031142354011536
1.8351961374282837
1.905114769935608
-1.8002440929412842
-1.7531601190567017
-1.9799952507019043
0.4134010970592499
0.8146902918815613
1.2693371772766113
0.9511668086051941
0.6683173179626465
-0.025029810145497322
0.034179553389549255
-0.10330629348754883
1.6025443077087402
0.0343916229903698
0.035871148109436035
-0.04660724103450775
-0.0272213201969862
-0.016630025580525398
0.0036441287957131863
0.1663091778755188
-0.08665908128023148
-0.10072529315948486
-0.1567060649394989
-0.27186673879623413
-0.04902902990579605
-0.2081471085548401
-0.004708453081548214
0.21382452547550201
0.0010068825213238597
-0.28114962577819824
0.05217549204826355
0.49752625823020935
0.23048533499240875
0.0035683992318809032
-0.021601272746920586
0.10491902381181717
0.06128636747598648
-0.1175902858376503
-0.049633245915174484
-0.33297598361968994
-0.23929789662361145
-0.15823392570018768
-0.10237439721822739
-0.12996840476989746
-0.07031776010990143
-0.10201499611139297
0.0021948181092739105
-0.1337697058916092
0.0934302881360054
-0.12971799075603485
-0.3402591645717621
-0.15754546225070953
-0.07917719334363937
-0.009441657923161983
0.034957826137542725
0.4219212234020233
-0.14063887298107147
-0.020187336951494217
-0.09430690109729767
0.0553680844604969
-0.03303125873208046
0.06301937252283096
0.020222550258040428
0.4653829336166382
-0.12065217643976212
0.10250212252140045
0.06863971799612045
0.1024722158908844
-0.10494334995746613
0.24024564027786255
-0.9522696137428284
-0.20773868262767792
0.003350441111251712
-0.06167977675795555
0.0688512846827507
0.031954940408468246
0.0055077821016311646
1.1118336915969849
-0.03364786133170128
0.3244541883468628
-0.13199341297149658
-0.47279417514801025
0.3828834295272827
0.013307941146194935
0.183353990316391
0.43527162075042725
0.47975918650627136
-0.05261455103754997
0.20770668983459473
0.6707343459129333
0.2506595849990845
0.019907791167497635
-0.005904222372919321
0.2422170341014862
0.15340502560138702
-0.442729115486145
-1.6330721378326416
-1.2066552639007568
-1.4730331897735596
-1.2507944107055664
-1.3743529319763184
-1.247563362121582
-1.8010066747665405
-1.5339325666427612
-1.6117455959320068
-1.0072681903839111
-1.2627760171890259
-1.6220314502716064
-1.7735857963562012
-1.1978836059570312
-1.6522972583770752
-1.286049485206604
-1.6618708372116089
-1.1071162223815918
-1.8205125331878662
-1.464219570159912
-1.735094428062439
-1.084228754043579
-1.5324057340621948
-1.2701510190963745
1.3160489797592163
0.6820929050445557
1.9827191829681396
1.983719825744629
1.9838488101959229
0.9095917344093323
1.6179275512695312
0.95654296875
0.11578867584466934
0.10918930172920227
-0.5994921326637268
-0.2871469259262085
0.1675739884376526
-0.010178934782743454
0.06751950830221176
-0.02588270977139473
-0.2971610426902771
-0.21345001459121704
0.03935261070728302
0.043025385588407516
-0.08909663558006287
-0.07684475928544998
-0.135184183716774
0.10014373064041138
0.013631630688905716
0.0772605910897255
0.11997237801551819
0.06803718954324722
0.08558079600334167
-0.008321619592607021
0.062274787575006485
0.1309182494878769
-0.004897231236100197
0.00299551198258996
0.03742259740829468
-0.005769980140030384
0.31394514441490173
0.13221421837806702
0.17847135663032532
0.2937268316745758
0.22220762073993683
0.16159933805465698
0.14417898654937744
0.176732137799263
0.12953031063079834
0.11457013338804245
0.19587691128253937
0.059188079088926315
0.14447058737277985
0.23158781230449677
0.2822508215904236
0.18304294347763062
0.11222494393587112
0.056945085525512695
0.05609804764389992
0.1345704346895218
0.25552770495414734
0.10957614332437515
0.15009818971157074
0.08253242075443268
0.11015090346336365
-0.12418289482593536
0.30980798602104187
0.05318811908364296
0.23787803947925568
0.05827435851097107
0.007056246045976877
0.06248106434941292
0.29477593302726746
-1.9843729734420776
-0.1266227662563324
-0.11022305488586426
-0.16249114274978638
-0.05954749882221222
0.14245209097862244
0.22688952088356018
-0.6683149933815002
0.06053323298692703
0.12462951987981796
-0.0348697304725647
0.25884175300598145
0.0400405079126358
0.050576213747262955
0.04326473921537399
-0.0595240481197834
0.04304793104529381
0.01758960820734501
-0.07995835691690445
0.10095030814409256
0.08576812595129013
0.07185965776443481
0.05675533413887024
-0.1304500252008438
0.050023727118968964
-0.9711903929710388
-0.7914236783981323
-0.017262578010559082
-0.5871465802192688
-1.2019251585006714
-0.9017096757888794
-0.08395092934370041
-0.7832037806510925
-1.2313308715820312
1.9741976261138916
1.983016014099121
1.7666634321212769
-1.4454692602157593
-1.3399759531021118
-0.8794575333595276
-1.0453494787216187
-0.8875236511230469
1.297080636024475
-1.4872748851776123
-1.543258786201477
-0.9383618235588074
-1.2167677879333496
-0.9562274813652039
1.5267049074172974
1.9839344024658203
1.3010327816009521
-1.231065273284912
-1.9817172288894653
-1.5497990846633911
-1.595399022102356
-0.8650590777397156
1.7360968589782715
1.9840834140777588
0.022830527275800705
0.022469904273748398
-0.15548406541347504
-0.16884051263332367
-0.0563930906355381
-0.03756452351808548
-0.1347467452287674
-0.04758113622665405
0.038674455136060715
-0.019816089421510696
-0.23878353834152222
0.0679161325097084
-0.013109761290252209
-0.0732409805059433
0.4809555411338806
0.2543763518333435
0.18758174777030945
0.20780017971992493
0.14342494308948517
0.1266481578350067
0.2210882604122162
0.19498899579048157
0.04085249826312065
0.11724317818880081
0.0285478588193655
0.044665079563856125
-0.010432090610265732
0.009490207768976688
-0.052416350692510605
-0.09506336599588394
-0.1091802790760994
-0.02538677491247654
-0.14003890752792358
-0.10532750189304352
-0.12953810393810272
-0.09249509125947952
-0.1664038747549057
-0.19643041491508484
-0.10483641177415848
-0.18543751537799835
-0.1198178231716156
-0.004007718991488218
-0.1039820984005928
-0.12015832960605621
-0.15547780692577362
-0.09517216682434082
-0.1707584410905838
-0.11212220788002014
-0.10090131312608719
-0.12510675191879272
-0.13720959424972534
-0.13411730527877808
-0.1966909021139145
-0.09407245367765427
-0.028424615040421486
-0.07835810631513596
-0.11216121912002563
-0.08972307294607162
-0.08780567348003387
-0.12293598055839539
-0.10541874915361404
0.3689790964126587
0.12362954020500183
-0.012744464911520481
0.11969095468521118
-0.04207541421055794
-0.05856996029615402
0.0637863278388977
-0.7376778721809387
0.050596483051776886
-0.1350332498550415
0.037438083440065384
0.17231400310993195
0.22684365510940552
0.25708815455436707
0.14694581925868988
0.23699699342250824
0.30963417887687683
0.3022708296775818
0.13042207062244415
0.20901325345039368
0.15567609667778015
-0.03189005330204964
-0.007748430594801903
-0.04099553823471069
-0.07740640640258789
0.48505187034606934
1.1212239265441895
0.8429934978485107
1.2111756801605225
1.0379929542541504
1.3043781518936157
1.0579477548599243
1.3011865615844727
0.9620872735977173
1.5236130952835083
0.8593507409095764
1.174837589263916
1.0776575803756714
1.6062625646591187
1.082767128944397
1.6374980211257935
1.103996753692627
-1.9843100309371948
-0.3322673738002777
-1.9416824579238892
-0.7121621370315552
-1.837925910949707
-0.18977826833724976
-1.973044514656067
-1.0768131017684937
1.7382302284240723
0.6407355666160583
1.941988229751587
1.1906375885009766
1.4348902702331543
0.6784458160400391
1.5892261266708374
1.265878677368164
0.06680161505937576
-0.044501472264528275
0.0022786911576986313
0.04178644344210625
0.05178815871477127
-0.03974141925573349
-0.02840340882539749
-0.06328548491001129
-0.014246853068470955
0.08550573140382767
-0.08870366960763931
0.09161869436502457
0.07750474661588669
-0.03341897577047348
-0.06991492211818695
0.003064718097448349
-0.060679227113723755
0.04808531701564789
0.016700996086001396
0.01739959605038166
0.02894660271704197
0.00969747081398964
-0.042095430195331573
0.008352640084922314
0.0765722468495369
-0.07765121757984161
-0.011841688305139542
-0.0027217569295316935
0.07966096699237823
0.08845903724431992
-0.04416680335998535
0.08821536600589752
0.009513718076050282
0.03947553411126137
0.030655747279524803
0.07279457151889801
0.009286024607717991
0.04697321727871895
0.04213086888194084
-0.02890198305249214
-0.08988295495510101
0.08956925570964813
-0.026007719337940216
0.012662810273468494
-0.08179397135972977
0.08027836680412292
0.04633783921599388
0.05665116012096405
-0.06297540664672852
-0.04317250847816467
0.052822649478912354
0.0099001070484519
0.03541775420308113
0.024550996720790863
0.04551947861909866
-0.08303133398294449
0.08685671538114548
-0.00874578207731247
0.04349594935774803
0.05236747860908508
-0.07975795120000839
0.08600696176290512
-0.018992828205227852
-0.03382866084575653
0.08264026790857315
-0.06718142330646515
-0.08004526793956757
0.036412518471479416
-0.019868547096848488
0.053215835243463516
-0.002664844272658229
-0.08187796175479889
0.07281053811311722
-0.03394690155982971
-0.08335096389055252
0.0068422844633460045
-0.022580523043870926
-0.03210068866610527
0.06985165923833847
0.0004905423847958446
0.06902701407670975
0.06583049893379211
-0.08638101071119308
-0.047746967524290085
0.018654555082321167
0.08470974117517471
0.01525946520268917
0.00421942537650466
-0.08522757887840271
0.08843030035495758
-0.0728335827589035
-0.048114024102687836
0.022627415135502815
0.003581804223358631
-0.07495464384555817
-0.00043265733984299004
0.023098735138773918
-0.022394508123397827
0.01253734715282917
-0.07966577261686325
-0.025427337735891342
-0.08111926168203354
-0.016098694875836372
0.0228147953748703
0.041411783546209335
0.04106201231479645
0.008636875078082085
-0.0841669961810112
0.04001712054014206
-0.09025055915117264
-0.08993420749902725
0.018211210146546364
0.034389931708574295
-0.08759507536888123
0.049600906670093536
-0.08276266604661942
-0.04453118145465851
-0.055611394345760345
0.01297703105956316
-0.0071499706245958805
-0.02057606168091297
-0.0010509249987080693
-0.05088307708501816
0.0028798338025808334
-0.045273590832948685
-0.09497440606355667
0.0721229761838913
0.0007098651840351522
-0.09678304940462112
-0.004114840179681778
-0.07621009647846222
0.005782645661383867
-0.01717066578567028
-0.024791644886136055
-0.0181413721293211
0.08494772017002106
-0.07638037204742432
-0.08017345517873764
0.079973965883255
-0.0492425300180912
0.04805741086602211
0.009201823733747005
0.05901811271905899
0.054741524159908295
0.04658527299761772
0.03948275372385979
-0.009044656530022621
-0.004589430056512356
0.01215665228664875
-0.08365268260240555
0.01962086744606495
0.0781005471944809
0.09542819857597351
0.004268098156899214
-0.00909341499209404
0.09548798948526382
0.07887439429759979
0.007572601083666086
-0.07961606234312057
-0.10145283490419388
0.09174893796443939
0.10262801498174667
-0.057213570922613144
-0.009499969892203808
0.004666285123676062
-0.044523969292640686
-0.09533203393220901
-0.09025035798549652
0.0018944169860333204
-0.09013119339942932
-0.07935795187950134
0.02119671367108822
0.07262469828128815
-0.06380791962146759
-0.05647820979356766
0.07596630603075027
-0.09346888214349747
-0.04757312312722206
0.05043642595410347
-0.07099920511245728
0.012423052452504635
0.04253138601779938
0.01041878666728735
-0.03466435521841049
0.019154813140630722
-0.07430805265903473
0.013457495719194412
-0.019344892352819443
-0.004258252214640379
-0.09482274949550629
-0.012679078616201878
0.055858783423900604
-0.05792080610990524
-0.02313750609755516
-0.05244709923863411
-0.07484090328216553
0.06066803261637688
-0.0877692699432373
0.07904095202684402
-0.09792353957891464
-0.03836332634091377
-0.0752294510602951
0.03084169328212738
0.028927844017744064
-0.07033229619264603
0.004978543147444725
0.0408954992890358
0.044166404753923416
-0.012321609072387218
0.0465107299387455
-0.010732009075582027
-0.01702316664159298
0.03007536754012108
-0.04922271519899368
-0.025736847892403603
0.014362619258463383
0.04646565765142441
0.008885925635695457
0.03914938122034073
0.03857645019888878
-0.017460569739341736
-0.06927672773599625
-0.02710116095840931
0.020698193460702896
0.029516123235225677
-0.05471285805106163
-0.07425619661808014
-0.018935099244117737
0.06111839786171913
0.03640897572040558
-0.0687667652964592
0.04982931539416313
0.01273320708423853
-0.02579577825963497
0.08916358649730682
0.03281630948185921
-0.010947835631668568
-0.037225253880023956
-0.018430445343255997
0.005618232302367687
0.053746890276670456
1.9836609363555908
0.0025033303536474705
-0.9853833317756653
-1.6526057720184326
-0.8425408005714417
-0.0022296798415482044
-0.3159271478652954
-0.29647693037986755
-0.05530474707484245
-0.21053054928779602
-0.2161026895046234
1.6143544912338257
-0.10578187555074692
-0.10764147341251373
-0.11292076110839844
-0.11465269327163696
-0.11328297108411789
-0.11079084128141403
-0.10746980458498001
-0.10702691227197647
-0.10909982770681381
0.11434180289506912
1.0997743606567383
0.00575109850615263
0.0035973829217255116
0.7039499282836914
0.7342738509178162
0.7567989230155945
0.6991663575172424
0.8583676815032959
0.39564913511276245
0.6774821877479553
0.5733989477157593
0.31959906220436096
0.7054048776626587
0.4385583698749542
0.7201741933822632
0.6017284393310547
0.5449999570846558
0.6032518148422241
0.645085871219635
0.5076748132705688
0.4783708453178406
0.5952248573303223
0.6090450286865234
0.47902920842170715
0.6456121802330017
0.296878457069397
0.6304141283035278
0.4966239035129547
0.2615065574645996
0.8150295615196228
0.28046077489852905
0.49587008357048035
0.7555881142616272
0.5346728563308716
0.51678466796875
0.4295465052127838
1.856679081916809
-0.13025102019309998
0.2486027181148529
-0.7270733714103699
-0.6208118796348572
0.17662914097309113
0.20622263848781586
-0.6568641066551208
-0.04366956278681755
-0.19081206619739532
-0.19872522354125977
1.0894827842712402
-0.1478114128112793
-0.1558319628238678
-0.15494714677333832
-0.15489791333675385
-0.15847152471542358
-0.15406610071659088
-0.1546688973903656
-0.15725472569465637
-0.16222462058067322
0.02221604995429516
-0.041398096829652786
0.009174227714538574
0.0012424270389601588
-0.29631999135017395
-0.30064406991004944
-0.30629685521125793
-0.3274403214454651
-0.2822059690952301
-0.28775423765182495
-0.40333443880081177
-0.3132508099079132
-0.23366111516952515
-0.2653421461582184
-0.27124783396720886
-0.28240519762039185
-0.29373955726623535
-0.30586376786231995
-0.3209470808506012
-0.31896543502807617
-0.3048844039440155
-0.2958180606365204
-0.25029873847961426
-0.3196016848087311
-0.3551236093044281
-0.31840428709983826
-0.2833549678325653
-0.3011437654495239
-0.3177330791950226
-0.3200215995311737
-0.22862125933170319
-0.3316665589809418
-0.3097037672996521
-0.3132261335849762
-0.3456748127937317
-0.3000508248806
-0.35245269536972046
0.009435108862817287
1.440683364868164
1.96408212184906
1.9813697338104248
-0.5080680251121521
-0.020577548071742058
1.9220811128616333
-1.9805916547775269
0.10649969428777695
1.1059198379516602
-1.3292285203933716
-0.008494539186358452
0.16450215876102448
-0.1623912900686264
-0.4950215816497803
-0.2825872600078583
-0.4861353039741516
-0.3091557025909424
-0.4464928209781647
-0.5042305588722229
-0.03062593936920166
-0.0812760517001152
0.04024546593427658
-0.20115448534488678
-0.669228196144104
-0.5577533841133118
-0.48953142762184143
0.15877462923526764
-0.06587210297584534
0.1904834359884262
-0.03580722212791443
0.39581602811813354
0.043703947216272354
-0.33045560121536255
0.1591159850358963
0.08143263310194016
0.2934264838695526
0.47861066460609436
-0.07375583797693253
0.06146026402711868
-0.2012927532196045
0.29217958450317383
-0.08878718316555023
-0.019375020638108253
0.1609102189540863
0.27872589230537415
-0.030913399532437325
-0.01068020984530449
0.09380684047937393
0.46439966559410095
-0.20380890369415283
0.02637767419219017
0.05761163309216499
-0.32907846570014954
0.06004816293716431
-0.00788037572056055
0.25074562430381775
0.13157975673675537
0.20744866132736206
0.30649036169052124
-0.15372510254383087
1.0889760255813599
0.01957939937710762
-0.39878731966018677
1.4633511304855347
0.13343918323516846
-0.6382337808609009
-1.4394927024841309
-0.5807434320449829
-0.006546193268150091
0.22509604692459106
-0.11082536727190018
1.9670872688293457
-0.6205620169639587
0.03543256223201752
-0.36569714546203613
0.08475174754858017
-0.4082799255847931
-0.26304298639297485
-0.04064250737428665
-0.1648203581571579
-0.2698725759983063
0.23568391799926758
0.3472817838191986
0.42466282844543457
0.1613505482673645
0.5243874788284302
-0.10469397157430649
-0.5711588859558105
-0.3617732524871826
0.02234112285077572
-0.23424097895622253
-0.6631489396095276
-0.5091298818588257
-0.27728071808815
-0.5269185900688171
-0.3138779401779175
-0.2058177888393402
-0.09616778045892715
-0.08818644285202026
-0.23575793206691742
-0.030085476115345955
-0.18602190911769867
-0.08681263774633408
-0.3932899832725525
-0.22352230548858643
-0.31090113520622253
-0.5077639222145081
-0.39340969920158386
-0.20441292226314545
-0.38398367166519165
-0.5672624707221985
-0.22214779257774353
-0.46802809834480286
-0.29571712017059326
-0.18563906848430634
-0.3950013816356659
-0.5021542310714722
-0.39657121896743774
0.2598327398300171
0.02761552855372429
1.5360287427902222
-0.08801493793725967
0.0029997844249010086
-0.08579239994287491
0.04259564355015755
-0.06995100528001785
0.05921022221446037
0.018066994845867157
0.042146094143390656
0.022793889045715332
0.05254779011011124
0.011939220130443573
-0.06504487246274948
0.04268413782119751
-0.024059340357780457
0.011269262991845608
0.07229029387235641
0.045429304242134094
-0.05496677756309509
0.050623901188373566
0.06666653603315353
0.030087681487202644
-0.07316409796476364
-0.025013728067278862
0.008024322800338268
0.059651993215084076
-0.05186520144343376
0.04895876348018646
-0.03988656401634216
-0.07562580704689026
0.058372218161821365
-0.0766196995973587
-0.05352918058633804
-0.050030168145895004
-0.012031014077365398
-0.0027780465316027403
0.07607300579547882
0.031213561072945595
0.07486208528280258
0.03502412885427475
-0.04391135275363922
0.07869000732898712
-0.07285409420728683
0.029440859332680702
0.02174060419201851
-0.0017339513869956136
-0.08971276134252548
-0.08084403723478317
-0.025777654722332954
-0.06303873658180237
-0.06574613600969315
0.0014599780552089214
0.030698835849761963
-0.08308693766593933
-0.07642918825149536
0.02506776712834835
-0.05241291970014572
0.004660759121179581
-0.01404996495693922
-0.005632380489259958
0.08242364972829819
-0.06998161971569061
0.06976551562547684
-0.08760424703359604
0.012411119416356087
0.007341230753809214
0.009511882439255714
0.06636767089366913
-0.07793869823217392
0.06788267940282822
0.02544497512280941
0.022949427366256714
-0.02584761381149292
0.06438236683607101
-0.07476717978715897
0.058729637414216995
0.007536107674241066
0.07121419161558151
-0.069111667573452
0.0012885303003713489
-0.07818403840065002
0.03796306997537613
0.08721735328435898
0.01819979026913643
-0.06482459604740143
-0.04166747257113457
-0.0550798736512661
0.018100565299391747
-0.005436093546450138
-0.07288827002048492
0.06690986454486847
-0.07294712960720062
-0.0003374534717295319
-0.055386051535606384
0.03759126737713814
0.054615315049886703
0.07986920326948166
0.0491669625043869
-0.08844995498657227
0.06190437823534012
-0.07258733361959457
0.08120772242546082
-0.06437624245882034
-0.07291143387556076
0.01442026812583208
0.061266373842954636
0.005446922965347767
-0.04906011000275612
-0.004596929531544447
0.008293858729302883
0.08455739170312881
-0.07775282114744186
-0.027546092867851257
-0.06818845123052597
-0.08254072815179825
0.0399685800075531
-0.03904565051198006
0.05633402243256569
-0.07647113502025604
0.012833427637815475
0.08210936188697815
0.08044856041669846
0.017846403643488884
0.06157957762479782
-0.04584837704896927
-0.07909378409385681
0.08800184726715088
0.016933171078562737
-0.010963467881083488
0.04706419259309769
0.038553230464458466
0.0664970651268959
-0.054239559918642044
-0.006230868864804506
0.07879608869552612
-0.06610580533742905
-0.01575346104800701
-0.017763329669833183
-0.021337462589144707
-0.05106338858604431
-0.08193528652191162
-0.07126586139202118
-0.026344243437051773
0.05398544296622276
0.021570544689893723
0.0806346982717514
-0.012145516462624073
-0.011968211270868778
-0.034287840127944946
0.019629815593361855
-0.05662195011973381
-0.012294945307075977
0.0274581890553236
0.014519275166094303
0.04532265663146973
0.05139901861548424
0.04171975329518318
0.009081192314624786
-0.08029650896787643
-0.0008883725386112928
0.013945636339485645
0.039770640432834625
-0.06849859654903412
-0.05997541546821594
-0.001391394529491663
0.06471755355596542
-0.020389698445796967
0.082008495926857
0.026663480326533318
0.004678309429436922
-0.056205086410045624
0.031137865036725998
-0.01632877066731453
0.07796616852283478
0.042023688554763794
-0.025750912725925446
-0.044686369597911835
-0.07115153223276138
0.0638190507888794
0.07480599731206894
-0.04636550694704056
-0.0050533004105091095
-0.026240844279527664
0.006251631770282984
-0.023120371624827385
0.005333480890840292
0.021000655367970467
-0.08202946931123734
0.04600640386343002
0.07789678871631622
0.011083008721470833
-0.021257810294628143
0.08885066956281662
-0.04158353433012962
-0.019768184050917625
0.02979094535112381
-0.05094917118549347
-0.030066590756177902
0.05243213102221489
-0.018599871546030045
0.04423197731375694
0.08085107803344727
0.032466478645801544
-0.07978621125221252
0.0582861490547657
-0.026906657963991165
0.05875217169523239
0.08313524723052979
0.030768971890211105
0.017915774136781693
0.023588916286826134
0.0530841089785099
-0.04519599303603172
0.048704493790864944
-0.08649489283561707
-0.07761434465646744
-0.0042577823624014854
0.017911480739712715
-0.011688293889164925
0.007696977350860834
-0.055476509034633636
0.0889010801911354
0.02538050152361393
0.019446194171905518
-0.0668894574046135
-0.027527833357453346
-0.07176124304533005
0.03297236189246178
-0.055923037230968475
0.09054732322692871
-0.03010462038218975
-0.01941266655921936
-0.08367568999528885
-0.08314667642116547
0.03704537823796272
-0.07035085558891296
-0.0851457417011261
-0.08900231868028641
0.001808862085454166
1.330077886581421
0.1477208286523819
0.16112105548381805
-0.4303101897239685
1.8678345680236816
0.5751140117645264
-0.6906937956809998
-0.16228674352169037
-0.027061430737376213
0.016633925959467888
0.1595076024532318
-0.5598583817481995
0.24474990367889404
0.02802126482129097
0.023023879155516624
0.14400100708007812
-0.07958488911390305
0.014066286385059357
0.07271843403577805
-0.042704999446868896
-0.015626439824700356
-0.07050037384033203
-0.13711655139923096
0.023534147068858147
-0.04289700835943222
-1.095216155052185
-0.13551676273345947
-0.002267592353746295
-0.14574849605560303
-0.026612434536218643
-0.1657121777534485
-0.1865229606628418
-0.29354897141456604
-0.013121097348630428
-0.1044376939535141
-0.10195989906787872
-0.1924271136522293
-0.06438225507736206
-0.15755195915699005
-0.1991756558418274
-0.19637472927570343
-0.03668522834777832
-0.11630226671695709
-0.2848457396030426
-0.16929225623607635
-0.0877714455127716
-0.15983791649341583
-0.1585676521062851
-0.16402840614318848
-0.13601183891296387
-0.2132425159215927
-0.2504602074623108
-0.18064768612384796
0.07663129270076752
-0.23992128670215607
0.03672536835074425
-0.0993218645453453
0.012757636606693268
1.8417115211486816
0.005216777324676514
-0.02816317044198513
1.9842902421951294
-0.13400985300540924
-0.4317763149738312
-1.4337371587753296
-0.1416986882686615
-0.08659780025482178
0.14130042493343353
0.28268349170684814
-0.22866009175777435
-0.24755926430225372
0.09800175577402115
0.010977701283991337
-0.08803097158670425
0.09221372753381729
0.07892981916666031
-0.0013089879648759961
0.004936642944812775
0.13394108414649963
0.03322560340166092
0.04771297425031662
-0.21654486656188965
-0.03564372658729553
0.3435748517513275
0.8586596846580505
0.8400534391403198
0.8870595693588257
0.8505801558494568
0.7026389837265015
0.8942088484764099
0.8059067726135254
0.786615788936615
0.9030011296272278
0.8719131350517273
0.8380022048950195
0.6477485299110413
0.7506657242774963
0.7384563088417053
0.8439775705337524
0.8541181087493896
0.7525088787078857
0.803594708442688
0.9190221428871155
0.8808298110961914
0.945260226726532
0.8838410377502441
0.8220453262329102
0.6335011720657349
0.7633494138717651
0.8703424334526062
0.7302535772323608
0.6257280707359314
0.857994019985199
0.7466636300086975
0.7899869084358215
0.7444111108779907
-0.1052512526512146
-0.5649322867393494
-1.8159452676773071
1.9838422536849976
-0.20201295614242554
-0.06176048144698143
-0.03262569382786751
-0.012229891493916512
-0.053069666028022766
-0.09918701648712158
-0.16334980726242065
-0.07813426852226257
-0.39037224650382996
1.0095750093460083
0.5641394257545471
-1.0113431215286255
1.3322182893753052
-1.3263312578201294
-1.4666939973831177
-0.9829897880554199
-1.127915859222412
-1.3144580125808716
-1.277931809425354
-0.9476301670074463
0.025005722418427467
0.04094887152314186
-1.2608249187469482
-0.6292206645011902
0.10402893275022507
1.0602238178253174
1.9839812517166138
1.3005964756011963
1.9841169118881226
1.984047293663025
1.984040379524231
1.9839791059494019
1.8851068019866943
0.4227178990840912
0.3605642020702362
0.41533762216567993
0.40601688623428345
0.5563438534736633
0.17387475073337555
0.27965694665908813
0.19656440615653992
0.34295570850372314
0.36562854051589966
0.34498459100723267
0.2880261242389679
0.17327097058296204
0.2859317362308502
0.3245830535888672
0.2190590500831604
0.3301854431629181
0.34215179085731506
0.2857239544391632
0.27807462215423584
0.31653136014938354
0.2984095811843872
0.26521405577659607
0.2054087072610855
0.8224269151687622
-0.06555762141942978
0.012681018561124802
-0.010671163909137249
-0.037259746342897415
0.07967300713062286
0.060656994581222534
-0.25325992703437805
-0.02108621969819069
0.7458786368370056
0.3071761429309845
-0.014717217534780502
1.2389079332351685
-0.03556087240576744
0.8954513669013977
1.132429599761963
1.0422375202178955
0.7107806205749512
1.1018556356430054
1.156712532043457
0.9645443558692932
0.007722451351583004
0.003240063553676009
0.23297153413295746
0.18076889216899872
-0.11513782292604446
-0.474662184715271
-0.35565757751464844
-0.48687300086021423
-0.4992147386074066
-0.36657655239105225
-0.8651977777481079
-0.4487328827381134
-0.4125664234161377
-0.29200565814971924
-0.2831369638442993
-0.37232741713523865
-0.46011459827423096
-0.45395681262016296
-0.5422876477241516
-0.37301158905029297
-0.3815295696258545
-0.33891114592552185
-0.257877916097641
-0.324149489402771
-0.2810707688331604
-0.33027520775794983
-0.2835894823074341
-0.3853895962238312
-0.3017732501029968
-0.2890264689922333
-0.27771785855293274
-0.266954243183136
-0.2555812895298004
-0.3456207513809204
-0.264833927154541
-0.2721754014492035
-0.22626462578773499
-0.49766528606414795
0.12350180000066757
-0.15962032973766327
0.8560346364974976
0.17689906060695648
-0.43064412474632263
-1.9820886850357056
0.36657989025115967
-1.0907915830612183
-1.3168089389801025
0.364510178565979
0.039498403668403625
1.7163320779800415
1.6582320928573608
-1.982175350189209
1.9762343168258667
1.9725112915039062
1.923905611038208
1.9044133424758911
1.9036667346954346
1.9418727159500122
1.9446460008621216
1.9262499809265137
1.984297513961792
-0.3513181209564209
-0.18272455036640167
0.08133357018232346
0.006097019650042057
1.3246639966964722
0.4969915747642517
0.5798481702804565
0.5023865103721619
0.566949188709259
0.5546706318855286
0.4154793918132782
0.47541919350624084
0.5705195069313049
0.559567928314209
0.4868883788585663
0.5324981808662415
0.5415728092193604
0.4170524775981903
0.4640498757362366
0.5804103016853333
0.4454543888568878
0.5416475534439087
0.6556371450424194
0.5449122786521912
0.3579094111919403
0.42933690547943115
0.31373703479766846
0.541096568107605
0.5461241006851196
0.6712071299552917
0.2378128170967102
0.5514013171195984
0.4485708475112915
0.6241411566734314
0.41914132237434387
0.44402939081192017
0.4933418929576874
-1.9522432088851929
0.05648414045572281
-0.027995187789201736
0.059752531349658966
0.716363251209259
0.46065419912338257
0.8853064775466919
-1.9829672574996948
0.02889554761350155
1.275254249572754
1.182893991470337
1.9294732809066772
1.9843043088912964
1.938067078590393
1.9398469924926758
1.90659761428833
1.9804797172546387
1.9650940895080566
1.946709394454956
1.9452049732208252
1.979116439819336
0.48202717304229736
0.7358928322792053
-0.058670513331890106
0.022341083735227585
0.48171401023864746
0.7259376049041748
0.8080919981002808
0.6198284029960632
0.8689031600952148
0.7301571369171143
0.8075153231620789
0.6938344240188599
0.9138586521148682
0.8226744532585144
0.8877778053283691
0.7583550214767456
0.8701808452606201
0.6741411685943604
0.7908461689949036
0.7004014253616333
0.8201812505722046
0.5943280458450317
0.8134530186653137
0.6694581508636475
0.8115625381469727
0.7315446734428406
0.8691630363464355
0.7149571776390076
0.8376756310462952
0.7182584404945374
0.7946871519088745
0.6860434412956238
0.870276153087616
0.7268924713134766
0.8181245923042297
0.6256411671638489
0.8128888010978699
0.016077855601906776
-0.00850140955299139
1.9843212366104126
-1.2839720249176025
0.0864415243268013
-0.14275114238262177
0.004666988737881184
0.025300942361354828
-0.044886067509651184
-0.03641623258590698
0.00941972341388464
0.04163413122296333
-0.06522845476865768
0.01514116395264864
-0.4021824300289154
0.08845049142837524
0.0723734050989151
0.1323947012424469
0.10069143027067184
0.13569700717926025
0.09165442734956741
0.13824127614498138
0.08710522204637527
0.09990843385457993
0.038763828575611115
0.06108168140053749
0.05966107174754143
-0.021815568208694458
0.792349636554718
0.6501546502113342
0.6850020885467529
0.9490960240364075
1.0089128017425537
1.0929843187332153
0.8456608653068542
0.7359561920166016
0.7116338014602661
0.431804358959198
0.6259998679161072
0.7233551740646362
0.9105461239814758
0.8388990759849548
0.7817788124084473
0.5298786163330078
0.5394747257232666
-1.3226882219314575
-1.5621438026428223
-1.126611590385437
1.1405894756317139
1.9504882097244263
1.5841758251190186
1.7899317741394043
0.8271741271018982
1.5297795534133911
1.5736539363861084
1.6123727560043335
1.2719972133636475
-1.9781774282455444
-1.984320044517517
-1.6886969804763794
1.3342269659042358
0.07440708577632904
-0.10342142730951309
0.011843718588352203
-0.0034361211583018303
-0.007551690097898245
0.16914892196655273
0.022885942831635475
-0.06601303815841675
-0.04385669156908989
0.00870462879538536
0.008178328163921833
0.017915498465299606
0.18981139361858368
0.22315335273742676
0.1768605262041092
0.21683527529239655
0.1247432604432106
0.19634868204593658
0.14539854228496552
0.18431347608566284
0.21489612758159637
0.00169561302755028
0.001682877424173057
-0.014755151234567165
0.001901427167467773
-0.14540907740592957
-0.0967077985405922
-0.07305921614170074
-0.11652997136116028
-0.06437372416257858
-0.09345164895057678
-0.10327724367380142
-0.10688785463571548
-0.05457353964447975
-0.09538891166448593
-0.11143545806407928
-0.09500899165868759
-0.07752353698015213
-0.14580993354320526
-0.09583504498004913
-0.08357284218072891
-0.0792839527130127
-0.09588278830051422
-0.07026059925556183
-0.09457545727491379
-0.048219844698905945
-0.10428333282470703
-0.07952428609132767
-0.04816526174545288
-0.07947003841400146
-0.10121993720531464
-0.07228022813796997
-0.07240184396505356
-0.07500437647104263
-0.041519537568092346
-0.08678927272558212
-0.030389107763767242
-0.06025824323296547
0.0029154291842132807
-0.002876482205465436
-0.031532417982816696
-1.9818531274795532
-1.119985580444336
-0.8329503536224365
0.613345205783844
0.9621108174324036
1.7483001947402954
-1.9826369285583496
-1.1740957498550415
-0.05750536173582077
0.032132863998413086
0.11870134621858597
-1.983675241470337
0.355759859085083
0.40685150027275085
0.35745665431022644
0.3862476944923401
0.3636693060398102
0.33883538842201233
0.3133142590522766
0.29955723881721497
0.33504512906074524
0.29532891511917114
0.29325729608535767
-0.15861932933330536
-0.036572787910699844
0.05514071509242058
1.981777548789978
1.4676352739334106
1.9833369255065918
1.766327142715454
1.9482375383377075
1.048244833946228
1.820066213607788
1.5281744003295898
1.9821760654449463
1.5109943151474
1.9840366840362549
1.7145717144012451
1.8622967004776
1.2488499879837036
1.6959447860717773
1.4860918521881104
1.937869668006897
1.3845574855804443
1.9248262643814087
1.586026906967163
1.9365789890289307
1.505143404006958
1.9832547903060913
1.4678934812545776
1.9702420234680176
1.262481927871704
1.9250595569610596
1.5246719121932983
1.896416425704956
1.370827555656433
1.983325719833374
1.665513515472412
-1.1661456823349
-1.1047054529190063
0.7897887229919434
0.4809546172618866
-0.6317952871322632
1.1348398923873901
0.9025692343711853
0.23905208706855774
-0.008839980699121952
0.2085670828819275
0.14403532445430756
-1.1632614135742188
0.25186556577682495
0.5626519322395325
0.4869382679462433
0.49820274114608765
0.4549444615840912
0.49277347326278687
0.5167474746704102
0.46919137239456177
0.5021085739135742
-0.3958975076675415
-0.6136379241943359
-0.004388344008475542
0.010968864895403385
-1.2263258695602417
-1.0208081007003784
-1.0486372709274292
-0.9923487901687622
-0.9793514609336853
-1.0405405759811401
-0.9792150259017944
-1.0933938026428223
-1.0062713623046875
-1.0177066326141357
-1.1377753019332886
-1.0227497816085815
-1.1256645917892456
-1.0019882917404175
-1.0137242078781128
-1.03943932056427
-1.1683568954467773
-1.0571848154067993
-1.041817307472229
-0.9993896484375
-1.129551649093628
-0.99668288230896
-1.0562560558319092
-1.0426924228668213
-1.0549285411834717
-1.0659747123718262
-1.1034317016601562
-1.043997049331665
-1.172485589981079
-1.088897943496704
-1.0630911588668823
-1.0117387771606445
-1.0589237213134766
-0.17559397220611572
0.07663625478744507
-0.7773817777633667
1.0729604959487915
-0.6170681118965149
0.023189198225736618
0.173259899020195
-0.870716392993927
0.6065689921379089
0.22519145905971527
0.46509379148483276
-0.062383685261011124
0.5587332844734192
0.05537774786353111
-1.0194708108901978
0.8592705726623535
-0.04446537420153618
0.264108806848526
0.6121158599853516
0.5696240067481995
-0.005927299149334431
-0.7743390202522278
-0.25517696142196655
-0.25243106484413147
0.15166451036930084
0.043110333383083344
0.18539008498191833
0.13080152869224548
-1.0023036003112793
-1.5950489044189453
-0.8500368595123291
-1.0601476430892944
-1.4229490756988525
-1.9140260219573975
-0.44387319684028625
-1.4497227668762207
-1.983901023864746
-1.732629418373108
-1.1690669059753418
-1.7630261182785034
-1.8737993240356445
-1.577728033065796
-1.2966268062591553
-1.4301903247833252
-1.5294461250305176
-1.8756364583969116
-1.2304710149765015
-1.3777310848236084
-1.1994084119796753
-1.477277398109436
-1.0585163831710815
-1.621395468711853
-1.7502164840698242
-1.5672607421875
-0.8884097337722778
-1.8821691274642944
-1.5644268989562988
-1.4644867181777954
-1.412522315979004
-1.4581201076507568
-1.1117511987686157
-1.150904893875122
-0.13357114791870117
0.2319985330104828
-1.1913260221481323
-0.4633199870586395
0.20257574319839478
0.28670570254325867
-1.9253731966018677
0.05750297009944916
0.12286604195833206
0.2787682116031647
-1.3029166460037231
-0.4177704453468323
0.5921482443809509
0.015632377937436104
0.5614390969276428
0.7357431650161743
0.27327635884284973
0.09998245537281036
0.09634764492511749
0.16867099702358246
-0.03026854619383812
-0.21247442066669464
0.01303530391305685
0.02719966322183609
-0.6962648034095764
0.11441923677921295
-0.5692276954650879
0.3286822736263275
-0.2582894563674927
-0.16441036760807037
-0.5711451768875122
0.23090915381908417
-0.05880285054445267
-0.22490501403808594
-0.539299726486206
0.15987326204776764
-0.5409717559814453
0.042104821652173996
-0.6235097646713257
0.12800399959087372
-0.5125101208686829
-0.2667157053947449
-0.4399340748786926
0.12588585913181305
-0.4217225909233093
-0.08543411642313004
-0.4779623746871948
0.1341286152601242
-0.4156492054462433
-0.20635557174682617
-1.0276615619659424
-0.22332462668418884
-0.879217803478241
-0.3742971420288086
-1.3152345418930054
-0.5578712224960327
-0.9552280306816101
0.5425423979759216
0.6046154499053955
-1.9842915534973145
1.804695725440979
-0.01211374532431364
0.016983894631266594
0.009186568669974804
-0.07971490174531937
0.1689482182264328
0.06576322764158249
0.1553182303905487
0.043102797120809555
-0.16861462593078613
-0.26943713426589966
-0.7495059967041016
0.055152274668216705
-0.005693822633475065
0.016501056030392647
0.01837640069425106
0.027153726667165756
0.47877034544944763
0.19973202049732208
-0.22884564101696014
0.27941736578941345
-0.005501516629010439
-0.015238527208566666
-0.03160026669502258
0.02124515362083912
-0.044192299246788025
-0.3416356146335602
-0.2522449791431427
-0.06608451902866364
-0.5293163061141968
-0.5599984526634216
-0.5515784621238708
-0.026165952906012535
0.06324867159128189
-0.17345505952835083
-0.20073099434375763
0.19606506824493408
-0.06031840667128563
-0.12999024987220764
-0.0801049992442131
-0.0708579570055008
-0.3514464795589447
0.2475096732378006
-0.11337148398160934
0.19175103306770325
0.18684358894824982
0.3391810357570648
-0.0773632749915123
0.028400076553225517
0.05328483134508133
0.5525367856025696
0.17038017511367798
0.39150741696357727
0.09411384165287018
0.9755377769470215
0.02508414350450039
0.12469340115785599
0.26967653632164
1.9833844900131226
6.403659881470958e-06
-0.05337056517601013
0.05164775624871254
0.014548077248036861
-0.0688110962510109
0.12052323669195175
-0.850666880607605
0.06075171381235123
0.12298154830932617
-0.008892838843166828
-0.5360495448112488
0.15632164478302002
-1.7182561159133911
-1.9838131666183472
1.2580889463424683
1.9825289249420166
-1.7330398559570312
0.10480115562677383
1.424461007118225
0.16335177421569824
0.014275498688220978
0.03208738937973976
0.05812380835413933
0.015385841019451618
-0.19863277673721313
-1.0427263975143433
-0.8664872050285339
-0.5351105332374573
-0.8743042349815369
-0.3403456211090088
-0.09911469370126724
-0.6405043005943298
-1.8110936880111694
-0.6058496236801147
-1.1808091402053833
0.5008379817008972
1.714594841003418
1.5954716205596924
1.498867392539978
0.6502913236618042
-0.9307994246482849
-1.3932764530181885
-1.2419172525405884
-1.0447046756744385
0.576213538646698
0.4128577411174774
0.7407224774360657
-0.7334416508674622
-1.3368556499481201
-0.5872620344161987
-0.4078107476234436
-0.9583274126052856
0.042794253677129745
-0.44119390845298767
-0.04298201948404312
-1.0057728290557861
-0.384856253862381
0.01698998175561428
-0.08503778278827667
-0.16412357985973358
-1.9843580722808838
-0.21399740874767303
-0.10417473316192627
-0.5686752796173096
-0.4347747266292572
0.0824083760380745
0.006671493407338858
-0.23027729988098145
-0.027084892615675926
0.32982969284057617
0.020715754479169846
0.40567710995674133
0.10416371375322342
-0.2462369203567505
-0.1152631938457489
-0.251002699136734
0.08964983373880386
-0.1218428686261177
-0.07843013107776642
-0.010088648647069931
0.0505012609064579
0.04598288983106613
0.05679181218147278
0.14491397142410278
0.12330976873636246
-0.5486438870429993
-0.8496003746986389
-0.935235857963562
-0.9488016366958618
-0.9634416699409485
-0.8256165981292725
-1.21483314037323
-1.04373300075531
-0.8884084820747375
-0.8258195519447327
-0.9544548392295837
-0.874352753162384
-1.0986542701721191
-1.0537995100021362
-1.0030370950698853
-0.8756545782089233
-0.9355972409248352
-0.8811107873916626
-0.8590250611305237
-0.8706716895103455
-0.9813041687011719
-0.9740105271339417
-0.8856039047241211
-0.8643619418144226
-0.9642018675804138
-0.854267418384552
-1.0339103937149048
-0.8919025659561157
-1.0889135599136353
-0.911090612411499
-0.9992316961288452
-0.8826956748962402
-0.9431700706481934
1.04267156124115
-0.03339165821671486
0.3648335337638855
-0.6504894495010376
1.6751631498336792
0.0494849868118763
-0.11920955777168274
0.8924157023429871
0.07380293309688568
0.18775050342082977
0.1610322892665863
-1.912693738937378
-0.031482044607400894
0.0550118051469326
0.01778119057416916
0.26979750394821167
-0.040818385779857635
0.023377999663352966
0.03822627291083336
0.11931698024272919
0.06851404905319214
0.13888517022132874
0.007885714992880821
-0.01622183993458748
-0.043643198907375336
-0.09045390039682388
0.16729046404361725
-0.03994522616267204
0.16758526861667633
-0.02880208007991314
0.2505132853984833
0.059058818966150284
0.17359457910060883
-0.06345286220312119
0.13768985867500305
0.1008899137377739
0.23908984661102295
0.0050544156692922115
0.08082971721887589
0.1561136096715927
0.2802152633666992
0.04940913990139961
0.10532724112272263
0.004417614545673132
0.22576245665550232
0.012791603803634644
0.015922408550977707
0.02327091246843338
0.27510830760002136
0.11932248622179031
0.32775384187698364
-0.1528465449810028
0.276898056268692
0.10950378328561783
0.4509006142616272
-0.019317492842674255
0.2653462290763855
0.15647917985916138
-0.15532177686691284
0.16289953887462616
1.984090805053711
0.6875631809234619
0.19125281274318695
0.028148368000984192
0.2821539044380188
-0.7329752445220947
-0.2072206735610962
0.06654468178749084
0.6494537591934204
0.08274339884519577
0.5519843697547913
-0.3441900610923767
1.1285009384155273
-0.22760170698165894
1.8592045307159424
1.9810352325439453
0.1944388598203659
-1.9840930700302124
1.0294849872589111
0.14677871763706207
-1.3789080381393433
-1.0044951438903809
0.01560585293918848
0.010331694036722183
0.35644450783729553
0.1913558691740036
-0.014090947806835175
1.4687687158584595
1.4477516412734985
1.8502060174942017
1.0103222131729126
0.6083469986915588
0.7702878713607788
1.6861557960510254
1.9828760623931885
1.1194864511489868
1.0674726963043213
-0.7285014390945435
-1.8272391557693481
-1.7008938789367676
-1.5354945659637451
-0.3849422037601471
1.6957406997680664
0.5172037482261658
0.2282486855983734
0.2119378298521042
-0.7198941707611084
-1.0380899906158447
-0.4783210754394531
0.2514246702194214
0.6996830701828003
0.025700543075799942
0.00803373847156763
0.360571026802063
0.3950622081756592
0.5323918461799622
0.9677978754043579
1.2488006353378296
0.920706570148468
1.9820966720581055
0.1073126271367073
-0.025774437934160233
-0.9137914776802063
0.761202871799469
0.16826987266540527
-0.11795688420534134
-1.9800118207931519
0.0038882880471646786
-0.14408142864704132
-0.11656225472688675
1.5198971033096313
0.09997443854808807
0.6426032185554504
0.7378419041633606
-0.2808704376220703
-0.5853820443153381
-0.06959018111228943
-0.42928528785705566
0.036507267504930496
-0.155080184340477
-0.0005023614503443241
0.00994771160185337
0.08509772270917892
0.07000220566987991
0.39197221398353577
0.6642721891403198
0.4934963583946228
0.42822298407554626
0.2239394187927246
0.4841422736644745
0.20017701387405396
0.38546833395957947
-0.04195982217788696
0.37856924533843994
0.12573271989822388
0.3723585307598114
0.1965976059436798
0.40050414204597473
0.28774163126945496
0.33804449439048767
-0.07325204461812973
0.4146289527416229
0.07169073820114136
0.13525576889514923
0.008408688008785248
0.14911863207817078
0.02986338920891285
0.09861786663532257
0.541436493396759
0.22649556398391724
0.11755126714706421
0.3527020812034607
0.1461009532213211
0.41650664806365967
-0.13929906487464905
0.288023442029953
-0.20614270865917206
0.35583388805389404
0.33614063262939453
1.9822533130645752
1.9827169179916382
0.9518928527832031
-1.199859619140625
0.13088136911392212
-0.9503152370452881
1.9648362398147583
-1.9837170839309692
-0.8647118806838989
-0.0434873066842556
0.06138642877340317
0.049834705889225006
0.3742721676826477
-0.3308360278606415
-0.31617364287376404
-0.31804078817367554
-0.3114161193370819
-0.309734046459198
-0.32889795303344727
-0.33664485812187195
-0.30320653319358826
-0.308421790599823
0.5044243335723877
0.44135379791259766
-0.013313974253833294
-0.001002859091386199
-0.4211132824420929
0.5854713916778564
0.6922620534896851
0.6279082894325256
0.43206101655960083
0.7941998243331909
0.5517921447753906
0.5672894716262817
0.4405163824558258
0.7116428017616272
0.604049026966095
0.8628268241882324
0.7606644034385681
0.8851420283317566
0.5218261480331421
0.6929049491882324
0.2605193257331848
0.898678183555603
0.6403393745422363
0.5928057432174683
0.5034875273704529
0.7960598468780518
0.5681152939796448
0.7699117660522461
0.7927864789962769
0.9313629865646362
0.7284165024757385
0.5470209717750549
0.5098363161087036
0.7725287675857544
0.7650127410888672
1.0007349252700806
0.5485290884971619
1.7922346591949463
0.1317121386528015
-1.4977407455444336
-0.29818353056907654
0.5633090734481812
-0.1604994535446167
1.753877878189087
-0.08731129765510559
0.02812553383409977
3.504153210087679e-05
-0.0015696976333856583
0.23087003827095032
-0.32289403676986694
-0.26412877440452576
-0.28830063343048096
-0.26516246795654297
-0.2586149275302887
-0.2927326560020447
-0.29270443320274353
-0.28421494364738464
-0.2842152416706085
0.6997210383415222
0.8990442752838135
-0.011516518890857697
0.005604494828730822
-0.07168955355882645
0.04103895276784897
0.17616964876651764
0.0699739083647728
0.05721484497189522
0.19576336443424225
0.13493849337100983
0.13112574815750122
0.1080162525177002
0.09345659613609314
0.25070562958717346
0.126706063747406
0.22421963512897491
0.10754010081291199
0.21309374272823334
0.0925740972161293
0.1859465092420578
0.06589215248823166
0.11706297844648361
0.10940750688314438
0.10541031509637833
0.09758038073778152
0.18636366724967957
0.07976023852825165
0.0443977452814579
0.10008970648050308
0.26917168498039246
0.10545669496059418
0.1910860687494278
0.0990775004029274
0.18759414553642273
0.06557435542345047
0.07225991040468216
-0.037156276404857635
-1.318257451057434
1.982484221458435
-0.06254073977470398
0.05622069910168648
-0.07336489111185074
-0.08920131623744965
0.018623607233166695
0.0035340057220309973
-0.08630817383527756
-0.08750815689563751
-0.09145765006542206
-0.07549887895584106
0.05306275561451912
0.010285850614309311
0.04672764614224434
-0.018021130934357643
-0.019810693338513374
-0.035810358822345734
-0.06696020066738129
-0.038282401859760284
0.004252525977790356
0.00110776093788445
-0.017194686457514763
0.0010741139994934201
0.05903025344014168
0.03598593920469284
-0.051378484815359116
-0.08435244113206863
-0.04838161543011665
0.014963602647185326
0.06988414376974106
-0.05944148078560829
0.03921132907271385
-0.029230639338493347
-0.02540752664208412
-0.0025692908093333244
-0.07882712036371231
0.07557202875614166
-0.03410767391324043
0.03901614621281624
0.024114809930324554
-0.01723637618124485
-0.08860893547534943
-0.009399150498211384
-0.08625593781471252
-0.04288982227444649
-0.07809612154960632
-0.05431587994098663
0.014218287542462349
0.0630120187997818
0.04158417135477066
0.0164127629250288
-0.03616064414381981
-0.059956446290016174
-0.00634070485830307
0.06266329437494278
0.013162138871848583
-0.025925617665052414
0.08431331068277359
-0.004079700913280249
-0.04189423844218254
0.004652596078813076
-0.03157373517751694
-0.008943304419517517
-0.051099419593811035
0.030814507976174355
-0.09115548431873322
0.0002409055014140904
-0.017729640007019043
-0.08577270060777664
0.05749468505382538
-0.043556708842515945
-0.08823549747467041
0.032238807529211044
0.03980810195207596
0.036920372396707535
-0.03142427280545235
0.0818033218383789
1.0949753232125659e-05
-0.07881210744380951
0.08178922533988953
-0.057617057114839554
0.03322939947247505
-0.05358254164457321
0.024047397077083588
0.04420557618141174
-0.0014996244572103024
0.026254886761307716
-0.08773814886808395
-0.03639468550682068
0.016103481873869896
-0.012711844407022
-0.05639008432626724
0.0075838519260287285
-0.04431343451142311
0.008101637475192547
0.042997363954782486
-0.028460223227739334
-0.009201355278491974
0.08485870808362961
0.07397926598787308
0.04892170801758766
-0.04258302226662636
-0.03735022246837616
0.08442321419715881
-0.022525150328874588
0.038047321140766144
0.041694313287734985
-0.08763403445482254
-0.06791315972805023
-0.0638786181807518
0.010390135459601879
-0.052468158304691315
-0.07751677185297012
-0.029204051941633224
-0.08645235002040863
0.07454783469438553
0.009714212268590927
0.011578533798456192
-0.004899074789136648
-0.08802315592765808
-1.9811846017837524
0.2878502905368805
-0.09082572162151337
-0.5992421507835388
-0.526075005531311
-0.19739237427711487
0.22766755521297455
-1.983979344367981
-0.09106336534023285
1.1890045404434204
-0.5086402893066406
0.802708089351654
0.3352774381637573
-1.0977885723114014
-0.5149006843566895
0.8220964074134827
0.32074040174484253
-0.6277965903282166
-0.1118502989411354
-0.22987142205238342
0.14334973692893982
0.0024947160854935646
0.029542025178670883
0.32093545794487
0.21483813226222992
-0.21916401386260986
-0.7451187968254089
0.5523302555084229
-1.4376444816589355
-0.4371870160102844
-0.8640681505203247
-0.24420788884162903
-1.8897678852081299
-1.7640105485916138
0.23416399955749512
0.8346291780471802
0.11037103831768036
-0.18754735589027405
-0.6564716696739197
0.5787647366523743
-0.6729512214660645
-0.005957599263638258
0.24272574484348297
0.7329109311103821
0.7717560529708862
0.19378574192523956
0.3110596835613251
0.15446661412715912
0.3319520354270935
0.8316040635108948
-0.018065964803099632
0.5388451218605042
0.442542165517807
0.5966156125068665
0.2823261320590973
0.11173383891582489
0.7336390018463135
0.6862689256668091
-1.6333409547805786
-0.13841770589351654
0.0002853295300155878
-0.2403256893157959
-0.4589501917362213
0.5493014454841614
-0.4115399718284607
-0.49535050988197327
0.03734428808093071
-1.3140144348144531
0.8178622126579285
-1.0180816650390625
1.982309341430664
-1.9823405742645264
-0.8380786776542664
1.9553643465042114
0.5382324457168579
-1.9206857681274414
1.618450403213501
1.3718637228012085
-1.903270959854126
0.08126469701528549
0.05874989926815033
-0.7247384190559387
-0.10257726907730103
0.7636477947235107
0.7397527694702148
0.9105672240257263
1.2724608182907104
0.9773005843162537
-0.24725517630577087
0.1607154905796051
0.3301626741886139
1.1722207069396973
1.615296721458435
1.1658154726028442
1.098681092262268
0.7723633646965027
-1.0579890012741089
-0.629745602607727
0.08808980882167816
0.9433764219284058
0.6246684193611145
1.0091512203216553
0.48603546619415283
0.5396072864532471
-0.06794243305921555
-0.32573187351226807
-0.3715021312236786
0.11381714791059494
0.23347891867160797
1.4927146434783936
0.5579732656478882
0.09663485735654831
-0.16814705729484558
0.25448063015937805
0.25259843468666077
0.46862855553627014
-0.04138566181063652
0.4921415150165558
1.117056131362915
-0.12035167217254639
0.15753662586212158
0.03514387831091881
-6.656980258412659e-05
-0.0042586661875247955
-0.25027933716773987
-0.11715863645076752
-0.01805078238248825
0.07213737815618515
0.07019820809364319
0.037748903036117554
0.08434205502271652
0.0410793200135231
0.030004817992448807
0.03709839656949043
-0.045065321028232574
0.09126828610897064
0.09908151626586914
0.049697160720825195
0.06204807013273239
0.027191562578082085
-0.01562386006116867
-0.01931198127567768
-0.022602787241339684
0.007796757388859987
0.13156677782535553
-0.013589922338724136
0.002301684580743313
0.06369614601135254
0.013063006103038788
0.003819675650447607
0.08713118731975555
0.08257801830768585
0.027736591175198555
-0.0006303934496827424
-0.02894602157175541
-0.00875147059559822
0.06891092658042908
0.05383042246103287
0.08704578876495361
0.05561172962188721
-0.040666043758392334
0.00643043452873826
0.06886843591928482
-0.04717748612165451
0.030893223360180855
0.10860566049814224
0.10591442137956619
-0.019719967618584633
0.016975823789834976
0.05365367978811264
-0.0027516288682818413
-0.0580231249332428
-0.051621776074171066
-0.08687816560268402
0.10550946742296219
-0.13327521085739136
-0.03344150632619858
-1.876343011856079
-0.20885871350765228
-0.028870834037661552
-0.039495233446359634
-0.01353355124592781
0.20616576075553894
0.09291554987430573
-0.4030354917049408
0.08126766979694366
0.0057226368226110935
-0.10352904349565506
-0.34609830379486084
0.020132996141910553
0.06463677436113358
0.00988102424889803
0.04414604604244232
0.01754375733435154
0.049134474247694016
-0.0002833606267813593
0.06307496875524521
0.020775185897946358
0.02107882685959339
0.0018303815741091967
0.017296170815825462
0.038449641317129135
-0.5057756900787354
-0.18305380642414093
-0.2260466068983078
-0.6827601194381714
-0.6619901657104492
-1.0728058815002441
-0.8026054501533508
-0.7472222447395325
-0.09247589856386185
-0.4271184504032135
-0.7456955313682556
-0.5353803634643555
-0.12906377017498016
0.25235456228256226
-0.19944429397583008
0.22113323211669922
-0.10139543563127518
1.8594985008239746
-0.3130093216896057
-1.1002014875411987
-1.3710319995880127
-1.5349211692810059
-0.8309535980224609
1.4273205995559692
1.6653163433074951
1.9839715957641602
1.984373688697815
1.98427414894104
-0.7697403430938721
-0.4856068193912506
-0.6018146276473999
-0.7015042901039124
-0.9544149041175842
0.01644161529839039
0.03324741870164871
-0.2046021819114685
-1.9843734502792358
-0.04076821357011795
-0.36269715428352356
0.33972108364105225
-0.46103140711784363
-0.04600262641906738
0.049340467900037766
0.5326851010322571
-0.014394489116966724
-0.10877864062786102
-0.21420753002166748
-1.6087177991867065
0.028505204245448112
-0.014310562051832676
-0.31398287415504456
-0.10139556229114532
-0.49465689063072205
-0.27108800411224365
-0.12170595675706863
-0.2000368982553482
-0.08743647485971451
0.04054916277527809
0.08135122060775757
-0.04632846266031265
0.015753617510199547
0.518190860748291
0.08479942381381989
-0.2277427464723587
-0.04937157407402992
0.2716156542301178
0.18097932636737823
0.2915832996368408
0.20084556937217712
0.03558284789323807
-0.0447416715323925
0.012299783527851105
-0.00418822979554534
0.2668539881706238
0.1127873957157135
0.4711485803127289
0.15603598952293396
0.34968551993370056
0.15446479618549347
0.22515390813350677
0.15043960511684418
0.30909743905067444
0.053993552923202515
0.04617214947938919
0.04455225542187691
0.12241944670677185
0.31169822812080383
0.2080022692680359
0.20397792756557465
0.027251077815890312
0.2107824683189392
-0.1662837266921997
-0.023853855207562447
0.24887312948703766
1.2712303400039673
0.0603947751224041
-1.9834275245666504
-0.30864599347114563
-0.4339224696159363
-0.0046195052564144135
0.2905725836753845
-1.2054044008255005
-0.06680461764335632
-0.09112272411584854
0.06632313877344131
1.9840996265411377
0.1981174349784851
0.08644291758537292
-0.3379543721675873
-0.1710490584373474
-0.1200266182422638
-0.05474335700273514
-0.09422943741083145
-0.16348017752170563
-0.0033168138470500708
0.9394107460975647
0.7298781275749207
-0.17095571756362915
-0.15652893483638763
1.9074195623397827
1.571391224861145
1.2704696655273438
1.622340202331543
1.0978939533233643
1.800521969795227
1.4844028949737549
1.934380054473877
1.4179635047912598
1.6266602277755737
1.3965258598327637
1.4980378150939941
1.4507304430007935
1.4042531251907349
1.500966191291809
1.273059368133545
1.319831371307373
1.2431995868682861
1.3662633895874023
1.1530907154083252
1.0084847211837769
1.277222990989685
1.063840627670288
1.3859663009643555
1.1895253658294678
1.7094272375106812
1.0826441049575806
1.7251628637313843
1.5028327703475952
1.7804502248764038
1.2890710830688477
1.5815026760101318
1.3088719844818115
-0.0357247032225132
-0.1315908432006836
1.9793459177017212
-1.984375
-0.09175889194011688
-1.1543928384780884
1.7118041515350342
-1.9768977165222168
-0.010908267460763454
-1.3562607765197754
-1.0148075819015503
0.05963348224759102
-0.5123879313468933
0.4015416204929352
-1.0278230905532837
0.33152613043785095
0.057207245379686356
-0.25609511137008667
0.13266997039318085
-0.010942436754703522
0.21345748007297516
0.3790912926197052
0.3418547213077545
0.35131698846817017
0.07345078140497208
0.1901022344827652
-0.5583555102348328
-0.44050365686416626
1.4212068319320679
-0.13517528772354126
0.5167046785354614
-0.29664188623428345
0.43472033739089966
0.43082085251808167
0.10506266355514526
0.15507255494594574
-0.08392475545406342
-0.757881760597229
0.8416903018951416
0.21541020274162292
0.09215502440929413
0.14403468370437622
0.22990232706069946
0.18947745859622955
0.6045388579368591
0.24391338229179382
-0.05923386663198471
0.08729507774114609
0.33622241020202637
-0.9639626741409302
0.4532613158226013
-0.09820525348186493
-0.1386595070362091
0.3603808581829071
0.33865076303482056
0.161049947142601
0.013100548647344112
-0.026650376617908478
0.9512957334518433
-0.3625536262989044
0.33184000849723816
-1.984375
-0.18881294131278992
-0.2103404849767685
-1.3119741678237915
-0.04100921005010605
0.8066772222518921
1.1080777645111084
1.5559327602386475
0.0077347769401967525
0.03725872188806534
0.2813483774662018
1.9816468954086304
1.3521156311035156
-1.30097496509552
0.14229556918144226
-1.1812411546707153
0.09785007685422897
-0.166092187166214
0.08078446239233017
0.04884084686636925
0.028511278331279755
0.6880081295967102
0.6933836340904236
-0.9675183296203613
-0.146229088306427
-0.3450506329536438
0.6541951894760132
1.6233924627304077
0.8144451379776001
1.2368274927139282
1.479498267173767
1.9819289445877075
1.304618000984192
0.8753581643104553
0.8565611839294434
1.1382356882095337
0.4331049919128418
1.4372880458831787
0.7490955591201782
1.7765437364578247
0.853278398513794
1.4325528144836426
0.859708845615387
1.8724530935287476
0.8973574042320251
1.6270124912261963
0.7591677904129028
1.2247960567474365
0.4032740890979767
1.9611836671829224
1.2637643814086914
1.931973934173584
1.2360873222351074
0.8703541159629822
0.25304219126701355
1.7668358087539673
0.9676207900047302
1.6218823194503784
-0.662632942199707
-0.8395894765853882
-0.4431624710559845
-0.01786762662231922
0.015069286338984966
-0.05915738642215729
0.07361723482608795
-0.018497291952371597
0.03559922054409981
0.0681585967540741
0.007919710129499435
0.035342853516340256
0.04506727308034897
-0.06381134688854218
-0.025515221059322357
0.0077066924422979355
-0.017607247456908226
0.07982510328292847
-0.028983889147639275
-0.03026459366083145
-0.01896648108959198
-0.02084982767701149
0.027523014694452286
-0.00946880504488945
-0.08662238717079163
-0.08179641515016556
0.0021771432366222143
0.07888844609260559
-0.01016023475676775
0.07399336248636246
-0.042041219770908356
-0.04948218911886215
0.06643342226743698
-0.02391614206135273
0.08096020668745041
0.05798501893877983
-0.056539084762334824
0.02156229317188263
0.0032159273978322744
-0.08312631398439407
0.08085516840219498
-0.02604064531624317
0.07722985744476318
0.04985981062054634
0.05728588625788689
0.04229468107223511
0.02863400988280773
-0.05295851454138756
0.07337307184934616
0.033968519419431686
0.0035039756912738085
0.06548573076725006
0.0487663671374321
0.04630539193749428
0.05734340101480484
-0.031922344118356705
0.030240213498473167
0.005763220135122538
-0.0638517290353775
0.06105111539363861
-0.011043394915759563
-0.03086433932185173
0.04001297801733017
0.06372014433145523
-0.028242768719792366
0.004832764621824026
-0.040418218821287155
-0.05599461495876312
0.05856471136212349
0.028822023421525955
-0.04611356556415558
0.006242845673114061
0.01721273921430111
0.020579012110829353
-0.06258215755224228
-0.013842389918863773
0.0888247862458229
-0.07280659675598145
0.01210741139948368
-0.06336196511983871
-0.08858221769332886
-0.06056991592049599
0.04546508193016052
-0.0179178174585104
-0.07712316513061523
0.058717988431453705
-0.038446661084890366
-0.018985986709594727
0.05295892059803009
-0.0734560489654541
0.021101541817188263
0.027654388919472694
-0.058284610509872437
-0.048162709921598434
0.04537566006183624
-0.03893709555268288
0.042562782764434814
-0.08812736719846725
-0.02684614062309265
0.024701835587620735
-0.03611044958233833
-0.03856165334582329
-0.09143608808517456
0.000225595518713817
-0.08612161129713058
0.003270096844062209
0.053829893469810486
0.03494616970419884
-0.058482252061367035
0.0036687138490378857
-0.038980793207883835
-0.0883355662226677
-0.04508410021662712
-0.00453744875267148
0.026845550164580345
-0.08008367568254471
-0.06330054998397827
-0.01689259521663189
0.0669323056936264
-0.08610612154006958
-0.06242290511727333
-0.04960619658231735
0.05098123103380203
-0.013797114603221416
0.038223035633563995
-0.06164272874593735
0.07687105983495712
0.011900643818080425
-0.020849667489528656
-0.0010502474615350366
0.028454311192035675
-0.06853267550468445
-0.07025564461946487
-0.02858123555779457
0.04076128453016281
0.08963114023208618
0.08790849149227142
0.009070362895727158
0.06602765619754791
0.020179390907287598
0.03396341949701309
-0.030220624059438705
0.08103683590888977
0.04244404286146164
-0.04395477846264839
-0.03015587478876114
0.027117323130369186
0.06911414116621017
-0.03934900090098381
0.07166219502687454
0.08635763078927994
-0.061613164842128754
-0.020450981333851814
0.07725793123245239
-0.0340346023440361
0.05440997704863548
0.041098978370428085
-0.0438796766102314
-0.07244183123111725
-0.01157574262470007
-0.04970994591712952
0.00043046081555075943
-0.007419266737997532
0.08890657126903534
-0.03750789538025856
0.07430367171764374
0.05939054116606712
0.010008085519075394
0.0022033604327589273
-0.06936158239841461
0.008331789635121822
0.08552062511444092
0.055787503719329834
0.051677267998456955
-0.07943449169397354
0.08519155532121658
-0.013170192949473858
-0.02361186407506466
-0.055730924010276794
-0.007415733765810728
-0.0367879681289196
-0.06819599866867065
-0.019309569150209427
-0.06459710001945496
0.09055199474096298
-0.02286466583609581
0.0059300377033650875
-0.07647198438644409
0.01636875607073307
0.02815444953739643
0.06438230723142624
-0.00890963152050972
0.055326540023088455
0.018323658034205437
-0.03145710006356239
0.03774851933121681
0.013412836007773876
0.013226869516074657
0.057936444878578186
0.025448843836784363
-0.042760901153087616
0.044796913862228394
0.05943673849105835
-0.05107097327709198
-0.07066778838634491
-0.060898806899785995
-0.01086114626377821
0.01739467866718769
0.04528280347585678
0.049377791583538055
0.08133461326360703
-0.03903523087501526
0.02825404331088066
-0.009152799844741821
0.020460521802306175
-0.0062769618816673756
0.037037722766399384
0.025798730552196503
-0.02528269775211811
-0.026622755452990532
-0.066896453499794
0.06048795208334923
0.00247748545370996
-0.0341678224503994
0.049464669078588486
0.06358227133750916
-0.08762212842702866
0.04875588417053223
-0.0719003677368164
-0.0384928323328495
0.045179031789302826
-0.07059869915246964
0.05953214317560196
-0.06817005574703217
0.07072047144174576
0.028405649587512016
0.04168856889009476
0.04484427347779274
0.08472386002540588
-0.05421276390552521
0.006641152314841747
0.1580350399017334
-0.053223636001348495
-0.03484660014510155
-0.16348707675933838
-0.2250896841287613
-0.2477460354566574
0.004067147150635719
-1.5818982124328613
-0.009904107078909874
0.16771958768367767
0.1615532636642456
0.8925014138221741
-0.1253681480884552
-1.92753005027771
-0.6355258822441101
1.9736170768737793
-0.8753038048744202
-1.8213155269622803
-0.09804464131593704
0.38419562578201294
-1.5297566652297974
0.0625038594007492
0.06872443854808807
-0.05734455958008766
-0.01728556863963604
-0.4498851001262665
-1.0579484701156616
-1.5950528383255005
-1.5807058811187744
-0.9746820330619812
-0.6986770629882812
-0.12882696092128754
-0.615568995475769
-0.8879345655441284
-1.4087194204330444
-1.0950173139572144
-0.3778727054595947
0.2841816544532776
0.01602415181696415
0.4841470420360565
-0.24050109088420868
-0.9965905547142029
-0.727705717086792
-0.7416467666625977
-1.0578025579452515
-0.19853965938091278
-0.0034555259626358747
0.7367690205574036
-0.11876338720321655
-0.35535410046577454
0.2600451707839966
0.059001754969358444
-0.25040799379348755
0.26033249497413635
0.48954102396965027
1.726639986038208
0.8211682438850403
0.3528808653354645
1.9819198846817017
0.05860757455229759
0.01153535209596157
-0.24148449301719666
0.30847567319869995
0.08810253441333771
0.06788168102502823
0.7981905341148376
0.06044254079461098
0.3876471221446991
-0.06936618685722351
-0.13513845205307007
-0.10553886741399765
-0.569897472858429
-0.08426818251609802
-0.08448998630046844
-0.4471142888069153
0.22389547526836395
0.45367589592933655
0.24859409034252167
0.3722086250782013
-0.044152937829494476
-0.04468991979956627
0.19682645797729492
0.30667075514793396
-0.10196583718061447
0.29181453585624695
-0.046502694487571716
0.058241140097379684
-0.40214914083480835
-0.3810359239578247
-0.07040444016456604
-0.06542624533176422
0.09732424467802048
-0.023662814870476723
-0.32490643858909607
0.2262655794620514
-0.2882317006587982
-0.2514171898365021
-0.28711485862731934
0.07811230421066284
-0.3422873020172119
0.17173364758491516
-0.02760927565395832
0.0979476198554039
0.11130405217409134
-0.0377291776239872
0.018014317378401756
0.1268610805273056
0.2739703953266144
0.2914831042289734
-0.14991195499897003
0.2796335816383362
0.59453946352005
0.5967915058135986
0.037863731384277344
0.1289353370666504
-0.023100940510630608
0.0339386947453022
0.38826802372932434
1.9839166402816772
-1.1411056518554688
-0.02967851795256138
-0.02998887374997139
0.15109623968601227
-0.9866041541099548
-0.541993260383606
1.834498643875122
-0.6271719336509705
-0.04772296920418739
0.07796138525009155
0.05972638353705406
0.5880334377288818
0.10121370106935501
0.14000986516475677
0.056128911674022675
0.027559496462345123
0.009117287583649158
0.04256470128893852
-0.06318426132202148
0.0887254923582077
0.16721659898757935
0.24050284922122955
0.16081564128398895
0.036290109157562256
-0.027972055599093437
0.4142805337905884
0.5451154708862305
0.331613153219223
0.8668825626373291
0.6722495555877686
0.6257852911949158
0.6358109712600708
1.034595012664795
0.2577747106552124
0.6412525773048401
0.4728025794029236
0.4856147766113281
0.13474658131599426
0.30904215574264526
0.2964871823787689
0.7317890524864197
0.43219617009162903
0.47373032569885254
0.6958126425743103
0.7153441905975342
0.35166221857070923
0.10929517447948456
0.48801541328430176
0.43675968050956726
0.4625573754310608
0.8925839066505432
0.682543158531189
0.5049643516540527
-0.05472452938556671
0.4745555520057678
0.11770316958427429
0.4963504672050476
0.6170614361763
1.2001163959503174
0.24186396598815918
-0.8107653856277466
0.7163470387458801
1.1569818258285522
0.29319989681243896
0.9503375291824341
0.5370358824729919
-0.02261207066476345
0.11292050778865814
-0.038193609565496445
-1.544885277748108
-0.001505974680185318
0.024981657043099403
-0.05795862898230553
0.14103786647319794
-0.02253512479364872
0.0593903474509716
0.10587591677904129
0.1151883602142334
0.09911544620990753
-0.9943272471427917
-1.7386034727096558
-0.16584180295467377
0.03555091843008995
1.6712840795516968
-0.9843987822532654
-1.7825815677642822
-0.13009533286094666
-1.9334796667099
-0.4704899191856384
-0.794722318649292
1.0952123403549194
-1.2316986322402954
-0.6771676540374756
-0.2160143107175827
-0.9764147400856018
-1.4978982210159302
-1.9843555688858032
-1.352428674697876
-1.8799278736114502
-1.242738127708435
-1.1714791059494019
-1.6273307800292969
-1.9835628271102905
-1.98079514503479
-1.9832265377044678
-1.5514495372772217
-1.0381799936294556
-0.9462602734565735
0.23880431056022644
-0.9186064600944519
1.3182013034820557
0.4167323708534241
1.3868955373764038
0.04711107909679413
1.2414436340332031
-0.7268332242965698
-0.09332225471735
1.0551241636276245
1.983912467956543
1.9826898574829102
-0.2127632349729538
-0.017255399376153946
-0.1550922691822052
0.18670503795146942
0.09597361832857132
0.061695586889982224
0.3962763249874115
0.0407140776515007
0.3887624740600586
0.014309825375676155
0.2664881646633148
0.09595136344432831
0.9795672297477722
0.5613822340965271
-0.4048898220062256
-0.15966646373271942
0.3931758999824524
-0.1100342720746994
-0.39164838194847107
0.0850999504327774
0.00474765757098794
0.01577678509056568
0.11554469913244247
0.12356982380151749
-0.5214085578918457
1.3475100994110107
1.9842344522476196
1.2315784692764282
1.604209542274475
0.41288992762565613
1.983402132987976
1.0314263105392456
1.7064778804779053
-1.1993322372436523
-1.1192103624343872
-1.1436736583709717
-1.4705944061279297
-1.0956364870071411
-1.2685078382492065
-1.0873596668243408
-1.0968451499938965
-1.1812528371810913
-1.0862617492675781
-0.9758362770080566
-1.1086045503616333
-1.1998412609100342
-1.2338000535964966
-1.1422734260559082
-1.2224760055541992
-0.9110862612724304
-1.0684767961502075
-1.1073764562606812
-1.2142571210861206
-1.1857450008392334
-1.3791676759719849
-1.281507968902588
-1.2044346332550049
1.7239662408828735
0.11353779584169388
0.01815672032535076
-0.03684873878955841
-0.19365395605564117
-0.1128019466996193
-0.054285936057567596
0.30859631299972534
-0.08603815734386444
-0.04652068391442299
0.14065971970558167
0.1624409705400467
0.007427688222378492
-0.2510734498500824
0.2468225508928299
0.027896523475646973
-0.12007072567939758
0.2661099135875702
0.2530580163002014
-0.16304245591163635
-0.3083381950855255
0.019369691610336304
0.0035338455345481634
0.05217079818248749
-0.010969359427690506
0.28947991132736206
0.4231802523136139
0.4530516564846039
0.3291885554790497
0.553392231464386
0.24755103886127472
0.4399164319038391
0.23944547772407532
0.5259614586830139
0.13488003611564636
0.13157644867897034
0.28311434388160706
0.5147566795349121
0.40607860684394836
0.4555082619190216
0.3531029224395752
0.20503480732440948
0.25574037432670593
0.3039098381996155
0.283511221408844
0.2409972846508026
0.3638315796852112
0.32875123620033264
0.3889113664627075
0.20738884806632996
0.42760786414146423
0.25331252813339233
0.24497707188129425
0.25386351346969604
0.166855126619339
0.2723774313926697
0.2524743676185608
0.23677007853984833
-0.018252050504088402
0.09078218042850494
0.10172078013420105
-0.049568384885787964
0.057384803891181946
0.08354473859071732
0.023097379133105278
-0.08584261685609818
-0.06109077110886574
0.07865474373102188
0.05894212797284126
0.055099695920944214
0.061248160898685455
0.03965003415942192
-0.014901568181812763
0.0008038294618017972
0.05548279359936714
-0.0289340578019619
0.02085876651108265
-0.07219163328409195
-0.010278170928359032
0.0555071160197258
-0.01853516697883606
-0.012192429974675179
0.002435435075312853
-0.01811271905899048
0.08172263205051422
0.04595467448234558
-0.043720610439777374
-0.030347416177392006
-0.03404119983315468
-0.0013841275358572602
-0.054739002138376236
-0.06691195070743561
-0.026151401922106743
0.0861695408821106
-0.08863872289657593
0.033731404691934586
-0.07267019897699356
-0.03701990842819214
-0.022685902193188667
-0.0819130539894104
-0.02091328613460064
-0.047673750668764114
0.08882254362106323
0.07177760452032089
-0.07818209379911423
-0.09154869616031647
-0.026367442682385445
-0.07648977637290955
-0.08579368889331818
-0.036420874297618866
0.04237232729792595
0.012819754891097546
-0.08572927117347717
-0.028245052322745323
-0.022863490507006645
0.02691529132425785
-0.056002624332904816
-0.03352929279208183
-0.019113704562187195
-0.06624238938093185
-0.09328188747167587
-0.033055223524570465
0.02016816847026348
0.027983471751213074
0.009464683942496777
0.00038734450936317444
0.011004404164850712
0.06748515367507935
0.08780643343925476
0.08659933507442474
0.004255145322531462
-0.07395964115858078
0.00366318435408175
0.02898629941046238
0.06519529223442078
0.024001266807317734
0.03746429830789566
0.03574004024267197
-0.05139830708503723
0.07278230041265488
-0.027023378759622574
0.016971133649349213
-0.003228183137252927
0.07858634740114212
-0.020202720537781715
-0.008035731501877308
-0.04474504292011261
0.021502472460269928
0.07237867265939713
0.0190889909863472
0.010381391271948814
0.018984228372573853
-0.01889093592762947
0.05897778645157814
-0.012117303907871246
-0.024468418210744858
0.029755165800452232
-0.07485821098089218
0.026382576674222946
-0.03468450531363487
-0.05943145975470543
-0.08250761032104492
0.01563509926199913
-0.002771636238321662
0.016268610954284668
-0.050912387669086456
-0.05329236760735512
-0.0391988642513752
-0.05975037068128586
0.02910842001438141
-0.0053740921430289745
-0.06943851709365845
0.03391050174832344
-0.056140679866075516
-0.038653843104839325
0.06568120419979095
-0.07710026949644089
0.027607297524809837
-0.015195176936686039
-0.04600003734230995
-1.9829449653625488
0.29405513405799866
-0.1743578314781189
0.1341899335384369
0.8905707001686096
-0.20922020077705383
0.1558997482061386
-1.8777973651885986
-0.0494077242910862
0.34353330731391907
-0.3862115442752838
-0.8259049654006958
0.08053748309612274
-0.22605915367603302
0.05149231106042862
0.10977645218372345
-0.12113326787948608
-0.12292811274528503
-0.25970718264579773
-0.17637331783771515
-0.0028654008638113737
0.1194520890712738
0.04345091059803963
0.32829228043556213
0.11172047257423401
0.374214768409729
0.04663098603487015
0.3010764718055725
0.05227550119161606
0.17610463500022888
0.31538131833076477
0.17034967243671417
0.302856981754303
0.2630283832550049
0.19580820202827454
0.8178863525390625
0.19065983593463898
0.44277408719062805
0.26377806067466736
0.44163942337036133
0.11593849211931229
0.38302719593048096
0.2841968834400177
0.6288356184959412
0.1101684719324112
0.5967707633972168
0.16034246981143951
0.6182226538658142
0.1025693342089653
0.513462245464325
0.23843568563461304
-0.008453463204205036
0.3921967148780823
0.3594726324081421
0.07399212568998337
0.09786423295736313
0.09339869022369385
0.3581041991710663
1.4981236457824707
-0.0090031111612916
0.068600594997406
1.278422236442566
0.5343505144119263
0.08255848288536072
-0.4278656840324402
0.7954530715942383
0.05399628356099129
0.25944259762763977
-0.14698708057403564
-1.8694195747375488
0.05103057995438576
-0.39060935378074646
-0.2700619101524353
0.018188852816820145
0.06874657422304153
-0.1812131702899933
0.31032222509384155
0.08980902284383774
0.05574469640851021
-0.0390874445438385
-0.06146646663546562
0.1869320273399353
0.12750910222530365
0.5209178924560547
0.9101222157478333
0.09013938903808594
0.7786839604377747
0.801454484462738
1.1814517974853516
0.38878709077835083
0.7912057638168335
0.5166914463043213
0.6167208552360535
-0.0342969186604023
0.8597854375839233
1.0964691638946533
0.8014993667602539
0.35717520117759705
1.0982067584991455
0.3924351930618286
0.48893940448760986
-0.1778077483177185
0.8421672582626343
0.7038796544075012
0.8148040175437927
0.27974003553390503
0.810452401638031
0.6901936531066895
0.985936164855957
0.5804334878921509
0.7691290378570557
0.8029481172561646
1.1454967260360718
0.25839757919311523
0.7800382375717163
0.8212189674377441
-0.19488686323165894
-1.410664677619934
-1.9840885400772095
1.005096673965454
0.6021929383277893
-0.0951942428946495
1.0872802734375
-0.051160816103219986
-0.4505442678928375
0.7162205576896667
1.9834157228469849
0.09043297916650772
-0.05689585581421852
0.5474953651428223
-1.9828829765319824
-0.35681068897247314
0.21781577169895172
0.5399258732795715
0.6340324282646179
0.6404913663864136
-0.34255850315093994
-0.026720739901065826
-0.1485702097415924
-0.3501637578010559
-0.040923867374658585
-0.011003338731825352
0.07984904199838638
-0.3184283375740051
-0.41730594635009766
-0.5567613840103149
-0.5378466248512268
-0.24436163902282715
-0.2048284113407135
-0.14546498656272888
0.2747662365436554
0.06973392516374588
-0.4541822075843811
-0.30297213792800903
-0.3739991784095764
-0.23371773958206177
0.38827648758888245
0.018926890566945076
0.08230604231357574
-0.01402910053730011
-0.1279224455356598
-0.30056798458099365
-0.3169248104095459
-0.2732965052127838
0.18630020320415497
0.049643374979496
-0.19292289018630981
-0.2678234875202179
-0.05371179059147835
-0.014814159832894802
0.15895281732082367
-0.11457916349172592
-0.3843715190887451
-0.4464077651500702
-0.6731265187263489
-0.28070127964019775
0.009008071385324001
-1.984182357788086
-0.17917263507843018
-0.10813603550195694
-0.1040351390838623
-0.03657250478863716
1.9439297914505005
0.19055703282356262
-0.4372211694717407
0.0491209551692009
0.1313791275024414
0.1518220603466034
0.6973788738250732
0.32275667786598206
-0.11087004840373993
0.4448586702346802
-0.1801842451095581
0.3490685224533081
0.00808692630380392
0.020221563056111336
-0.03412448987364769
-0.15377698838710785
-0.0004911270225420594
0.034335680305957794
-0.739395797252655
-0.04708148539066315
-0.12492797523736954
0.05298077315092087
-0.49354836344718933
-0.10964503139257431
-0.7379283905029297
0.07251740247011185
-0.6633046269416809
-0.30921655893325806
-0.7261242270469666
-0.26703014969825745
-0.6920305490493774
0.024140615016222
-0.521519124507904
-0.19132857024669647
-0.781781792640686
0.003108479781076312
-0.8529361486434937
-0.33335456252098083
-0.6028342247009277
-0.018520716577768326
-0.5994619727134705
0.06306251883506775
-0.4624934494495392
0.16321302950382233
-0.6181334853172302
-0.03919669985771179
-0.684573769569397
-0.37349751591682434
-0.4738014340400696
0.2380678653717041
-0.49334222078323364
0.07078181952238083
-0.6026559472084045
-1.0106136798858643
-1.6658488512039185
-0.235414519906044
-0.37027350068092346
-0.12469226866960526
-0.015127776190638542
0.5711567997932434
-0.5235509872436523
-0.003582529490813613
-0.03967824950814247
-0.040135495364665985
-0.027943715453147888
0.30138099193573
-0.04123922809958458
-1.617129921913147
-0.4697737395763397
1.9615031480789185
-1.982010006904602
-0.9754916429519653
-0.4185042977333069
0.06368320435285568
-1.4876759052276611
-0.9943886399269104
0.6524320244789124
0.013481635600328445
0.022374054417014122
-0.3365257978439331
0.1467716097831726
-0.5691967606544495
0.4922538101673126
1.984294056892395
0.7837153077125549
-0.7397331595420837
0.637715756893158
1.5820990800857544
0.21305450797080994
-0.9158804416656494
-0.8229674696922302
-0.03421145677566528
-0.7093807458877563
-0.43282246589660645
-0.6974117755889893
-0.1913800984621048
-1.09597909450531
-0.8295135498046875
-0.7642829418182373
-0.49642249941825867
-0.7098438739776611
-0.7372914552688599
-0.9919081330299377
-0.7969090938568115
-0.8811107277870178
-0.7013086080551147
-0.7447111010551453
-0.6152046322822571
-0.5333337783813477
-0.46989455819129944
-1.15167236328125
-1.3128342628479004
-1.1193286180496216
-0.5825449824333191
-1.548445463180542
0.08074473589658737
0.02392117865383625
-0.46078622341156006
0.8190404772758484
-0.05153338983654976
-0.10977838188409805
1.9651377201080322
0.041261009871959686
-0.4181442856788635
0.23508261144161224
1.9829953908920288
-0.5162094235420227
1.052955985069275
-0.8818305134773254
-0.8083244562149048
-0.45612871646881104
0.24935631453990936
-0.9375645518302917
-0.6591405868530273
0.6699766516685486
0.04505206644535065
0.05067356303334236
-0.055929627269506454
0.0721139907836914
-0.0721145048737526
0.25236645340919495
-0.4315064549446106
-0.11088228225708008
1.626609444618225
-0.6240702271461487
1.1569859981536865
-0.36182859539985657
1.640281081199646
0.3412824273109436
0.09621728211641312
0.15225937962532043
0.788875937461853
0.012238038703799248
0.3461386263370514
-0.028666513040661812
0.9623669385910034
-0.03571639582514763
-0.14135795831680298
0.3644990921020508
0.3685016930103302
-0.2326154261827469
-0.13125397264957428
0.22229981422424316
0.23432227969169617
-0.239425927400589
0.10179946571588516
-0.06426602602005005
-0.20072408020496368
0.1548103243112564
-0.14379964768886566
0.17983275651931763
0.2525436282157898
-0.3335578441619873
0.06854918599128723
0.146421417593956
-0.0038647602777928114
0.05160195752978325
-0.07060101628303528
0.03314410522580147
-0.07225014269351959
-0.0020791746210306883
-0.05710417777299881
-0.013059187680482864
-0.09133867174386978
-0.009069728665053844
0.006672148127108812
0.015128297731280327
0.04919382184743881
0.08315122872591019
-0.060526762157678604
0.07632126659154892
0.06939824670553207
0.022258367389440536
0.0245628971606493
0.06485964357852936
0.0162143986672163
0.06768260896205902
0.022859763354063034
0.05180239677429199
-0.0498250275850296
0.062016911804676056
0.06990642845630646
-0.0027120308950543404
0.02023845538496971
-0.041311342269182205
0.07782287895679474
0.043922968208789825
0.039914704859256744
0.04227588325738907
-0.06508392840623856
0.035313382744789124
0.07844191044569016
0.02324431575834751
-0.06571472436189651
0.021088777109980583
-0.03428265079855919
0.06965949386358261
0.027377257123589516
0.06053220480680466
0.02712765336036682
0.03933669254183769
-0.08620563894510269
0.0437808521091938
-0.05523928627371788
-0.015579401515424252
0.07606886327266693
-0.06478898227214813
-0.013820447027683258
-0.05884074047207832
-0.023986833170056343
-0.03765764459967613
-0.009669506922364235
-0.09162752330303192
0.02357294037938118
-0.046723175793886185
-0.09146226197481155
-0.051061518490314484
0.058982912451028824
-0.04778152331709862
-0.023987816646695137
-0.014649655669927597
-0.006624764762818813
-0.04619245231151581
-0.08686286211013794
0.08721721172332764
0.04207324609160423
-0.013187218457460403
-0.006067081354558468
0.05375238507986069
-0.08531530201435089
-0.03227587416768074
-0.06318565458059311
-0.012139484286308289
0.04737339913845062
-0.0799921378493309
-0.06794288009405136
0.022460687905550003
0.04999005049467087
0.009892283007502556
-0.005161432083696127
0.03555716201663017
-0.0853383019566536
0.053508561104536057
0.04224565625190735
-0.029919981956481934
0.019584672525525093
-0.07889708131551743
0.020153140649199486
0.030259370803833008
0.01346407737582922
0.08999158442020416
0.08787851780653
-0.06372816860675812
-0.052864547818899155
-0.04240015521645546
0.00705737853422761
-0.08623825758695602
0.07833462208509445
0.08599057048559189
0.0729188323020935
0.07366672903299332
0.00017069376190192997
0.09059372544288635
-0.07501968741416931
-0.021832190454006195
0.015305864624679089
-0.0160637479275465
-0.041000958532094955
-0.08687624335289001
-0.031838156282901764
-0.04251030832529068
-0.06622065603733063
0.0754888579249382
0.03633399307727814
-1.2329844236373901
0.0509025938808918
0.12056733667850494
1.8379714488983154
-1.1281013488769531
-0.058949973434209824
0.2041901797056198
0.09550193697214127
0.024349596351385117
0.07626944780349731
-0.008695673197507858
-0.3552137315273285
-0.0013979524374008179
-0.026821060106158257
-0.013025490567088127
-0.03579225763678551
-0.01722075045108795
-0.048901721835136414
-0.046269942075014114
-0.05036216974258423
-0.036848124116659164
-0.10051817446947098
-0.12265816330909729
-0.00353041710332036
0.02305934950709343
0.1439698040485382
0.06399422883987427
0.1481703370809555
0.09872191399335861
0.08611255884170532
0.08415097743272781
0.10141415148973465
0.10412614047527313
0.09424550831317902
0.09508199989795685
0.1462494134902954
0.05904786288738251
0.16901831328868866
0.08672779053449631
0.14014235138893127
0.07491862028837204
0.15182025730609894
0.0870298519730568
0.17114919424057007
0.0711657926440239
0.1445542573928833
0.07572738081216812
0.1321442425251007
0.06587988138198853
0.16375184059143066
0.061387963593006134
0.09622363746166229
0.09228655695915222
0.11214097589254379
0.05028391629457474
0.09626386314630508
0.08891235291957855
0.10133576393127441
-1.5884114503860474
-0.0983651652932167
-0.08753129839897156
-1.2721431255340576
-0.06427151709794998
0.13395826518535614
0.6618988513946533
0.16192367672920227
0.00957590900361538
0.03911837935447693
0.08317691087722778
-0.2180330753326416
-0.07275617122650146
-0.04421806335449219
-0.041552115231752396
-0.038995932787656784
-0.04495894908905029
-0.07073106616735458
-0.06616184115409851
-0.06368734687566757
-0.07110920548439026
0.045654017478227615
-0.006808113772422075
0.009805886074900627
-0.01087145321071148
-0.08395125716924667
-0.09202788025140762
-0.04541976377367973
-0.06905027478933334
-0.025769930332899094
-0.05417999252676964
-0.0352482870221138
-0.07865138351917267
-0.04852984473109245
-0.06414663046598434
-0.04471642151474953
-0.0703570693731308
-0.05979694053530693
-0.07545050233602524
-0.03087492100894451
-0.0961969718337059
-0.04754882678389549
-0.06871442496776581
-0.04581044241786003
-0.08734926581382751
-0.03938473016023636
-0.060155414044857025
-0.044482190161943436
-0.08300112187862396
-0.0664956271648407
-0.05341695621609688
0.007523379288613796
-0.07942066341638565
-0.049604929983615875
-0.09032709896564484
-0.05918613821268082
-0.06715955585241318
-0.03988165408372879
-0.07417060434818268
-0.10281318426132202
-1.9843007326126099
-0.024907497689127922
0.013401689939200878
-0.04626308009028435
0.0857090950012207
-0.05986552685499191
-0.05790445953607559
-0.04160276800394058
0.06851433217525482
0.04333283007144928
0.08692341297864914
0.0734105110168457
0.012537194415926933
-0.05686445161700249
-0.0887184739112854
0.07161958515644073
-0.0045992243103682995
-0.046122077852487564
0.06437485665082932
-0.030857356265187263
0.015351291745901108
-0.049736808985471725
-0.014974421821534634
-0.037714894860982895
-0.03361112251877785
0.0005277955788187683
0.030896957963705063
0.08611860126256943
-0.0423612967133522
-0.07452570647001266
-0.090846948325634
-0.017596768215298653
-0.01348668709397316
0.08587699383497238
0.01798773556947708
-0.0054688118398189545
0.016463937237858772
0.047198835760354996
-0.04892434924840927
0.08393276482820511
-0.07634343951940536
0.01241857185959816
0.07167293131351471
0.07935810834169388
0.020990852266550064
0.04205528274178505
-0.03377443924546242
-0.0722922757267952
-0.017559437081217766
0.06030144914984703
-0.009741620160639286
0.02800932712852955
0.004585269372910261
-0.03539278358221054
0.0642588809132576
0.015809357166290283
-0.07638081163167953
-0.02466518245637417
0.0002948783803731203
-0.004375475458800793
-0.023576710373163223
-0.021068211644887924
-0.0729953870177269
0.062395356595516205
0.000712356879375875
-0.0733414739370346
-0.0388074554502964
-0.036456722766160965
-0.006497093942016363
0.013228580355644226
-0.07899417728185654
0.08284946531057358
-0.027140242978930473
-0.01365906372666359
0.08888501673936844
0.05213211476802826
0.04614650085568428
-0.05866264924407005
-0.07030758261680603
0.03911732882261276
0.011143297888338566
0.018236059695482254
-0.0477345772087574
0.07192334532737732
0.07279486954212189
0.07078065723180771
0.07632222771644592
-0.07355599850416183
-0.03687874972820282
0.001184944761916995
0.05136175453662872
-0.02967054210603237
-0.015007927082479
-0.06581174582242966
0.00885784812271595
0.08625588566064835
0.08613427728414536
0.03409187123179436
-0.08054833114147186
0.0751127079129219
0.05328657105565071
-0.07744044065475464
-0.011209148913621902
0.012016218155622482
0.024350065737962723
-0.004350133705884218
-0.022556841373443604
0.044627051800489426
0.020738614723086357
-0.07737790048122406
-0.03572620451450348
-0.08294118940830231
0.06960204988718033
0.03479769453406334
0.07514562457799911
0.07819265127182007
-0.001633961102925241
-0.005646105855703354
-0.04358229041099548
-0.01759498566389084
1.0254924297332764
0.03333120793104172
0.013433692045509815
0.09713409841060638
1.9819307327270508
-0.08776552975177765
-0.08797542750835419
0.4375614821910858
0.08578038215637207
0.303364098072052
-0.1233820766210556
-0.2901894748210907
0.09071353077888489
0.14441420137882233
0.47344961762428284
0.3262048363685608
0.11625446379184723
0.08436408638954163
0.850542426109314
-0.013964604586362839
-0.5125120282173157
-0.010590913705527782
-0.014813548885285854
0.0838177502155304
0.12391091138124466
-0.14626289904117584
-0.2390366494655609
-0.15728877484798431
-0.3885527551174164
0.25589513778686523
-0.09282881021499634
-0.28125062584877014
-0.7809388637542725
-0.4633757472038269
-0.009626590646803379
-0.3164631128311157
-0.35231319069862366
-0.021098976954817772
-0.3742252588272095
-0.39670443534851074
-0.41015180945396423
-0.3179309070110321
-0.3459761440753937
-0.05154363065958023
-0.16279247403144836
-0.03833995386958122
-0.24780909717082977
-0.04240000993013382
-0.2154356837272644
-0.33223435282707214
-0.7292217016220093
0.21093988418579102
0.12817321717739105
0.11846311390399933
-0.16900387406349182
-0.16136199235916138
-0.06485246121883392
-0.6622596383094788
0.9150224328041077
-0.06640969216823578
-0.003881557146087289
-0.590287983417511
0.11387154459953308
0.0731898844242096
-0.1418960690498352
-0.2672704756259918
-0.0518193244934082
0.2796524167060852
0.32694706320762634
0.19488194584846497
0.044069189578294754
-0.8979302048683167
1.982279658317566
1.3319884538650513
-1.9817999601364136
0.43951934576034546
1.2594671249389648
-0.2649891972541809
-0.8801348805427551
0.017162084579467773
0.014202574267983437
-0.09630715101957321
0.005409958306699991
0.0965554341673851
0.6281793713569641
0.05142422020435333
-0.5802903771400452
-0.6950697302818298
0.15326526761054993
0.48398280143737793
0.7011680603027344
0.43324148654937744
0.3861340284347534
0.046654731035232544
0.09283983707427979
-0.16734379529953003
0.4461183547973633
0.6455423831939697
0.7018335461616516
0.5206412076950073
0.23370152711868286
-0.3849116861820221
-0.2637052536010742
-0.0063986461609601974
0.050840191543102264
0.06655331701040268
0.5673155784606934
0.9803759455680847
0.16807574033737183
-0.39742550253868103
-0.6560356020927429
-0.23588807880878448
-0.41626736521720886
0.045458946377038956
0.8223251700401306
0.981497585773468
0.1439504474401474
0.5866013765335083
1.8451663255691528
-1.9842004776000977
0.00547014269977808
-0.17796000838279724
0.009420824237167835
-0.022077156230807304
0.02338126301765442
0.006237776484340429
0.010782286524772644
-0.019336696714162827
-0.039858922362327576
-0.003213050076738
0.08516284078359604
0.11417952924966812
-0.036195918917655945
0.10879604518413544
0.0721275806427002
0.06764047592878342
0.052255041897296906
0.09725675731897354
0.10088011622428894
0.07643592357635498
0.0591726116836071
0.08898940682411194
-0.025118213146924973
-0.01363842561841011
0.27198731899261475
1.4707040786743164
1.6599167585372925
1.3804078102111816
0.7652395367622375
-1.983945369720459
-1.9839015007019043
-1.9307751655578613
0.5847731232643127
-0.15670397877693176
0.004939917474985123
-0.024111635982990265
0.3232160806655884
1.9031434059143066
1.900637149810791
1.677242398262024
0.10910740494728088
0.1786804497241974
0.2938208281993866
0.26454752683639526
0.3177827000617981
0.38105735182762146
0.34510770440101624
0.29697859287261963
0.2594253122806549
0.38603219389915466
0.25212496519088745
0.3146463930606842
0.3645475506782532
0.41612428426742554
0.37048718333244324
0.4383499324321747
0.49748316407203674
1.8254543542861938
0.06624137610197067
0.00243502389639616
0.0007163971313275397
0.009101138450205326
-0.0691988617181778
0.03781970962882042
0.0018783259438350797
-0.07877330482006073
0.0007764663314446807
0.004952789284288883
0.10542499274015427
0.2064719796180725
0.13701196014881134
0.1490991860628128
0.2230503112077713
0.19189447164535522
0.1331821084022522
0.21071387827396393
0.19274230301380157
0.19216719269752502
-0.0018388540484011173
0.009177789092063904
0.0020946140866726637
0.0005809699650853872
-0.004819975234568119
-0.0004450229462236166
-0.05227908864617348
-0.04380239546298981
-0.016266563907265663
0.01181331928819418
-0.03229721263051033
-0.043177664279937744
0.0036072509828954935
0.006692397408187389
-0.011798029765486717
-0.017009029164910316
0.03232138231396675
-0.011744795367121696
-0.017973309382796288
-0.01361378375440836
0.020482458174228668
0.015484340488910675
-0.0252911988645792
-0.010189706459641457
-0.01351303979754448
-0.01457155216485262
-0.01403241790831089
0.001273103291168809
0.007002520374953747
0.016854647547006607
0.031303878873586655
0.002666920656338334
0.0029525593854486942
0.017816487699747086
0.010045014321804047
0.024519337341189384
-0.00513402558863163
-0.04311463236808777
-0.004572472535073757
-0.029384024441242218
1.9842082262039185
-0.19007964432239532
-0.029369059950113297
0.03969841077923775
-0.16931971907615662
-0.8464738130569458
-0.6268052458763123
-1.244271159172058
0.058128077536821365
1.070656657218933
-0.6634199619293213
0.22984403371810913
1.8317409753799438
-1.2933006286621094
-0.8570325374603271
0.34524500370025635
-0.29262617230415344
-0.82426518201828
-0.572935938835144
0.47237256169319153
-1.0486050844192505
0.020799919962882996
0.0572955496609211
0.054666344076395035
0.07256942987442017
1.229844570159912
-0.8202487826347351
0.2361181229352951
0.9152188301086426
0.5504217147827148
-0.022330328822135925
0.03683970496058464
1.131316900253296
-0.29074761271476746
-1.4691144227981567
-0.30315157771110535
0.4948931932449341
0.49900883436203003
-0.7700838446617126
0.2975090444087982
0.46350526809692383
-0.8404479026794434
-1.338338017463684
-0.39859986305236816
0.2760182023048401
-0.07288262248039246
-0.8026106953620911
0.42277875542640686
0.30061638355255127
0.12867209315299988
-0.11126569658517838
-0.04373728111386299
0.3606007993221283
0.9718042016029358
0.03785514459013939
0.7507044672966003
0.699606716632843
0.6961780786514282
-1.9725040197372437
-0.2813083231449127
-0.07046501338481903
-0.30967408418655396
-0.2051847279071808
0.19008611142635345
0.8788022994995117
-0.7830120325088501
0.08004141598939896
-1.4471039772033691
1.1036919355392456
0.7040337324142456
-0.9244078397750854
1.1715608835220337
0.8855695724487305
0.41008931398391724
0.45323705673217773
1.9824676513671875
-1.9774905443191528
1.9005228281021118
-1.9831585884094238
0.020057959482073784
0.06336501985788345
-0.2610437870025635
-0.5957218408584595
-1.869537115097046
-1.6584175825119019
-0.2940314710140228
-0.6913101673126221
1.1773927211761475
-0.37353765964508057
0.9787076711654663
-0.3621455430984497
-0.8205622434616089
-0.051445815712213516
-0.41190940141677856
-0.9623615145683289
0.4599785804748535
-0.017057344317436218
1.1975411176681519
-0.8130378127098083
0.17660430073738098
0.05501263961195946
1.1578586101531982
-0.49967333674430847
0.6432917714118958
0.20105160772800446
0.08054239302873611
-1.0722296237945557
0.42987340688705444
-0.03293165937066078
1.317449688911438
-0.6931607127189636
-0.5423182845115662
-1.44524085521698
-0.2822060286998749
-0.1356940120458603
1.4498100280761719
-0.6832348108291626
0.08160901069641113
-0.7756295204162598
1.9842122793197632
0.3063693344593048
0.6190574169158936
1.50216543674469
-0.3451612889766693
0.03760970011353493
-0.06763146817684174
0.5261855125427246
0.030330456793308258
0.04020187258720398
0.07489726692438126
-0.7733648419380188
0.19600433111190796
0.1501416712999344
0.23078076541423798
0.23188264667987823
0.21457278728485107
0.11838898062705994
0.10530543327331543
0.1255013644695282
0.10459796339273453
-0.2059897631406784
-0.500089168548584
0.05751422047615051
-0.0385592095553875
-0.46304506063461304
0.008808904327452183
0.07621659338474274
0.13298313319683075
0.053121794015169144
0.06853055953979492
0.11053147166967392
0.06895990669727325
0.055454421788454056
0.10687796771526337
0.08893684297800064
0.07861708104610443
0.06614182889461517
0.11845164746046066
0.06866681575775146
0.04617065191268921
0.08879180252552032
0.1456812173128128
0.06104815751314163
0.1126193255186081
0.0258036982268095
0.13229162991046906
0.057715512812137604
0.1144333928823471
0.15155448019504547
0.1662285327911377
0.011210217140614986
0.16246551275253296
0.028733523562550545
-0.02482178993523121
0.028997192159295082
0.15422198176383972
-0.0037086133379489183
-1.9806166887283325
-0.1053764745593071
-0.31134214997291565
-1.984375
1.7300225496292114
0.1816743165254593
-0.1374208629131317
0.09935241937637329
0.0014066718285903335
0.038023993372917175
-0.0065931775607168674
0.8660338521003723
0.15532442927360535
0.19886718690395355
0.22021794319152832
0.1429789811372757
0.24074068665504456
0.12630468606948853
0.12066731601953506
0.1487710028886795
0.16885675489902496
-0.04294819384813309
0.3333985209465027
-0.029480479657649994
0.030414531007409096
0.12657545506954193
0.2716389298439026
0.5417654514312744
0.31371456384658813
0.6015214323997498
0.2933149039745331
0.5780062675476074
0.2664269506931305
0.5954708456993103
0.3320724666118622
0.5664063096046448
0.3501531183719635
0.5404815673828125
0.40059226751327515
0.4992882311344147
0.4958018958568573
0.6589388847351074
0.39720502495765686
0.5902876257896423
0.5328257083892822
0.8039543628692627
0.4678455889225006
0.6194711327552795
0.3154624104499817
0.6532899141311646
0.3580533266067505
0.499324768781662
0.3529086410999298
0.5183547139167786
0.19737836718559265
0.3482617437839508
0.2667728662490845
0.5573329925537109
-0.22103853523731232
-0.07279223948717117
1.7145754098892212
-1.2218331098556519
0.04817238822579384
0.05303902179002762
-0.03702428936958313
-0.03526076674461365
-0.1275278478860855
-0.04061471298336983
0.38716650009155273
0.07477366179227829
-0.13886910676956177
-0.042698558419942856
0.13367554545402527
0.17063476145267487
0.6345766186714172
0.5058721899986267
0.06873682141304016
0.010931823402643204
1.1731394529342651
0.11448688060045242
-0.2627924084663391
0.00888846069574356
0.00910172425210476
-0.015955831855535507
-0.019910775125026703
-0.03736073523759842
-0.06527715176343918
0.09375131130218506
0.26125645637512207
-0.05704737454652786
0.2651366591453552
-0.07514789700508118
0.44046223163604736
-0.1801140159368515
0.12448813021183014
-0.2508906424045563
-0.029696114361286163
-0.028762103989720345
0.22411519289016724
0.16970770061016083
0.3800412118434906
-0.07331635802984238
0.002855700673535466
-0.18285323679447174
-0.1571904718875885
-0.12590044736862183
0.1121637299656868
-0.07345546036958694
0.0361599400639534
-0.05340013653039932
-0.04680310934782028
-0.1261473149061203
-0.049232520163059235
-0.15412767231464386
0.016918983310461044
-0.24583043158054352
-0.12525294721126556
-0.1862480193376541
-0.1555798053741455
1.9817813634872437
-0.1947530061006546
0.004168607760220766
0.010659998282790184
-0.04405752196907997
0.028907446190714836
0.033200740814208984
0.11872925609350204
0.02206588350236416
0.5240733027458191
-0.1978621780872345
0.2144111543893814
0.03971453383564949
0.4398985505104065
0.44358736276626587
-0.8120371699333191
-0.4557405710220337
-0.06736776232719421
-0.4013518691062927
-0.6167888045310974
-0.2425111085176468
0.007537818979471922
-0.002429577987641096
0.20987123250961304
0.21209384500980377
-0.41279134154319763
1.12450110912323
1.9644557237625122
1.1894158124923706
1.7278262376785278
-0.03446722775697708
1.9446020126342773
1.188047170639038
1.9842902421951294
-1.288495659828186
-0.9976197481155396
-0.9786597490310669
-1.3236751556396484
-1.215590476989746
-1.3239134550094604
-1.185154914855957
-1.3927315473556519
-1.2400178909301758
-1.151764154434204
-0.9954985976219177
-1.0221420526504517
-1.3017195463180542
-1.064283013343811
-0.9887461066246033
-1.3956676721572876
-0.7191119194030762
-0.876575231552124
-0.9944801330566406
-1.1268396377563477
-0.9857717752456665
-0.9869197607040405
-1.1648837327957153
-1.0165843963623047
0.2686026990413666
-0.06536152958869934
-0.024376017972826958
0.07853414863348007
0.029194219037890434
-0.02404087409377098
0.036400750279426575
-0.04852669686079025
-0.02020222134888172
-0.09528268128633499
-0.054144006222486496
0.021732309833168983
0.022461045533418655
0.0018150410614907742
0.014374219812452793
0.01557348482310772
-0.03663939610123634
0.037067312747240067
0.037187252193689346
-0.02645072154700756
0.07297711074352264
0.04889329522848129
0.02909340336918831
0.0173931997269392
-0.08148696273565292
0.07755619287490845
-0.02338441275060177
0.021527709439396858
-0.08603256940841675
-0.08616920560598373
-0.06961861997842789
-0.0794404000043869
-0.03975692763924599
0.06163761019706726
0.014461237005889416
0.060662269592285156
-0.0703359842300415
-0.09016457200050354
-0.06824658066034317
-0.07165849953889847
0.024573469534516335
-0.06355180591344833
0.0540158785879612
-0.0661604255437851
0.0020662639290094376
0.018327409401535988
-0.02964017353951931
-0.03899358958005905
0.033514752984046936
0.020468661561608315
-0.001471666619181633
-0.07658754289150238
-0.0019518706249073148
-0.07652149349451065
0.028519069775938988
-0.06332557648420334
0.053790803998708725
0.07727359980344772
-0.013984175398945808
-0.0707438737154007
-0.04689062759280205
-0.012111454270780087
0.02147252857685089
-0.054189279675483704
-0.0906960666179657
-0.0512799471616745
0.06208304688334465
0.058821987360715866
-0.019221177324652672
0.03327668458223343
0.07506062835454941
-0.05333926901221275
-0.02650010585784912
0.024189729243516922
-0.007316941395401955
-0.008351710624992847
-0.08952336013317108
-0.006083026062697172
-0.010812036693096161
-0.028024232015013695
-0.03993035480380058
-0.0799466073513031
-0.08850191533565521
-0.0230985339730978
-0.028962241485714912
0.01556393876671791
-0.01736198365688324
0.06599510461091995
0.016815828159451485
-0.08420775830745697
-0.015700818970799446
-0.07874524593353271
-0.041180193424224854
0.03843368962407112
0.04942615330219269
-0.05464233085513115
-0.04683488607406616
-0.009710042737424374
0.04314049705862999
-0.01605534553527832
0.08259342610836029
-0.04378748685121536
-0.05712798237800598
-0.04275723546743393
-0.0389217808842659
-0.05500508099794388
-0.0651128962635994
0.049638401716947556
-0.017626231536269188
-0.05088324099779129
0.08702919632196426
-0.055582739412784576
0.026899510994553566
-0.06766122579574585
0.07056187838315964
0.0016212282935157418
0.004583860281854868
0.039623357355594635
0.032536931335926056
-0.037689801305532455
-0.05820894241333008
0.019764062017202377
1.984298586845398
-0.042585231363773346
0.17346207797527313
-1.984103798866272
-1.9842581748962402
0.013175415806472301
0.0033544052857905626
1.9842727184295654
0.021344883367419243
0.06669792532920837
-0.01805010810494423
1.9842092990875244
0.441097617149353
0.4610489010810852
0.46032628417015076
0.4458726644515991
0.43117010593414307
0.44452932476997375
0.43242573738098145
0.4179154932498932
0.43896475434303284
-1.9842791557312012
0.08569503575563431
0.040986403822898865
0.020793519914150238
-0.025891819968819618
1.984156608581543
1.98419189453125
1.9841601848602295
1.9649423360824585
1.9751616716384888
1.9798704385757446
1.9840911626815796
1.9841996431350708
-0.038170576095581055
-0.03862912952899933
-0.08854099363088608
-0.07184897363185883
-0.00013487483374774456
0.07424964010715485
-0.04385696351528168
-0.06712076812982559
-0.07197625935077667
-0.062397126108407974
-0.0860971063375473
-0.07831397652626038
-0.09445800632238388
-0.07380831241607666
-0.06069149821996689
-0.028294462710618973
-0.09069134294986725
-0.06091943383216858
-0.05058813467621803
-0.06557027995586395
-0.1295696347951889
-0.10093391686677933
-0.09792757034301758
-0.06451602280139923
0.6237923502922058
0.011114361695945263
0.2645263075828552
-1.6970797777175903
-1.8230324983596802
-0.03188009932637215
-0.01479245163500309
0.7129709720611572
-0.0767107829451561
0.04132397845387459
0.054140862077474594
-1.1153740882873535
0.41529837250709534
0.4227617681026459
0.41753751039505005
0.45082300901412964
0.4331950843334198
0.4020770490169525
0.4260246157646179
0.41988813877105713
0.41691291332244873
-0.4688393771648407
-0.009785499423742294
0.03564940392971039
0.0016033307183533907
0.07676691561937332
0.0493168868124485
0.08641581237316132
0.04951956123113632
0.1074032336473465
0.020443037152290344
0.11109460145235062
0.123869389295578
0.062004100531339645
0.05616588890552521
0.03187843784689903
0.05472511798143387
0.08156206458806992
0.003106356831267476
0.11563098430633545
0.13070222735404968
0.015940330922603607
0.06782929599285126
0.067986860871315
0.07426021248102188
0.01161282416433096
0.058867085725069046
0.03675981983542442
0.043299008160829544
0.05770322307944298
0.04658089205622673
0.001081639202311635
0.08513657748699188
0.04833296313881874
0.0856238380074501
0.05877929925918579
0.06315074861049652
0.01704004965722561
0.0002575275138951838
1.9676929712295532
1.983855962753296
-1.9780217409133911
-0.1084880605340004
-0.1873065084218979
1.9839242696762085
-0.19469217956066132
0.09197574853897095
-0.9064915776252747
-0.034963421523571014
-0.04573902115225792
-0.011650665663182735
0.036818910390138626
0.3956740200519562
-0.06068708375096321
0.0004989645094610751
0.010616113431751728
0.004027893301099539
0.024085620418190956
-0.0361643061041832
-0.01830925978720188
-0.022590722888708115
-0.01764591969549656
0.14474496245384216
0.14493632316589355
0.009022609330713749
-0.019663047045469284
-0.04531629756093025
0.02405312843620777
0.015761064365506172
0.0660526230931282
0.012477357871830463
0.09585236757993698
0.05780063569545746
0.06030973419547081
0.007097134832292795
0.014400466345250607
-0.011655023321509361
0.07212195545434952
-0.028215421363711357
0.060672156512737274
-0.017923496663570404
0.0712408795952797
0.004649540409445763
0.050339240580797195
-0.010537824593484402
0.07911087572574615
-0.01150142028927803
0.008993485011160374
0.0008193781832233071
0.0642586275935173
-0.013168011792004108
0.07136115431785583
0.07277849316596985
0.10094267129898071
0.03420098125934601
0.035109590739011765
0.049449846148490906
0.0773356556892395
0.0351557657122612
-0.6381921768188477
0.047548677772283554
-0.3806999623775482
-0.5035066604614258
0.18039168417453766
0.007400607690215111
-1.258033275604248
-0.48319539427757263
-0.025340603664517403
0.009573456831276417
0.07992897182703018
0.5337212085723877
-0.08485939353704453
-0.05424721911549568
-0.0015180056216195226
-0.035179540514945984
-0.03565441817045212
-0.03748864680528641
-0.04916498437523842
-0.04427080973982811
-0.045189328491687775
0.2125050276517868
0.2746567130088806
-0.027156805619597435
-0.008005776442587376
-0.1139042004942894
0.01306234486401081
0.041913896799087524
0.038574133068323135
0.019575219601392746
-0.013211906887590885
0.06306786835193634
0.08558472245931625
0.02172752656042576
0.05935966223478317
0.09676185250282288
-0.0025933615397661924
0.07330335676670074
0.03792484477162361
0.07126812636852264
0.019339540973305702
0.08169380575418472
0.03301959112286568
-0.00218360498547554
0.025105338543653488
0.061146240681409836
0.07717321068048477
0.0560428723692894
0.0255927424877882
0.05513565242290497
0.03492692857980728
0.07374712824821472
0.06894532591104507
0.10262216627597809
0.024586617946624756
0.10138924419879913
0.076092429459095
0.1327921450138092
-0.000380743236746639
0.027117252349853516
-1.9712568521499634
-0.11383337527513504
0.1687280237674713
1.0897209644317627
-1.983919382095337
0.18601711094379425
-0.030454503372311592
0.055596958845853806
0.5201927423477173
-0.02332216687500477
0.15031945705413818
0.0052482071332633495
-1.3387770652770996
0.022971291095018387
-0.005601260811090469
0.04182332381606102
-0.0021458750125020742
0.03331845998764038
-0.009770032949745655
0.009326068684458733
4.72503415949177e-05
0.0005744711379520595
0.3135022521018982
-1.978102207183838
0.021314406767487526
0.05238083377480507
-0.2037041336297989
-0.21011057496070862
-0.18079182505607605
-0.23595187067985535
-0.18586920201778412
-0.21515639126300812
-0.22243547439575195
-0.18028667569160461
-0.18367350101470947
-0.23790572583675385
-0.12981393933296204
-0.27167654037475586
-0.21286363899707794
-0.2743997871875763
-0.14165467023849487
-0.19146466255187988
-0.15127505362033844
-0.2860097885131836
-0.21838387846946716
-0.23003801703453064
-0.17937888205051422
-0.2212335765361786
-0.16462092101573944
-0.2493767887353897
-0.23453767597675323
-0.22961318492889404
-0.20076371729373932
-0.23860463500022888
-0.18196064233779907
-0.17582063376903534
-0.09944253414869308
-0.2433137446641922
-0.15348896384239197
-1.983986258506775
-0.014478826895356178
0.04404568299651146
0.11387630552053452
-0.05198941007256508
0.047365281730890274
-0.005517301149666309
0.04769492149353027
0.015655098482966423
-0.06668465584516525
-0.06114436313509941
-0.039569687098264694
-0.059376612305641174
0.025639403611421585
-0.005081308539956808
-0.014840041287243366
-0.003755028825253248
0.041180409491062164
-0.005995672196149826
0.03150162100791931
0.03077002428472042
-0.03912882134318352
-0.03887692838907242
-0.009155926294624805
0.0005229500238783658
0.08012183755636215
0.08751869201660156
0.0005116908578202128
0.059425048530101776
0.04544685035943985
0.10731498152017593
-0.004523112904280424
0.04986123368144035
0.031737662851810455
0.028721045702695847
-0.010108075104653835
0.09146323800086975
0.019343119114637375
0.07799027115106583
-0.017812732607126236
0.06924645602703094
0.006528405472636223
0.07513131201267242
0.015942897647619247
0.06623794138431549
0.0026039599906653166
0.025370890274643898
0.015220784582197666
0.09960933029651642
0.0352778322994709
0.11717604845762253
-0.02197154611349106
0.05919675529003143
0.011641206219792366
0.1005215048789978
-0.00990993157029152
0.06126059591770172
0.01671680435538292
0.06627638638019562
0.02055932953953743
0.18503516912460327
-1.9829479455947876
-0.22669145464897156
-0.0724014937877655
-0.03161364421248436
-0.019029052928090096
-0.042429368942976
-0.09398238360881805
-0.13834606111049652
-0.08711457997560501
-0.296225905418396
1.1463661193847656
0.6517238020896912
-1.2070906162261963
-1.661882996559143
-1.215723991394043
1.527444839477539
-1.5376509428024292
-1.4735629558563232
-1.0836586952209473
-1.3283257484436035
-1.5308935642242432
0.030635496601462364
0.05014100670814514
-1.2785366773605347
-0.6400843262672424
0.08267056941986084
0.2962578237056732
0.2832977771759033
0.23992623388767242
0.17735345661640167
0.34111860394477844
0.32050085067749023
0.29295921325683594
0.2498220056295395
0.13883662223815918
0.24046900868415833
0.3173739016056061
0.19005537033081055
0.3585238754749298
0.3472214639186859
0.33990368247032166
0.25362324714660645
0.5206590294837952
0.06557442992925644
0.26186808943748474
0.18868669867515564
0.45523932576179504
0.3485899567604065
0.394527792930603
0.3997578024864197
1.9841465950012207
1.9840891361236572
1.9841562509536743
1.9185705184936523
1.0440499782562256
1.9840660095214844
1.2636340856552124
1.9840517044067383
-1.984375
-0.06260719150304794
0.01022671815007925
-0.011247260496020317
-0.011211751960217953
0.06351865828037262
0.06941649317741394
-0.28801795840263367
-0.019801000133156776
0.8535686135292053
0.43388980627059937
-0.014391175471246243
1.1616876125335693
1.0551822185516357
0.9048311710357666
-0.3036459684371948
0.8332988619804382
1.0416624546051025
0.7992299199104309
0.5531814098358154
1.0196195840835571
0.010574483312666416
0.006225996185094118
0.2534395456314087
0.17461130023002625
-0.09204190224409103
-0.3622797727584839
-0.27308347821235657
-0.2772659957408905
-0.18635767698287964
-0.2920915484428406
-0.2562890946865082
-0.2811879813671112
-0.25616493821144104
-0.3324873745441437
-0.30831047892570496
-0.385392963886261
-0.2918583154678345
-0.34285908937454224
-0.25968849658966064
-0.3209972083568573
-0.29609158635139465
-0.4197238087654114
-0.5061959624290466
-0.3333292305469513
-0.35323575139045715
-0.2846442759037018
-0.2521766722202301
-0.36267024278640747
-0.4054323732852936
-0.2710816562175751
-0.8727686405181885
-0.40121591091156006
-0.39397940039634705
-0.3984169661998749
-0.35189616680145264
-0.49326780438423157
-0.4964495301246643
-0.5009800791740417
0.11824391782283783
-0.27363911271095276
-1.9808268547058105
0.11089852452278137
-0.012855908833444118
-0.4513119161128998
0.2524418234825134
-0.41747328639030457
0.2351057380437851
-0.14173966646194458
-0.029094358906149864
0.2565113604068756
0.07013949751853943
-1.6869174242019653
-0.740241527557373
0.3094467520713806
0.14725801348686218
-0.40571290254592896
0.6483624577522278
0.13551707565784454
0.18082010746002197
0.25674304366111755
0.4222767651081085
0.08178693056106567
0.0055212597362697124
0.20828215777873993
0.043804366141557693
-1.184874176979065
-1.0009263753890991
-1.5829904079437256
-1.411843180656433
-0.9268550276756287
-0.8361866474151611
-1.3066353797912598
-0.9629639983177185
-0.8048869371414185
-1.0015039443969727
-0.934524416923523
-1.19660222530365
-0.7780947685241699
-1.1992372274398804
-0.9959831833839417
-0.720596969127655
-1.0042531490325928
-1.0898756980895996
-1.0507326126098633
-0.7183201909065247
-0.9835540056228638
-1.0141242742538452
-0.9968656897544861
-1.051593542098999
-0.7776734828948975
-0.9939655661582947
-1.312002182006836
-0.8545768857002258
-1.2754666805267334
-1.090111494064331
-1.6143139600753784
-1.574519157409668
-0.9273641705513
-1.97898268699646
0.16556626558303833
-0.2484712451696396
0.18594719469547272
0.5897350311279297
0.2770291268825531
0.28362080454826355
-0.9647510647773743
-0.08323096483945847
-0.023289404809474945
0.05322112888097763
1.98434579372406
0.267807275056839
0.6770802140235901
-0.3323308527469635
-0.15644799172878265
0.6202887296676636
-0.06420020014047623
-0.4096543788909912
-0.23114925622940063
0.04411698877811432
0.10104335844516754
0.25258466601371765
-0.1245124489068985
-0.16516651213169098
-0.1392233669757843
0.9454500675201416
0.6978612542152405
1.3911464214324951
0.747788667678833
0.7016590237617493
0.2998470067977905
1.0460901260375977
0.782405436038971
1.5880924463272095
1.406803011894226
1.170237421989441
1.7900290489196777
1.4401986598968506
1.134107232093811
1.401155948638916
1.6300146579742432
0.45598945021629333
-0.05382199585437775
0.611407458782196
0.6277099847793579
0.7197077870368958
0.3591192662715912
0.6196448802947998
0.4558984637260437
0.28083401918411255
0.47619032859802246
0.8765620589256287
1.4975987672805786
1.1181597709655762
0.6664555072784424
0.9126442670822144
0.8225675821304321
-0.3514404892921448
0.10107005387544632
-1.9842356443405151
-0.78667151927948
0.14429014921188354
0.14592444896697998
-1.0739161968231201
0.8346897959709167
-0.07570845633745193
0.4570521414279938
-0.1698431819677353
-0.05467192083597183
0.7620413899421692
-0.39657995104789734
-0.8879563212394714
1.9819916486740112
-1.9841853380203247
-1.9810240268707275
-1.9808577299118042
-1.979269027709961
-1.0412557125091553
-0.9704881906509399
-0.9065080881118774
-0.7200149893760681
-0.030112050473690033
-0.08405590802431107
0.36703887581825256
0.1934332549571991
1.0587681531906128
-0.4424246847629547
-0.45893868803977966
-0.3585869371891022
-0.1771414428949356
-0.5118394494056702
-0.523719072341919
-0.04811759293079376
-0.18272532522678375
-0.6477962732315063
-0.41219663619995117
-0.38603872060775757
-0.18464013934135437
-0.22977189719676971
-0.20723412930965424
-0.6559293270111084
-0.655896008014679
-0.1725943237543106
-0.2856408655643463
-0.656544029712677
-0.5522050261497498
-0.7355429530143738
-0.33414438366889954
-0.6076703667640686
-0.1345640867948532
-0.3360308110713959
-0.49230262637138367
0.033998891711235046
-0.40191665291786194
-0.4283747375011444
-0.27528122067451477
-0.6098538041114807
-0.24746881425380707
-1.9582480192184448
-0.36212316155433655
-0.11837755143642426
0.7094836235046387
-0.48049721121788025
0.7329213619232178
-1.0655299425125122
1.9804224967956543
0.07964310795068741
-0.5797722339630127
0.3903583884239197
-0.45110660791397095
-0.4908808767795563
0.03371031954884529
0.08661025762557983
-0.2986118793487549
0.8107275366783142
0.12887214124202728
0.2638319134712219
0.24440617859363556
0.5322903394699097
0.023900873959064484
0.06272415816783905
-0.21630871295928955
-0.02928052470088005
0.5688063502311707
0.25731444358825684
0.009156202897429466
0.3801841139793396
0.1486908197402954
0.6312116384506226
0.3273942172527313
0.3096435070037842
-0.08316469192504883
0.3518318831920624
0.21232831478118896
0.5749420523643494
0.2253848910331726
0.3040567636489868
0.17033308744430542
0.42416590452194214
0.1336142122745514
0.3604857623577118
0.27589452266693115
0.5011532306671143
0.15617965161800385
0.2976265549659729
0.36926621198654175
0.48874348402023315
0.05510285496711731
0.7415805459022522
0.4737645387649536
0.520132839679718
0.020050084218382835
0.4374576210975647
0.27279117703437805
0.18472518026828766
0.14521895349025726
0.5987326502799988
-0.8797272443771362
0.6169582605361938
-1.1151758432388306
-0.04819550737738609
0.06531640887260437
-1.9839370250701904
1.404496192932129
0.22170017659664154
0.07323899865150452
0.005646969191730022
0.010939481668174267
-0.010827215388417244
-0.026509087532758713
-0.20280805230140686
0.04982146993279457
0.03708528354763985
0.05728822201490402
0.03790080174803734
0.055359017103910446
0.04039999097585678
0.048469241708517075
0.042220357805490494
0.041687872260808945
-0.048026688396930695
-0.06268493831157684
-0.006887746509164572
0.004853532649576664
-0.2039973884820938
-0.024269375950098038
0.0101133668795228
-0.0006771064945496619
0.0028851840179413557
-0.003849397413432598
0.019338002428412437
0.007157134357839823
0.0014717992162331939
-0.00658793281763792
0.017914459109306335
-0.006140521727502346
0.01181105524301529
0.006517607253044844
0.007592928130179644
-0.006966459099203348
0.006452570203691721
0.008724309504032135
0.015837913379073143
0.0028538296464830637
0.0011833469616249204
-0.016142792999744415
0.015534053556621075
-0.0056155286729335785
0.008621275424957275
-0.02350807562470436
0.020014014095067978
0.01599010080099106
0.006914107594639063
-0.02749207802116871
0.012413150630891323
-0.008317000232636929
0.0027621672488749027
-1.6839748620986938
-0.008557547815144062
-0.18384502828121185
1.1835598945617676
-0.1876281499862671
0.031492963433265686
-0.5335938334465027
0.08687415719032288
0.07226037234067917
-0.017696505412459373
-0.016811449080705643
-0.2971457839012146
0.01450558751821518
0.03851441293954849
0.052773259580135345
0.03746194392442703
0.0394054539501667
0.03575780615210533
0.04792610928416252
0.03698442876338959
0.03725916147232056
0.12554174661636353
0.01898888126015663
0.01634485088288784
0.002863694215193391
0.05949685722589493
0.048045288771390915
0.035482048988342285
0.04854023829102516
0.04194214195013046
0.08756743371486664
0.033394698053598404
0.05248245596885681
0.035267461091279984
0.0496850460767746
0.04415946081280708
0.07029074430465698
0.04633152484893799
0.06808580458164215
0.05381573736667633
0.07025955617427826
0.04640185460448265
0.07205716520547867
0.03441682085394859
0.0725608840584755
0.051066942512989044
0.05700942501425743
0.0340619720518589
0.07410956174135208
0.04705347493290901
0.09226583689451218
0.024604827165603638
0.05184677988290787
0.050946809351444244
0.05063885077834129
0.030025819316506386
0.06149284914135933
0.051529981195926666
-0.03897663205862045
-0.045745279639959335
-1.1899868249893188
1.984375
0.7592535614967346
-0.5995980501174927
-0.9324601292610168
0.04102560877799988
-0.49047958850860596
0.14249929785728455
-1.984375
-0.039034124463796616
0.15176978707313538
-0.20030932128429413
-1.9838956594467163
0.8136253952980042
-0.4257969856262207
-0.5436169505119324
-0.49723953008651733
-0.5566673278808594
-0.014313215389847755
-0.048747140914201736
-0.08254698663949966
-0.06468717753887177
-0.37850311398506165
-0.3465868830680847
0.15861433744430542
0.005133422557264566
0.1547170728445053
0.20502972602844238
-0.11416363716125488
-0.0277280081063509
0.0016992974560707808
-0.23408189415931702
-0.21472841501235962
-0.14274096488952637
0.09919313341379166
0.32362666726112366
-0.1372833102941513
0.25941571593284607
0.04481816291809082
0.09707570821046829
-0.46473535895347595
0.22206391394138336
-0.08053765445947647
-0.037964578717947006
-0.3476034998893738
0.009665162302553654
0.135625958442688
0.3148995637893677
0.06627580523490906
0.3023214042186737
0.03490867093205452
-0.25483715534210205
-0.21255289018154144
-0.1902667135000229
-0.04801151528954506
0.2744362950325012
-0.13911373913288116
0.0582873672246933
-0.047240883111953735
-1.9840433597564697
-0.08432715386152267
1.0410443544387817
-1.8340462446212769
0.0010940860956907272
0.5335782170295715
0.12291517853736877
1.378515362739563
0.01770976185798645
0.6056750416755676
-0.24168969690799713
1.9821819067001343
0.12475450336933136
0.01284579373896122
0.11962134391069412
-0.08287334442138672
0.1803576797246933
0.0693964883685112
-0.24562762677669525
-0.07962099462747574
-0.07832719385623932
0.6437041163444519
0.30512240529060364
-0.32479679584503174
0.13728640973567963
0.07591356337070465
-0.33785271644592285
0.1447249799966812
-0.4531494677066803
-0.3684205412864685
-0.4953145384788513
-0.21945953369140625
-0.3824385702610016
-0.39202216267585754
-0.41870737075805664
0.02718190662562847
-0.5244633555412292
-0.33160755038261414
-0.27439212799072266
-0.06011435389518738
-0.5451574921607971
-0.218950092792511
-0.3398634195327759
-0.07983516156673431
-0.5452187657356262
-0.2546384036540985
-0.45272091031074524
0.05389529466629028
-0.4188038408756256
-0.2396671175956726
-0.532850980758667
-0.3311866521835327
-0.5098116993904114
-0.40936416387557983
-0.2589132785797119
0.1855389028787613
-0.4357028007507324
-0.3669617176055908
0.2893652319908142
0.025666886940598488
-1.2454501390457153
0.269081711769104
0.015178494155406952
-0.41352614760398865
-1.1989938020706177
-1.9831223487854004
-0.25116974115371704
-0.03490001708269119
0.4380160868167877
-0.005874116439372301
-1.454683780670166
-0.29721835255622864
-1.9841985702514648
-1.983694076538086
-1.8270708322525024
0.027759786695241928
-1.8908107280731201
-0.2236795425415039
-1.2728586196899414
-1.240607500076294
-1.2786451578140259
-1.2804793119430542
-1.9823402166366577
0.6634948253631592
-0.23869620263576508
-0.2373831868171692
0.2567656338214874
1.074422001838684
1.1452275514602661
0.738755464553833
0.6240352392196655
0.5033096671104431
0.9844163060188293
0.7927608489990234
1.3107722997665405
1.0450223684310913
1.201966404914856
0.5572038292884827
1.3480534553527832
0.6691934466362
1.0612431764602661
0.6264390349388123
0.40687310695648193
0.8862408399581909
1.1808286905288696
0.6374378204345703
0.33432143926620483
0.9559957981109619
1.09990656375885
0.5390855073928833
1.331187129020691
0.5485578775405884
0.9877488017082214
0.8586852550506592
1.0991227626800537
0.7263232469558716
0.9318551421165466
0.8315650224685669
0.6020851731300354
-1.984375
-0.22292175889015198
0.6357332468032837
0.7856693267822266
0.6814724802970886
0.07320725917816162
0.42817187309265137
1.1300302743911743
-0.036958761513233185
0.7908617258071899
-0.9077645540237427
-1.982693076133728
-1.970220923423767
-0.9933694005012512
-1.4489434957504272
-1.065179705619812
-1.4696143865585327
-1.1686530113220215
-1.2605557441711426
-1.1522520780563354
-1.2368855476379395
0.6789798140525818
-1.3241196870803833
0.7017443776130676
0.7208721041679382
-0.992672860622406
-0.7077988386154175
-1.0731481313705444
-0.9553763270378113
-0.8964481949806213
-0.9713528156280518
-1.3436024188995361
-0.9221126437187195
-0.6988459825515747
-0.9462541341781616
-0.9830759763717651
-1.0072314739227295
-1.1519571542739868
-1.0398476123809814
-1.2390410900115967
-1.0171482563018799
-0.8080947399139404
-1.103515863418579
-1.4281117916107178
-1.104724407196045
-0.9854154586791992
-1.0723177194595337
-1.2308292388916016
-1.0577847957611084
-1.135533094406128
-1.1948055028915405
-1.3463701009750366
-1.078839898109436
-0.6055284738540649
-0.7132853865623474
-1.0426132678985596
-1.0627237558364868
-0.9334394931793213
0.22105801105499268
-1.0665600299835205
0.5959507822990417
0.013562100008130074
-0.068234883248806
0.046116188168525696
-0.019428972154855728
-0.08234512805938721
0.06027651205658913
-0.03557264432311058
-0.021413225680589676
0.06698403507471085
0.013615177012979984
-0.05202530696988106
-0.009645476005971432
0.008424829691648483
0.08073139935731888
0.04721580818295479
-0.08224258571863174
-0.04519562050700188
-0.04588629677891731
0.07295981049537659
0.0809348002076149
-0.036936402320861816
-0.03862582519650459
-0.03767355531454086
-0.04478338733315468
0.07530245184898376
0.04632129147648811
-0.05039213225245476
0.0758882388472557
-0.07788621634244919
-0.06638039648532867
0.08763881027698517
0.027169179171323776
-0.001728410948999226
0.03676632046699524
0.0850839763879776
-0.052937522530555725
-0.05108717828989029
0.06608878821134567
0.049441754817962646
0.006114454008638859
0.029506459832191467
0.07329359650611877
0.00023241453163791448
0.013152861036360264
-0.021769169718027115
-0.05396996811032295
0.028637822717428207
0.0108438516035676
0.0172515120357275
-0.060407135635614395
0.025612128898501396
-0.0454535074532032
-0.08246664702892303
-0.0479130819439888
-0.07936085015535355
-0.014815093018114567
0.01305954810231924
-0.04643343389034271
0.045803703367710114
-0.043687187135219574
-0.0264850165694952
-0.03713062405586243
0.08487263321876526
-0.01008691918104887
0.08470948040485382
-0.0664471909403801
0.05679335445165634
-0.015334670431911945
0.0056984503753483295
0.08405715972185135
0.034646451473236084
-0.030695350840687752
-0.08208901435136795
-0.07741647213697433
-0.041801296174526215
-0.008660992607474327
0.03829273208975792
0.056743722409009933
-0.019741859287023544
-0.08294221758842468
-0.007486211135983467
0.027683960273861885
0.006511322222650051
-0.08133626729249954
-0.08792165666818619
-0.003877327311784029
0.08714966475963593
0.03096451424062252
0.0425160676240921
-0.016085350885987282
-0.041145142167806625
0.08812140673398972
0.03503439202904701
-0.024106930941343307
0.0348239429295063
0.00352978752925992
-0.05486862361431122
-0.007058252580463886
0.07882857322692871
-0.020248597487807274
-0.04455805569887161
-0.011947394348680973
0.033017147332429886
0.04941123351454735
-0.09031509608030319
-0.034654419869184494
-0.0730348452925682
0.06472893059253693
-0.0835360512137413
-0.0541183166205883
0.025033464655280113
-0.06644398719072342
-0.039148252457380295
0.04619712010025978
0.0165554266422987
0.09145932644605637
-0.005249368492513895
0.023612411692738533
-0.017221197485923767
1.6720423698425293
0.0686565563082695
-0.02861913852393627
0.15635904669761658
-0.014701561070978642
-0.30824044346809387
-0.12873752415180206
-0.16550172865390778
-0.04876989498734474
0.3269364833831787
-0.13341373205184937
-0.37634095549583435
0.45301708579063416
0.25167354941368103
-1.984285831451416
-1.691315770149231
1.9827202558517456
-0.2559751868247986
-1.4671542644500732
-0.43376243114471436
0.841590166091919
0.07670985907316208
0.06591096520423889
0.10553329437971115
-0.12817104160785675
0.2452186793088913
1.5816155672073364
1.761260986328125
1.6588244438171387
1.1972954273223877
0.7987547516822815
0.41534289717674255
0.6123876571655273
0.9435432553291321
0.256561279296875
0.9602736234664917
1.5423245429992676
1.8164396286010742
1.332509994506836
1.1855107545852661
0.6171836853027344
-0.5448996424674988
0.12792865931987762
0.48658016324043274
0.8134429454803467
0.9177241921424866
1.0457408428192139
0.33557435870170593
0.31085097789764404
0.22794130444526672
0.21279539167881012
0.3394438922405243
0.28327247500419617
0.2274668961763382
0.06601866334676743
-1.1243666410446167
-0.709382176399231
-0.041149742901325226
1.9822378158569336
0.018841149285435677
0.05822000280022621
-0.10093536227941513
0.7264118194580078
0.08103785663843155
0.07136479765176773
-0.13584913313388824
0.08262158185243607
0.05912388488650322
-0.07938045263290405
-0.7174873948097229
-0.23142248392105103
0.0919082835316658
-0.6891117691993713
0.05587850883603096
0.8496995568275452
0.2742096483707428
0.3104076683521271
-0.04358717054128647
-0.22940278053283691
-0.05956082046031952
-0.07396396994590759
0.1046539843082428
-8.741563215153292e-05
-0.2235281765460968
-0.0036514345556497574
-0.6814661026000977
-0.20383617281913757
-0.011159183457493782
-0.09183651208877563
-0.09680258482694626
-0.27523505687713623
0.1959778070449829
0.08678655326366425
-0.1953422576189041
-0.3759137988090515
0.05955631285905838
0.23074588179588318
-0.4472692310810089
0.14660657942295074
0.2897282838821411
-0.15879960358142853
0.13825100660324097
0.20688119530677795
-0.42735224962234497
0.11879996210336685
0.11927973479032516
0.3036264181137085
-0.141872838139534
-0.21442073583602905
0.0479121170938015
0.3919394612312317
-0.35922369360923767
0.2897142469882965
-0.09726332128047943
0.2608153522014618
0.1847507357597351
-0.03401009738445282
-0.3403337895870209
1.9841499328613281
1.9840747117996216
-0.060327522456645966
-0.37776514887809753
0.19838444888591766
-1.9834520816802979
0.04285522550344467
0.07515213638544083
-0.7185234427452087
-0.04788681119680405
0.08126214146614075
0.1640222817659378
1.5178109407424927
-6.567416130565107e-05
0.14162923395633698
0.11749517917633057
0.08663088828325272
0.0841594859957695
0.10282910615205765
0.09603937715291977
0.030528847128152847
0.0946226567029953
0.1157425120472908
0.230060413479805
0.039138685911893845
-0.019282303750514984
-0.3736976385116577
-0.38132235407829285
-0.34802621603012085
-0.29947614669799805
-0.2869194746017456
-0.2723851799964905
-0.29914698004722595
-0.2960166335105896
-0.3393387496471405
-0.3446369767189026
-0.3020078241825104
-0.3395346403121948
-0.331712007522583
-0.3547547161579132
-0.33550095558166504
-0.348376989364624
-0.3384491205215454
-0.3404010832309723
-0.3870186507701874
-0.3557445704936981
-0.42622411251068115
-0.40052470564842224
-0.35786622762680054
-0.29718589782714844
-0.3374319076538086
-0.2600264549255371
-0.271405428647995
-0.29562708735466003
-0.3143801689147949
-0.35312122106552124
-0.3430980145931244
-0.3077668845653534
-0.2801424264907837
1.9816226959228516
-0.037882108241319656
0.03321070596575737
-0.03800123557448387
0.283952534198761
0.09728114306926727
-0.1440812349319458
0.6809595227241516
0.0730767622590065
0.1783926784992218
0.12105528265237808
-0.147572323679924
0.17789380252361298
0.11971081048250198
0.19830355048179626
0.1343432515859604
0.1255752295255661
0.15373682975769043
0.17522886395454407
0.1419627070426941
0.13509501516819
-0.0016016130102798343
-0.0066292742267251015
0.04172968119382858
0.015520666725933552
-0.039224304258823395
-0.20660191774368286
-0.24456124007701874
-0.18588665127754211
-0.2842665910720825
-0.1782400906085968
-0.2545970380306244
-0.12667931616306305
-0.22447457909584045
-0.14166750013828278
-0.2185012549161911
-0.15955117344856262
-0.22611962258815765
-0.15579628944396973
-0.09956174343824387
-0.14854678511619568
-0.2245761752128601
-0.17079134285449982
-0.18592914938926697
-0.17025315761566162
-0.24151386320590973
-0.14378722012043
-0.1799185425043106
-0.1780569851398468
-0.21163012087345123
-0.16367089748382568
-0.24249930679798126
-0.18862295150756836
-0.22857452929019928
-0.2278350591659546
-0.20202785730361938
-0.17624062299728394
-0.1768915057182312
0.005867792759090662
-0.14811155200004578
-0.021921848878264427
0.06510935723781586
-0.090312659740448
-0.015018526464700699
0.027921313419938087
0.07460571080446243
-0.04003274813294411
-0.09007750451564789
-0.03911606967449188
-0.07114952802658081
0.01721944846212864
0.0888076052069664
0.05038934573531151
0.07751493155956268
-0.08079877495765686
-0.07442065328359604
0.07186469435691833
-0.02269546315073967
0.08146285265684128
-0.06785637885332108
-0.010690970346331596
0.08493685722351074
-0.03142400085926056
0.02239648625254631
-0.0831214115023613
0.06568320095539093
0.09045414626598358
-0.0814613476395607
-0.02708960324525833
-0.08453033864498138
-0.042038824409246445
-0.06422840058803558
-0.02485783025622368
0.021550875157117844
-0.06159554421901703
0.07303040474653244
0.039367783814668655
0.03210341930389404
0.012914993800222874
0.013256676495075226
0.08279337733983994
-0.0845336839556694
-0.05144840106368065
0.055428240448236465
0.035667914897203445
-0.051176831126213074
0.02753530815243721
0.07066758722066879
0.03291516751050949
-0.026724589988589287
0.0007665701559744775
0.0767178013920784
0.059432048350572586
0.04088500142097473
-0.05937432870268822
0.08196216076612473
0.08647659420967102
-0.020249295979738235
-0.004029400181025267
0.07611769437789917
-0.056103914976119995
0.025110581889748573
0.04566065967082977
-0.04574747011065483
0.0657104030251503
-0.023955175653100014
0.08925069868564606
0.018538031727075577
0.07357168942689896
-0.06754963845014572
-0.02036941610276699
-0.03724294155836105
0.006210084073245525
0.016546793282032013
0.023340197280049324
-0.008191891014575958
-0.08729765564203262
0.08211647719144821
-0.08335676044225693
-0.05676168575882912
-0.032629914581775665
-0.07828598469495773
-0.024959832429885864
0.027515888214111328
0.016683993861079216
0.02368418499827385
-0.03398371860384941
-0.08087637275457382
-0.03848842903971672
0.056798066943883896
-0.013841723091900349
-0.05755948647856712
-0.08538349717855453
-0.04881073534488678
-0.014466569758951664
-0.049245435744524
0.06177469715476036
0.04414983093738556
-0.022771116346120834
-0.014679390005767345
0.06784015148878098
-0.01946740411221981
-0.04340144619345665
0.04520336911082268
0.038602907210588455
-0.014924502931535244
0.012614760547876358
-0.033918675035238266
0.04182225465774536
0.06509126722812653
0.002294607227668166
0.014234045520424843
-0.0421166867017746
-0.07749442011117935
0.03606381267309189
0.0675920769572258
0.061136145144701004
0.06351275742053986
0.06660283356904984
-0.043580520898103714
0.06340759992599487
0.08884870260953903
-0.0817493423819542
0.08794107288122177
-0.0533083938062191
0.02943522110581398
-0.08256308734416962
0.054393086582422256
0.007874020375311375
-0.022615492343902588
-0.08806200325489044
-0.09047219902276993
-0.03631018102169037
0.08271995931863785
0.07712427526712418
0.06744063645601273
-0.07802112400531769
-0.029866544529795647
-0.060674767941236496
0.06958577036857605
0.004872225224971771
-0.057128939777612686
-0.07667947560548782
-0.017562279477715492
0.0771719366312027
0.007886543869972229
-0.01073326077312231
-0.08637185394763947
0.0202450230717659
0.07247074693441391
0.016805773600935936
0.01132273394614458
0.08069398999214172
-0.01570572704076767
0.07237908244132996
0.003840216202661395
-0.0883479118347168
-0.07420136779546738
0.012854923494160175
-0.07201485335826874
0.0544060580432415
-0.07774462550878525
0.08041667193174362
0.004335720092058182
-0.004360154736787081
-0.06603828817605972
-0.05203558877110481
-0.018014967441558838
0.0727209523320198
-0.00390094262547791
-0.04540736973285675
0.07886815816164017
0.08299396187067032
0.0434519425034523
0.04218640550971031
0.05190369114279747
0.04521472379565239
-0.08614024519920349
-0.02453533746302128
0.05349592864513397
0.011275175027549267
0.07713151723146439
-0.06389930844306946
-0.008974481374025345
0.0748896598815918
0.0746765211224556
-0.07822679728269577
-0.07306221127510071
-0.0369320772588253
-0.05537030100822449
-0.05145365744829178
-0.05645129084587097
0.04885254427790642
0.022773869335651398
-0.03747722506523132
-0.03218444064259529
0.012702042236924171
0.062292251735925674
-0.04929489269852638
0.010377077385783195
-0.04552723839879036
-0.018506154417991638
0.09005594998598099
0.020267874002456665
-0.07355726510286331
-0.07851003855466843
-0.052758075296878815
-0.013443510979413986
-0.05448723956942558
0.0054623098112642765
0.05525840073823929
0.07360497862100601
-0.032932378351688385
-0.04083423316478729
0.06231912225484848
-0.024175001308321953
-0.005412260070443153
-0.06726830452680588
-0.034664951264858246
-0.08341972529888153
0.01182722020894289
0.06142285093665123
-0.08544326573610306
-0.04331636056303978
-0.00017950164328794926
0.045542385429143906
-0.08068547397851944
0.05796876177191734
-0.015070237219333649
0.07681626826524734
-0.08015265315771103
0.06183386966586113
0.041717927902936935
-0.03701319545507431
0.05411918833851814
-0.062386199831962585
0.0125869270414114
-0.08306862413883209
-0.029286526143550873
-1.9813258647918701
0.10097695142030716
-0.08324526250362396
-0.06894516944885254
0.06438368558883667
-0.010980918072164059
-0.09446372836828232
0.03934355080127716
0.015699127689003944
-0.07703883945941925
-0.07356343418359756
-0.29867199063301086
0.10110944509506226
0.10135788470506668
0.022266697138547897
0.21024945378303528
0.13653920590877533
0.03930513560771942
0.010216468013823032
0.10090720653533936
0.04503874108195305
0.04802500084042549
0.04389910027384758
0.09865561127662659
-0.0019812723621726036
0.5652123689651489
0.4259355664253235
0.6858060359954834
0.4481509029865265
0.37591782212257385
0.3575161397457123
0.589259147644043
0.29513266682624817
0.3587869107723236
0.21846990287303925
0.4163186550140381
0.274951696395874
0.30879250168800354
0.6983004212379456
0.8890208005905151
0.5616886019706726
0.1145496517419815
-1.5673675537109375
0.6805277466773987
1.523730993270874
1.3415346145629883
1.4290809631347656
0.6076099276542664
-1.6646772623062134
-1.622560977935791
1.286731481552124
0.7917649149894714
-1.9138907194137573
-1.9842679500579834
-1.813765287399292
0.8613981008529663
1.2130980491638184
1.6645481586456299
-0.34270474314689636
-0.10568629950284958
-0.046253129839897156
0.03510718047618866
-0.006677931174635887
0.17494821548461914
0.016444263979792595
-0.0213713850826025
0.06694722175598145
0.08411285281181335
0.047781653702259064
-0.08352000266313553
0.1074928268790245
0.10686009377241135
0.11919087171554565
0.05144057422876358
0.10602153092622757
0.12507864832878113
0.11399847269058228
0.09446471929550171
0.09173496067523956
0.006703583523631096
0.01568818837404251
0.012209083884954453
0.011790771968662739
-0.1003311425447464
-0.060974039137363434
0.015804750844836235
-0.07665540277957916
-0.04167889803647995
-0.06916876137256622
-0.02056611329317093
-0.07069458812475204
-0.04815090447664261
-0.055369604378938675
-0.004072526469826698
-0.017230195924639702
-0.08658303320407867
-0.08177927881479263
-0.04925866425037384
-0.07444211840629578
-0.11811717599630356
-0.03963734954595566
-0.07762759923934937
-0.0619942843914032
-0.10588618367910385
-0.01848861761391163
-0.04981840401887894
-0.031181061640381813
-0.0937093049287796
-0.01806693524122238
-0.1363181620836258
-0.015650231391191483
-0.05738188698887825
-0.06206842139363289
8.230889943661168e-05
-0.0371943898499012
0.002165384590625763
0.024965807795524597
0.001181691768579185
0.11693854629993439
-0.0012128327507525682
-0.060534052550792694
-0.07335981726646423
-0.05545653775334358
0.0432925671339035
-0.07878302782773972
-0.06783545017242432
-0.0701521635055542
0.04825666919350624
-0.06471183896064758
-0.09569723904132843
0.05505412444472313
-0.10472450405359268
0.08832896500825882
-0.03932896628975868
-0.06811628490686417
0.09686748683452606
-0.06529971212148666
0.06317050009965897
0.03864743188023567
0.062284860759973526
0.0855344906449318
-0.09127681702375412
-0.07944715023040771
-0.04018869996070862
-0.028605502098798752
-0.0560770258307457
0.046371620148420334
0.0824025571346283
-0.039065439254045486
-0.05428372696042061
0.020209474489092827
0.051993228495121
0.04747716337442398
0.030613688752055168
-0.013561784289777279
0.025182103738188744
0.033314477652311325
0.04721081629395485
0.08784454315900803
0.024847133085131645
-0.07329697161912918
0.01281280443072319
0.03655053675174713
0.011904868297278881
0.0328170508146286
-0.042454879730939865
0.05015312507748604
0.05685248598456383
0.04042875021696091
-0.08063600957393646
-0.027623921632766724
-0.02554231323301792
0.04858867824077606
-0.08064442127943039
0.03145188093185425
0.053750429302453995
-0.08351871371269226
-0.004572221543639898
-0.09351804852485657
-0.026023853570222855
0.06417267769575119
0.02416175603866577
0.05680608004331589
0.01386959757655859
-0.06106747314333916
0.05061325803399086
-0.02209816500544548
-0.026212645694613457
-0.03127080574631691
-0.05742041394114494
0.0012420653365552425
0.04350640997290611
0.01495983824133873
0.07772399485111237
0.03835924714803696
-0.036831166595220566
0.046773456037044525
0.07647541910409927
-0.05461796000599861
0.06705838441848755
0.042493533343076706
0.07419005781412125
-0.07630003243684769
-0.052344661206007004
-0.034228041768074036
-0.09474988281726837
-0.08083286136388779
-0.09237074851989746
0.018252138048410416
0.07482896745204926
0.0760866105556488
-0.03288179636001587
-0.010064305737614632
-0.003291121916845441
0.042410533875226974
-0.05279554799199104
0.049527354538440704
0.0473010390996933
-0.0747504010796547
0.030556363984942436
0.020454619079828262
-0.09147416800260544
0.028305597603321075
-0.026405856013298035
-0.08959122747182846
0.01143451314419508
0.06091213971376419
-0.04807017371058464
-0.029719805344939232
-0.05311739072203636
-0.007403370458632708
-0.046084966510534286
-0.01688108965754509
0.020185140892863274
-0.08132171630859375
0.02097158320248127
-0.0715733990073204
0.03903406858444214
0.061096902936697006
0.015136558562517166
-0.04540560021996498
-0.009116489440202713
0.035405658185482025
0.03318239748477936
0.025541415438055992
-0.016234910115599632
-0.022563103586435318
-0.08908384293317795
0.062135208398103714
-0.022989433258771896
-0.030673056840896606
-0.0315389521420002
-0.055048517882823944
0.07296877354383469
-0.012881608679890633
-0.06722462177276611
-0.015509855933487415
-0.0707775205373764
-0.05782080814242363
0.0115174800157547
-0.07223019003868103
-0.04226437583565712
0.017755331471562386
-0.04998442158102989
0.0474521666765213
-0.0857020914554596
-0.04247301071882248
-0.05092061683535576
-0.007328980136662722
0.06679278612136841
0.05882589891552925
0.004793216474354267
0.06341725587844849
-0.07663191854953766
-0.01967749372124672
0.0824635848402977
0.03724023327231407
0.08008316159248352
0.062126968055963516
0.036762792617082596
-0.01434492040425539
0.005490569397807121
0.04977511987090111
0.08671537041664124
-0.028403999283909798
-0.05538071691989899
0.06139514595270157
0.0008952679927460849
0.0482901930809021
-0.043157078325748444
0.08956468850374222
-0.053552161902189255
0.002187317004427314
-0.04820690304040909
-0.01748407818377018
0.004252525977790356
-0.08181307464838028
0.06368064135313034
0.08081208914518356
-0.07846194505691528
-0.020663583651185036
-0.06431093066930771
0.051251184195280075
-0.03287864476442337
0.08942323923110962
0.028277235105633736
0.04966262727975845
-0.06976688653230667
0.07072184234857559
-0.04226972162723541
-0.05141118913888931
0.07147929072380066
0.029116280376911163
-0.05141269788146019
0.008114674128592014
-0.08068181574344635
-0.03176596760749817
-0.0363488644361496
-0.04945936053991318
-0.026098955422639847
-0.06994885951280594
-0.056963227689266205
0.002570110373198986
-0.06798595935106277
0.04820919781923294
0.08397387713193893
0.08334890007972717
-0.004654246382415295
-0.052450992166996
-0.06886792927980423
0.09156615287065506
0.011945437639951706
-0.019887549802660942
0.09133745729923248
-0.0729757770895958
0.08047721534967422
-0.05453088879585266
0.009253361262381077
0.06551443040370941
0.06495155394077301
-0.012309041805565357
0.06978848576545715
-0.010058780200779438
0.029337089508771896
-0.04119516909122467
-0.06412026286125183
0.07714658975601196
0.06558673828840256
-0.027344178408384323
6.213602318894118e-05
-0.07450880855321884
0.006442760583013296
-0.02712378464639187
0.0688483864068985
0.046802371740341187
-0.03367866575717926
-0.04300090670585632
-0.0010042410576716065
-0.04924124851822853
-0.0571659654378891
-0.035272859036922455
0.035080693662166595
0.03901189565658569
0.023625722154974937
-0.023046236485242844
0.033209770917892456
-0.07682399451732635
0.034896623343229294
-0.06347363442182541
-0.05199507996439934
0.08133391290903091
-0.0417170524597168
-0.045939166098833084
0.050889745354652405
-0.07834044843912125
0.08441177010536194
0.008202141150832176
-0.08705634623765945
-0.060668978840112686
-0.02969774231314659
0.03871691972017288
0.007777209859341383
0.016213983297348022
-0.05975143983960152
-0.03593797609210014
0.016177210956811905
0.06330238282680511
0.011785322800278664
0.06703220307826996
0.068755142390728
-0.06169390678405762
0.05076542869210243
-0.032212547957897186
0.037719834595918655
0.07418151944875717
0.0065362704917788506
0.009313945658504963
-0.05278107896447182
-0.07982508838176727
-0.0036267507821321487
0.07698459923267365
-0.019534055143594742
0.035321466624736786
0.02065359614789486
-0.04170941561460495
0.04182872548699379
0.06708235293626785
-0.06357927620410919
0.003971285652369261
0.039354026317596436
-0.06820186227560043
0.0616280660033226
0.027000967413187027
-0.06403427571058273
0.05404843017458916
-0.013496664352715015
-0.0449296236038208
0.0137273408472538
0.0076635051518678665
0.04951855540275574
0.05384579673409462
0.07468979805707932
-0.07123211026191711
-0.05878139287233353
0.0269522275775671
-0.08740368485450745
0.027260012924671173
0.06921017169952393
-0.08965346962213516
0.05424590781331062
0.049090683460235596
0.05493392050266266
-0.041654907166957855
-0.06113918498158455
-0.03357134386897087
0.08909953385591507
-0.030459634959697723
-0.0668191984295845
0.014887873083353043
-0.06266951560974121
0.06282714754343033
-0.06390579044818878
-0.035463202744722366
0.01819523423910141
0.0545976348221302
-0.08991862088441849
0.03699810057878494
-0.01757904328405857
0.06250470876693726
0.08217985928058624
0.03572624921798706
-0.042261622846126556
-0.018753528594970703
-0.07451435923576355
0.06037257984280586
0.06304038316011429
-0.08907338231801987
0.013356972485780716
0.03387027606368065
-0.03467384725809097
0.04628436639904976
0.07512146979570389
-0.08682474493980408
-0.07727327197790146
0.014142295345664024
-0.09036145359277725
0.08658184111118317
-0.06795880198478699
0.08807945996522903
-0.05142149701714516
0.0468621589243412
-0.0532703660428524
0.05955854058265686
0.0874534398317337
0.02352086827158928
0.057921234518289566
0.02875662036240101
0.06341800838708878
-0.0708983987569809
0.07920129597187042
-0.015307547524571419
-0.0667872354388237
-0.06699981540441513
0.04461824521422386
-0.016787000000476837
0.04712441563606262
-0.08973532915115356
-0.01771744340658188
-0.005426105577498674
-0.08376055210828781
-0.07437454909086227
0.007862272672355175
-0.05669650062918663
0.04572581127285957
-0.017701653763651848
-0.033271513879299164
0.06071927770972252
-0.05510344356298447
-0.032217323780059814
0.06850699335336685
-0.0631193071603775
0.004675763193517923
0.0855971947312355
-0.035957612097263336
-0.0018525737104937434
0.07756887376308441
-0.06082793325185776
-0.03162987157702446
-0.0018331438768655062
-0.026645537465810776
-0.0014257191214710474
-0.0053372508846223354
0.07627955824136734
-0.0055746594443917274
-0.042148660868406296
0.046732936054468155
0.0742286741733551
0.04058942571282387
0.04874977841973305
-0.02506459690630436
-0.0652373656630516
-0.0025626574642956257
-0.08501085638999939
0.034214120358228683
-0.0779280737042427
0.08299576491117477
-0.08682001382112503
-0.05017724633216858
-0.06887825578451157
-0.03122217208147049
-0.054539650678634644
0.01995442807674408
-0.0545324832201004
-0.044001977890729904
-0.07790727913379669
-0.04948082193732262
-0.034327685832977295
-0.06539105623960495
-0.019220730289816856
0.04049556329846382
-0.004344057757407427
0.013040708377957344
-0.0446237213909626
0.0828014463186264
-0.08742992579936981
0.06329861283302307
0.080839604139328
-0.04178560525178909
-0.07261807471513748
0.012424604035913944
0.035778649151325226
0.036180224269628525
0.05395469069480896
-0.08916982263326645
0.08956965059041977
-0.029867278411984444
-0.054223790764808655
-0.04352898523211479
-0.056607067584991455
-0.08053193241357803
-0.07027829438447952
-0.05574210360646248
-0.027959244325757027
-0.026361530646681786
0.08522110432386398
-0.031658437103033066
-0.02806117944419384
0.02890685759484768
0.03852593153715134
0.00910286232829094
-0.037553153932094574
-0.07813356071710587
0.018477315083146095
0.06496093422174454
0.028944404795765877
0.08539889007806778
-0.08311409503221512
-0.05571383237838745
0.06842390447854996
-0.007091440726071596
0.060930635780096054
-0.06822578608989716
0.05246558040380478
0.01208680123090744
-0.03615126758813858
-0.0001291021762881428
-0.03582698106765747
-0.06608490645885468
0.04157546907663345
-0.07990352809429169
0.06736444681882858
0.06603097170591354
0.01319766603410244
0.0018263686215505004
-0.047855667769908905
-1.9809000492095947
0.5196372866630554
-0.6180288791656494
-0.026010187342762947
0.42112237215042114
-1.5729453563690186
1.9105255603790283
0.6122480034828186
-0.04220867529511452
-0.06013157591223717
-0.0035314743872731924
-0.4828554093837738
-0.2513790428638458
0.011282967403531075
-0.06584980338811874
0.052547503262758255
-0.13365328311920166
-0.055976707488298416
-0.060892656445503235
-0.07169711589813232
-0.046245817095041275
0.27477702498435974
0.3667932152748108
-0.019273387268185616
0.0037512367125600576
0.7257745265960693
0.3919372260570526
0.2904934287071228
0.21874190866947174
0.48258936405181885
0.09209159016609192
0.295523077249527
0.2126697152853012
0.40755781531333923
0.26269593834877014
0.4307819604873657
0.30386799573898315
0.5366672873497009
0.20124152302742004
0.4492320120334625
0.03422360122203827
0.3074307441711426
0.23613756895065308
0.38287630677223206
0.1403905302286148
0.23606617748737335
0.15320314466953278
0.31657856702804565
0.2824450135231018
0.419991135597229
-0.0005678140441887081
0.25775110721588135
0.22251014411449432
0.3177213668823242
0.1838754564523697
0.22659233212471008
0.2070443034172058
0.49769702553749084
-0.8811679482460022
0.503044068813324
0.2525889575481415
-1.9840078353881836
0.44756224751472473
-0.29874417185783386
-0.5904466509819031
-0.16348107159137726
-0.017876271158456802
-0.06293944269418716
0.03454376012086868
-0.3207550048828125
-0.04350150749087334
-0.028202148154377937
0.0656934529542923
-0.0910487100481987
-0.08717764914035797
-0.06926485896110535
-0.13436226546764374
-0.24718187749385834
-0.21214169263839722
-0.12708313763141632
-0.19001005589962006
0.01443555112928152
-0.05729987844824791
0.10286807268857956
0.3097705841064453
0.19496752321720123
0.2019435465335846
0.06643220037221909
0.19602496922016144
0.21223938465118408
0.3257296681404114
0.3070371150970459
0.2139655351638794
0.2191104292869568
0.16125597059726715
0.11947879940271378
0.2249324768781662
0.17893022298812866
0.14310243725776672
0.2156442254781723
0.2568604052066803
0.07551244646310806
0.13078385591506958
0.1683325171470642
0.21258826553821564
0.183525949716568
0.26790720224380493
0.19474609196186066
0.278887540102005
0.14099924266338348
0.29108139872550964
0.14520229399204254
0.20900271832942963
0.2107907235622406
0.2949979305267334
0.16346167027950287
0.029114821925759315
0.12211260944604874
1.983289122581482
0.07444721460342407
0.050723597407341
-0.046335771679878235
-0.02641916461288929
0.02115519717335701
-0.08227633684873581
0.01820102334022522
-0.08046256005764008
0.05250640586018562
0.032589029520750046
0.033862993121147156
-0.09307511150836945
-0.06413739174604416
0.061268165707588196
0.03781634941697121
0.08005668222904205
0.08677837997674942
-0.041834719479084015
0.02690296433866024
0.07510809600353241
-0.08365801721811295
0.0033498487900942564
-0.04141069948673248
-0.046125829219818115
-0.08131557703018188
-0.07401777803897858
0.07451017946004868
-0.004184323828667402
0.07739986479282379
0.050961919128894806
-0.032141026109457016
0.06558811664581299
-0.024593520909547806
-0.020160268992185593
-0.07500707358121872
0.07818819582462311
0.028583113104104996
-0.0149531289935112
0.05778452008962631
-0.029879793524742126
-0.04300129413604736
-0.007734251674264669
-0.03989925608038902
0.06626605242490768
0.05223188176751137
0.05494799092411995
-0.020122995600104332
-0.07571184635162354
0.0004836702428292483
0.05082583427429199
0.027633965015411377
0.06675177812576294
-0.01265157200396061
-0.05873427540063858
0.005272930487990379
0.031216677278280258
0.029307512566447258
-0.07307381927967072
-0.04103027656674385
0.07201428711414337
-0.008211453445255756
-0.07860518246889114
0.041883762925863266
0.008657684549689293
-0.05342390388250351
0.02164383791387081
0.0013068235712125897
-0.020840443670749664
-0.015492197126150131
-0.0855504721403122
-0.02974792756140232
-0.06885641813278198
0.03239188343286514
0.07942753285169601
0.02312139980494976
0.051185473799705505
-0.002583420602604747
-0.046149659901857376
-0.06800167262554169
-0.023184584453701973
0.024252597242593765
0.024277999997138977
-0.06306327134370804
0.02778763324022293
0.013159358873963356
0.054043300449848175
-0.06211177632212639
-0.0013726860051974654
0.06389827281236649
0.031025459989905357
0.04375629127025604
-0.04863542690873146
0.002572601893916726
-0.022153787314891815
-0.03664053976535797
-0.03267785534262657
-0.006784945260733366
-0.01631411723792553
0.03751215711236
0.004371738526970148
-0.01278629619628191
0.02187352068722248
0.08663591742515564
0.049011677503585815
0.05374588072299957
0.027633056044578552
-0.03879621624946594
0.0843089297413826
-0.046308550983667374
-0.036301352083683014
0.04014408960938454
-0.023964980617165565
-0.04307066276669502
0.08715718984603882
0.011092236265540123
-0.015074881725013256
-0.041650403290987015
0.05978463217616081
0.012048294767737389
1.8374381065368652
0.2116890549659729
-1.9793328046798706
-1.9283969402313232
0.7243009805679321
0.3071790933609009
-1.984322428703308
1.1511225700378418
0.049219973385334015
0.3376418352127075
0.3369799852371216
-0.641793966293335
1.248218297958374
1.2531410455703735
1.2537177801132202
1.2513066530227661
1.254489779472351
1.2461186647415161
1.2462495565414429
1.253036618232727
1.2471022605895996
0.19118404388427734
0.8821358680725098
0.0002513592189643532
0.001150566036812961
0.23458294570446014
0.37774163484573364
0.4018912613391876
0.3524305522441864
0.4030384123325348
0.38133054971694946
0.4028722047805786
0.3524186909198761
0.44291621446609497
0.3274930417537689
0.42431047558784485
0.35770276188850403
0.5323712825775146
0.3402707576751709
0.5043990015983582
0.4039594829082489
0.41843000054359436
0.33627668023109436
0.4340633749961853
0.382722944021225
0.4218292534351349
0.35786300897598267
0.49161195755004883
0.3594733476638794
0.5015292167663574
0.379203200340271
0.3627532720565796
0.37536558508872986
0.41141289472579956
0.412641704082489
0.47283631563186646
0.3714427351951599
0.37345102429389954
-1.3859800100326538
0.11903990805149078
-0.6768817901611328
1.2534197568893433
0.7885568737983704
-0.32240259647369385
0.899666428565979
0.42024990916252136
-0.028888192027807236
0.2918606102466583
0.2947774827480316
-0.9796466827392578
1.145627498626709
1.153405785560608
1.1576385498046875
1.1582549810409546
1.1542338132858276
1.1524089574813843
1.1536593437194824
1.1551647186279297
1.1527271270751953
0.5019827485084534
-0.6041513085365295
0.004730176646262407
-0.00032886958797462285
-0.13564540445804596
-0.09500245004892349
-0.08772832155227661
-0.0889747217297554
-0.09442996978759766
-0.08888790011405945
-0.09481023997068405
-0.0858057364821434
-0.08943953365087509
-0.09120867401361465
-0.09254613518714905
-0.08917146176099777
-0.09502965956926346
-0.09076938033103943
-0.0863780677318573
-0.0877300351858139
-0.08969571441411972
-0.08647000789642334
-0.09241023659706116
-0.08764179050922394
-0.09317974001169205
-0.0878228098154068
-0.09119094163179398
-0.09007301926612854
-0.09245872497558594
-0.08643127232789993
-0.09391128271818161
-0.08920899033546448
-0.09103424102067947
-0.09535934031009674
-0.0972488522529602
-0.08877716958522797
-0.09646911174058914
-0.007448113523423672
-1.984323263168335
-0.5006622076034546
-1.9529684782028198
0.23326337337493896
-0.14700280129909515
-0.01023185346275568
0.04944105073809624
-0.12887190282344818
-0.07769671827554703
0.04380667582154274
-0.038345884531736374
-0.06783320009708405
-0.00036832172190770507
-0.3124939501285553
0.11227583140134811
0.21102896332740784
0.1519651859998703
0.1478540450334549
0.11653999984264374
0.1643202006816864
0.06711996346712112
0.04635282978415489
0.13213162124156952
0.05148026719689369
0.0681491568684578
0.030722875148057938
-0.029806628823280334
0.6764636635780334
0.9788361191749573
0.910083532333374
0.4764712452888489
0.3268909156322479
0.4134606420993805
0.7961030602455139
0.9575333595275879
0.914268434047699
-1.8086649179458618
-1.947688102722168
-1.8226709365844727
1.3666051626205444
1.7689440250396729
1.690744161605835
1.492917776107788
1.0274847745895386
0.6984395384788513
0.7158400416374207
0.7181183695793152
0.5258728861808777
0.8700459599494934
0.7720621824264526
0.7879312634468079
0.47384458780288696
-1.6774965524673462
-1.9838212728500366
-1.2703758478164673
0.9997656941413879
1.6579713821411133
1.815543293952942
1.4157179594039917
0.9717077612876892
-0.21052542328834534
-0.10869075357913971
-0.033318184316158295
0.010980580002069473
0.0012892372906208038
0.22379334270954132
0.05752724036574364
-0.028683936223387718
-0.01695157401263714
0.004674344789236784
0.028414949774742126
-0.005242426414042711
0.20132723450660706
0.2399619221687317
0.15202949941158295
0.13560426235198975
0.21079817414283752
0.2189570516347885
0.13358891010284424
0.17924794554710388
0.24306833744049072
0.008015054278075695
0.017322799190878868
-0.027046728879213333
-0.010158722288906574
-0.1341940462589264
-0.024180395528674126
-0.014544173143804073
-0.03553839027881622
0.030911128968000412
-0.018651636317372322
0.02010730840265751
0.03237805515527725
-0.04525706544518471
-0.03927675262093544
-0.007032774388790131
-0.04492954537272453
-0.026617173105478287
-0.034036070108413696
0.0065868510864675045
-0.061725858598947525
-0.0008825975237414241
-0.032958026975393295
-0.03364601731300354
-0.045321714133024216
0.008158000186085701
-0.02354874089360237
-0.06273708492517471
0.003253118833526969
0.010121242143213749
-0.04367678984999657
0.003612855914980173
-0.008812744170427322
-0.03439323976635933
0.03454374521970749
-0.05061979219317436
0.011787572875618935
-0.03429677337408066
-0.03681567683815956
-0.0013974125031381845
0.05017213523387909
-1.714503288269043
0.22875405848026276
-0.25377562642097473
0.17637328803539276
-1.3579380512237549
-0.4392615258693695
0.9492051005363464
1.7945852279663086
-0.05906908959150314
0.10015829652547836
-0.08212079852819443
-0.3963735103607178
0.16969288885593414
0.09108387678861618
-0.14019469916820526
0.055023014545440674
-0.06496617943048477
-0.035074472427368164
-0.03629378601908684
0.06050941348075867
0.01604948565363884
-0.08972171694040298
0.10469039529561996
-0.02551308460533619
0.04518889635801315
0.9553378820419312
0.971946120262146
1.1710294485092163
0.8542565703392029
1.2625819444656372
1.0181021690368652
1.4064115285873413
0.8987035155296326
1.2074042558670044
0.918910026550293
1.0556014776229858
0.9843388199806213
1.130728006362915
0.8569232225418091
1.124171257019043
0.8297449946403503
1.1704684495925903
0.9532155990600586
1.127849817276001
0.954734742641449
1.2281336784362793
0.9135104417800903
1.0744675397872925
0.927125096321106
1.2159593105316162
1.0138589143753052
1.3297697305679321
1.1336959600448608
1.1883724927902222
0.88737553358078
1.105423092842102
0.8697486519813538
1.3035888671875
-1.3209341764450073
-0.15133902430534363
-0.35443899035453796
1.172113060951233
0.04587901756167412
0.13109318912029266
-0.4273461401462555
0.2081918567419052
0.07933330535888672
0.08985854685306549
-0.06737753003835678
-0.10819008946418762
0.18675853312015533
-0.14694786071777344
-0.029952064156532288
-0.1351666897535324
-0.16925892233848572
-0.18023937940597534
-0.07260546833276749
-0.08009353280067444
-0.07693661004304886
0.11179018765687943
0.14475426077842712
-0.007177941035479307
0.025376252830028534
-0.3804119825363159
-0.5614096522331238
-0.2252712845802307
-0.7360707521438599
-0.37075868248939514
-0.6567550301551819
-0.4145944118499756
-0.7730215787887573
-0.4993031620979309
-0.6884655356407166
-0.5474542379379272
-0.6400994062423706
-0.5432513952255249
-0.6351454854011536
-0.41960209608078003
-0.5444064736366272
-0.48925697803497314
-0.5590983033180237
-0.336332768201828
-0.42973604798316956
-0.34739360213279724
-0.595984935760498
-0.4052963852882385
-0.6301226019859314
-0.35189929604530334
-0.5912058353424072
-0.4397459030151367
-0.7254932522773743
-0.7279804944992065
-0.616768479347229
-0.41780945658683777
-0.6547607779502869
-0.488010048866272
0.15178486704826355
-0.161685511469841
-1.984370470046997
-1.4976617097854614
0.0676596388220787
-0.272759348154068
-1.1862355470657349
0.7843564748764038
-0.194031223654747
-0.11467932909727097
1.9428060054779053
0.009685985743999481
-0.5888994932174683
1.960929274559021
-1.9773465394973755
-1.9824076890945435
1.9746156930923462
-0.42816397547721863
1.984025478363037
-0.4730079472064972
-1.3687433004379272
-1.3325397968292236
-1.5050941705703735
-1.4827781915664673
-0.6690630316734314
0.0186872947961092
-1.9654295444488525
-1.2320828437805176
0.2924986481666565
0.9051006436347961
-0.15395992994308472
0.0041351900435984135
-0.25720998644828796
0.269654244184494
-0.2828053832054138
0.09475823491811752
0.3102198541164398
0.05790827050805092
-0.40476369857788086
0.9466181993484497
0.0779014453291893
0.5982372760772705
-1.2539869546890259
0.06555452197790146
-0.06770344823598862
0.5438286066055298
-1.2044519186019897
0.573028028011322
-0.5067365169525146
-0.5923832058906555
-0.7853837609291077
0.9859688878059387
0.2245648205280304
0.309339314699173
-0.43708160519599915
-0.16372670233249664
0.5311882495880127
0.9601184725761414
-0.2014332413673401
0.08605257421731949
-0.5428298115730286
-1.489669919013977
0.029242753982543945
0.2735593020915985
1.011742353439331
-0.6159204244613647
1.173000454902649
-0.03736092150211334
-1.705297589302063
-0.059362560510635376
1.4559648036956787
1.2758030891418457
-1.067808747291565
0.4243661165237427
0.7486738562583923
-1.984375
0.6362962126731873
-1.868016004562378
0.3922852575778961
0.14671875536441803
0.5379137992858887
0.1100330799818039
-0.09164968132972717
-0.1189391165971756
-0.6516745090484619
-0.2856539487838745
-0.4492746591567993
-1.0277594327926636
1.112413763999939
-0.6949009299278259
-0.6766265630722046
-1.60001802444458
0.5160209536552429
-1.4542957544326782
-1.423806071281433
-1.8389052152633667
1.9801514148712158
-1.5786298513412476
-1.068697214126587
-1.6301425695419312
1.045040249824524
-1.5234788656234741
-1.4710450172424316
-1.2832573652267456
0.9399557709693909
-1.45361328125
-1.442190408706665
-1.7621670961380005
1.9484294652938843
-1.615027666091919
-0.7854348421096802
-1.8596843481063843
0.6636156439781189
-1.6897389888763428
-1.8698053359985352
-1.1623151302337646
1.3173892498016357
-0.8771216869354248
-0.7668084502220154
-0.08768127858638763
-0.37893202900886536
1.984243392944336
1.9840941429138184
-0.7159953713417053
-0.1287098228931427
0.4238727390766144
-0.6341872811317444
-0.25066980719566345
-1.513227939605713
1.462441325187683
-0.07290109992027283
0.6027023196220398
0.06837579607963562
-0.3870810270309448
-0.8260073065757751
1.286913275718689
0.33608630299568176
0.7910081744194031
0.5363094806671143
0.200665682554245
0.21830789744853973
0.12643244862556458
0.24617336690425873
0.011110504157841206
0.07309358566999435
-0.14462338387966156
0.4266640245914459
1.561423420906067
-0.021435189992189407
-0.8589584231376648
-0.030247366055846214
-0.22461345791816711
0.0656798705458641
-0.22613750398159027
-0.4470418393611908
-0.5450513362884521
0.3893301486968994
-0.48575326800346375
0.3656235933303833
-0.3082871735095978
0.07835642993450165
-0.37360307574272156
0.05977538600564003
0.11865437030792236
-0.013023721985518932
-0.21338413655757904
0.02026813104748726
0.058308668434619904
0.28406843543052673
-0.26452136039733887
0.3840075731277466
-0.27897417545318604
0.13800083100795746
-0.05910889804363251
-0.4787958860397339
-0.6178056597709656
0.08668005466461182
-0.4961721897125244
-0.19116900861263275
-0.5397304892539978
1.9828768968582153
0.09875688701868057
0.20599927008152008
-1.3880062103271484
0.35641762614250183
0.2840896546840668
1.3855613470077515
0.9404881000518799
-0.08137711137533188
-0.07876665890216827
0.5011933445930481
-0.866230845451355
1.9833098649978638
-1.9760289192199707
-1.8667211532592773
-1.9805234670639038
-1.980931043624878
-1.295048713684082
-1.3156849145889282
-1.6230462789535522
-1.2397598028182983
-0.0060989996418356895
-0.05231465771794319
0.2577962875366211
-0.36752668023109436
0.26545050740242004
-0.5017989873886108
-0.45485883951187134
-0.5285173654556274
-0.3777392506599426
-0.42130783200263977
0.3338387906551361
-0.40527471899986267
-0.2033592313528061
-0.4913611114025116
-0.1966974139213562
-0.7342002987861633
-0.2966845631599426
-0.4359615743160248
-0.12473959475755692
-0.39059874415397644
-0.15111009776592255
-0.5655872225761414
-0.33254000544548035
-0.46446114778518677
-0.20970870554447174
-0.5785946846008301
-0.08722348511219025
-0.6005626320838928
-0.18345670402050018
-0.3296857178211212
-0.05613209679722786
-0.41059720516204834
-0.1505424976348877
-0.558427095413208
-0.6714054942131042
-0.8151564002037048
-0.29732468724250793
0.36019718647003174
-1.3293689489364624
-0.04613351449370384
-1.9826205968856812
-0.004148891661316156
0.09391005337238312
-0.07499993592500687
-1.9843074083328247
0.07972928136587143
-0.2045714110136032
-0.6415300369262695
0.004077646881341934
0.18942686915397644
0.06826311349868774
-0.11418946087360382
-0.1234472319483757
0.016212744638323784
0.02801203913986683
0.19648638367652893
-0.04428033530712128
-0.25697869062423706
-0.17662827670574188
-0.2059248387813568
-0.291978657245636
0.04827306047081947
-0.01274704560637474
-0.0747048556804657
-0.007521411869674921
0.155506893992424
-0.08028475940227509
0.13220228254795074
0.02746843919157982
0.056983832269907
-0.11287523806095123
0.06176527217030525
-0.08285092562437057
0.02541683241724968
0.15645799040794373
0.07136500626802444
0.02523230016231537
-0.05406414344906807
-0.12720604240894318
-0.019826648756861687
-0.05542147159576416
0.10402820259332657
-0.0696154534816742
0.07198219746351242
-0.037689320743083954
-0.0106692248955369
0.055768951773643494
0.07384016364812851
0.011752273887395859
-0.022832823917269707
-0.19876012206077576
0.06750086694955826
-0.08914133161306381
0.03332708775997162
-0.06712207943201065
0.18189159035682678
0.06318040192127228
-0.004829674493521452
-1.5713541507720947
0.014740914106369019
-0.12917937338352203
-0.08109527826309204
0.04450809955596924
-0.05755700543522835
0.15274691581726074
0.5505486726760864
-0.0537867397069931
-0.2761000990867615
0.07072150707244873
0.3401321768760681
-0.1771131455898285
-0.10417541861534119
0.1963992714881897
0.0647766962647438
0.03042631782591343
-0.017878873273730278
-0.02292023040354252
-0.07101088762283325
-0.09011289477348328
0.019599419087171555
0.060914296656847
-0.12565547227859497
-0.11209695041179657
-0.17288394272327423
0.1675802320241928
0.05571407079696655
0.055836908519268036
0.1022028997540474
0.07599853724241257
0.14150363206863403
0.055584266781806946
0.1616261899471283
0.2055811583995819
0.08826151490211487
0.15958786010742188
0.05344116687774658
0.19683758914470673
0.14523175358772278
0.20167367160320282
0.18975846469402313
0.17285116016864777
0.04396131634712219
0.13639014959335327
0.11781027168035507
0.1794264167547226
0.10148828476667404
0.192060649394989
0.13706006109714508
0.14010168612003326
0.07808806747198105
0.0550546832382679
0.06582018733024597
0.05242843180894852
0.036421384662389755
0.22260108590126038
0.1825789511203766
-0.11270661652088165
-0.056731030344963074
1.7170878648757935
-0.18234507739543915
0.23202337324619293
0.033658821135759354
0.05733407288789749
-0.0076010203920304775
-0.3622113764286041
-0.18527846038341522
-0.05423903092741966
0.05860846862196922
0.04759250208735466
0.005769038572907448
-0.03018740378320217
0.07629968971014023
0.06340489536523819
0.0464077889919281
0.03504474088549614
0.07199500501155853
0.057641301304101944
0.030845263972878456
0.06713356077671051
0.046585772186517715
-0.026157531887292862
-0.029466576874256134
0.028047258034348488
0.013820762746036053
0.3119768798351288
0.12014878541231155
0.14978092908859253
0.2925819456577301
0.29280874133110046
0.19870369136333466
0.3122377097606659
0.14288003742694855
0.13683216273784637
0.16854295134544373
0.11778263747692108
0.22609058022499084
0.2147442251443863
0.15321671962738037
0.1853429526090622
0.18976926803588867
0.17391929030418396
0.2228582203388214
0.1284661442041397
0.15950123965740204
0.18055836856365204
0.23135139048099518
0.3071313798427582
0.17412647604942322
0.2563868761062622
0.12600331008434296
0.19010406732559204
0.12735576927661896
0.13060422241687775
0.10692594200372696
0.14286722242832184
0.2450239360332489
0.20448577404022217
-1.6497811079025269
-0.10391262173652649
-0.14721758663654327
-0.1638176143169403
-0.016380643472075462
0.1370118260383606
0.12735049426555634
-1.033576488494873
-0.013121247291564941
0.011647478677332401
-0.06513341516256332
-0.6364244818687439
-0.003405641531571746
0.08329842984676361
0.010466331616044044
0.040450725704431534
0.014482470229268074
0.13204263150691986
0.09402933716773987
0.0644892007112503
0.06313144415616989
0.11037994176149368
0.06417539715766907
0.07810714095830917
0.04466627910733223
-0.8336590528488159
-1.1377642154693604
-0.7605395913124084
1.0418444871902466
1.9838606119155884
1.7408844232559204
-0.559749960899353
-0.9634791016578674
-1.2442775964736938
-1.2924814224243164
-1.6493384838104248
-1.595114827156067
-0.5768181681632996
1.3970682621002197
1.9084210395812988
1.8112616539001465
-0.43102607131004333
-0.9935270547866821
-0.4351869821548462
-0.5472015142440796
-0.6829553246498108
1.3281606435775757
1.429429292678833
0.903123140335083
-1.114603042602539
1.983418345451355
-0.7818146347999573
-0.862548291683197
-1.2582861185073853
-0.8002634644508362
-0.6831247210502625
1.9838937520980835
1.9830119609832764
-0.00833830051124096
0.05586782097816467
-0.2130662500858307
1.9827486276626587
-0.11392055451869965
-0.6487666368484497
1.6329503059387207
-0.4884548485279083
-0.2758069634437561
-0.9076059460639954
1.7340636253356934
0.08079198747873306
-0.3376646935939789
0.11912839114665985
-0.886606752872467
-0.2496122419834137
0.18973417580127716
-0.3486999571323395
-0.565123438835144
-0.25616055727005005
0.019481653347611427
0.0941837802529335
0.06949745863676071
-0.15611125528812408
-0.3326106369495392
-0.19497649371623993
0.6603929996490479
-0.07985913008451462
0.6661012172698975
-1.4454110860824585
-0.8461654186248779
0.43856561183929443
0.4329153597354889
0.022169867530465126
-0.7374955415725708
0.05455426871776581
-0.7343162298202515
0.30780261754989624
-0.625991940498352
-0.041882723569869995
-0.26274338364601135
0.31997889280319214
0.3475395739078522
0.4628017842769623
0.2444509118795395
-0.15860283374786377
0.1910979300737381
0.12651053071022034
0.23423628509044647
0.7968472242355347
0.444140762090683
0.16400134563446045
-0.04016339033842087
-0.2248024344444275
-0.4666218161582947
-0.4776996374130249
-0.7667991518974304
-0.9785584807395935
-0.4627664387226105
-0.5289511680603027
-0.18020901083946228
1.9815207719802856
-0.26726922392845154
-0.8516344428062439
-0.5833808183670044
1.2095028162002563
-0.011906936764717102
1.2640830278396606
-0.5967661738395691
-0.024048401042819023
0.3650418519973755
-0.4772500693798065
0.6135833263397217
-0.7347671389579773
0.5398313403129578
0.9547105431556702
0.007273269351571798
-0.6546487808227539
0.23580975830554962
-0.08812078088521957
-0.3562012016773224
-0.14615178108215332
0.7060472965240479
0.8063465356826782
-0.18491783738136292
0.3552817106246948
-0.3383241891860962
0.23873558640480042
0.5646474957466125
0.27053192257881165
0.6260439157485962
0.541947066783905
0.744594395160675
0.6604241132736206
0.4939230978488922
0.24915413558483124
0.28224891424179077
-0.27405431866645813
0.07879582047462463
-0.3725993037223816
0.5119560956954956
-0.1773211508989334
0.7392726540565491
0.2668922543525696
0.599513053894043
0.10236857831478119
0.19640666246414185
-0.10431785881519318
0.3398531973361969
0.17918656766414642
0.8669248819351196
0.07400522381067276
0.06758231669664383
0.3211154043674469
0.0983581617474556
-0.3485018014907837
0.44133713841438293
0.48917365074157715
0.8095479011535645
0.26103442907333374
1.0243737697601318
-1.9842008352279663
-0.28806158900260925
-0.07058446109294891
-0.02356250211596489
-0.04787523299455643
-0.0026270223315805197
0.10734571516513824
0.03148837387561798
-0.03370213508605957
0.03818979114294052
0.05422046408057213
0.041737571358680725
0.052932191640138626
0.05974579602479935
0.15507936477661133
0.046089570969343185
0.05194509029388428
0.038700319826602936
0.13821640610694885
0.14146791398525238
-0.014950820244848728
0.12223326414823532
0.015024557709693909
0.014539514668285847
-0.024578090757131577
0.012162355706095695
-0.13461053371429443
-0.15674714744091034
-0.23400582373142242
-0.09894200414419174
-0.10760529339313507
-0.09156285971403122
-0.22823049128055573
-0.09303431957960129
-0.09943869709968567
-0.19734801352024078
-0.15919458866119385
-0.14416706562042236
-0.05562414228916168
-0.07071813195943832
-0.16646146774291992
-0.08297354727983475
-0.11562845855951309
-0.16101783514022827
-0.14235450327396393
-0.10253681987524033
-0.06908221542835236
-0.1410922408103943
-0.14880654215812683
-0.14884653687477112
-0.08654232323169708
-0.08090751618146896
-0.14139020442962646
-0.13925419747829437
-0.16732345521450043
-0.13795052468776703
-0.13588160276412964
-0.13139206171035767
-0.025962401181459427
-1.9180479049682617
0.18787911534309387
-0.10933878272771835
-0.0421530082821846
0.010088915936648846
-0.16966934502124786
0.004635126329958439
-0.1348809152841568
0.04708973318338394
-0.08808793872594833
0.03127171844244003
-0.6969767212867737
0.07923436909914017
0.18515874445438385
0.06230027601122856
0.022473575547337532
0.07577621191740036
-0.021012671291828156
-0.045896194875240326
-0.04565710201859474
0.13113856315612793
0.0504935085773468
0.04180896654725075
-0.0163759496062994
-0.03890024498105049
0.959055483341217
1.5060557126998901
1.296609878540039
1.107627034187317
1.0934168100357056
-1.9841338396072388
-1.9838451147079468
-1.1491104364395142
1.7320514917373657
1.401220440864563
0.980511486530304
1.3384865522384644
1.0026659965515137
1.3928033113479614
1.1698272228240967
1.4283355474472046
1.055317997932434
1.641168475151062
1.2559877634048462
1.9411029815673828
1.2816503047943115
1.6470177173614502
0.9880528450012207
1.4181820154190063
1.0191761255264282
-1.6282265186309814
-1.8759278059005737
-1.0816549062728882
1.1834938526153564
1.9824892282485962
1.9292597770690918
1.5845340490341187
0.7245957851409912
-0.0455678328871727
-0.018205517902970314
-0.13943327963352203
-0.07892056554555893
-0.03328623250126839
0.04551040753722191
0.08026909828186035
0.04467644914984703
-0.09105213731527328
0.05250301957130432
0.04036008194088936
-0.040820494294166565
-0.027710558846592903
0.031441573053598404
0.02703520469367504
-0.020841095596551895
0.04974940046668053
0.0201064795255661
0.001848945626989007
-0.017411625012755394
-0.0826416164636612
0.09046443551778793
-0.05676853656768799
-0.06906304508447647
-0.030054034665226936
-0.028779108077287674
0.06518451869487762
-0.090667225420475
0.016085103154182434
0.054187990725040436
-0.02553764544427395
-0.058109357953071594
-0.035866301506757736
-0.033827513456344604
0.049064189195632935
-0.013153167441487312
0.08204452693462372
-0.06295645236968994
0.029597217217087746
0.013343648053705692
-0.04212428629398346
0.0790875107049942
-0.039416342973709106
0.06782207638025284
-0.08110255002975464
-0.06026463583111763
-0.04078061878681183
0.053911712020635605
0.03403789922595024
-0.00869307667016983
-0.0268692746758461
-0.05525834485888481
-0.029463043436408043
-0.0608430914580822
-0.05724911391735077
-0.02432798035442829
-0.03899123892188072
-0.044057831168174744
0.01438154000788927
0.06947159767150879
0.02402358502149582
0.015005303546786308
-0.09039711207151413
0.044851724058389664
-0.07232793420553207
0.05468026176095009
0.06543421745300293
0.03694317489862442
-0.0760234147310257
0.05624793469905853
-0.08786685019731522
0.030561329796910286
0.03472961485385895
0.05668748542666435
-0.062439754605293274
0.031060747802257538
-0.05575016885995865
0.07773344963788986
-0.030765626579523087
-0.001511656097136438
-0.022684207186102867
-0.04610671103000641
0.058442533016204834
-0.07017871737480164
0.01135239191353321
-0.028772003948688507
0.02251404896378517
0.07840560376644135
-0.03967246040701866
0.01975829526782036
0.02570958435535431
0.0338735356926918
0.0026226667687296867
-0.08430764079093933
0.046279177069664
0.037093549966812134
-0.017040861770510674
-0.06697310507297516
-0.07290124148130417
-0.0037553792353719473
-0.02364416792988777
0.0446104034781456
-0.09326120465993881
-0.08996214717626572
-0.0645492821931839
-0.07194254547357559
-0.07809241861104965
0.062450848519802094
-0.06647959351539612
0.03829333558678627
-0.09273233264684677
0.0009911631932482123
0.055749066174030304
-0.02557820826768875
-0.019842658191919327
0.03617643192410469
-0.06281117349863052
0.03514484316110611
-0.014983102679252625
0.04472896829247475
-0.01782921329140663
0.07868283987045288
1.9799433946609497
-0.2220098376274109
-1.2727172374725342
1.3551310300827026
-1.9820427894592285
-1.2486615180969238
-0.27985188364982605
0.3123805522918701
-0.06314731389284134
0.09107024222612381
0.11562178283929825
-1.984046220779419
0.7934179902076721
0.8128628134727478
0.792039692401886
0.812052845954895
0.8207507133483887
0.7885326147079468
0.7955441474914551
0.7915775179862976
0.7954511046409607
-0.19870249927043915
-0.00814663153141737
0.024776572361588478
0.0008071187767200172
0.8584601879119873
1.1584193706512451
0.30358457565307617
0.10083536803722382
-0.02130475454032421
-0.3716968297958374
-1.7377727031707764
-0.8886160850524902
0.809481680393219
0.352448970079422
-0.040691979229450226
1.2800343036651611
0.2567347288131714
-0.6198683381080627
-1.2868980169296265
-0.40425804257392883
-0.3045327365398407
-0.8383477330207825
-1.3507531881332397
-0.35275089740753174
0.001453255768865347
0.3164977431297302
-0.06715615093708038
1.4703092575073242
0.6819772124290466
-0.3816785216331482
-1.7289025783538818
-1.0924774408340454
0.934107780456543
1.5791501998901367
0.24113693833351135
0.3722279667854309
0.10608429461717606
1.9400050640106201
0.9768860340118408
-0.35905635356903076
-1.9701989889144897
-0.00029905702103860676
0.740527331829071
-0.6267668604850769
0.46711620688438416
0.07118586450815201
0.16940081119537354
0.14349685609340668
0.12045159935951233
0.928330659866333
0.8599272966384888
0.8882166743278503
0.8784202933311462
0.8844414949417114
0.8648707270622253
0.8847644329071045
0.8882482051849365
0.8760638236999512
-0.03794242441654205
0.5122413635253906
0.03513273969292641
0.004202504642307758
1.3825451135635376
0.4924693703651428
0.14470809698104858
0.4512566030025482
0.39191338419914246
0.3503442406654358
0.5262001752853394
0.49300795793533325
0.4870164096355438
0.47436776757240295
0.43690377473831177
0.5275556445121765
0.29594364762306213
0.38438883423805237
0.21056802570819855
0.5417325496673584
0.2721405327320099
0.47892507910728455
0.12451386451721191
0.5272234678268433
0.513035237789154
0.4467686116695404
0.3071519434452057
0.4484940767288208
0.2643713653087616
0.3342052698135376
0.5766463279724121
0.553720235824585
0.5157499313354492
0.6048538088798523
0.29889237880706787
0.46380192041397095
0.40601229667663574
0.023283304646611214
-1.9843206405639648
-1.9839582443237305
-1.9832918643951416
-0.959331214427948
-0.07418828457593918
-1.606039047241211
0.2356579601764679
0.9575004577636719
1.113441824913025
-0.07696480304002762
-0.07873168587684631
-0.048511601984500885
0.09945482760667801
0.5546168684959412
0.19865618646144867
0.23260924220085144
-0.057056814432144165
0.24199850857257843
0.2194390892982483
-0.03270341455936432
-0.09186408668756485
-0.0890154242515564
-0.18291574716567993
0.12446388602256775
0.13093338906764984
0.14506720006465912
-0.06842853873968124
-0.40123632550239563
-0.32320526242256165
-0.3128908574581146
-0.14733384549617767
-0.05002913624048233
-0.32468339800834656
-0.25071612000465393
-0.39713698625564575
-0.05145614966750145
-0.09972171485424042
-0.25587835907936096
-0.038740888237953186
0.0014089130563661456
-0.2410469502210617
-0.012996012344956398
-0.2691258192062378
-0.05354313552379608
-0.2230507731437683
-0.0740419253706932
-0.25453200936317444
-0.14981462061405182
-0.23337098956108093
-0.23512046039104462
-0.11296849697828293
0.026519805192947388
-0.3703787624835968
-0.24833251535892487
-0.3322111964225769
-0.35802072286605835
-0.2873741388320923
-0.2764900326728821
-0.06303597241640091
-0.09280037879943848
-1.9809125661849976
-0.8595737218856812
-0.6953300833702087
-0.1486988514661789
0.6677192449569702
1.8345141410827637
-0.6598618626594543
-1.127676010131836
0.07124152034521103
0.012889404781162739
-0.14990295469760895
-0.4187300503253937
-0.023573052138090134
0.28437402844429016
0.179723858833313
0.14437095820903778
0.0005398762295953929
0.004270350094884634
-0.008723513223230839
0.17130586504936218
-0.006102864630520344
0.2937535345554352
0.41343173384666443
-0.030925938859581947
0.07979844510555267
-1.239274024963379
0.7226932644844055
1.5837128162384033
0.4047740697860718
1.1556683778762817
0.3113454580307007
1.1701868772506714
0.1941261738538742
1.0955076217651367
0.5237569212913513
0.9196505546569824
0.5513574481010437
0.7963252663612366
0.516852617263794
0.9465876817703247
0.5013170838356018
1.1299893856048584
0.4786580801010132
1.153932809829712
0.7994968891143799
1.5919280052185059
0.9662429094314575
1.5941795110702515
0.5763363242149353
1.1627016067504883
0.3917783498764038
0.7918193340301514
0.4143248200416565
0.9183177947998047
0.26957982778549194
0.9518359303474426
0.5391596555709839
1.0302988290786743
0.052153512835502625
0.3361136019229889
1.9840319156646729
-1.982299566268921
0.05637487769126892
-0.17435511946678162
-0.2879643142223358
-0.7037470936775208
0.18673285841941833
1.1402270793914795
-1.9155833721160889
-0.08163774758577347
-0.4663292467594147
0.3847009837627411
-1.0216997861862183
0.4773392081260681
-0.3026581406593323
-0.404920756816864
-1.0569175481796265
-1.4828799962997437
0.29056835174560547
0.6622605323791504
0.04514572396874428
0.12192520499229431
-0.04153667017817497
0.06775898486375809
0.15016405284404755
-0.09177432209253311
-1.9842220544815063
0.6023632287979126
-0.9164038300514221
-0.36871999502182007
-0.49300628900527954
0.3251003921031952
-0.8402560949325562
0.06006903946399689
0.3230707049369812
0.12638059258460999
0.024628128856420517
0.756841242313385
-0.4217466711997986
0.028375869616866112
-0.5787687301635742
-0.1408490240573883
0.19119380414485931
0.9481098055839539
-0.6688827276229858
0.513451337814331
-0.8400596380233765
-0.49108681082725525
-0.9561989903450012
0.5125181674957275
-0.26941972970962524
0.20265746116638184
-1.2200382947921753
0.15014325082302094
-0.74885493516922
-0.0507330596446991
-0.8127610683441162
0.2474953830242157
-0.329997181892395
-1.9806013107299805
-0.531882107257843
-0.5176882147789001
1.1077228784561157
0.14172834157943726
-0.24628828465938568
-1.1537556648254395
1.0783355236053467
-0.08721888810396194
0.03639611601829529
0.11196260899305344
-0.45642027258872986
-0.315967321395874
0.3961739242076874
0.42097291350364685
-0.3273363411426544
-0.1506761610507965
0.2764075696468353
0.12170448899269104
-0.16192904114723206
0.37399810552597046
0.2618864178657532
0.46292370557785034
-0.4238092303276062
0.07054877281188965
-0.29972076416015625
-0.837880551815033
-0.560308039188385
-0.7861642837524414
-0.5784733295440674
-0.4275006949901581
-0.7492261528968811
-1.1302680969238281
-0.761742115020752
-0.5418141484260559
0.005226499401032925
-0.3288514018058777
-0.043620530515909195
-0.09708652645349503
-0.349863737821579
-0.33421093225479126
0.01776026375591755
-0.02875908464193344
-0.32316768169403076
-0.014684613794088364
-0.5478947758674622
-0.6824193596839905
-0.546151876449585
-0.24759410321712494
-0.0721285417675972
-0.26621443033218384
-0.41940173506736755
-0.7027304768562317
-0.9305071830749512
-1.1056747436523438
-0.4248177409172058
-0.7679776549339294
-0.3452921211719513
0.16783407330513
-0.3114236295223236
1.984273910522461
-5.576506373472512e-05
-0.03908252343535423
-0.023503899574279785
0.04116535559296608
-0.08076078444719315
-0.07612896710634232
-0.06687986850738525
0.07537589222192764
0.0725538432598114
-0.024974845349788666
0.05680166929960251
-0.06112009659409523
0.04610040783882141
-0.05771381035447121
0.06249837949872017
-0.07051537185907364
0.014293014071881771
-0.06775512546300888
-0.08107400685548782
-0.07182015478610992
-0.03606240078806877
-0.046082962304353714
0.01615094766020775
0.054744165390729904
0.07982391864061356
0.05770176649093628
-0.04343477264046669
-0.08625318109989166
-0.054883554577827454
-0.031140785664319992
-0.019123613834381104
-0.09809644520282745
0.04883169010281563
-0.047322239726781845
0.04466169700026512
-0.032281506806612015
0.012759868055582047
-0.05690500885248184
-0.06542021036148071
0.0684145912528038
-0.0033779216464608908
0.04710693284869194
-0.02984555810689926
0.052891962230205536
0.07752472162246704
-0.04650374874472618
-0.026713896542787552
0.08429783582687378
-0.04551601782441139
0.04840787872672081
-0.06093492731451988
0.07028939574956894
-0.0899706780910492
0.007947709411382675
-0.04943599924445152
0.013598567806184292
0.0780026838183403
0.02898762747645378
0.009060199372470379
-0.10450349748134613
-0.04569254070520401
0.0040426128543913364
0.03688470646739006
0.015764715149998665
0.018988028168678284
-0.013602862134575844
-0.07445651292800903
-0.0635090172290802
0.02044990286231041
0.06938508152961731
-0.059544872492551804
0.01517533976584673
0.04174145311117172
-0.018945716321468353
0.0015626735985279083
-0.0010794589761644602
0.08304895460605621
-0.04497619718313217
-0.01496248971670866
0.031370609998703
-0.01862969994544983
0.08306929469108582
-0.03818327188491821
-0.039928462356328964
-0.09269285947084427
0.05093899741768837
-0.0856609046459198
-0.017771948128938675
0.001978605519980192
0.0524403341114521
0.05299781262874603
-0.04171375557780266
-0.0395691953599453
0.07279480993747711
-0.013754655607044697
0.03410493955016136
-0.01221400871872902
0.04310515895485878
-0.02844211831688881
-0.008145111612975597
0.05834992974996567
0.07621138542890549
-0.04113255813717842
0.06549587845802307
-0.03740163892507553
0.034993138164281845
-0.006902107037603855
0.07035157084465027
-0.07159266620874405
0.03954674303531647
0.04242275655269623
0.038590386509895325
0.03838524967432022
0.023522529751062393
0.03622043877840042
-0.03369959443807602
-0.05891867354512215
-0.07337155938148499
-0.017289426177740097
-0.16649024188518524
0.43986204266548157
0.07179755717515945
0.1755155473947525
-1.984375
0.14699532091617584
-0.3874834179878235
-1.9614005088806152
0.009517466649413109
0.2557987570762634
-0.62420654296875
-1.228774905204773
0.9140872955322266
1.7699122428894043
-0.0891694575548172
1.2575703859329224
-1.1770761013031006
-0.6615397334098816
-1.6769548654556274
-1.2897485494613647
-1.3479338884353638
-0.2865769565105438
0.04931756854057312
-0.053479500114917755
-0.4350767731666565
0.15995347499847412
-1.0186169147491455
-1.602187991142273
0.3089388608932495
-0.6110930442810059
-0.5025693774223328
-1.8426483869552612
-0.6879399418830872
-0.26068153977394104
-0.9827266335487366
-0.8760515451431274
-1.3743823766708374
-0.5265851616859436
-0.8975251317024231
-1.8386902809143066
-1.3924648761749268
-0.16693924367427826
-0.6651092767715454
-1.749831199645996
-1.1632150411605835
-0.1820513755083084
-0.978665828704834
-1.0853779315948486
-1.4906816482543945
0.1227424368262291
-0.8616669178009033
-1.9646068811416626
-0.9174477458000183
-0.017600668594241142
-0.9643006920814514
-1.9331353902816772
-0.015205164439976215
-0.5003031492233276
-0.9498282670974731
0.3801535964012146
0.2112150639295578
0.5849604606628418
-1.8656227588653564
-0.05100610479712486
-0.2325209081172943
1.9667549133300781
-0.0040733302012085915
-0.30955949425697327
0.39798444509506226
0.27587684988975525
0.3079606592655182
1.3494312763214111
1.6183521747589111
0.8009780049324036
0.8289701342582703
-0.6612250804901123
-1.1069025993347168
-0.8899927735328674
-0.9682992696762085
-0.2940737307071686
-0.015582368709146976
-0.032366182655096054
-0.21539367735385895
-0.3971969485282898
-1.3758151531219482
-0.5750513672828674
-0.3431537449359894
-0.7610876560211182
-1.2965896129608154
0.2739609479904175
-0.7671442031860352
-1.2813886404037476
-0.5444932579994202
-0.26726144552230835
-0.7309967279434204
-0.7000213861465454
-0.7006688117980957
-0.1707363724708557
-0.5782427787780762
-0.3043898344039917
-0.6513735055923462
-0.5091089010238647
-0.7813494801521301
-0.4534570574760437
-0.6987918019294739
-0.3634697198867798
-0.8703723549842834
-0.2482084333896637
-1.46414315700531
0.33751150965690613
-0.9654844999313354
-1.4201256036758423
-1.2727370262145996
-0.20102214813232422
-0.3639950156211853
-0.4183311462402344
0.6722525954246521
-1.3040510416030884
-1.9829603433609009
-1.984375
0.01753232628107071
-0.049738455563783646
1.816203236579895
0.8002336621284485
-0.04818716645240784
-0.1128825917840004
0.02153168059885502
0.005193701945245266
0.08497889339923859
0.11923093348741531
0.22465498745441437
-0.11545360833406448
-0.12442897260189056
-0.08952295035123825
-0.18537254631519318
-0.10513169318437576
-0.08140753209590912
-0.14582329988479614
-0.10424799472093582
-0.10915052890777588
0.04272180423140526
0.05675891786813736
-0.08614969253540039
-0.015991879627108574
-0.11103128641843796
-0.06257713586091995
-0.05818480998277664
-0.11629634350538254
-0.12040463835000992
-0.1702040135860443
-0.12960076332092285
-0.12803705036640167
-0.08727172762155533
-0.11769479513168335
-0.06490232795476913
-0.17455196380615234
-0.13845700025558472
-0.15297119319438934
-0.07967156171798706
-0.14558203518390656
-0.08206760883331299
-0.15355998277664185
-0.07284042239189148
-0.1597176343202591
-0.09525787830352783
-0.11529368162155151
-0.08521309494972229
-0.1823187917470932
-0.07601794600486755
-0.12977126240730286
-0.15200175344944
-0.09205887466669083
-0.08134926110506058
-0.06450444459915161
-0.10058990865945816
-0.10297678411006927
-0.1166352704167366
1.9841241836547852
-0.056671202182769775
0.058339137583971024
-1.9826116561889648
-0.5206995010375977
-0.050555817782878876
-0.15994933247566223
-0.12867996096611023
0.015428016893565655
0.10351121425628662
0.13824836909770966
0.10441113263368607
-0.10064106434583664
-0.06031329184770584
-0.1616281121969223
-0.09724385291337967
-0.11182070523500443
-0.08066342771053314
-0.10988746583461761
-0.08672026544809341
-0.06544799357652664
-0.004588438663631678
-0.029257498681545258
-0.03766465187072754
0.009305606596171856
-0.043128568679094315
-0.1825830489397049
-0.19377200305461884
-0.12070946395397186
-0.14925457537174225
-0.14448541402816772
-0.21392495930194855
-0.15036559104919434
-0.12438244372606277
-0.1649361252784729
-0.1887805014848709
-0.189107283949852
-0.17687784135341644
-0.16812297701835632
-0.19361186027526855
-0.2059181183576584
-0.10792697966098785
-0.16587308049201965
-0.13883528113365173
-0.1916736513376236
-0.1455956995487213
-0.1699828952550888
-0.16862794756889343
-0.18823112547397614
-0.16255240142345428
-0.13912707567214966
-0.2262893170118332
-0.12129703164100647
-0.18190447986125946
-0.18983563780784607
-0.2097548097372055
-0.16260169446468353
-0.20692166686058044
0.12037564814090729
0.015430612489581108
-1.551856279373169
-0.05923550948500633
-0.05302486568689346
-0.005564975086599588
-0.03202849626541138
0.03078818880021572
-0.05242174491286278
-0.041091300547122955
0.056120581924915314
0.033682458102703094
-0.03335312381386757
-0.041826751083135605
-0.09025730192661285
0.06987600028514862
-0.0587848462164402
-0.03202778846025467
-0.05044766515493393
-0.00031411234522238374
0.07140033692121506
-0.08811964839696884
0.03172147646546364
0.01694304682314396
0.01025487296283245
-0.0016149894800037146
-0.05822211876511574
-0.06194636598229408
-0.05639231577515602
-0.022950412705540657
-0.030908051878213882
-0.04840182140469551
-0.07415634393692017
0.041044436395168304
0.032295677810907364
0.017466114833950996
-0.06918168812990189
-0.0050324019975960255
-0.043062254786491394
-0.031229393556714058
0.048169415444135666
0.004964147694408894
-0.08908753097057343
0.0559050552546978
-0.0007796862628310919
0.021929670125246048
0.07055655121803284
-0.08727976679801941
-0.10010185837745667
0.07585679739713669
-0.07222013175487518
0.040525905787944794
0.052160296589136124
-0.027936656028032303
0.047136399894952774
0.03812814876437187
0.018727291375398636
0.0576520599424839
-0.08082644641399384
0.059959542006254196
-0.03383871540427208
-0.03485474735498428
-0.030982447788119316
0.026465244591236115
-0.05046818032860756
0.06557154655456543
-0.005902191624045372
-0.007269455119967461
-0.03643752261996269
-0.02863912470638752
-0.0911019966006279
-0.02097821794450283
-0.021063029766082764
0.04116347059607506
-0.07936356216669083
0.060981713235378265
0.004261750262230635
0.07402459532022476
-0.04019814357161522
-5.835953197674826e-05
0.057416196912527084
0.06075476482510567
-0.04224833473563194
0.06882814317941666
0.0762377455830574
-0.08197544515132904
-0.0936780795454979
0.06948918849229813
0.0031778726261109114
-0.05981684476137161
0.021680528298020363
-0.09764265269041061
-0.0184556283056736
0.06432244926691055
0.07105164229869843
-0.015088578686118126
-0.030442213639616966
-0.08514098078012466
-0.002056363970041275
-0.0027084529865533113
-0.05574402958154678
0.058309998363256454
-0.08258770406246185
0.019755613058805466
5.925534060224891e-05
0.014798788353800774
-0.007020475342869759
-0.06534397602081299
0.02936486527323723
-0.06291449069976807
-0.022751810029149055
-0.05046004801988602
-0.0988079085946083
0.025794973596930504
0.04744785279035568
-0.04247959703207016
0.013834928162395954
-0.049186822026968
-0.009930090978741646
-0.029054297134280205
-0.04674345999956131
-0.012926843948662281
1.983855128288269
0.02880231663584709
-0.5002021193504333
-1.3616019487380981
-1.9820563793182373
-0.06285859644412994
0.07112360000610352
1.9842349290847778
-0.08749173581600189
0.34588536620140076
0.40076008439064026
-0.09207320213317871
1.041519284248352
1.0905296802520752
1.0970243215560913
1.0766687393188477
1.0906542539596558
1.0971691608428955
1.0900616645812988
1.0665085315704346
1.0748335123062134
-1.8948191404342651
0.7240414023399353
-0.013373597525060177
-0.006198132410645485
0.3475395739078522
0.7335020899772644
0.5638338327407837
0.6162921190261841
0.48613059520721436
0.19204628467559814
0.4106844663619995
0.6731149554252625
0.9030061364173889
0.7822690010070801
0.7429714798927307
0.20504863560199738
1.1789956092834473
0.41739708185195923
0.7242927551269531
0.46680307388305664
0.3837883174419403
0.48818910121917725
0.808824896812439
0.4814581573009491
0.3943522274494171
0.7566256523132324
0.8648251295089722
0.17215202748775482
1.2418608665466309
0.1981654167175293
0.4288831949234009
0.6769300699234009
0.8661801815032959
0.6652712225914001
0.6749970316886902
0.7153052687644958
0.5413020849227905
-1.984316110610962
-0.18866144120693207
-0.29727306962013245
1.1286669969558716
0.5976588129997253
0.22650031745433807
0.5036035180091858
-1.3262845277786255
-0.05603150650858879
0.24933268129825592
0.3033372163772583
0.34924328327178955
0.9551098942756653
0.9497399926185608
0.9463666677474976
0.952298104763031
0.9441120028495789
0.9425004720687866
0.9345775246620178
0.9374852776527405
0.9315088987350464
0.9704684019088745
-0.7884731888771057
-0.0037353956140577793
-0.018044814467430115
-0.2733757793903351
0.3138636648654938
0.32158032059669495
0.34287700057029724
0.3355184495449066
0.24657291173934937
0.20539897680282593
0.3156990110874176
0.31021812558174133
0.34941866993904114
0.2540114223957062
0.3158192038536072
0.3236108720302582
0.28386616706848145
0.30453506112098694
0.29798024892807007
0.27966025471687317
0.26979729533195496
0.27909576892852783
0.2691173255443573
0.26548364758491516
0.29006096720695496
0.2625628113746643
0.27433329820632935
0.2616255581378937
0.23967158794403076
0.31719163060188293
0.2748623490333557
0.3397243320941925
0.28078991174697876
0.30382364988327026
0.2771785259246826
0.34390199184417725
0.050476785749197006
-1.9342554807662964
1.9843367338180542
0.06031045690178871
0.04843834415078163
0.03468955308198929
-0.053448982536792755
-0.04276898130774498
-0.07979335635900497
0.07512708008289337
-0.07486631721258163
-0.08261922001838684
-0.02163095399737358
-0.09009871631860733
-0.03660859912633896
-0.048731833696365356
0.05126006901264191
-0.02004050835967064
-0.0868593230843544
-0.08049611747264862
-0.004465860314667225
0.044794436544179916
0.002933211624622345
-0.048530541360378265
0.0018305758712813258
-0.07687801122665405
-0.03545931354165077
0.050307124853134155
-0.020237768068909645
-0.04433375969529152
0.06194980442523956
0.048986420035362244
0.040498699992895126
-0.025641830638051033
0.036142732948064804
0.026895839720964432
0.08946995437145233
-0.041616689413785934
0.009707470424473286
-0.04828803986310959
0.03509712964296341
0.06411650776863098
-0.019193453714251518
-0.022231988608837128
0.03137460723519325
0.04249458387494087
0.02453920617699623
0.008370069786906242
-0.001826434163376689
-0.022197728976607323
0.010042290203273296
-0.029194742441177368
-0.0048698317259550095
0.06162947416305542
-0.0104723135009408
-0.07077814638614655
-0.046797990798950195
-0.00702346907928586
0.03649408742785454
0.0483308881521225
-0.025471126660704613
0.0507214330136776
0.004023542627692223
-0.08409149199724197
-0.01417533028870821
0.0876091942191124
0.0854150578379631
-0.0061865453608334064
-0.06494972109794617
0.052305299788713455
-0.05462076887488365
0.006566202268004417
0.052056897431612015
0.029377270489931107
-0.07207796722650528
0.051004357635974884
-0.055211979895830154
0.04662330821156502
-0.05850493907928467
-0.07409585267305374
-0.0007321254233829677
-0.0185634046792984
0.08236879855394363
-0.03059246391057968
0.08845892548561096
-0.027574658393859863
-0.06520501524209976
-0.023819636553525925
-0.014294357039034367
0.01904168725013733
-0.03044343926012516
-0.025291165336966515
-0.08011218905448914
0.02343662455677986
0.034701649099588394
-0.03452611342072487
0.04378155246376991
0.058158621191978455
0.03530062735080719
0.0017688004299998283
0.05898512154817581
-0.01757923886179924
0.06797140091657639
0.08613767474889755
0.09089520573616028
-0.031138017773628235
0.05976792797446251
0.012276607565581799
0.06678351014852524
-0.06387091428041458
0.020098119974136353
0.0685250535607338
0.014415699988603592
-0.06421071290969849
0.01671207696199417
0.056698501110076904
0.022799309343099594
-0.01904469169676304
0.08635404706001282
0.0666261538863182
-0.061663974076509476
-0.02007804438471794
-0.2074584811925888
0.09562496095895767
-0.01223508920520544
0.13608114421367645
-0.009437810629606247
-0.24843856692314148
-0.3640625774860382
-0.02594943717122078
-0.00496074091643095
0.10946990549564362
0.10909876972436905
-0.23738940060138702
0.08145477622747421
0.05716549605131149
-0.0029320199973881245
-0.005357950460165739
0.07673439383506775
0.04673892632126808
0.10083210468292236
0.05578536167740822
0.07688045501708984
-0.022234002128243446
-0.024765564128756523
0.025392640382051468
0.0091118598356843
0.2941460907459259
0.09468753635883331
0.010320266708731651
0.12488001585006714
-0.002245635027065873
0.10191752761602402
0.17333029210567474
0.15762798488140106
0.12451192736625671
0.1894330233335495
0.12246786803007126
0.06437796354293823
0.04656468331813812
0.13126643002033234
0.11530861258506775
0.1181592345237732
0.04833878576755524
0.13478520512580872
0.2513425648212433
0.17814382910728455
0.06520358473062515
0.1421932727098465
0.12103193998336792
0.0998520776629448
0.1015075147151947
0.14765773713588715
0.21067039668560028
0.11803364008665085
0.011375103145837784
0.13493035733699799
0.08766905963420868
0.13831360638141632
0.12439693510532379
-1.9836117029190063
0.07381932437419891
-0.06481100618839264
-0.169094055891037
-0.06742209196090698
-0.020577099174261093
0.27418971061706543
-0.8942097425460815
-0.025050533935427666
0.12595033645629883
0.0663105770945549
0.012114754877984524
-0.00743588712066412
0.021819809451699257
-0.0024619554169476032
0.07395283132791519
0.08282595872879028
0.10591726005077362
0.05216103047132492
0.02320781536400318
0.05027240514755249
0.08061771094799042
0.0474931001663208
0.09482499212026596
0.03252113237977028
-1.5731266736984253
-1.4874688386917114
-1.4683897495269775
-1.2637697458267212
-1.049529790878296
1.2996395826339722
1.638463020324707
0.7748492360115051
-1.2655192613601685
1.6822813749313354
-1.7613708972930908
-1.5774253606796265
-1.5857512950897217
-1.2981476783752441
-1.5898306369781494
1.983633041381836
1.9839131832122803
1.8381400108337402
1.9816375970840454
1.774305820465088
-1.1974694728851318
-1.512722134590149
-1.7122987508773804
-1.572692632675171
-1.1881977319717407
-1.8854169845581055
-0.9703290462493896
-1.9256510734558105
-1.3842412233352661
-1.8062406778335571
-0.6958962678909302
-1.612034559249878
-1.5505728721618652
0.044101472944021225
0.05828684940934181
-0.3389628529548645
-1.9822132587432861
-0.28872984647750854
0.2958659529685974
-0.02590661123394966
-0.5991306304931641
0.5639224648475647
0.3778942823410034
-0.36634236574172974
0.06234005093574524
-0.2831020653247833
0.2110873907804489
-0.1825038492679596
0.8386489748954773
0.12104050070047379
-0.7328159809112549
-0.6338894367218018
-0.9327785968780518
-0.06080777198076248
0.5643681287765503
0.19483375549316406
-0.17129214107990265
-0.14104342460632324
-0.24678243696689606
-0.1673702597618103
-0.012382413260638714
-0.21881337463855743
-1.0962127447128296
-0.6951503753662109
0.07581973075866699
-0.618375837802887
-0.39194077253341675
-0.7851219773292542
-0.6785187125205994
-0.40723854303359985
-0.44905996322631836
-1.3415706157684326
-0.2715509533882141
-0.9553176760673523
-0.46909624338150024
-1.1288607120513916
-0.3458142578601837
-0.296807199716568
-0.5487285256385803
-1.20317804813385
-0.8917531371116638
-0.2846487760543823
-0.06543632596731186
-0.3729756474494934
-0.24321648478507996
-0.7664108276367188
-0.7258063554763794
-0.8847424387931824
-1.4401696920394897
-0.9276683926582336
-1.0030457973480225
0.23543627560138702
-0.9157552719116211
-1.460982084274292
-1.9712313413619995
-0.1814281940460205
-0.17325566709041595
-0.46288415789604187
0.15084819495677948
-0.24013318121433258
0.030703019350767136
-0.4419616460800171
0.07042987644672394
-0.544693648815155
0.6186462044715881
-0.5058583617210388
-0.610220730304718
0.2725197672843933
0.5111560821533203
-0.8450061678886414
0.34654223918914795
0.3515312373638153
0.08414456248283386
0.2053387463092804
0.3274586796760559
0.13430079817771912
0.18961669504642487
-0.26084426045417786
-0.05889507010579109
0.3490593135356903
-0.4662777781486511
0.28031060099601746
-0.4412178099155426
-0.47709667682647705
-0.4288366436958313
-0.0059053837321698666
-0.4843677580356598
-0.8181858062744141
-0.10944348573684692
0.7316693663597107
-0.2530227601528168
-0.2647394835948944
-0.5246058106422424
0.22619371116161346
-0.7786790728569031
-0.18119743466377258
0.25325384736061096
0.5194668769836426
-0.1610720306634903
0.015374605543911457
-0.45826491713523865
0.004874405916780233
-0.3588794469833374
0.053556572645902634
-0.21539446711540222
0.2250072956085205
0.06890764832496643
0.22077606618404388
0.13685627281665802
0.5721580386161804
0.039049182087183
0.12543216347694397
-0.100250743329525
-0.1899431198835373
-1.9842740297317505
-1.5911686420440674
-0.024146243929862976
-1.2041176557540894
-1.9832298755645752
0.998994767665863
0.17714521288871765
0.10609212517738342
-0.6901988387107849
0.030288023874163628
0.24706323444843292
0.07576527446508408
0.5203448534011841
-0.018495097756385803
-0.1990954428911209
0.02038164995610714
-0.07535947859287262
-0.008986009284853935
-0.07848241925239563
-0.05490148440003395
-0.03266548737883568
-0.10949192941188812
0.3094532787799835
0.900629460811615
0.058006033301353455
0.05409126356244087
-0.8180885910987854
-0.34996894001960754
-0.3736182153224945
-0.4993838369846344
-0.5889352560043335
-0.305446982383728
-0.4186629056930542
-0.42592886090278625
-0.5394648909568787
-0.1969459503889084
-0.28376176953315735
-0.26993969082832336
-0.506395697593689
-0.3010132610797882
-0.44154345989227295
-0.1254282295703888
-0.3767596185207367
-0.2812683582305908
-0.3629988729953766
-0.17287515103816986
-0.47618165612220764
-0.21121346950531006
-0.4244750440120697
-0.29610350728034973
-0.37493935227394104
-0.41106945276260376
-0.14765214920043945
-0.39094269275665283
-0.3393453061580658
-0.2568315267562866
-0.32201868295669556
-0.28571730852127075
-0.3838843107223511
-1.984310507774353
-0.10443521291017532
0.3931224048137665
0.3994217813014984
-0.5650852918624878
0.10822972655296326
-0.2624225318431854
-0.06493571400642395
0.0288014467805624
0.09666211903095245
0.24996864795684814
1.5177621841430664
-0.1492837518453598
0.023993218317627907
-0.18340636789798737
0.005339167080819607
-0.1835707575082779
0.007322253193706274
-0.08095157146453857
0.010986320674419403
0.047052059322595596
0.0477510467171669
-0.06159011647105217
0.18066278100013733
0.007347378879785538
0.06883157044649124
0.007449062541127205
-0.2504430413246155
0.007116809021681547
-0.2410794496536255
0.12151940166950226
-0.2946748435497284
-0.14712093770503998
-0.031828880310058594
-0.16113492846488953
-0.33833765983581543
0.10518968850374222
-0.05956174060702324
0.07762347161769867
-0.21796947717666626
0.05356016010046005
-0.12576772272586823
-0.0773119181394577
-0.3062879145145416
-0.03614107146859169
-0.10560251772403717
-0.0878710225224495
-0.28574442863464355
0.10513652861118317
-0.05301827937364578
0.19814671576023102
-0.30834415555000305
0.04715939611196518
-0.0028154077008366585
0.06293017417192459
-0.2403201311826706
0.0033238804899156094
-0.22642973065376282
-0.15186195075511932
0.3389102816581726
-1.9842406511306763
-0.934904158115387
-0.07875919342041016
0.06226794421672821
0.03926853835582733
-0.036515943706035614
0.13047847151756287
0.03657690808176994
0.07501954585313797
-0.08848249167203903
0.11794336140155792
0.12049608677625656
-0.12913697957992554
0.1656751036643982
0.17213797569274902
0.17923927307128906
0.14031361043453217
0.15588325262069702
0.24503430724143982
0.1979966014623642
0.18970778584480286
0.15334133803844452
-0.026820342987775803
-0.02819422259926796
-0.032369695603847504
-0.009968188591301441
-0.14629045128822327
-0.17934221029281616
-0.03477900102734566
-0.09768382459878922
-0.019878128543496132
-0.15198595821857452
-0.004206713289022446
-0.0407160185277462
-0.05344706028699875
-0.11880242824554443
-0.0924963727593422
-0.1101713478565216
-0.05427886173129082
-0.08097691833972931
-0.03394315019249916
-0.08980488777160645
-0.1695970892906189
-0.1196523979306221
-0.12330570816993713
-0.10037247091531754
-0.028047136962413788
-0.09113666415214539
-0.0428672693669796
-0.12553001940250397
-0.07289683073759079
-0.08814521878957748
-0.2098192274570465
-0.13012361526489258
-0.2035624235868454
-0.18278829753398895
-0.12276457250118256
-0.1710813045501709
-0.18248975276947021
-0.6142799854278564
0.01605514995753765
-0.15658067166805267
-0.1061430498957634
0.044658124446868896
-0.03746712580323219
-0.021793406456708908
0.3889191150665283
-0.050166141241788864
0.014889728277921677
0.01977474056184292
-1.1064130067825317
0.157539501786232
0.0707128569483757
0.14055567979812622
0.15302379429340363
0.12224116921424866
0.052052538841962814
0.14993725717067719
0.18307840824127197
0.12429353594779968
0.07334829866886139
0.003813618328422308
-0.0716991201043129
-0.003164747729897499
1.1024724245071411
1.431410312652588
1.416412591934204
-0.7881520390510559
-1.7528074979782104
-1.1998621225357056
1.3802822828292847
1.1714028120040894
1.497196912765503
1.1125640869140625
0.7261028289794922
1.0074876546859741
0.8322860598564148
1.2009602785110474
1.017296552658081
1.410892367362976
1.0465962886810303
-1.9809496402740479
1.407047986984253
1.894087791442871
1.9822874069213867
1.9343997240066528
1.2850486040115356
-1.9827589988708496
-1.9842830896377563
1.5765293836593628
0.9822690486907959
1.429374098777771
0.7440155148506165
1.1915955543518066
0.7443795800209045
1.306756615638733
1.1334495544433594
-0.08840861916542053
0.013283333741128445
-0.15989302098751068
1.9840267896652222
1.33661687374115
-0.6470435261726379
0.5112737417221069
-1.9836283922195435
-1.4407821893692017
-0.4163881838321686
0.3196815848350525
-0.053912192583084106
0.2505001425743103
0.2983810603618622
0.07904065400362015
0.8967515230178833
0.8995044827461243
0.8977993130683899
0.927344799041748
0.8846996426582336
0.8774299621582031
0.9222548604011536
0.8932895660400391
0.8708456158638
0.22144441306591034
-1.9423465728759766
-0.004887302406132221
-0.011875402182340622
-0.2853793799877167
-0.46048492193222046
-0.4121325612068176
-0.354452908039093
-0.11603172868490219
-0.03617364168167114
-0.1897081434726715
-0.22020581364631653
-0.39200761914253235
-0.37943941354751587
-0.2450815886259079
-0.37346458435058594
0.23230914771556854
-0.1405227929353714
-0.006155923008918762
-0.44320371747016907
0.015347396023571491
-0.14366044104099274
-0.0828525573015213
-0.44196993112564087
-0.08715271949768066
-0.428449809551239
-0.25676482915878296
-0.4223390519618988
0.12438177317380905
0.226609468460083
-0.1480756551027298
-0.41173890233039856
-0.40063783526420593
-0.44905975461006165
-0.39269164204597473
-0.45990318059921265
-0.24529998004436493
-0.6937539577484131
-1.1402970552444458
-1.9539213180541992
-1.1605826616287231
1.982771873474121
0.6226000189781189
0.05655980855226517
-1.1183512210845947
0.0888359397649765
0.1832188069820404
0.2482350766658783
0.09026017785072327
0.9759907722473145
0.9924725294113159
1.011924147605896
0.9538114070892334
0.9809191823005676
0.9614258408546448
0.9387771487236023
0.9424525499343872
0.9402316808700562
0.977152943611145
1.292222023010254
-0.012137804180383682
-0.019026415422558784
-1.0728048086166382
0.18717095255851746
0.21606884896755219
0.20941756665706635
0.2405712604522705
0.25597238540649414
0.21508459746837616
0.25930067896842957
0.20080746710300446
0.23717695474624634
0.22834691405296326
0.2545620799064636
0.28867146372795105
0.2389170378446579
0.3069586157798767
0.22142106294631958
0.259878933429718
0.20832154154777527
0.2094433307647705
0.1986076980829239
0.21565766632556915
0.2059289962053299
0.24886442720890045
0.2285303771495819
0.24925026297569275
0.22563715279102325
0.20913617312908173
0.21026833355426788
0.19382084906101227
0.16256001591682434
0.2124243676662445
0.2091602087020874
0.252912700176239
-0.01056971587240696
-1.9841865301132202
-1.9834197759628296
-1.9841066598892212
-0.13815373182296753
0.06044645980000496
-1.854058027267456
1.81657874584198
0.07731826603412628
-0.18182997405529022
-0.1367693543434143
-0.07088098675012589
0.05445171147584915
0.13106735050678253
-0.06853543967008591
0.04542459547519684
0.11415241658687592
0.07711908221244812
0.11426141113042831
0.12639428675174713
0.1042829304933548
0.10489320755004883
0.09679564833641052
0.08474083989858627
0.04139290004968643
-0.0046340893022716045
-0.02164233848452568
-0.02363225817680359
0.06017322838306427
0.09774100035429001
0.14334411919116974
0.15469245612621307
0.16149434447288513
0.1866147518157959
0.07087144255638123
0.13945087790489197
0.13777878880500793
0.11674192547798157
0.12822887301445007
0.09055086970329285
0.15165044367313385
0.12152356654405594
0.14218586683273315
0.09707840532064438
0.07302532345056534
0.14689107239246368
0.12928076088428497
0.08463767170906067
0.08773285150527954
0.08697539567947388
0.1146383136510849
0.11090606451034546
0.146745502948761
0.18314702808856964
0.13877911865711212
0.1301645189523697
0.12338214367628098
0.10840563476085663
0.1956770122051239
0.17736144363880157
0.198408305644989
1.9830384254455566
-0.17915478348731995
-0.18321330845355988
1.519547462463379
0.24462680518627167
0.2816067934036255
-1.9838727712631226
-0.44289615750312805
-0.03677738085389137
0.12935671210289001
0.0943177193403244
0.27613571286201477
0.0534907691180706
0.117441326379776
0.06882411241531372
0.037966836243867874
0.06962830573320389
0.05567839369177818
0.06672953069210052
0.06431052088737488
0.09072314947843552
0.11941155046224594
0.15723106265068054
-0.008663508109748363
0.02290438674390316
-0.24686147272586823
-0.12776561081409454
0.03836825489997864
-0.04394294321537018
0.008567054755985737
-0.0952678769826889
0.03379753977060318
-0.08930300921201706
-0.05710860341787338
-0.061853908002376556
-0.0019154404290020466
-0.1278832107782364
-0.08475498110055923
-0.06862146407365799
0.02451752871274948
-0.07466557621955872
0.011577886529266834
-0.12575571238994598
-0.006753209512680769
-0.06515605747699738
0.06355500966310501
-0.0263665784150362
0.07143548130989075
-0.1418592780828476
-0.06250869482755661
-0.13661055266857147
-0.002519234549254179
-0.10086557269096375
-0.012467135675251484
-0.1286628544330597
0.01139779482036829
-0.057830680161714554
0.027038656175136566
-0.018437867984175682
0.022689785808324814
-1.9834884405136108
-0.068414106965065
0.004395397379994392
0.05528886616230011
0.0017110137268900871
0.05727120116353035
0.06784389913082123
0.041539497673511505
0.013315140269696712
-0.02965845726430416
0.05927569419145584
0.07254106551408768
-0.07042612880468369
0.023690534755587578
0.019253414124250412
-0.04618486762046814
-0.012257637456059456
-0.03719409555196762
-0.03611958771944046
-0.06700419634580612
0.0002269833639729768
-0.01302505936473608
0.0643564760684967
-0.002430320717394352
0.06010204926133156
-0.09004281461238861
0.08242173492908478
0.07353994250297546
-0.07438962906599045
0.04067821428179741
0.059403855353593826
-0.041867420077323914
-0.009772665798664093
-0.020817633718252182
-0.005595444235950708
0.016801752150058746
0.025625646114349365
0.06440652906894684
0.07081142067909241
-0.031681034713983536
0.04606335237622261
0.04958783835172653
0.021380649879574776
-0.07338186353445053
0.012089839205145836
-0.008739684708416462
0.02109741047024727
-0.05748708173632622
-0.06738490611314774
-0.038987427949905396
-0.08727588504552841
0.07120572030544281
0.003797870595008135
0.07167492061853409
-0.003163987072184682
-0.06726963818073273
-0.06486425548791885
0.025107435882091522
-0.05147165432572365
-0.04939207434654236
-0.05370952561497688
-0.09138327836990356
0.007128704804927111
0.04177641496062279
0.006184567231684923
-0.05382682383060455
-0.007881746627390385
0.07657133042812347
-0.07043731957674026
0.042405400425195694
0.059480469673871994
-0.06159890815615654
0.07564549893140793
0.0605563223361969
-0.021856406703591347
0.03606901317834854
-0.03868495300412178
0.04114082455635071
0.05343690514564514
-0.040934450924396515
0.028455065563321114
-0.012275044806301594
-0.04783689230680466
-0.014347794465720654
-0.03303951397538185
-0.07607872039079666
0.08028585463762283
-0.09142500907182693
-0.0846632719039917
0.006889361888170242
0.0608028769493103
-0.0696551725268364
-0.0003545337822288275
0.04303056374192238
-0.0761348083615303
-0.0705522671341896
-0.07038546353578568
0.0904812216758728
0.013151779770851135
0.059004440903663635
-0.05398169532418251
0.02619967795908451
0.023005224764347076
0.02626623958349228
-0.08458001911640167
0.07928840816020966
-0.07401950657367706
0.07509798556566238
-0.09138993173837662
0.009624308906495571
-0.08909699320793152
0.07821832597255707
-0.017589271068572998
-0.07445797324180603
0.051350049674510956
0.019033152610063553
0.06787144392728806
0.04763922840356827
0.07632508128881454
-0.04911942407488823
-0.5552371144294739
0.4732091724872589
-0.4336739778518677
-0.23094692826271057
-0.09271754324436188
-0.6264585852622986
1.982817530632019
0.2996639311313629
-0.029717708006501198
0.08013920485973358
-0.13920551538467407
-0.8215670585632324
-0.14429441094398499
-0.2985634505748749
-0.20413975417613983
-0.2862889766693115
-0.15918982028961182
-0.319335401058197
-0.3150312900543213
-0.2845611572265625
-0.2757054269313812
0.1363902986049652
0.13637641072273254
0.14055944979190826
0.0391506589949131
0.6418049335479736
0.6310237050056458
0.5103723406791687
0.5914435386657715
0.49849820137023926
0.6269398331642151
0.5753474831581116
0.5525145530700684
0.5315011739730835
0.6150180697441101
0.502569854259491
0.6484794616699219
0.5288485884666443
0.5506389141082764
0.5828112959861755
0.6292542219161987
0.4503151774406433
0.5366598963737488
0.5383634567260742
0.6166561841964722
0.4591860771179199
0.5622081756591797
0.49930498003959656
0.6121520400047302
0.548754096031189
0.5334152579307556
0.5767749547958374
0.49369320273399353
0.465680867433548
0.5485416054725647
0.507514238357544
0.5526381731033325
0.5041040182113647
1.983103632926941
0.3597365915775299
-0.07736673951148987
-0.13676398992538452
0.03222303092479706
-0.24766869843006134
-0.6346195340156555
-0.006189895793795586
-0.06905332207679749
0.014414395205676556
-0.06325673311948776
-0.06583617627620697
-0.2463354766368866
-0.3009905517101288
-0.2961847186088562
-0.20396055281162262
-0.3303098976612091
-0.24908775091171265
-0.22189611196517944
-0.20237505435943604
-0.26806238293647766
-0.004928238689899445
-0.07072789967060089
-0.005004373844712973
0.018220139667391777
0.07859165221452713
0.2569931745529175
0.3583976626396179
0.2302102893590927
0.3040079176425934
0.26250630617141724
0.3047083616256714
0.21796774864196777
0.35265088081359863
0.20689640939235687
0.27130699157714844
0.24572576582431793
0.35331231355667114
0.20806092023849487
0.32456260919570923
0.2341388612985611
0.3667066693305969
0.21313726902008057
0.31636348366737366
0.2648361921310425
0.35393598675727844
0.2573729157447815
0.27683892846107483
0.2558574974536896
0.3778904676437378
0.2575106620788574
0.31969186663627625
0.23521937429904938
0.41243353486061096
0.2677086889743805
0.39628949761390686
0.26114434003829956
0.411683052778244
0.05282028019428253
-0.3044978082180023
-1.9789409637451172
1.5233365297317505
-0.021077148616313934
-0.21630102396011353
-0.38159671425819397
0.037049438804388046
0.08457978814840317
0.07421156018972397
0.38406428694725037
0.036599867045879364
0.40973299741744995
-0.021588020026683807
-1.0510715246200562
0.19606468081474304
0.14484935998916626
0.13530074059963226
0.021097509190440178
-0.11472344398498535
0.12772591412067413
0.08820847421884537
0.10834502428770065
0.0618070513010025
0.015415355563163757
0.04325823858380318
0.0020138875115662813
0.061072997748851776
-0.1342984437942505
-0.218675434589386
-0.39749786257743835
-0.37612590193748474
-0.37889155745506287
-0.3903667628765106
-0.43293678760528564
-0.39941638708114624
-0.4129686653614044
-0.40469321608543396
-0.36367157101631165
-0.3289412558078766
-0.4761386811733246
-0.44065985083580017
-0.25557616353034973
-0.41675326228141785
-0.4491235613822937
-0.3385104238986969
-0.24801838397979736
-0.3919753134250641
-0.39545464515686035
-0.43327054381370544
-0.4834453761577606
-0.3338339030742645
-0.4277830719947815
-0.3312496244907379
-0.3598463833332062
-0.39120104908943176
-0.428086519241333
-0.0979960709810257
-0.3628324866294861
-0.27707329392433167
-0.3194392919540405
0.8492305874824524
0.002911878749728203
1.9468159675598145
1.4250696897506714
-0.5745838284492493
0.0997883602976799
-0.05393829196691513
-1.635241150856018
-0.03834642097353935
0.23789376020431519
0.046900033950805664
-1.983805537223816
0.45647746324539185
-0.08848261833190918
-0.03743922337889671
-0.11193064600229263
0.07407497614622116
0.13267882168293
0.10325098782777786
0.05812172219157219
0.13923302292823792
-0.6768572926521301
-1.6836599111557007
0.07740434259176254
0.08147470653057098
-0.06299623101949692
-0.3271433711051941
-0.29347214102745056
-0.24344266951084137
-0.6043055653572083
-0.09079798310995102
-0.3668382167816162
-0.34244078397750854
-0.5988566875457764
-0.3121984601020813
-0.4013962149620056
-0.22944295406341553
-0.5206402540206909
-0.497494637966156
-0.28853926062583923
-0.3360446095466614
-0.4200087785720825
-0.5770971179008484
-0.4108325242996216
-0.4597935080528259
-0.663855791091919
-0.3794473707675934
-0.38467496633529663
-0.22919929027557373
-0.6970996856689453
-0.2128087431192398
-0.22643321752548218
-0.3213593363761902
-0.4133896231651306
-0.24092617630958557
-0.10069853067398071
-0.22099076211452484
-0.4131663739681244
0.46314170956611633
0.042008984833955765
1.5464600324630737
0.07468275725841522
0.023411009460687637
-0.05403348058462143
-0.06893012672662735
0.034830402582883835
-0.03093162178993225
-0.04873276129364967
-0.015997130423784256
-0.0853516161441803
0.013596916571259499
0.06927168369293213
-0.07270346581935883
-0.034022752195596695
-0.07773374021053314
0.03476912900805473
0.014944436028599739
-0.05808837711811066
0.005280622281134129
-0.03447030484676361
-0.08098673820495605
-0.05570724233984947
0.044225454330444336
-0.036677129566669464
-0.08371616899967194
0.07860308885574341
0.018363796174526215
-0.06678325682878494
-0.030302906408905983
0.014129509218037128
-0.03760583698749542
-0.05135679244995117
-0.0015679456992074847
0.016650313511490822
-0.004356756340712309
0.07304064929485321
0.014589180238544941
-0.0030550796072930098
-0.021907811984419823
0.05956330522894859
0.023100778460502625
-0.05572227016091347
0.009367754682898521
0.07719769328832626
0.014539382420480251
-0.004835824016481638
0.061431098729372025
0.025179460644721985
0.027957376092672348
0.05958211049437523
-0.05424496904015541
-0.0913253128528595
-0.04849172756075859
0.06763352453708649
-0.026147322729229927
-0.0739605724811554
-0.05509447306394577
-0.009434983134269714
-0.04202001914381981
0.07190929353237152
-0.029776684939861298
0.03871536627411842
0.028005709871649742
0.0462026372551918
0.01927158795297146
0.004893425386399031
0.02205216884613037
-0.07749251276254654
-0.03918563947081566
-0.0034707002341747284
-0.011616836301982403
0.014543293975293636
0.026052992790937424
-0.004007172770798206
-0.07121723890304565
-0.06226341426372528
-0.04229653626680374
-0.00958892423659563
0.08287370949983597
-0.003498828737065196
0.07162497192621231
-0.06011071428656578
-0.06383593380451202
-0.03513569384813309
-0.036394160240888596
-0.0364864356815815
-0.024977993220090866
0.0013537479098886251
0.06055770069360733
0.053884655237197876
-0.007098532747477293
0.009544775821268559
0.05016811937093735
-0.08461262285709381
-0.05264226347208023
0.0063434806652367115
-0.02129199169576168
0.009759814478456974
-0.020125001668930054
0.0806988850235939
-0.053337931632995605
-0.030372200533747673
0.010755914263427258
0.001997324638068676
0.05905570462346077
0.023030128329992294
0.08995217084884644
-0.06857644021511078
-0.06628654897212982
-0.03410307317972183
0.07364553958177567
0.010804302990436554
0.047638893127441406
0.04041089490056038
-0.030266549438238144
0.027468876913189888
-0.048613253980875015
0.026288412511348724
0.04927564039826393
0.045509643852710724
-0.015537098981440067
0.08034659922122955
-0.02727982960641384
-0.05951259657740593
-0.01843111217021942
0.01817321591079235
-0.08692231774330139
0.010938902385532856
-0.06788647174835205
-0.0760335847735405
-0.06653429567813873
-0.023443447425961494
0.018983596935868263
-0.08426479250192642
-0.059947796165943146
-0.07916586846113205
-0.01822497881948948
0.03193918243050575
-0.0007376160938292742
-0.044575296342372894
0.0145742641761899
-0.058650512248277664
-0.023074904456734657
-0.043352995067834854
0.024938102811574936
0.004369039088487625
-0.04995891451835632
0.02132769115269184
0.009993748739361763
0.041526343673467636
0.04735889285802841
0.05498942360281944
0.04848477989435196
-0.005229108966886997
-0.054739225655794144
0.07755190134048462
0.059586189687252045
-0.04798930883407593
0.04759793356060982
-0.06382350623607635
-0.011313074268400669
-0.042903851717710495
0.0651836022734642
-0.06973554939031601
-0.02946581318974495
-0.0780545100569725
0.014919620007276535
-0.039787374436855316
-0.004222940653562546
0.07800136506557465
0.0053634317591786385
0.040449704974889755
0.014577236957848072
-0.03592653200030327
-0.08619643747806549
0.08185756206512451
0.042766403406858444
0.012125224806368351
-0.04599634185433388
0.0018366071162745357
0.020337771624326706
0.020297417417168617
-0.0653894692659378
0.009540095925331116
0.003516571130603552
-0.062063250690698624
-0.05355684086680412
0.016877325251698494
0.07188351452350616
-0.0019152044551447034
0.06824719905853271
-0.004463165532797575
-0.036441147327423096
-0.018291788175702095
-0.07582160830497742
-0.05562910437583923
0.05701437592506409
-0.040736209601163864
0.04076164960861206
-0.00354215782135725
-0.09423340857028961
-0.036414410918951035
-0.07584430277347565
0.0800318494439125
0.0681799128651619
-0.018840700387954712
0.02806321531534195
-0.091143399477005
0.004345827270299196
0.030641470104455948
-0.09612040221691132
0.002334242919459939
0.06459183990955353
0.0599173866212368
0.0066912053152918816
0.08218023926019669
-0.04815519601106644
-0.08238814771175385
0.08152543753385544
0.05950268730521202
0.005627354606986046
-0.051993634551763535
0.01606071926653385
-0.07244466245174408
-0.04176193103194237
-0.01844407431781292
0.0605018176138401
0.07262201607227325
-0.02343668043613434
0.005732239689677954
0.07382441312074661
0.05308197811245918
0.06485380232334137
0.025128325447440147
0.005683673545718193
0.043926190584897995
0.06859681010246277
0.039655156433582306
0.013607579283416271
1.984375
0.20446118712425232
0.030885038897395134
1.630922794342041
-0.11782300472259521
-0.3615683317184448
-0.7147839665412903
0.5144159197807312
-0.0069309426471591
0.1887511909008026
-0.037591759115457535
1.941468358039856
0.0898258313536644
0.05008774250745773
0.11311165243387222
0.0354853980243206
0.16956745088100433
-0.021245434880256653
0.04991796985268593
0.11267592757940292
0.1554672122001648
0.1174958199262619
0.21035705506801605
0.1387232095003128
0.028373397886753082
-0.7657738327980042
-1.0006130933761597
-1.3459420204162598
-1.3112220764160156
-1.1980082988739014
-1.1671558618545532
-1.3091144561767578
-1.1854606866836548
-0.997969388961792
-1.3151907920837402
-1.1669970750808716
-1.2411296367645264
-1.3124728202819824
-1.363956093788147
-1.0920530557632446
-1.2315715551376343
-1.287596344947815
-1.2058019638061523
-1.1935747861862183
-1.1438649892807007
-1.3383452892303467
-1.2815028429031372
-1.2796380519866943
-1.1819517612457275
-1.2560688257217407
-1.1512739658355713
-1.3548187017440796
-1.0980333089828491
-1.3402842283248901
-1.1704010963439941
-1.3737785816192627
-1.2666414976119995
-1.3434985876083374
1.984375
-0.05400524288415909
-0.9275383353233337
-0.24645142257213593
-1.2707974910736084
-0.26544830203056335
0.8141563534736633
0.27968212962150574
-0.07887692004442215
0.2112514078617096
-0.09190721809864044
-1.5641785860061646
0.059430673718452454
-0.030140995979309082
-0.03392942249774933
0.09646081179380417
-0.001909953192807734
0.10426133871078491
0.1439559906721115
0.13866837322711945
0.2063409686088562
0.17546521127223969
0.18832279741764069
-0.03849369287490845
0.07242182642221451
1.1495509147644043
0.6544350981712341
0.20031079649925232
0.4534171223640442
0.2181330770254135
0.34156352281570435
0.41320669651031494
0.6681958436965942
0.3981197476387024
0.5891477465629578
0.3941085636615753
0.5113306641578674
0.29988932609558105
0.40445876121520996
0.2537916600704193
0.4911864399909973
0.2148316353559494
0.5286805033683777
0.20955699682235718
0.5740672945976257
0.1292514204978943
0.5219038128852844
0.27833831310272217
0.5608737468719482
0.385701447725296
0.4275895059108734
0.30188509821891785
0.766847550868988
0.47613000869750977
0.7538709044456482
0.18131068348884583
0.5975095629692078
0.4227374792098999
0.09838148951530457
-0.07239541411399841
1.9840964078903198
1.9842019081115723
0.03557731583714485
0.009841243736445904
0.1459348201751709
0.021138494834303856
-0.10561192780733109
-0.24338838458061218
0.002775918459519744
-0.0669826790690422
0.06580756604671478
0.004894109442830086
-0.23177720606327057
0.026701707392930984
-0.06095685064792633
0.06793250888586044
0.04625498503446579
-0.004758345894515514
0.029147710651159286
0.03428686037659645
0.09276386350393295
-0.08483335375785828
-0.03352632373571396
-0.03511936962604523
0.013123036362230778
0.02305253967642784
0.14428307116031647
0.00688209617510438
0.08221021294593811
0.05094257369637489
-0.09843091666698456
0.0827491357922554
-0.05267869308590889
0.07230908423662186
-0.02980712801218033
0.03540586307644844
-0.043065350502729416
-0.017723532393574715
-0.02933693118393421
0.06118187680840492
-0.0013516464969143271
0.08521267026662827
-0.0413387306034565
0.11413832753896713
-0.012582080438733101
0.015666645020246506
0.11050737649202347
0.08825325965881348
0.11953224986791611
0.003141500288620591
0.012923015281558037
0.10641595721244812
0.0219089537858963
0.04401179403066635
0.06983210146427155
0.05355129390954971
0.08961661159992218
0.03853739798069
0.08352634310722351
-1.9672850370407104
-0.046608101576566696
-0.10757918655872345
-0.01881578005850315
0.006462110206484795
0.020048420876264572
0.11126364767551422
-0.34173300862312317
0.05045061931014061
0.04180540144443512
0.13635174930095673
0.1204521432518959
-0.045960932970047
-0.09758532047271729
0.0550537072122097
0.06505683064460754
-0.009383278898894787
0.03479539975523949
0.05761111527681351
-0.02678247168660164
-0.15392965078353882
0.03281789273023605
0.06226973980665207
0.0010346185881644487
-0.04718000814318657
-0.4893919825553894
1.6123790740966797
1.9841666221618652
1.9843498468399048
0.21975857019424438
-1.0638084411621094
-1.8313854932785034
-1.7819011211395264
-0.6426964402198792
-1.9826468229293823
-1.455867052078247
-1.9835492372512817
-0.24157315492630005
-1.2059006690979004
-0.8507698178291321
-1.4421231746673584
-0.41456636786460876
-0.8262909054756165
0.005040745250880718
1.6575117111206055
1.2746244668960571
0.9607139229774475
-0.5889400243759155
-1.469760775566101
-1.36708664894104
0.148765429854393
-0.3254964351654053
-1.8586249351501465
-1.655599594116211
-1.836451530456543
-0.005505555309355259
0.3189355731010437
0.3980313539505005
-0.0438774973154068
0.05599084123969078
-0.246883362531662
-1.9838650226593018
-0.2208884209394455
-0.0084331464022398
1.0820060968399048
-1.4182296991348267
0.1546848863363266
0.2571350634098053
0.3900432884693146
-0.04857369512319565
0.6605529189109802
-0.608651340007782
-0.3632268011569977
-0.1725916564464569
-0.6070724725723267
0.2012552171945572
-0.7595253586769104
0.5958470702171326
-0.13583838939666748
-0.30264168977737427
-0.10993824899196625
0.2869449853897095
0.127342090010643
-0.08960331231355667
0.28797680139541626
0.2267090231180191
0.3188098669052124
-0.404105007648468
-0.5858446359634399
-0.12729856371879578
-0.8769075870513916
-0.48566901683807373
-0.5144556760787964
-0.2416597455739975
-1.3039031028747559
-0.8623698353767395
-0.6777663826942444
-0.5714138746261597
-1.0986974239349365
-0.48284900188446045
-0.7560434341430664
-0.44218847155570984
-1.1687613725662231
-0.4571446478366852
-0.20772792398929596
-0.44625547528266907
-0.774109423160553
-0.5267412066459656
-0.5695295929908752
-0.3682858645915985
-0.8073827624320984
-0.5982248187065125
-0.7401224970817566
-0.6801620721817017
-1.3311775922775269
-0.5397165417671204
-1.254488468170166
-0.974174976348877
-1.0486725568771362
-1.9841437339782715
-0.11795191466808319
-0.27929696440696716
-1.0103176832199097
0.7165393829345703
0.2978930175304413
0.17385928332805634
1.6097334623336792
0.08032170683145523
0.11384652554988861
-0.3049289584159851
0.9322336316108704
-0.20620496571063995
0.2584882378578186
-0.6714224815368652
-0.28234460949897766
0.04936238005757332
-0.14940224587917328
-0.1309666931629181
-0.1918477863073349
0.26372888684272766
0.17930541932582855
0.2580718696117401
0.18919971585273743
0.037756819278001785
0.43209022283554077
0.7071818113327026
0.35596829652786255
0.8261247277259827
1.174670696258545
1.0854753255844116
0.6069864630699158
0.6867849230766296
0.6799365282058716
0.7591650485992432
0.12581399083137512
0.9060750007629395
0.9455440044403076
0.779073178768158
0.28970885276794434
0.7022309303283691
-0.00865544006228447
0.9786016941070557
0.8001474738121033
1.0293024778366089
0.23324376344680786
0.8802038431167603
0.11666006594896317
0.8602917790412903
0.6352463960647583
0.7127492427825928
0.8108001351356506
0.9138599634170532
0.3921721279621124
0.8658664226531982
0.30916061997413635
0.444823294878006
0.33440107107162476
0.17934700846672058
0.03683082014322281
1.984224796295166
-1.2132225036621094
-0.009493016637861729
-0.2416999638080597
-0.12231915444135666
-0.04844968393445015
0.05819133296608925
0.11034204065799713
-0.5319443941116333
0.04354584589600563
-0.08425388485193253
-0.10284741222858429
0.3717600405216217
0.07522191107273102
0.028039315715432167
0.007131603546440601
0.07141943275928497
0.07477013021707535
-0.02314041182398796
0.05697818472981453
0.0311055276542902
0.0950343906879425
0.11222923547029495
0.14860965311527252
0.031352877616882324
0.011546550318598747
-0.6402360200881958
0.2871899902820587
-0.3999086618423462
-0.39932364225387573
-0.6501175165176392
-0.4303432106971741
-0.32851919531822205
0.3038206994533539
0.10610057413578033
1.834871530532837
1.984308123588562
1.984086275100708
-0.7876720428466797
-1.7689714431762695
-1.3951773643493652
-1.8006020784378052
-0.8155422806739807
0.26554223895072937
-0.5007904767990112
-0.796282947063446
-0.8170902729034424
-0.024639615789055824
0.2741939425468445
1.1716922521591187
0.15467005968093872
-1.6058186292648315
-1.9823203086853027
-1.8361001014709473
-0.4213709235191345
0.18773876130580902
0.5322679281234741
0.45633217692375183
0.06191224604845047
1.2136425971984863
0.15538665652275085
0.0013244200963526964
-0.017171787098050117
0.001776756253093481
-0.18158777058124542
-0.063983254134655
-0.10222797840833664
0.019757628440856934
-0.052299171686172485
-0.06635115295648575
0.29200708866119385
0.11808914691209793
0.0721077248454094
0.10720334947109222
0.03884822502732277
0.11137614399194717
0.07102323323488235
0.08148052543401718
0.02507389523088932
0.12973655760288239
0.005171241704374552
0.015486249700188637
0.003037472954019904
0.0018543461337685585
0.1473688930273056
0.12158489972352982
0.11190101504325867
0.10751902312040329
0.12429919093847275
0.13379724323749542
0.06196032464504242
0.11684735119342804
0.036283548921346664
0.10631955415010452
0.1310621052980423
0.08482842892408371
0.11139347404241562
0.09610235691070557
0.12018074095249176
0.05299253761768341
0.06213611364364624
0.09141425788402557
0.07073570787906647
0.04155440628528595
0.06313416361808777
0.06298916041851044
0.06263841688632965
0.09005364030599594
0.12143485248088837
0.07297247648239136
0.15529485046863556
0.11685547232627869
0.14036214351654053
0.11540773510932922
0.10939214378595352
0.10770152509212494
0.139236718416214
0.024366382509469986
0.03326808661222458
0.13718758523464203
0.08911517262458801
-0.08804947882890701
-0.09662298113107681
0.07711741328239441
0.04234715551137924
0.005884641781449318
-0.04363241419196129
0.019274866208434105
-0.023165373131632805
0.009441863745450974
-0.05780543014407158
0.08295007795095444
-0.0018242839723825455
-0.0767149105668068
-0.03877726569771767
0.04068915545940399
0.00984500627964735
-0.003009769832715392
0.07132110744714737
0.05133311450481415
0.03971463814377785
-0.0772409439086914
0.07287555932998657
0.006724682170897722
-0.08189315348863602
-0.08206989616155624
0.04472583904862404
0.07898782193660736
0.001809141831472516
-0.05252259597182274
-0.059363145381212234
-0.0070120771415531635
0.004712787922471762
-0.09103410691022873
-0.08136314153671265
0.056091561913490295
0.031911700963974
-0.089129239320755
-0.0591924712061882
-0.01444348692893982
0.042873989790678024
-0.06255876272916794
-0.001711169839836657
-0.024444233626127243
0.031727440655231476
0.06206182762980461
0.017111409455537796
0.06879767030477524
-0.10190363973379135
0.06806989759206772
-0.0752093493938446
-0.06623625010251999
-0.03390262648463249
0.04802596569061279
0.01425991952419281
0.015004620887339115
0.07702203840017319
0.08532823622226715
0.06998729705810547
0.0034914009738713503
-0.032222431153059006
-0.05262211710214615
0.010837797075510025
0.08435706794261932
0.05916924029588699
-0.024912727996706963
0.07832004874944687
-0.06267430633306503
-0.01109088771045208
-0.06645093113183975
-0.09286966919898987
-0.06187384948134422
-0.01602770760655403
-0.02463328279554844
0.0018431917997077107
-0.043601423501968384
0.0702277198433876
-0.02421519346535206
-0.10028588771820068
-0.04716527834534645
-0.009170789271593094
-0.03646035119891167
0.02447482943534851
0.08470053970813751
0.06431667506694794
0.04367297887802124
-0.06381198018789291
0.028520183637738228
-0.08440355956554413
-0.09316336363554001
-0.06584475934505463
-0.051181867718696594
-0.06451515853404999
0.025123964995145798
0.08255690336227417
-0.03692007064819336
0.029578600078821182
-0.07301608473062515
0.07800199091434479
-0.002293667523190379
0.018168950453400612
-0.010349364951252937
0.01975877210497856
0.06833698600530624
0.02956199273467064
-0.012415961362421513
-0.03857390582561493
0.022780580446124077
-0.07901469618082047
0.018881363794207573
-0.00686545530334115
0.060975927859544754
-0.007839069701731205
0.07492879778146744
0.013318301178514957
-0.03277973458170891
0.03164186701178551
0.07434771209955215
0.09249986708164215
-0.9765739440917969
-0.09002882242202759
0.00123950419947505
-0.07345734536647797
-0.06308896839618683
0.20537401735782623
0.1450634002685547
-0.03170649707317352
-0.06455644965171814
-0.08338747173547745
-0.044911112636327744
0.1472841203212738
0.02566453069448471
-0.08771178871393204
-0.020764468237757683
-0.009042882360517979
0.11473670601844788
-0.010537151247262955
-0.0011180784786120057
0.010848000645637512
0.026727311313152313
0.015033301897346973
0.034461088478565216
-0.040144048631191254
-0.01758655719459057
-0.16062968969345093
-0.02889835461974144
-0.02471371740102768
0.09493708610534668
0.08244196325540543
-0.008282485418021679
-0.00441961083561182
0.04792029783129692
-0.10253164172172546
-0.08317852020263672
-0.041996341198682785
0.002117378870025277
0.07491122931241989
0.03680852800607681
0.01450676191598177
0.015604820102453232
-0.06458541005849838
-0.07726910710334778
0.0015208633849397302
0.004634411074221134
-0.03311935067176819
-0.04637559875845909
0.10568372160196304
-0.04014075547456741
-0.021295854821801186
-0.0371871292591095
0.1169842854142189
-0.030587106943130493
0.019735703244805336
-0.07586286216974258
0.07816103100776672
-0.09410034120082855
0.011755275540053844
-1.86495840549469
-0.12711332738399506
-0.10406941175460815
-0.06567312031984329
0.03147061914205551
0.012497536838054657
-0.0649537593126297
0.6047033071517944
0.03857642039656639
-0.08043967187404633
-0.11342780292034149
-0.4221359193325043
0.09089259803295135
0.02346583642065525
0.05055176839232445
-0.04490608721971512
-0.02732086554169655
0.0012835870729759336
-0.05218588560819626
0.017216181382536888
0.028892753645777702
0.03760471194982529
0.03173557296395302
0.07930362224578857
0.018538080155849457
1.3297994136810303
-0.4335380792617798
1.0985021591186523
1.7543220520019531
1.5941628217697144
1.4881253242492676
0.9447565674781799
-0.3805526793003082
-0.9500694870948792
1.983673095703125
1.4395934343338013
-1.984035611152649
-1.9842722415924072
-1.853603720664978
1.7416349649429321
1.984011173248291
1.839984655380249
1.52778160572052
1.3819425106048584
1.715254783630371
0.7923422455787659
1.6462544202804565
1.4965410232543945
1.5841820240020752
0.6317396759986877
-1.0406076908111572
1.3273718357086182
0.6792393922805786
0.7236847281455994
1.0251197814941406
1.522847056388855
-0.7166509032249451
-1.2262182235717773
0.017315790057182312
0.02521505206823349
-0.050099655985832214
-0.9125134348869324
0.0014869191218167543
0.0044997138902544975
-0.056567855179309845
0.017396464943885803
-0.009994580410420895
-0.04420949146151543
-0.20251575112342834
0.01033865474164486
0.001697620959021151
-0.06919016689062119
0.2701280415058136
0.3325483798980713
0.25427132844924927
0.20704539120197296
0.19588768482208252
0.2395637184381485
0.16210833191871643
0.136293426156044
0.26324746012687683
0.19821840524673462
0.00629236688837409
0.008176055736839771
-0.020311973989009857
0.0048614623956382275
0.007612594403326511
0.036349378526210785
0.09132523089647293
-0.007595090661197901
-0.07430892437696457
0.042807724326848984
-0.1184711828827858
-0.03528517857193947
-0.07492169737815857
0.057318657636642456
0.029322508722543716
-0.09845224022865295
-0.09801542013883591
-0.04931536316871643
-0.15767979621887207
0.06513508409261703
0.008621647022664547
0.06552005559206009
-0.012440859340131283
0.009355837479233742
-0.1777767837047577
-0.08062421530485153
-0.0070970067754387856
0.038075968623161316
-0.061836156994104385
-0.010665137320756912
-0.07713618874549866
0.0901220291852951
-0.05957648903131485
0.04488063603639603
0.04441042244434357
0.06493798643350601
-0.0808073878288269
-0.23466888070106506
0.08223365247249603
-0.04359137639403343
0.17130295932292938
-0.0713244304060936
-0.04594682529568672
0.03129516914486885
-1.1829599142074585
-0.05176892504096031
-0.08670278638601303
0.0667271763086319
0.0647478923201561
0.19366541504859924
0.25015512108802795
0.2906140983104706
0.31978702545166016
0.15162792801856995
0.2732775807380676
0.42829063534736633
0.2260657399892807
0.18963086605072021
-0.03165435791015625
0.0042936229147017
-0.05115949735045433
-0.04367062821984291
0.5342454314231873
-1.8681565523147583
-0.3859366178512573
-1.9819358587265015
-1.2126011848449707
-1.9227360486984253
-0.4691375195980072
-1.9811713695526123
-1.1204917430877686
1.791412115097046
0.8690633773803711
1.5412896871566772
1.548020839691162
1.750551462173462
1.057342290878296
1.8557039499282837
1.5314416885375977
1.656791090965271
1.1418571472167969
1.612304449081421
1.2868584394454956
1.6543750762939453
1.1688544750213623
1.5133684873580933
1.2491183280944824
1.6990758180618286
1.1483386754989624
1.9762747287750244
1.435396671295166
1.729862093925476
0.9444828033447266
1.6743916273117065
1.2888193130493164
0.027343466877937317
-0.027249954640865326
0.05926518887281418
1.0097235441207886
0.0809503123164177
-0.10835673660039902
-0.13286526501178741
0.05731343850493431
0.02318515069782734
-0.12286906689405441
0.14634086191654205
-0.013058509677648544
0.030615873634815216
0.030314939096570015
-0.053704384714365005
0.1779824048280716
0.12837421894073486
0.2013041079044342
0.22052842378616333
0.10068833827972412
0.16820822656154633
0.1948779821395874
0.13836997747421265
0.013607536442577839
0.07220705598592758
0.06910008192062378
0.08087677508592606
0.00020016492635477334
0.6226629614830017
-1.6486815214157104
0.8471604585647583
1.8805826902389526
1.9544397592544556
1.8704627752304077
0.6367301344871521
-1.7874135971069336
-1.982463002204895
0.4619934558868408
0.5793851613998413
0.9526843428611755
0.8630145192146301
0.5908542275428772
0.03990258648991585
0.07075631618499756
0.33458614349365234
1.7294418811798096
0.9872719645500183
-1.9843244552612305
-1.9819856882095337
-1.885125994682312
0.6194246411323547
1.595112681388855
1.4896764755249023
0.33321109414100647
0.49917101860046387
0.8127892017364502
0.8096620440483093
0.956376850605011
0.6249199509620667
0.5599596500396729
0.3182360529899597
0.672167181968689
-0.11765963584184647
-0.022974837571382523
0.06927090138196945
0.001898759393952787
0.21604494750499725
0.06550326198339462
-0.005273050162941217
0.032132379710674286
0.1078910231590271
0.09789708256721497
-0.10772668570280075
0.156745046377182
0.21257787942886353
0.19696266949176788
0.1628558188676834
0.17271727323532104
0.2742561101913452
0.18085572123527527
0.1459101438522339
0.14385204017162323
-0.0005244672065600753
0.0043066577054560184
-0.007140219211578369
0.007464816328138113
-0.24485290050506592
-0.1393018662929535
-0.08307953178882599
-0.13582026958465576
-0.1660691350698471
-0.1527593731880188
-0.10807089507579803
-0.16740275919437408
-0.08940543234348297
-0.11292122304439545
-0.0961558073759079
-0.07795757055282593
-0.12855973839759827
-0.17431119084358215
-0.10195773839950562
-0.13760392367839813
-0.18669851124286652
-0.15336792171001434
-0.20404866337776184
-0.12529043853282928
-0.1377757340669632
-0.15726740658283234
-0.14322970807552338
-0.15972115099430084
-0.16173310577869415
-0.10841294378042221
-0.2020706981420517
-0.161919966340065
-0.16357916593551636
-0.16320177912712097
-0.15161065757274628
-0.17697244882583618
-0.09419351071119308
-0.009764882735908031
-0.002532471204176545
0.0457412488758564
-1.9816516637802124
-0.01227827649563551
-0.2042798399925232
0.06326282769441605
-0.0059902057982981205
0.06391439586877823
-0.06306824833154678
0.33698081970214844
0.011877629905939102
-0.05184846743941307
-0.19101406633853912
-0.014463238418102264
0.04647158831357956
-0.0019449361134320498
0.1211402490735054
0.09916353970766068
0.03475246578454971
-0.04573848098516464
0.10325533896684647
0.08307427912950516
0.034563738852739334
0.05496455729007721
0.08747676759958267
-0.048011116683483124
0.03952398896217346
0.5945131182670593
0.35586705803871155
0.6631209850311279
0.4288693368434906
0.354301393032074
0.5496106147766113
0.7637011408805847
0.3496216833591461
0.297397255897522
1.547287940979004
1.787903070449829
1.7592644691467285
0.8283677101135254
-1.206465482711792
-1.4436004161834717
-1.419516682624817
0.8792048692703247
-1.984074592590332
0.49435165524482727
1.984138011932373
1.9809783697128296
1.9839669466018677
0.5769079923629761
-1.9841138124465942
-1.981279730796814
0.3338089883327484
0.1401492953300476
0.6562126874923706
0.7995495796203613
0.6993106007575989
0.27901312708854675
0.5373122096061707
0.7295170426368713
0.35216519236564636
0.05276760458946228
0.0667838305234909
0.017419463023543358
0.01651332713663578
-0.008224702440202236
0.11182142049074173
0.07218675315380096
0.00940590351819992
-0.0540536493062973
-0.008265533484518528
-0.048460233956575394
0.07737648487091064
0.07914958149194717
0.15621860325336456
0.1455908566713333
0.037362221628427505
0.11502572149038315
0.13462668657302856
0.14802305400371552
0.06982679665088654
-0.03164095804095268
-0.043320298194885254
-0.05648990347981453
-0.025463810190558434
-0.08620020002126694
0.018350370228290558
-0.02039841003715992
0.01395848486572504
-0.08028977364301682
0.02261306904256344
0.06162627786397934
0.014366302639245987
0.009238620288670063
0.029488306492567062
0.019953975453972816
-0.0030887455213814974
-0.00822867825627327
-0.06251650303602219
0.037916794419288635
-0.028979387134313583
0.024343635886907578
0.03234460949897766
-0.015599492006003857
0.02182392217218876
-0.0008788698469288647
-0.03624244034290314
-0.05332077294588089
0.015153895132243633
0.0030996445566415787
0.019309571012854576
-0.03383249789476395
0.033715106546878815
-0.05441147834062576
0.006456363946199417
-0.021259333938360214
0.024975351989269257
-0.08955536037683487
-0.030789071694016457
-0.01874607987701893
-0.024708131328225136
1.9839670658111572
-0.4306071102619171
0.20427075028419495
-0.48298850655555725
1.9826245307922363
-1.0788899660110474
0.9985217452049255
0.056289851665496826
-0.06256778538227081
0.3252594769001007
-0.05858197435736656
-1.814759612083435
0.4156710207462311
0.29428815841674805
-0.02115103229880333
-0.11922533810138702
-0.29224541783332825
0.179850235581398
-0.02633625641465187
-0.1104172095656395
0.0264015831053257
-0.042040903121232986
-0.11934761703014374
0.09862799942493439
0.06465974450111389
-1.457910418510437
-1.188356876373291
-0.9609655141830444
-1.0495227575302124
-1.1748653650283813
-1.286568522453308
-1.228869080543518
-1.5739057064056396
-1.163648009300232
-1.3045766353607178
-0.8025618195533752
-1.19377601146698
-1.1747421026229858
-1.5072001218795776
-1.3792494535446167
-1.8305407762527466
-1.115674376487732
-1.2748280763626099
-1.3645973205566406
-1.5031119585037231
-1.3045674562454224
-1.5395622253417969
-1.2701880931854248
-1.1629103422164917
-1.173209309577942
-0.8479612469673157
-1.1667237281799316
-1.1947273015975952
-1.2296215295791626
-0.8855151534080505
-1.1441645622253418
-0.8404447436332703
-1.0016404390335083
1.983151912689209
-0.5403887629508972
-0.5594207048416138
0.16868101060390472
-0.280877023935318
-0.10982289910316467
-0.834389865398407
1.171377420425415
0.07555985450744629
0.25017768144607544
0.00519683538004756
1.9811869859695435
0.2731299102306366
0.09052766114473343
0.013046611100435257
-0.2259381115436554
0.14951904118061066
0.41527363657951355
0.13265009224414825
0.1223527118563652
0.29989883303642273
0.44378945231437683
0.6121277809143066
0.03803100064396858
0.00031170115107670426
1.349110722541809
-0.029599059373140335
-0.17370879650115967
-0.16257774829864502
-0.2681185305118561
0.061809372156858444
-0.5953635573387146
-0.0845988392829895
-0.24690398573875427
0.047184184193611145
0.1618230789899826
0.007691628765314817
0.25259852409362793
0.08373600244522095
0.12270340323448181
0.04652832821011543
0.14098580181598663
-0.06438564509153366
-0.28669416904449463
-0.010223758406937122
-0.15938612818717957
-0.1980210542678833
-0.255548894405365
0.040095649659633636
-0.30435094237327576
-0.11636209487915039
-0.2557576596736908
-0.059910379350185394
-0.07327864319086075
-0.11162549257278442
-0.07181774824857712
-0.12993602454662323
-0.2501084506511688
0.27430376410484314
-0.5256081223487854
1.7914652824401855
1.984375
-0.21654826402664185
-0.24367208778858185
0.9930993318557739
0.17192670702934265
0.053753308951854706
-0.20814016461372375
1.113615870475769
0.0017167071346193552
0.7867128252983093
0.43040376901626587
-0.9054052233695984
-0.23375451564788818
-0.4062228500843048
-0.14229260385036469
-0.08238745480775833
0.6458437442779541
-0.07089211046695709
-0.3246566653251648
0.4580603837966919
0.2903415560722351
0.12236249446868896
0.07223539799451828
0.3118430972099304
0.13100390136241913
0.1449953317642212
-0.3887457251548767
-0.8650277853012085
-0.09540670365095139
-0.1669752150774002
0.013447452336549759
-0.10923512279987335
-0.005601273849606514
-0.15985625982284546
-0.38603708148002625
-0.8334856033325195
-0.04247249662876129
-0.28492841124534607
-0.17836898565292358
-0.4918503761291504
-0.1877947598695755
-0.25063589215278625
-0.4574930667877197
-0.7682175636291504
-0.14604635536670685
0.11930609494447708
-0.027660539373755455
-0.20262132585048676
-0.15791402757167816
-0.139003187417984
0.07770972698926926
-0.043685369193553925
0.2077067792415619
-0.10999788343906403
-0.2509895861148834
-0.579812228679657
-0.24995607137680054
-0.18310636281967163
1.6239954233169556
0.06223504990339279
-0.18062284588813782
-0.10630059242248535
-0.4695482850074768
0.4086593687534332
0.22314462065696716
-1.5199891328811646
-0.035325828939676285
-0.06165971979498863
0.11410991102457047
-1.9830609560012817
0.3549044132232666
-0.5460342764854431
-1.2874372005462646
-0.17799599468708038
-1.0893126726150513
-0.09807522594928741
0.12068921327590942
0.49409717321395874
0.19867822527885437
0.19123461842536926
0.14443401992321014
0.12506739795207977
0.11603212356567383
-1.0971477031707764
-1.5806621313095093
-1.1397004127502441
-1.2230316400527954
-1.7025188207626343
-1.0477296113967896
-1.2770096063613892
-1.4841454029083252
-1.3545926809310913
-1.2844946384429932
-1.9563982486724854
-1.2771729230880737
-1.9782575368881226
-1.5630699396133423
-1.5663524866104126
-1.270163893699646
-1.6124935150146484
-1.528358817100525
-1.4261822700500488
-1.017338752746582
-0.968223512172699
-1.1250691413879395
-0.9872106909751892
-1.2770065069198608
-1.078797698020935
-0.5722679495811462
-1.6080787181854248
-0.6895591020584106
-1.4045771360397339
-0.9299206733703613
-1.1260247230529785
-1.017189383506775
-1.2541117668151855
1.1552695035934448
-0.03525467589497566
1.9843175411224365
-1.6280280351638794
0.06685572862625122
0.049565739929676056
0.03712332621216774
-0.017492122948169708
0.006471985951066017
0.03573222830891609
0.028098762035369873
-0.07572341710329056
-0.021118154749274254
-0.008996885269880295
-0.06723342090845108
-0.0009719035006128252
0.0013447279343381524
0.06812506914138794
0.02279629558324814
0.016742518171668053
0.14093706011772156
-0.0024872340727597475
0.025604886934161186
0.01212818268686533
-0.03076520748436451
-0.03975652530789375
-0.01146315224468708
0.0019452053820714355
-0.08867001533508301
-0.04951777681708336
0.04136587679386139
-0.04375120624899864
-0.063880056142807
0.017432719469070435
-0.058549121022224426
-0.07307305932044983
-0.022843137383461
0.03819699212908745
-0.0069526974111795425
0.008126393891870975
0.006878477055579424
-0.004463647026568651
0.020883431658148766
0.04195040836930275
-0.048816386610269547
0.03401334583759308
0.003221526276320219
-0.0007379669696092606
0.028953470289707184
0.06287051737308502
0.029508765786886215
0.007129008416086435
0.015411479398608208
0.03832530230283737
-0.009424830786883831
0.01574462465941906
-0.02792811393737793
-0.005889744497835636
-0.005318254232406616
-0.0016501324716955423
0.040469590574502945
-1.2471286058425903
-0.03956831619143486
-0.1377556473016739
-0.03522712364792824
0.0008054722566157579
0.07315051555633545
0.006417335942387581
0.18487094342708588
0.08619828522205353
-0.027376605197787285
0.038961153477430344
-0.23140303790569305
0.05777425318956375
0.16671286523342133
0.028846509754657745
0.04666835814714432
0.10631850361824036
0.17915065586566925
0.03593039885163307
0.04779772832989693
0.07577154785394669
0.048570919781923294
0.055918216705322266
0.01817226968705654
-0.015450824052095413
0.29263898730278015
-1.5258244276046753
-1.768066644668579
-1.6402037143707275
0.35986366868019104
1.8161548376083374
1.9842767715454102
1.723598837852478
0.3660542964935303
-1.7854266166687012
0.40831559896469116
0.732047438621521
0.9993464350700378
1.2420293092727661
1.0803579092025757
-1.6679291725158691
-1.933056116104126
0.3091454803943634
0.4772861897945404
0.4381822347640991
0.1744316667318344
0.7113071084022522
0.5272045731544495
0.5758342146873474
0.06667185574769974
-0.17046722769737244
-0.06596590578556061
-0.3031682074069977
0.14354389905929565
0.08449409157037735
0.3480767011642456
0.2273840755224228
0.14570611715316772
-0.009188294410705566
-0.00016515853349119425
-0.05620159953832626
1.9822940826416016
0.04786631464958191
-1.9013298749923706
1.8659520149230957
-1.6439366340637207
0.04272019863128662
0.9978728890419006
0.04147243872284889
-0.07440391182899475
0.1272171437740326
0.12008419632911682
-1.739730954170227
0.005530124064534903
0.03203094005584717
0.07138587534427643
0.09346218407154083
0.12792229652404785
0.08935809880495071
0.06282395869493484
0.11806950718164444
0.012645983137190342
0.03090328723192215
0.13643652200698853
0.041807226836681366
0.039692170917987823
-0.3756347596645355
-0.8514625430107117
-0.9504898190498352
-0.5422191619873047
-1.114648461341858
-0.50950026512146
-1.0181854963302612
-0.41885438561439514
-0.8930791616439819
-0.5526237487792969
-1.0056443214416504
-0.5258433222770691
-1.0239351987838745
-0.4983486533164978
-0.925072431564331
-0.6070284843444824
-0.9780007004737854
-0.5490185022354126
-0.9668543338775635
-0.6024113297462463
-1.020298957824707
-0.601145327091217
-1.0037239789962769
-0.7780773043632507
-0.9499044418334961
-0.46765339374542236
-1.0962198972702026
-0.5688521862030029
-0.9571858644485474
-0.6941391229629517
-0.8299156427383423
-0.637894868850708
-1.1065579652786255
-1.961100697517395
0.11699084937572479
-0.30243930220603943
-1.9834133386611938
0.013937205076217651
-0.23706065118312836
1.9395464658737183
-0.002026749774813652
0.03497740253806114
0.05260715261101723
0.17345891892910004
-0.6454693675041199
-0.11546024680137634
0.08990833163261414
0.027880067005753517
0.056323643773794174
0.030720576643943787
0.018002279102802277
-0.0022156662307679653
0.00497750099748373
0.0030325280968099833
0.09127582609653473
0.10213255882263184
-0.08212535828351974
-0.0057401820085942745
0.04021110385656357
0.0349118635058403
-0.08552826941013336
-0.00685069989413023
-0.013046300038695335
-0.00950806587934494
-0.07603882998228073
-0.03778056055307388
-0.0119059719145298
0.016960615292191505
-0.06948219239711761
0.08965669572353363
-0.09008857607841492
0.028577569872140884
-0.1624661684036255
0.06280750781297684
-0.1380443423986435
0.007383838761597872
-0.12145426869392395
0.08443092554807663
-0.06170696020126343
-0.0021229113917797804
-0.015529947355389595
0.0771060511469841
-0.07748256623744965
0.05011588707566261
-0.16442395746707916
0.031700100749731064
-0.01584831438958645
0.027721794322133064
-0.11855091154575348
-0.048917438834905624
-0.032680779695510864
-0.12084068357944489
0.25576749444007874
0.2283795028924942
0.04589003324508667
-0.05610613152384758
-0.08542577922344208
-0.010452358983457088
-0.044548097997903824
0.0327889621257782
0.059362221509218216
-0.030914606526494026
0.010608278214931488
0.047193743288517
-0.009892916306853294
0.06734609603881836
-0.0329531729221344
0.05638090521097183
-0.05357513204216957
-0.029505673795938492
0.02870883233845234
-0.08560220897197723
-0.020505107939243317
0.006626371294260025
-0.029522305354475975
0.01281752809882164
-0.025937343016266823
0.012033538892865181
0.07134416699409485
-0.06387393176555634
-0.07859210669994354
-0.027876127511262894
-0.07501497864723206
-0.05429506301879883
0.08628419786691666
0.05076567828655243
0.0779070183634758
0.06753562390804291
0.03221926838159561
-0.0828547552227974
-0.038677413016557693
-0.07105895131826401
-0.07964656502008438
0.0075355395674705505
-0.0022350719664245844
-0.009389850310981274
0.05919242277741432
0.016793271526694298
-0.022624213248491287
0.030250104144215584
0.07917756587266922
-0.0046548363752663136
0.036430541425943375
-0.009033316746354103
0.03876357898116112
0.046999599784612656
-0.046412430703639984
0.06842837482690811
0.021965643391013145
-0.005794299300760031
-0.001885422971099615
-0.0739784985780716
-0.004000003915280104
0.03293585404753685
0.05045896768569946
-0.07437155395746231
-0.05791299417614937
0.03644506260752678
-0.08455567061901093
0.04864088073372841
0.010732801631093025
0.013513886369764805
-0.03020493872463703
0.016055496409535408
-0.011251341551542282
0.03833896666765213
-0.024144839495420456
-0.0506136491894722
-0.08306114375591278
0.05198070779442787
-0.010208426974713802
0.04318028688430786
0.07425335049629211
-0.01604076661169529
-0.07659010589122772
-0.03772788867354393
-0.049239303916692734
0.0655519887804985
-0.004882289562374353
0.0595129057765007
0.03763420507311821
-0.07167086750268936
0.05987442284822464
0.05226100981235504
0.07582634687423706
0.0045963614247739315
-0.041327692568302155
-0.06790705770254135
-0.010443015955388546
-0.02553434483706951
0.02981918305158615
-0.08015774935483932
0.004777818918228149
-0.04274646192789078
-0.08528690040111542
-0.003381725400686264
-0.025768781080842018
-0.0700359120965004
0.015120790340006351
0.03552287071943283
0.042420994490385056
0.012461530044674873
0.07733003050088882
0.0631939023733139
-0.017070163041353226
0.037089843302965164
-0.08842577040195465
-0.016537275165319443
-0.05597841739654541
-0.04344025254249573
0.04728931933641434
-0.05671313405036926
-0.05558736249804497
0.9014797806739807
-0.960099458694458
-0.04723741486668587
-0.4344613254070282
-0.6360021233558655
0.7843238115310669
1.973368763923645
-0.01163039542734623
-0.06509318202733994
0.2585392892360687
0.4394470751285553
-0.3088071346282959
0.24520204961299896
0.6338011622428894
0.5397692918777466
0.6502853631973267
0.45730966329574585
0.30805984139442444
0.30986806750297546
0.2958817780017853
0.32167282700538635
0.028994638472795486
-0.04607237130403519
0.0012588612735271454
-0.04586228355765343
-1.0389126539230347
-1.4389381408691406
-1.2761752605438232
-1.315781593322754
-1.187241792678833
-1.5312480926513672
-1.2953802347183228
-1.347854495048523
-1.1680015325546265
-1.2306342124938965
-1.3567944765090942
-1.4506889581680298
-1.1301378011703491
-1.3954145908355713
-1.311803936958313
-1.5605772733688354
-1.185523509979248
-1.3405048847198486
-1.3315924406051636
-1.4953011274337769
-1.2144309282302856
-1.2582253217697144
-1.411568522453308
-1.4408386945724487
-1.1586723327636719
-1.408764123916626
-1.2550326585769653
-1.3395825624465942
-1.1909664869308472
-1.4000155925750732
-1.2476692199707031
-1.2803692817687988
-1.1609081029891968
1.9811091423034668
-0.6798126101493835
0.0454542338848114
-0.6555860042572021
-0.22139857709407806
0.4964352250099182
-0.7162877321243286
-0.8546019792556763
0.06364469975233078
0.04065798968076706
0.34475716948509216
1.9832202196121216
0.21101558208465576
0.3529966473579407
0.3497775197029114
0.2679363489151001
0.29075485467910767
0.38305333256721497
0.33349454402923584
0.35981473326683044
0.33980706334114075
0.08221835643053055
0.11414670944213867
-0.24032777547836304
-0.053897760808467865
-0.8512623906135559
-1.1652469635009766
-0.8527708053588867
-1.0889739990234375
-0.9665982127189636
-1.1910395622253418
-0.9130423665046692
-1.136338233947754
-0.8523343801498413
-1.0824236869812012
-0.911840558052063
-1.1544907093048096
-0.9374581575393677
-1.0820099115371704
-0.9122897982597351
-1.3203248977661133
-1.0127447843551636
-1.0904815196990967
-0.9909484386444092
-1.2847553491592407
-1.0681878328323364
-1.1054054498672485
-0.9464043974876404
-1.1814900636672974
-0.9651289582252502
-1.2539395093917847
-0.8242930173873901
-1.2157516479492188
-0.9067313075065613
-1.1435612440109253
-0.7617475390434265
-1.129371166229248
-0.9235793352127075
0.018614068627357483
0.06622347235679626
1.5353271961212158
0.811194658279419
-0.24653424322605133
0.7015786170959473
-0.7361436486244202
-0.026525283232331276
-0.3494630753993988
0.02728763222694397
-0.8087791204452515
-0.06379198282957077
-0.0343748964369297
0.62177973985672
0.7375996112823486
-0.021735353395342827
0.506096601486206
0.0678490698337555
0.4200015366077423
0.10846808552742004
0.17481198906898499
0.16547507047653198
0.18012721836566925
0.12788653373718262
-0.16602754592895508
-0.36391112208366394
-0.0679309070110321
-0.14336533844470978
-0.8702126741409302
-1.6448638439178467
-1.2405446767807007
-1.3530218601226807
-1.1107383966445923
-1.6255649328231812
-1.1183561086654663
-1.3899866342544556
-1.1997487545013428
-1.3400651216506958
-1.179720163345337
-1.5326629877090454
-1.0638291835784912
-1.3104652166366577
-1.1376746892929077
-1.6545549631118774
-1.177180528640747
-1.3399382829666138
-1.2241363525390625
-1.5989123582839966
-1.364294171333313
-1.2710593938827515
-1.2559574842453003
-1.5431005954742432
-1.245090365409851
-1.8467020988464355
-0.9677429795265198
-1.4965087175369263
-1.0725579261779785
-1.6559422016143799
-0.9564706087112427
-1.4748331308364868
-0.9374817609786987
-1.0424598455429077
-1.418503761291504
-0.4054429531097412
-0.22792361676692963
-0.8283149003982544
1.5917199850082397
1.9836926460266113
0.45781540870666504
0.08955281227827072
0.30288031697273254
0.3080097734928131
0.038046617060899734
-0.02489626407623291
0.41439130902290344
0.47217753529548645
0.4063122272491455
0.4708464443683624
0.13802960515022278
0.11959246546030045
0.10654813796281815
0.1931246817111969
0.15267226099967957
0.16582390666007996
-0.17906677722930908
-0.03875478357076645
-1.247852087020874
-1.875880479812622
-1.3675678968429565
-1.6603572368621826
-1.0837128162384033
-1.6417288780212402
-1.3172762393951416
-1.8295763731002808
-1.2864221334457397
-1.6253278255462646
-1.4607834815979004
-1.7745482921600342
-1.3167155981063843
-1.8215540647506714
-1.5621874332427979
-1.6941382884979248
-1.3034497499465942
-1.7427351474761963
-1.302761435508728
-1.6527981758117676
-1.2941476106643677
-1.6493393182754517
-1.373445749282837
-1.678338646888733
-1.1603949069976807
-1.6541199684143066
-1.3007383346557617
-1.6922470331192017
-1.3909837007522583
-1.9774357080459595
-1.517578363418579
-1.7323342561721802
-1.1614339351654053
-0.04702229052782059
-0.42919671535491943
-1.9769587516784668
0.3463433086872101
-0.33156654238700867
0.06583388149738312
-0.07984571158885956
-0.060192860662937164
0.3099963068962097
0.23654241859912872
-1.2025978565216064
0.07902108132839203
0.4876989722251892
0.006766561418771744
-0.026179881766438484
-0.0342886820435524
0.16277387738227844
0.2590753138065338
0.039989326149225235
0.08474850654602051
0.15863315761089325
0.07014791667461395
0.19115859270095825
0.271758109331131
-0.04023564234375954
-0.06319230049848557
0.2544252872467041
0.16259987652301788
-0.19427834451198578
-0.1546836793422699
-0.133968785405159
-0.15406572818756104
-0.2061888724565506
-0.13835608959197998
0.19828751683235168
-0.3579007089138031
-0.13957783579826355
-0.09001505374908447
-0.31107795238494873
-0.22809091210365295
-0.13798566162586212
-0.33617180585861206
-0.26746058464050293
-0.23806782066822052
-0.044079434126615524
-0.39703652262687683
-0.25584253668785095
-0.24086377024650574
0.012022411450743675
-0.06920281052589417
-0.34054675698280334
-0.28193336725234985
-0.22194620966911316
0.0059873610734939575
-0.09422977268695831
-0.04120256006717682
-0.24794018268585205
-0.009646900929510593
-0.461683064699173
-0.19918856024742126
-0.048668328672647476
-1.9843188524246216
0.6583898067474365
0.58182293176651
-1.207688570022583
-0.7150249481201172
-0.7054961323738098
-0.3059237599372864
1.889988899230957
0.048915423452854156
-0.5069894194602966
0.4262407422065735
-1.9839143753051758
0.07071586698293686
0.24652059376239777
-0.10132277011871338
0.29455479979515076
0.3829602599143982
0.0631682425737381
0.05377927049994469
0.07376137375831604
0.24266266822814941
0.3060988187789917
-0.3372531831264496
0.338255912065506
-0.29817527532577515
0.23449309170246124
0.44927531480789185
-0.022928733378648758
0.5435653328895569
0.29841041564941406
0.09970830380916595
0.03374586999416351
0.5514394640922546
0.27225568890571594
0.7844359874725342
0.5860503911972046
0.39291152358055115
0.710412323474884
0.4706436097621918
0.3911651372909546
0.2058413028717041
0.44589659571647644
0.4035828411579132
-0.0021017207764089108
0.20633989572525024
0.23082204163074493
0.5490136742591858
0.25037914514541626
0.44321250915527344
0.1729707270860672
-0.1581985056400299
0.18103748559951782
0.4911678731441498
0.4453463852405548
0.292235791683197
0.15707504749298096
0.33862659335136414
0.2913236618041992
-0.3916538953781128
0.3415801227092743
1.4797799587249756
0.03372950479388237
-0.051897551864385605
0.051279108971357346
-0.08424199372529984
-0.04498178884387016
0.0033306521363556385
0.07164616137742996
0.07923166453838348
0.044186025857925415
-0.07583337277173996
-0.0008341692155227065
-0.002914551179856062
-0.013863635249435902
0.045318350195884705
0.03369443863630295
0.04637936130166054
0.0880071222782135
0.013665822334587574
0.015756426379084587
-0.08517804741859436
-0.11910529434680939
-0.05674239248037338
-0.05035566911101341
0.006755703594535589
-0.024168798699975014
0.0035280436277389526
0.06058456003665924
0.03640089929103851
-0.037266094237565994
-0.03385823592543602
0.04373137652873993
0.06490285694599152
0.07013022899627686
0.039929427206516266
-0.04404141381382942
-0.003377110231667757
0.0861772745847702
-0.02938845567405224
-0.005241801030933857
-0.02343597263097763
0.022088130936026573
0.05918297916650772
0.007738827262073755
-0.024127760902047157
-0.08368877321481705
0.06772001087665558
-0.035432588309049606
0.0622248537838459
0.02976374141871929
0.08060940355062485
-0.09162664413452148
-0.0008802715456113219
0.01585034839808941
-0.008194676600396633
-0.02488875389099121
0.046588219702243805
0.04573328420519829
0.029299885034561157
0.07053699344396591
-0.014616432599723339
-0.06900978088378906
0.049604594707489014
0.07030455768108368
0.0501691997051239
-0.09062220901250839
0.09208282083272934
0.0512489452958107
0.06968667358160019
-0.048562802374362946
0.06000863015651703
-0.09008991718292236
0.03175431489944458
-0.07188697904348373
-0.05187155306339264
-0.0670638382434845
0.05893959850072861
-0.046320512890815735
-0.06474673748016357
-0.04235423728823662
-0.09679947793483734
-0.06042613461613655
0.05430533364415169
-0.056663818657398224
0.03262685239315033
0.05151215195655823
-0.006481929216533899
-0.00815506186336279
0.08723802864551544
0.061204105615615845
-0.06524473428726196
0.04748161509633064
-0.06524354964494705
-0.05989029258489609
-0.007119284477084875
-0.07045925408601761
0.04982075095176697
-0.0953890010714531
-0.027539223432540894
0.06637817621231079
-0.08679287135601044
-0.06773779541254044
-0.08536441624164581
-0.09634323418140411
0.0321069099009037
-0.03670325502753258
0.04413644224405289
-0.051471807062625885
-0.0342312827706337
0.009352076798677444
0.014873931184411049
-0.06546696275472641
0.051122162491083145
0.09169533848762512
-0.09010913223028183
0.03025979921221733
-0.02954506315290928
-0.10521873086690903
0.06981463730335236
-0.09642593562602997
1.984375
0.3653564453125
0.019354961812496185
-1.9832512140274048
0.034438356757164
0.18967585265636444
-0.062375858426094055
-1.3482142686843872
0.01366051658987999
-0.03062308579683304
-0.05048125982284546
-0.015556822530925274
1.1023908853530884
0.8413965106010437
0.48758184909820557
0.426760733127594
0.6205348372459412
0.30790984630584717
0.09134579449892044
0.06310298293828964
0.25205811858177185
-0.1491263061761856
-0.13580109179019928
0.17622420191764832
-0.13930237293243408
0.7387065887451172
0.6575749516487122
0.0024969910737127066
0.8300997614860535
0.40079304575920105
0.7947251200675964
-0.0014133406803011894
0.8068036437034607
0.15083755552768707
0.5846288204193115
0.313888818025589
0.7257267832756042
0.10543547570705414
0.6512776017189026
-0.006224316079169512
0.5579577684402466
0.3183507025241852
0.6369684338569641
0.19468973577022552
0.5671505331993103
0.23882673680782318
0.9172353744506836
0.25876379013061523
0.7510433197021484
0.12401282042264938
0.743322491645813
0.04794427379965782
0.6284552216529846
-0.10778706520795822
0.3890957534313202
0.005705757066607475
0.6226591467857361
0.16333410143852234
0.8626257181167603
0.2435547560453415
-0.05919388681650162
0.743008017539978
-0.1592182219028473
-0.22758911550045013
0.018927505239844322
1.9840688705444336
-0.08580656349658966
-0.07089576125144958
0.3203146755695343
0.37991368770599365
0.4083468019962311
0.84394770860672
1.0221883058547974
0.9308421015739441
1.1465500593185425
-0.19136838614940643
-0.17965146899223328
0.04148785397410393
-0.004771081730723381
-0.028373654931783676
-0.008839353919029236
-0.053943563252687454
-0.28368550539016724
-0.3538402318954468
-1.005393624305725
-0.29235008358955383
-0.7653023600578308
-0.20466502010822296
-0.8559548854827881
0.18645153939723969
-0.8591338396072388
-0.13690130412578583
-0.8833411335945129
0.18330883979797363
-1.1716252565383911
-0.011444400995969772
-0.7471376061439514
-0.311325341463089
-1.073974847793579
-0.14920541644096375
-0.9619882106781006
-0.07661737501621246
-1.130117654800415
-0.12378036230802536
-0.9852083325386047
0.10076135396957397
-1.380932331085205
-0.036336373537778854
-0.9305325746536255
0.13382962346076965
-0.6702499985694885
-0.1108575314283371
-0.7715544700622559
-0.3308555781841278
-0.520767331123352
-0.23402760922908783
0.3310847580432892
1.7863813638687134
0.3581554591655731
1.9843021631240845
-0.026465365663170815
-1.9386032819747925
-1.983675479888916
1.9573737382888794
0.18814224004745483
-0.8817716836929321
-0.8966072797775269
-0.029828330501914024
0.4012185335159302
0.3089808523654938
1.511499047279358
1.7974551916122437
1.7660186290740967
1.7801493406295776
1.748840570449829
1.7522176504135132
1.7733954191207886
1.7601890563964844
1.7840501070022583
1.7884321212768555
1.639464020729065
1.8408702611923218
0.07703875750303268
0.025576088577508926
0.05142390727996826
0.06612785160541534
-0.15606451034545898
0.021550161764025688
-0.07079999893903732
-0.018296953290700912
-0.12952357530593872
-0.03800829127430916
-0.09591612219810486
-0.018171248957514763
-0.18010902404785156
0.04379250854253769
-0.16118447482585907
-0.011202885769307613
-0.16685105860233307
0.026807725429534912
-0.18920764327049255
0.004603936802595854
-0.16506315767765045
0.009853548370301723
-0.17589153349399567
-0.01252228207886219
-0.2113451510667801
0.0644759014248848
-0.15224799513816833
-0.03918084502220154
-0.08023098856210709
-0.043051499873399734
-0.11773083359003067
0.04970379173755646
-0.11070441454648972
0.0324036180973053
-0.05974690243601799
-1.6420396566390991
-0.09691236913204193
-0.7408020496368408
-1.9831418991088867
1.9819657802581787
0.15029723942279816
0.06322256475687027
0.004969725385308266
0.014690416865050793
0.4547676146030426
0.45676302909851074
-0.32634618878364563
1.971116304397583
1.9633070230484009
1.9471405744552612
1.9838391542434692
1.9662415981292725
1.9677420854568481
1.9809061288833618
1.9643774032592773
1.978841781616211
0.2956762909889221
0.34495508670806885
0.02170642651617527
-0.003787183901295066
-0.10699966549873352
-0.024486258625984192
-0.002083694562315941
-0.006654956378042698
0.03224353864789009
-0.004267358221113682
0.028266459703445435
-0.001799335121177137
0.02731320448219776
-0.046513643115758896
-0.028918210417032242
-0.06098117306828499
0.004843071103096008
-0.018695998936891556
0.03163357079029083
-0.027482617646455765
-0.04649120569229126
-0.021866146475076675
0.050481732934713364
-0.009317292831838131
-0.04756535589694977
-0.03941518813371658
-0.02186872437596321
-0.06678806245326996
0.010599854402244091
-0.02547192946076393
0.033812522888183594
-0.012216703034937382
0.057649165391922
-0.04974616318941116
0.008885190822184086
-0.03038722649216652
0.052410393953323364
-0.009866363368928432
-1.9834963083267212
1.9804654121398926
-1.9843506813049316
0.53713458776474
-1.2894432544708252
-0.22956234216690063
0.9290133714675903
-0.28878694772720337
0.2746823728084564
1.9797308444976807
0.052627675235271454
0.21469247341156006
-0.5369463562965393
0.12146288901567459
-0.06560377776622772
-0.06282252818346024
-0.05201955512166023
-0.11203259974718094
-0.07676500082015991
-0.17438428103923798
-0.1369662582874298
-0.17125557363033295
-0.14497044682502747
0.578723669052124
-1.9826323986053467
0.28842079639434814
0.27703267335891724
1.2422086000442505
1.1005914211273193
1.5392532348632812
0.9834470152854919
1.0647430419921875
1.271023154258728
1.2254236936569214
1.1403014659881592
1.2391725778579712
1.060673713684082
1.4288784265518188
0.8971802592277527
1.1073397397994995
0.937617301940918
1.324094295501709
1.0830471515655518
1.3887556791305542
0.9799572229385376
1.0587410926818848
1.0435622930526733
1.2788350582122803
1.1916414499282837
1.3356393575668335
1.0161972045898438
0.8673593401908875
1.3269214630126953
1.182427167892456
1.2470104694366455
1.3301217555999756
1.1358709335327148
1.447855830192566
1.1757382154464722
1.220337152481079
1.0467780828475952
-0.376058965921402
0.07602914422750473
0.4619421064853668
-0.01952788606286049
0.2719722092151642
0.3826059401035309
-0.29511988162994385
-0.045242730528116226
-0.11595552414655685
-0.18574336171150208
-0.11062735319137573
-0.29101288318634033
-0.18465597927570343
-0.3406718373298645
-0.16294974088668823
-0.16233284771442413
-0.09405416250228882
-0.1762647181749344
0.015297017991542816
-0.04513239115476608
-0.11212634295225143
-0.09761645644903183
0.01237103994935751
0.05747652426362038
0.047174327075481415
-0.11231452971696854
-0.29123151302337646
-0.2657371461391449
-0.24660973250865936
-0.14346903562545776
-0.4308851957321167
-0.24435225129127502
-0.24920029938220978
-0.2985062897205353
-0.33128464221954346
-0.25865647196769714
-0.20339837670326233
-0.293605238199234
-0.3971835970878601
-0.3759058713912964
-0.2898019850254059
-0.3524405062198639
-0.4310787618160248
-0.3782091438770294
-0.35133638978004456
-0.3010985255241394
-0.3861413896083832
-0.23879937827587128
-0.26052847504615784
-0.14931878447532654
-0.37446072697639465
-0.14202992618083954
-0.10506429523229599
0.021343864500522614
-0.19447071850299835
-0.12226682901382446
-0.2071881890296936
0.31552591919898987
0.06383679807186127
0.2751912772655487
0.46247178316116333
0.21489320695400238
0.010600616224110126
0.21055224537849426
-1.984375
-0.18276697397232056
-0.5499088764190674
-1.9842475652694702
-0.03970061615109444
0.20056429505348206
-0.42167308926582336
-1.6735560894012451
0.3199036121368408
0.2762242555618286
0.5001586079597473
-0.3623616397380829
0.6308509111404419
0.27868908643722534
0.2676362991333008
0.14821870625019073
0.3515421450138092
-0.04345700517296791
-0.06581603735685349
0.18089331686496735
0.21394039690494537
0.6646202206611633
-0.09540054947137833
0.5253041982650757
-0.27202659845352173
0.1762513518333435
-0.16204248368740082
0.024039648473262787
-0.3646261990070343
0.1455787718296051
-0.20522287487983704
0.028945317491889
-0.18666161596775055
0.02184242755174637
-0.21735221147537231
-0.2284083515405655
0.06251414865255356
0.2212466597557068
-0.11048659682273865
0.03927052021026611
-0.09398085623979568
0.04190630838274956
-0.40729594230651855
-0.0672449916601181
-0.2246389091014862
0.19384372234344482
-0.20636335015296936
0.12772896885871887
-0.2757894694805145
0.13967466354370117
0.16532741487026215
0.4612463116645813
-0.44378554821014404
0.004385611042380333
-1.9484682083129883
-0.28501757979393005
-0.12479997426271439
1.327164649963379
0.07552019506692886
0.2175237387418747
0.1368071436882019
1.9843701124191284
-0.04651397466659546
1.354784607887268
-0.33855682611465454
1.9728294610977173
0.1819159984588623
0.9719446301460266
-0.07985658198595047
-0.07772112637758255
0.06994838267564774
1.0896633863449097
0.44209471344947815
0.5674933791160583
0.7505872249603271
0.06531580537557602
0.11757294088602066
0.2995699942111969
0.4100378155708313
-0.5292336344718933
-0.5642125606536865
-0.5611587762832642
-1.351182460784912
-1.4079577922821045
-1.553943395614624
-1.52933931350708
-1.213724136352539
-0.7345277667045593
-1.03946852684021
-0.5423380136489868
-0.8804967999458313
-0.9734029769897461
-1.0616627931594849
-0.9842315912246704
-1.0083822011947632
-0.9969806671142578
-1.121463418006897
-0.9309927821159363
-1.0272296667099
-1.2126233577728271
-1.2984472513198853
-1.1744725704193115
-1.097327470779419
-1.3325841426849365
-1.638927698135376
-1.4041566848754883
-1.4314501285552979
-0.9196746349334717
-0.8407098650932312
-0.9581596851348877
-1.6794215440750122
-1.766205906867981
0.7429047226905823
-1.3034188747406006
-1.9668655395507812
-0.6741390228271484
0.08838880807161331
-0.10479896515607834
-0.6274051666259766
0.41533681750297546
-0.05559401586651802
0.028665659949183464
1.8095415830612183
0.06645266711711884
0.10066071897745132
-0.20734213292598724
1.9050825834274292
-0.3449691832065582
1.4332311153411865
-0.14197394251823425
-0.4097781479358673
0.13067926466464996
-0.34226036071777344
0.6630285978317261
0.24287733435630798
-0.5630868673324585
0.0898575410246849
0.15424300730228424
0.21645650267601013
-0.005140827037394047
0.11839015781879425
0.30269068479537964
-0.9970988631248474
0.5537346005439758
0.8262013792991638
0.6443376541137695
-0.5407181978225708
1.4060217142105103
1.0698004961013794
-0.0035001635551452637
-0.4092308282852173
0.14083871245384216
0.3136327862739563
0.21868348121643066
0.3310082256793976
0.45326855778694153
0.5477412939071655
0.333068311214447
0.13390156626701355
-0.16588562726974487
-0.10413943976163864
0.10018651187419891
0.35181739926338196
0.350713312625885
0.10260764509439468
0.2344636470079422
-0.12971501052379608
0.33174195885658264
-0.3284702003002167
0.434870183467865
0.7918748259544373
-0.05182093009352684
-0.2465922087430954
1.9841241836547852
0.06013542786240578
-0.021205656230449677
0.004119346383959055
-0.909447193145752
-0.07891625165939331
0.02802048623561859
1.9838370084762573
-0.03866276144981384
0.015493525192141533
0.06191479414701462
-1.9831777811050415
0.09301581978797913
1.243577241897583
-0.20437996089458466
-1.5425952672958374
-0.06006718799471855
0.15483275055885315
-0.29304417967796326
0.002948797307908535
0.6394752860069275
-0.052207302302122116
-0.14858204126358032
0.11959218233823776
0.09273289144039154
-0.0254207793623209
-0.42313310503959656
0.24271181225776672
-0.2827666699886322
-0.10216465592384338
0.22979721426963806
0.13883259892463684
-0.33781176805496216
-0.7925423383712769
0.5720797777175903
0.6044451594352722
0.33293214440345764
0.15667201578617096
0.18840160965919495
0.13855455815792084
-0.0285943616181612
0.13030529022216797
0.5681853294372559
0.5518991947174072
0.494460791349411
-0.16066047549247742
-0.1809089332818985
-0.44891926646232605
0.3246051073074341
0.36203402280807495
0.31539663672447205
0.007935360074043274
0.532230794429779
0.5260387659072876
0.09648041427135468
0.10241449624300003
0.12257014214992523
0.233525350689888
-0.011164399795234203
1.1100733280181885
-1.9843003749847412
-0.005656039342284203
0.07842148840427399
-0.02540152706205845
-0.09125111252069473
0.060222476720809937
0.020902883261442184
-0.08199042826890945
-0.05702274292707443
-0.024035463109612465
-0.07367968559265137
0.002768724923953414
0.06822699308395386
0.008037622086703777
0.031515784561634064
0.012358228676021099
-0.0843796655535698
0.033050037920475006
-0.01077913586050272
-0.023897487670183182
-0.008714462630450726
0.052034202963113785
-0.03738700598478317
-0.0076459660194814205
-0.0630192756652832
-0.0015950468368828297
0.025273997336626053
-0.0859583392739296
0.015552518889307976
0.09070330858230591
-0.08924363553524017
-0.08114700764417648
-0.09050702303647995
0.00379826407879591
0.05246083810925484
-0.054495733231306076
0.03466108441352844
0.050262756645679474
0.05629887804389
-0.03995111584663391
-0.046519797295331955
0.013392641209065914
0.0161140039563179
0.06634800881147385
-0.09060255438089371
-0.07399776577949524
0.01801537163555622
0.004346473142504692
0.06917870789766312
0.05391738563776016
-0.052782826125621796
0.04577478766441345
-0.009293150156736374
-0.027094826102256775
0.04885145276784897
-0.05828966945409775
0.04358505830168724
0.033808063715696335
0.04825635999441147
-0.09042275696992874
0.06716956943273544
0.04799520596861839
0.054117221385240555
0.082129567861557
0.005162939894944429
-0.07343749701976776
0.04803500697016716
0.04518909752368927
0.029192009940743446
0.06553158909082413
-3.2477710192324594e-05
0.0071698701940476894
-0.05817783251404762
0.07643463462591171
-0.0766477957367897
0.017092838883399963
0.055925581604242325
0.0012462392915040255
-0.037749033421278
-0.022324832156300545
-0.04151260107755661
-0.049931421875953674
0.0437006950378418
0.024111684411764145
-0.00333190499804914
0.02627892792224884
-0.03971640765666962
0.010931067168712616
0.015547556802630424
-0.011913539841771126
0.006971823982894421
-0.08830529451370239
0.03418900817632675
-0.026018571108579636
0.041130464524030685
0.0759551078081131
-0.07442924380302429
0.08955607563257217
-0.0004673752700909972
-0.024010546505451202
0.01431624498218298
0.06739968806505203
-0.06723718345165253
0.04061242938041687
-0.0562698096036911
0.08728307485580444
0.06847426295280457
0.057849571108818054
0.00959528423845768
-0.06099661812186241
0.07023922353982925
0.028725367039442062
-0.02191503532230854
0.04740786552429199
0.07454368472099304
0.04380246624350548
-0.06385552883148193
0.07668600976467133
0.02027582935988903
-0.05386660248041153
0.8288230299949646
0.15828540921211243
-0.08085484057664871
0.828319787979126
-1.9830162525177002
-0.30547165870666504
0.32472890615463257
-0.20105759799480438
0.05165962502360344
0.3464047312736511
0.003835870185866952
-1.2500286102294922
0.44352424144744873
-0.12595856189727783
-0.06463779509067535
-0.11114946007728577
0.04322662577033043
0.08043970912694931
0.21019740402698517
0.11862877011299133
0.2884065806865692
0.005848098546266556
0.006538428831845522
0.20405761897563934
0.10486941039562225
0.7365278005599976
0.27924448251724243
0.37239688634872437
0.2011723667383194
0.10373500734567642
0.22253626585006714
0.2578136622905731
0.23294366896152496
0.3009651005268097
0.2881568372249603
0.36622709035873413
0.2766435742378235
0.21390390396118164
0.10981009900569916
0.18866704404354095
0.16299714148044586
0.29363468289375305
0.42106059193611145
0.31117722392082214
0.19488078355789185
0.18391524255275726
0.10152380168437958
0.17777511477470398
0.14954611659049988
0.25327393412590027
0.27861806750297546
0.37885722517967224
0.3927529752254486
0.48277416825294495
0.36968737840652466
0.509232759475708
0.3585960268974304
0.31124746799468994
-1.7155834436416626
0.00046176640898920596
0.09450104832649231
-1.8603973388671875
0.643210768699646
0.32131850719451904
0.497010201215744
-0.4387551248073578
0.06645362824201584
0.24328608810901642
0.04150569438934326
0.5257314443588257
0.4461795389652252
0.10515717417001724
0.0034582242369651794
-0.13656631112098694
0.21949385106563568
0.056183822453022
0.03262254223227501
0.028551489114761353
0.19361095130443573
-0.018010545521974564
-0.02435220591723919
0.04830588772892952
0.08119069039821625
0.1458280235528946
0.2081768810749054
0.10467682033777237
0.1233486458659172
-0.0017030200688168406
0.2187439203262329
-0.021960966289043427
0.11826042830944061
0.013054798357188702
0.09678910672664642
0.046301428228616714
0.1220540702342987
0.030518824234604836
0.12852290272712708
-0.08032609522342682
0.13904064893722534
-0.01827603578567505
0.1349664032459259
0.018079416826367378
0.14561781287193298
0.10527177900075912
0.13660654425621033
0.1532394140958786
0.05328568071126938
-0.05789981782436371
0.3478025496006012
0.1446007788181305
0.16567228734493256
0.12814311683177948
0.32998061180114746
0.1739225834608078
0.04418429732322693
0.03917805850505829
0.12877164781093597
0.3952797055244446
0.5355536341667175
1.9839794635772705
-0.2862960994243622
-0.2769414782524109
-0.9259974360466003
0.04502527788281441
0.5521872639656067
0.19600066542625427
-0.05267706513404846
-0.08806796371936798
-0.007820428349077702
-0.007019377779215574
0.19815455377101898
0.18105997145175934
0.18304254114627838
0.20937953889369965
0.12384491413831711
0.28321149945259094
0.208761528134346
0.1909375786781311
0.16683033108711243
0.12343307584524155
0.16128847002983093
0.17982301115989685
-0.06791693717241287
-0.0040209610015153885
-0.2975441813468933
-0.19471658766269684
-0.08714378625154495
-0.15675853192806244
-0.06794820725917816
-0.09025992453098297
-0.14951084554195404
-0.13770458102226257
-0.11128802597522736
-0.22643883526325226
-0.10402998328208923
-0.14670799672603607
-0.1630008965730667
-0.10503026843070984
-0.09771016240119934
-0.1360638439655304
-0.14606249332427979
-0.09783000499010086
-0.128827765583992
-0.13917601108551025
-0.14551231265068054
-0.23825305700302124
-0.1156797781586647
-0.1445923149585724
-0.14723791182041168
-0.11633827537298203
-0.136121928691864
-0.028345145285129547
-0.1822495311498642
-0.10711956024169922
-0.11649864912033081
-0.16831479966640472
-0.1344461739063263
-1.4613256454467773
1.9764498472213745
-1.4975810050964355
1.068235993385315
0.040732961148023605
-1.9821240901947021
0.4656094014644623
-1.9836612939834595
0.04643804579973221
-0.25815528631210327
0.18583795428276062
1.9836804866790771
0.1007172018289566
-0.03739718720316887
0.028220627456903458
0.05746457353234291
0.06194388121366501
0.06963078677654266
0.06899792701005936
0.09218721091747284
0.01538997795432806
0.15896520018577576
-1.9841206073760986
-0.0399368479847908
-0.13659411668777466
-1.2068678140640259
1.867828130722046
1.5990363359451294
1.6536366939544678
1.460424542427063
1.5932588577270508
1.5325223207473755
1.7909332513809204
1.5854169130325317
1.901108741760254
1.4205437898635864
1.8603363037109375
1.6378856897354126
1.7232556343078613
1.5043301582336426
1.845471978187561
1.4906468391418457
1.64437735080719
1.2744253873825073
1.624342679977417
1.3387362957000732
1.7136297225952148
1.4297415018081665
1.7177536487579346
1.3346554040908813
1.5177637338638306
1.1005960702896118
1.8625131845474243
1.5605781078338623
1.920804500579834
1.1987435817718506
1.8023377656936646
1.353686809539795
-0.14138664305210114
-0.054609499871730804
-0.19034381210803986
-0.08450496196746826
0.024778101593255997
-0.030657168477773666
0.06060568243265152
-0.0139026353135705
0.08458542823791504
0.004256689455360174
0.07283758372068405
0.015432234853506088
0.06405293196439743
-0.03913068026304245
-0.049013447016477585
0.02862151898443699
0.07695572078227997
-0.02280748449265957
0.019405771046876907
-0.01583629474043846
-0.07132174074649811
0.045674778521060944
-0.020864099264144897
-0.016637418419122696
0.007902399636805058
-0.031984973698854446
0.003941113594919443
-0.04596163332462311
0.06517329066991806
0.03366337716579437
-0.05214952304959297
-0.020142661407589912
-0.08912192285060883
0.01219886727631092
0.036783020943403244
-0.033222634345293045
0.07646917551755905
0.0016671819612383842
-0.042470935732126236
0.0753280445933342
0.07165716588497162
-0.08408334106206894
-0.08842466026544571
-0.07822812348604202
0.04756736755371094
0.02978309988975525
0.07491501420736313
0.04983343183994293
0.08497477322816849
-0.05536404997110367
0.06184814125299454
-0.0881827175617218
-0.07068230956792831
0.012424035929143429
-0.04181530699133873
-0.038038622587919235
0.02725968509912491
-0.005133150611072779
-0.05996989831328392
0.05460537225008011
-0.06860150396823883
-0.07208379358053207
0.06298619508743286
0.06877437233924866
-0.06325007975101471
-0.08359379321336746
-0.07468292117118835
0.039276327937841415
-0.016441600397229195
0.04134564474225044
0.006271400488913059
-0.0606093555688858
-0.025164172053337097
-0.026643995195627213
-0.02246665395796299
-0.029245523735880852
-0.015886059030890465
-0.0012694173492491245
-0.05745672062039375
0.09023568034172058
0.053090907633304596
0.03203326463699341
-0.0397932305932045
-0.011981128714978695
-0.03781281039118767
0.03174683079123497
0.08548526465892792
-0.036845408380031586
0.05186338722705841
-0.019908957183361053
-0.03802694380283356
0.00715695321559906
-0.09090875834226608
-0.016854971647262573
-0.004555742256343365
0.05213070660829544
0.04491109028458595
0.01798185519874096
-0.029013043269515038
0.0720377266407013
0.08860167115926743
-0.05091441795229912
-0.07957369089126587
0.07355090230703354
-0.06561881303787231
0.05503170192241669
0.03842867165803909
-0.05969971790909767
-0.07080122828483582
-0.07280603796243668
-0.06302670389413834
0.06014259159564972
-0.05648816004395485
0.03445921465754509
-0.048881273716688156
0.00429522106423974
0.024592610076069832
0.07383392751216888
-0.015983186662197113
0.06277509778738022
-0.05396771803498268
-0.081569142639637
-1.9837641716003418
-0.026966657489538193
-0.022573720663785934
0.2683883309364319
0.019333595409989357
-0.15000833570957184
-0.02153713069856167
0.06896638125181198
0.07791461050510406
0.33348962664604187
0.22669409215450287
-1.127817153930664
0.6388167142868042
1.2574875354766846
1.9828147888183594
-1.491044282913208
-1.984375
1.2662208080291748
0.0823446735739708
-1.3041826486587524
0.0024610606487840414
-0.002787143923342228
-0.0007495390600524843
-0.03376798704266548
-0.10910022258758545
-0.121696837246418
-0.4930046796798706
-0.3364776372909546
-0.6324816942214966
0.04351834952831268
-0.30642545223236084
-0.09615565091371536
-0.266937792301178
-0.291705459356308
0.6405156254768372
0.5454666614532471
-0.26935887336730957
-0.6261830925941467
-0.5982770919799805
-0.4466070830821991
-0.40946996212005615
0.6493834853172302
1.3927415609359741
1.522613525390625
0.08144275099039078
-1.2143131494522095
-1.2127128839492798
-0.9049461483955383
0.6692307591438293
1.9788579940795898
-0.2768305242061615
-0.33921170234680176
-0.9198655486106873
-1.1812314987182617
-0.6702084541320801
-1.2546086311340332
-1.0959603786468506
-0.8596803545951843
0.025015374645590782
-0.02504446730017662
-0.013016804121434689
-0.07603595405817032
0.09721197187900543
0.13808107376098633
0.12628518044948578
-0.1813342124223709
-0.07034071534872055
-0.19359086453914642
0.02051115408539772
0.3905109465122223
0.0456722117960453
0.16949684917926788
0.3499278426170349
-0.586134135723114
-0.31693845987319946
0.158552885055542
0.36031654477119446
0.017642097547650337
0.6234309077262878
0.014370381832122803
0.022958125919103622
0.04116804152727127
0.06846277415752411
-0.27586281299591064
0.239504873752594
0.12203555554151535
0.039520878344774246
0.03933838754892349
0.27345001697540283
0.052143484354019165
0.06410232186317444
0.07873721420764923
0.07037530839443207
0.04036104306578636
0.13292616605758667
-0.1428675800561905
-0.0031539155170321465
-0.05214961990714073
0.16122400760650635
0.03762521594762802
-0.12689955532550812
-0.13743023574352264
0.09319305419921875
-0.030353505164384842
-0.08528130501508713
-0.20997048914432526
0.08722168207168579
0.02992818132042885
-0.18370506167411804
-0.07148559391498566
-0.06909636408090591
-0.18859785795211792
-0.26787346601486206
-0.40036502480506897
-0.24467116594314575
-0.1685010939836502
-0.14334432780742645
-0.132950559258461
0.07142327725887299
-0.08306001126766205
-0.004310465417802334
-0.08219315856695175
-0.036763131618499756
0.003812087932601571
0.08165964484214783
-0.06169838458299637
0.04779905080795288
0.05591633543372154
-0.06555554270744324
-0.026816317811608315
0.08992922306060791
-0.07912906259298325
-0.0015963254263624549
0.06063608452677727
-0.07632505148649216
0.05278164893388748
0.042768437415361404
0.013957111164927483
-0.0058171930722892284
-0.07120037823915482
-0.061007097363471985
0.02883649244904518
0.026199350133538246
0.03424130007624626
0.08731310814619064
-0.0775759220123291
-0.04414083808660507
0.006372308358550072
-0.0571281760931015
-0.0418536514043808
0.06107044592499733
-0.0825137346982956
-0.015608501620590687
0.027324683964252472
0.06782699376344681
-0.08264443278312683
-0.02016143500804901
0.04215269163250923
0.06332610547542572
0.018394066020846367
0.03582381084561348
-0.01567038707435131
-0.08492081612348557
-0.06591645628213882
-0.00034179186332039535
-0.048032425343990326
-0.05689862370491028
0.06753712147474289
0.03394656255841255
-0.0066760932095348835
-0.08562374114990234
0.029672084376215935
-0.009725336916744709
-0.06140812858939171
0.038722820580005646
0.011974790133535862
-0.09024869650602341
0.06211799383163452
0.07471942156553268
-0.021023450419306755
-0.08709264546632767
-0.04809840768575668
0.0613371878862381
0.0037257573567330837
-0.04102916270494461
0.00935831293463707
0.06189806014299393
-0.02704744227230549
-0.02752828039228916
-0.0799172967672348
0.07347267866134644
-0.0702645555138588
-0.065647654235363
-0.06468617916107178
0.0010116392513737082
0.06385993212461472
-0.08970283716917038
-0.07031971961259842
-0.08647685497999191
0.06924697011709213
0.0785655751824379
-0.011275077238678932
-0.06671317666769028
0.033728376030921936
0.06714526563882828
-0.040923140943050385
-0.0013977655908092856
0.0841837152838707
-0.0261843241751194
-0.07273174077272415
0.08887244015932083
0.027834437787532806
0.003963723313063383
-0.06923307478427887
-0.0656391903758049
-0.06847666203975677
-0.0915856808423996
0.08848433196544647
0.04237492382526398
-0.023987555876374245
-0.06187310069799423
-0.07122594863176346
0.06273153424263
-0.015367771498858929
-0.00428882846608758
-0.011193686164915562
-0.042293161153793335
0.0776723250746727
-0.05483067035675049
-0.03623746708035469
0.04188075289130211
0.0661759302020073
0.08668939769268036
-0.027152011170983315
0.02976992167532444
0.025534475222229958
-0.03451255336403847
-0.020311793312430382
-1.9678359031677246
-0.022037586197257042
-0.05246882885694504
0.07224535942077637
-0.031196895986795425
0.03725915402173996
0.018912987783551216
0.10915131866931915
-0.01061727199703455
-0.004400105215609074
-0.021912671625614166
-0.2259657233953476
0.18584856390953064
0.19983834028244019
0.2005855292081833
0.22889475524425507
0.3310164511203766
0.20853455364704132
0.18327566981315613
0.33386558294296265
0.2192918360233307
-0.004705292172729969
-0.003684774972498417
-0.09267286956310272
-0.0006312496261671185
0.38387104868888855
0.7219414710998535
0.43735697865486145
0.2524961829185486
0.30112558603286743
0.34710219502449036
0.44640985131263733
0.5808380246162415
0.6585128307342529
0.7488327026367188
0.45934218168258667
0.42104989290237427
0.5911574363708496
0.1099831685423851
0.028391052037477493
0.4356517195701599
0.9416825175285339
1.939109206199646
0.15303972363471985
-0.6806353330612183
-0.35026127099990845
-0.6349397897720337
0.09689163416624069
1.7847614288330078
1.9806078672409058
1.4460015296936035
0.5617772936820984
-1.9843130111694336
-1.9839640855789185
-1.9499129056930542
0.766270637512207
1.3723206520080566
1.984270453453064
1.7188283205032349
0.048734232783317566
0.012257702648639679
-0.03714185953140259
-0.002972183283418417
-0.08537892997264862
0.048602230846881866
0.027165967971086502
0.07000628858804703
0.049856726080179214
0.07942923158407211
0.0247824527323246
0.20516274869441986
0.21896937489509583
0.19127021729946136
0.1873728334903717
0.28660187125205994
0.17251960933208466
0.14138942956924438
0.32035210728645325
0.23578518629074097
-0.0006935836281627417
-0.004919801373034716
-0.013775711879134178
-0.011266821064054966
0.03512004762887955
0.0053078243508934975
-0.0321936309337616
0.008213690482079983
-0.0463436059653759
0.018632154911756516
0.05602384731173515
0.0338318906724453
-0.006805980112403631
0.01767348125576973
-0.017733300104737282
-0.001825590617954731
0.030197711661458015
-0.03522613272070885
0.020404547452926636
0.018703682348132133
0.023381907492876053
0.008254184387624264
0.01776328682899475
0.011391193605959415
-0.03994806110858917
-0.019758401438593864
0.0013809141237288713
-0.005603322293609381
-0.02827409654855728
-0.012158343568444252
0.06746312230825424
-0.026446741074323654
0.01346762664616108
-0.025560574606060982
-0.007352389395236969
-0.04623785614967346
-0.1073613166809082
-0.025335559621453285
-0.01181858591735363
-0.01033132616430521
1.9796760082244873
-0.23284383118152618
-0.003967117518186569
-0.25227269530296326
0.35795947909355164
0.1598919928073883
0.10359443724155426
0.7257267832756042
-0.0841718390583992
0.31675660610198975
-0.0666855201125145
0.3691492974758148
0.10758773982524872
-0.15788260102272034
-0.08922304958105087
0.6296432018280029
0.4987121820449829
-0.20009657740592957
0.15484251081943512
0.44448018074035645
0.04096052423119545
0.011736257001757622
0.02174524776637554
0.15725430846214294
0.1308179646730423
-0.7292191982269287
-1.431013822555542
-1.588813066482544
-1.5278161764144897
-1.1780633926391602
-1.0803180932998657
-1.327522873878479
-1.449680209159851
-1.3490996360778809
-1.453290581703186
-1.3798730373382568
-1.2569726705551147
-1.4029247760772705
-1.3046488761901855
-1.3072009086608887
-1.2155855894088745
-1.3088672161102295
-1.5186245441436768
-1.416049599647522
-1.230202317237854
-1.3178752660751343
-1.4798674583435059
-1.4824340343475342
-1.519663691520691
-1.8641424179077148
1.0292410850524902
1.8868216276168823
1.659205675125122
1.964664340019226
1.7887979745864868
1.9839268922805786
1.5567195415496826
1.456466555595398
-0.15438567101955414
0.13799689710140228
0.011856247670948505
0.012303434312343597
-0.29053449630737305
-0.1614057719707489
-0.09709567576646805
0.2241864949464798
-0.08668605238199234
0.003967279568314552
0.13191990554332733
0.07398495823144913
0.029863638803362846
-0.054851237684488297
-0.06754166632890701
-0.1052878201007843
0.06469190865755081
-0.1268644630908966
-0.1420145481824875
0.21614748239517212
0.20759084820747375
0.018152473494410515
0.0029945799615234137
0.026960160583257675
-0.00941762700676918
0.403324693441391
0.2174064666032791
0.28535544872283936
0.2856542468070984
0.18470902740955353
0.41376152634620667
0.2385968118906021
0.3574102222919464
0.3145473301410675
0.4408456087112427
0.3572458326816559
0.35632750391960144
0.1852828413248062
0.30278846621513367
0.21850889921188354
0.4077971875667572
0.4184633791446686
0.3721178472042084
0.6030349135398865
0.3771705627441406
0.2783718705177307
0.31283900141716003
0.2523793578147888
0.42323166131973267
0.5638779997825623
0.32600125670433044
0.34814560413360596
0.4214392900466919
0.48144468665122986
0.4619709551334381
0.42817190289497375
0.39409634470939636
0.5212327241897583
-0.055116135627031326
0.10314220935106277
0.37457185983657837
-0.36682605743408203
-0.07454641908407211
0.06900540739297867
0.01779630221426487
-0.016367822885513306
0.16600480675697327
0.05704687908291817
-0.012844420038163662
0.03917966037988663
0.031428102403879166
0.00557824969291687
-0.13932526111602783
0.14976532757282257
0.13560901582241058
0.15075169503688812
0.04258652403950691
0.04459414258599281
0.1732669323682785
0.09826689958572388
0.0676010251045227
0.1186613067984581
-0.042721349745988846
-0.052177540957927704
-0.012483895756304264
0.007208193186670542
-0.1576554775238037
-0.1402939260005951
-0.11074849963188171
-0.09433464705944061
-0.08611325174570084
-0.08182257413864136
-0.10127706080675125
-0.0932193398475647
-0.0952557921409607
-0.13885009288787842
-0.09272925555706024
-0.13313880562782288
-0.15576067566871643
-0.16767464578151703
-0.10076209157705307
-0.12621600925922394
-0.04263657331466675
-0.027521196752786636
-0.05377379059791565
-0.06562215834856033
-0.09405877441167831
-0.0838678851723671
-0.11626667529344559
-0.11717453598976135
-0.03732555732131004
-0.0795377641916275
-0.02402648888528347
0.09256577491760254
-0.0791507214307785
-0.03788813203573227
-0.07027386128902435
0.00034150798455812037
-0.04552307352423668
-1.4399739503860474
0.21793442964553833
-0.21335551142692566
-0.06013981252908707
0.032377563416957855
-0.13851691782474518
-0.02046951651573181
0.1311614215373993
0.05180221423506737
-0.07602255791425705
0.1374690979719162
-0.6529476642608643
0.10571817308664322
0.04930530861020088
0.06252547353506088
0.11115632951259613
0.20468248426914215
0.1481240838766098
0.09960083663463593
-0.05060616508126259
0.09897907823324203
0.08742113411426544
0.06382368505001068
0.006384863052517176
-0.06929448992013931
0.7930136322975159
0.7661391496658325
0.7659269571304321
0.8346914649009705
0.8231351375579834
1.137158989906311
1.306267499923706
1.0849223136901855
0.7337932586669922
0.7221832871437073
0.44696760177612305
0.7501890063285828
0.9064128398895264
0.8844976425170898
0.7395285367965698
0.8643161058425903
0.8922743797302246
-1.8621519804000854
-1.9842945337295532
-1.9833875894546509
1.0195143222808838
1.3985172510147095
1.510793685913086
1.3931525945663452
1.0451533794403076
-1.9834166765213013
1.0402461290359497
1.109750747680664
1.5379706621170044
1.1879373788833618
1.0812366008758545
-1.6404036283493042
-1.9740053415298462
-0.0534568652510643
-0.02020386978983879
-0.10009759664535522
1.9835562705993652
-0.21625261008739471
-0.7628664970397949
-0.5649083852767944
0.08035366982221603
0.13231967389583588
-0.1486557126045227
-0.03938467428088188
-0.022721514105796814
0.1375637650489807
-0.005840351339429617
-1.9843075275421143
0.16272315382957458
0.08014554530382156
0.0652196854352951
0.15074115991592407
0.032068587839603424
-0.02194266952574253
0.058419473469257355
0.06950068473815918
0.08674829453229904
0.05620548129081726
0.17767596244812012
0.07529650628566742
0.06501337885856628
0.025661706924438477
-0.03132277727127075
-0.1133715808391571
-0.06532875448465347
-0.07445952296257019
0.06011667102575302
-0.17555849254131317
-0.013756145723164082
-0.22485321760177612
-0.12196388840675354
-0.23311738669872284
0.011840414255857468
-0.1416039615869522
-0.07961101084947586
-0.09185341745615005
-0.05623423308134079
-0.04583419859409332
-0.06360509246587753
-0.1346748024225235
-0.06072520092129707
0.03354782238602638
-0.08093641698360443
-0.19221225380897522
0.003760076127946377
-0.16924642026424408
0.06667187809944153
-0.06328216940164566
-0.15777745842933655
-0.05073750019073486
0.09182174503803253
-0.016888102516531944
-0.024165615439414978
0.009486219845712185
-0.18988004326820374
0.13259679079055786
0.1676936000585556
-0.9072530269622803
-1.195456624031067
0.07797989249229431
-0.5103703737258911
-0.09740182757377625
0.024312824010849
0.26119476556777954
0.014225493185222149
-0.8569915890693665
0.21228836476802826
0.10443630814552307
-0.012538475915789604
0.1038489043712616
-0.10810068249702454
0.07100125402212143
0.03341562673449516
-0.0350177139043808
-0.013360693119466305
1.2613381147384644
-1.9647506475448608
0.18677568435668945
0.11217700690031052
-0.2525523602962494
-0.5556415915489197
-0.28002309799194336
-0.41116395592689514
-0.22316326200962067
-0.12674179673194885
-0.37163835763931274
-0.5577983260154724
-0.41845259070396423
-0.3857560455799103
-0.3525175452232361
-0.4759821593761444
-0.37352603673934937
-0.6050443649291992
-0.28495553135871887
-0.45300984382629395
-0.17093752324581146
-0.4339187741279602
-0.21003684401512146
-0.5004819631576538
-0.33338141441345215
-0.44019630551338196
-0.30843427777290344
-0.2985016703605652
-0.2346164733171463
-0.23075540363788605
-0.28211936354637146
-0.5106790065765381
-0.3931598365306854
-0.7096084952354431
-0.28020524978637695
-0.4808056354522705
-0.18619762361049652
0.10007933527231216
0.01832117699086666
-0.6451899409294128
0.03223911300301552
0.01613946631550789
-0.0027840021066367626
-0.06751690059900284
-0.007425397168844938
-0.04104848578572273
0.03107801266014576
0.08606135845184326
-0.066478431224823
0.0838199257850647
-0.07850398123264313
0.0682465136051178
0.014363639988005161
-0.09045467525720596
0.04637233540415764
-0.05463685467839241
-0.08556342869997025
0.05187348276376724
0.07037733495235443
0.058091893792152405
0.08399077504873276
-0.05938839167356491
0.03276335448026657
-0.04907906800508499
-0.004105655010789633
-0.01843312382698059
0.009745258837938309
-0.035167593508958817
-0.005077625624835491
0.03810908645391464
-0.017597980797290802
0.07250430434942245
-0.08771739155054092
0.052860960364341736
0.05786190554499626
-0.07020395249128342
-0.011354217305779457
-0.019303519278764725
-0.08908600360155106
-0.012282837182283401
0.048958491533994675
-0.06297617405653
-0.06665065884590149
0.060045693069696426
-0.024122918024659157
-0.01976887322962284
-0.05191924050450325
0.09129863977432251
0.045744724571704865
-0.0897873118519783
0.019931240007281303
-0.08707386255264282
-0.03432096540927887
0.03736584633588791
-0.08225797116756439
0.0826607346534729
0.07927358150482178
0.017615508288145065
0.033424634486436844
0.08109619468450546
-0.06280306726694107
0.06435640901327133
0.0830528512597084
-0.07936199754476547
-0.04908851906657219
0.016515616327524185
0.04374907165765762
0.0851762443780899
0.05817412957549095
0.014519351534545422
0.018576212227344513
0.08828305453062057
-0.041557177901268005
-0.06871279329061508
0.008604997768998146
0.018156670033931732
-0.07089638710021973
-0.04645857959985733
-0.06322141736745834
0.006881461013108492
-0.06955137848854065
0.03814515098929405
0.07460175454616547
0.08732180297374725
0.07334908843040466
0.04332172870635986
0.07625258713960648
-0.027975592762231827
0.03526787832379341
-0.025290006771683693
0.042721763253211975
-0.0797133669257164
-0.0470736138522625
-0.08456525951623917
-0.06721452623605728
0.08497226238250732
-0.07425026595592499
0.05476070195436478
-0.03780323639512062
-0.064736507833004
0.0820617601275444
0.015170063823461533
0.017246725037693977
-0.07539751380681992
0.026924023404717445
0.08315790444612503
-0.026065876707434654
0.03746204450726509
0.016778454184532166
-0.025914613157510757
-0.051861025393009186
0.08731459081172943
-0.09124606847763062
-0.020481612533330917
-0.06649181246757507
-0.03349469602108002
0.015633493661880493
0.050870444625616074
0.04401668533682823
-0.028587238863110542
0.04774840176105499
0.053814031183719635
-5.003471233067103e-05
-0.007522419095039368
-0.023858144879341125
0.05140805244445801
0.0214373916387558
0.017480220645666122
-0.039231039583683014
-0.04426475241780281
-0.015628783032298088
0.10829859972000122
0.14719906449317932
0.16180576384067535
0.07022625207901001
0.13842879235744476
0.1774708330631256
0.1290806084871292
0.09607217460870743
0.11335839331150055
-0.019557718187570572
-0.0295126810669899
-0.0511275976896286
-0.004358790349215269
-0.05049513652920723
0.008933145552873611
0.047120001167058945
-0.08077564090490341
-0.050379056483507156
0.06163030117750168
-0.09603725373744965
0.058272939175367355
-0.11516404151916504
0.045556358993053436
0.02118336781859398
-0.013027670793235302
0.035862408578395844
-0.0025561617221683264
-0.03685329481959343
0.056245528161525726
0.00046565948287025094
-0.0052709635347127914
-0.03488170728087425
0.024918291717767715
-0.008309642784297466
-0.029695624485611916
0.026960451155900955
0.015332947485148907
0.04914194718003273
-0.00587333831936121
-0.08296796679496765
-0.08311224728822708
0.016159342601895332
-0.054416026920080185
0.013951421715319157
-0.03014097921550274
-0.06221076473593712
-1.7191758155822754
-0.06387470662593842
-0.03869262710213661
0.13167931139469147
0.039814695715904236
0.051747877150774
-0.05062641575932503
0.1498776227235794
0.04490672051906586
-0.0142786530777812
-0.017465658485889435
-1.1914528608322144
0.047246091067790985
0.06932710111141205
0.11871885508298874
0.029018186032772064
0.08082174509763718
0.13079337775707245
0.07707159221172333
0.05332246795296669
0.05351841822266579
-0.021615630015730858
-0.05826380476355553
-0.09234160929918289
0.012407811358571053
1.1193327903747559
1.9530763626098633
1.8260412216186523
1.9804465770721436
0.894665002822876
1.4933089017868042
1.3287878036499023
1.3012181520462036
0.7245213389396667
1.7815459966659546
1.9414278268814087
1.8036983013153076
1.4828017950057983
-1.9826693534851074
-1.9836223125457764
-1.9842740297317505
1.3087347745895386
1.6700962781906128
1.5592763423919678
-1.0986626148223877
-1.327089786529541
-0.8594582080841064
1.5738670825958252
1.8063313961029053
1.628477931022644
0.8037852644920349
0.5305314660072327
0.4962485134601593
0.8879734873771667
1.338044285774231
1.3069895505905151
1.5675201416015625
1.110162377357483
-0.02336358278989792
-0.019657984375953674
-0.04930216819047928
-0.04994053766131401
0.02232278138399124
-0.0017522851703688502
0.06582926958799362
0.043967489153146744
0.03730551525950432
0.07659139484167099
-0.009832852520048618
0.04282509908080101
0.022578857839107513
0.062152933329343796
0.09072084724903107
0.0594361275434494
-0.051534347236156464
0.008418699726462364
-0.025940638035535812
-0.05693777650594711
0.08660145103931427
-0.051182109862565994
-0.08548835664987564
-0.07781814783811569
-0.08518756181001663
-0.0685480460524559
0.03808370232582092
0.040397390723228455
0.05623447895050049
0.018038807436823845
0.06592226028442383
0.06623423099517822
0.012926784344017506
0.06131104752421379
-0.04345710948109627
0.036812473088502884
-0.04571208357810974
0.05898834764957428
-0.020081831142306328
0.05076988786458969
0.019354110583662987
0.041610583662986755
0.0025343792513012886
0.013246665708720684
0.059190042316913605
0.046734556555747986
-0.04505084455013275
-0.08324785530567169
-0.0071845753118395805
0.034286096692085266
0.02855679951608181
0.047338470816612244
-0.0795455053448677
-0.039303623139858246
0.07773890346288681
0.017395755276083946
-0.011256980709731579
-0.06137955188751221
0.04128481447696686
-0.014966106042265892
-0.028933318331837654
0.0796414166688919
0.047296952456235886
0.07159547507762909
-0.0034138753544539213
-0.017203308641910553
0.07842694967985153
-0.06849704682826996
-0.08475915342569351
-0.04509603604674339
0.07215668261051178
-0.05304587632417679
-0.005316099151968956
-0.04987329617142677
-0.00870069395750761
-0.019284144043922424
0.08987399190664291
0.0507955364882946
-0.06692124158143997
-0.07149840146303177
0.04645156487822533
-0.029837099835276604
0.051753681153059006
0.02088097482919693
-0.0418284609913826
0.036311306059360504
-0.007591940462589264
-0.03715771436691284
-0.08346932381391525
-0.02835819497704506
0.07084552943706512
-0.07556565850973129
0.014874824322760105
0.021903403103351593
-0.04453468695282936
-0.08459098637104034
0.00037897948641330004
-0.06720146536827087
0.0175036508589983
-0.004381624516099691
-0.018682830035686493
0.03204493597149849
0.03504679724574089
-0.01450857613235712
0.02262657880783081
0.05579134449362755
-0.08594578504562378
-0.08583982288837433
-0.007927151396870613
0.042018480598926544
-0.03674041107296944
-0.019583191722631454
0.020437441766262054
-0.030214833095669746
0.0589141882956028
0.0059923999942839146
-0.028233764693140984
-0.05849083885550499
0.051501959562301636
-0.02929847501218319
-0.017716102302074432
0.029872899875044823
1.3710650205612183
-1.966354250907898
-0.17237643897533417
0.17426089942455292
-1.1834938526153564
0.09180925786495209
-1.9188281297683716
0.8788135647773743
-0.0628514513373375
0.2578648030757904
0.48389020562171936
-0.7802680134773254
-0.7487176656723022
0.6395444273948669
0.8910261988639832
0.4165958762168884
0.5986520648002625
0.6259750127792358
0.4708246886730194
0.2558445632457733
0.5159748196601868
-0.017040632665157318
0.019628487527370453
0.18588507175445557
0.05007844790816307
0.9552594423294067
-1.3886816501617432
-1.765783667564392
-1.475830078125
-1.9729429483413696
-1.144675612449646
-1.2944079637527466
-1.4296969175338745
-1.7443058490753174
-1.5757625102996826
-1.2762700319290161
-1.0983902215957642
-1.4489160776138306
-1.404281735420227
-1.3594379425048828
-1.125928521156311
-1.8072452545166016
-1.2933778762817383
-1.2487043142318726
-1.0889883041381836
-1.7470062971115112
-1.593428373336792
-1.4699933528900146
-1.2221935987472534
-1.4515130519866943
-1.002410650253296
-1.2911311388015747
-1.7887358665466309
-1.7630592584609985
-1.3335071802139282
-1.7943480014801025
-1.66790771484375
-1.9827935695648193
-1.9836300611495972
0.3870294988155365
0.21218708157539368
-1.036130666732788
-0.21579106152057648
0.2704082429409027
1.4974639415740967
-1.9821537733078003
-0.05747395381331444
0.5468337535858154
0.21862001717090607
-0.19486591219902039
1.3212913274765015
-0.23647409677505493
-0.1578710973262787
-0.09100672602653503
0.10246280580759048
0.11111966520547867
0.1554204523563385
0.28012344241142273
0.3390429615974426
0.029786085709929466
0.005306122358888388
-0.12712933123111725
-0.03049805574119091
-0.2352394461631775
-1.4413552284240723
-0.1717086285352707
-1.737907886505127
-0.39108458161354065
-1.8790923357009888
0.07012354582548141
-1.8171288967132568
-0.1933583915233612
-1.503724455833435
-0.07524710893630981
-1.7337232828140259
-0.6184405088424683
-1.3668028116226196
-0.29938143491744995
-1.4753695726394653
-0.23048941791057587
-1.33577299118042
-0.20045356452465057
-1.3204269409179688
-0.15840129554271698
-1.3501453399658203
0.1506085842847824
-1.671121597290039
-0.5683828592300415
-1.8012343645095825
0.09001252055168152
-1.4986097812652588
-0.5030220746994019
-1.8391549587249756
-0.2973209023475647
-1.6741597652435303
-0.4848043620586395
0.38943690061569214
-1.0450321435928345
-1.7660982608795166
-0.03340090066194534
0.05924377217888832
-0.07248502969741821
-0.07879474014043808
0.042548492550849915
-0.04375308379530907
-0.056730933487415314
0.03819731995463371
0.049975525587797165
0.055124808102846146
0.013133409433066845
0.0670611560344696
-0.013811463490128517
0.0010352871613577008
0.09009048342704773
0.03460658714175224
-0.07788503915071487
-0.05749652162194252
-0.03029531240463257
0.06833037734031677
0.008967410773038864
0.05484383925795555
-0.06842014938592911
-0.0009621904464438558
-0.04435644671320915
0.06684822589159012
-0.06816418468952179
-0.006634294055402279
-0.026189876720309258
0.04946911707520485
-0.007009022403508425
-0.005902135744690895
-0.07930491119623184
0.02321092039346695
0.012084178626537323
0.09129943698644638
-0.025662299245595932
-0.08441537618637085
0.07019105553627014
-0.05659572407603264
0.05523388832807541
-0.032267361879348755
0.08943324536085129
0.02489112876355648
0.017355196177959442
-0.06950417160987854
-0.05181848630309105
-0.05979938060045242
0.05536888167262077
-0.0017455787165090442
-0.023123135790228844
0.04130220785737038
0.06484269350767136
-0.025175735354423523
0.0005345162353478372
-0.05935812368988991
0.021815067157149315
-0.03573271632194519
-0.001154248253442347
0.07641886174678802
-0.03033091500401497
0.05534738674759865
-0.03127161040902138
-0.05685179680585861
0.05388137698173523
0.08972007036209106
0.0176604762673378
-0.011521019972860813
0.04728507995605469
-0.05143410712480545
-0.044486794620752335
0.036542922258377075
0.0748976543545723
0.0630543977022171
0.03380671888589859
-0.09019511938095093
-0.05296928063035011
0.011231201700866222
0.048546869307756424
-0.003699224442243576
-0.052924200892448425
-0.05226612463593483
-0.024682875722646713
0.07696515321731567
0.02455819956958294
-0.03819205239415169
0.04871821776032448
0.03217814490199089
-0.06350358575582504
0.0010816651629284024
0.016835356131196022
0.08388946950435638
-0.08154992759227753
0.08755912631750107
0.04279094934463501
0.018759779632091522
-0.09047416597604752
-0.02188735455274582
0.08211346715688705
-0.022940771654248238
-0.01139624509960413
-0.06005513668060303
0.05988432094454765
-0.07465989887714386
-0.08822795748710632
-0.05838221684098244
-0.061844535171985626
-0.05941818282008171
0.05251147598028183
0.06420460343360901
-0.03312298282980919
0.022474030032753944
-0.006884520873427391
-0.03228102996945381
-0.0007702637813054025
-0.07336269319057465
-0.013460755348205566
-0.0832524523139
0.0717315524816513
-0.39915692806243896
-0.14338256418704987
-0.0794394388794899
0.03178195282816887
0.0126271303743124
0.16078798472881317
-0.03578498587012291
5.1267277740407735e-05
-0.05311165750026703
-0.017072312533855438
0.015305581502616405
-0.12219241261482239
0.045727670192718506
0.052556898444890976
0.038344159722328186
-0.07087824493646622
0.1162366196513176
0.06553199142217636
0.05584728345274925
0.06022467464208603
0.10857126116752625
0.02136746421456337
0.0334429070353508
-0.03680337220430374
-0.0030838765669614077
0.012294531799852848
0.026983855292201042
0.026003748178482056
0.007422816939651966
0.021922381594777107
0.014178032986819744
0.08819305896759033
0.004896411672234535
0.014362437650561333
0.07538316398859024
0.017863359302282333
0.0038893658202141523
-0.0026674417313188314
0.03478381782770157
-0.027412042021751404
0.04892276972532272
0.0032276238780468702
0.018233532086014748
0.07464378327131271
0.03579414263367653
-0.006379591301083565
0.00784158892929554
0.004965638276189566
0.021670131012797356
0.042229656130075455
0.14726051688194275
0.020891297608613968
0.10369347035884857
-0.026722270995378494
0.08100716024637222
-0.01568213291466236
0.05634754151105881
-0.023172970861196518
-0.3743932545185089
0.06777913868427277
-0.07766963541507721
-0.056192345917224884
0.018457084894180298
-0.12183955311775208
-0.009143698029220104
0.1168217584490776
0.006162962876260281
-0.1420135498046875
-0.11752449721097946
-0.3320918679237366
0.01844147779047489
0.009861597791314125
0.018088705837726593
-0.05183360353112221
0.09456872940063477
-0.017591562122106552
-0.03431125357747078
0.08249953389167786
0.054323937743902206
0.04353465884923935
0.05614607781171799
0.10237386077642441
-0.0017880403902381659
0.5287052989006042
0.4533524811267853
0.6692283749580383
0.5502315163612366
0.32409656047821045
0.47289904952049255
0.6926854848861694
0.3769470751285553
0.24167878925800323
0.33031603693962097
0.3417351543903351
0.3854009211063385
0.537397027015686
0.45040541887283325
0.3957397937774658
0.46004030108451843
0.5399590730667114
-1.9385603666305542
-1.9843671321868896
-1.8405683040618896
0.741186797618866
1.6206250190734863
1.5638786554336548
1.58449125289917
0.6701574325561523
1.9824234247207642
0.7241578698158264
-1.4322453737258911
-1.972319483757019
-1.5518304109573364
0.6092466115951538
1.9840538501739502
1.92814040184021
0.01248142123222351
0.003004354191944003
-0.09395945072174072
-0.8316845893859863
0.2382049709558487
-0.3036103844642639
0.9884042143821716
-0.4453548491001129
-0.41595765948295593
-0.2992189824581146
1.9708313941955566
-0.011244019493460655
1.9686075448989868
-1.9658499956130981
-1.9837812185287476
-1.2837395668029785
0.45163431763648987
0.4779355823993683
1.4292572736740112
1.788406491279602
-1.974958896636963
-1.1008652448654175
-0.6604233384132385
-1.0558425188064575
-0.156999409198761
-0.013296015560626984
1.1706334352493286
0.31194326281547546
0.07690315693616867
-1.1376534700393677
-1.2291513681411743
0.17427898943424225
0.4752870202064514
-0.563957691192627
0.38867565989494324
0.22699618339538574
-0.938674807548523
-0.08210859447717667
-1.1648451089859009
-0.15941688418388367
1.3272852897644043
1.534380316734314
1.8130486011505127
0.6679168343544006
-0.7909644842147827
0.31732118129730225
1.0062533617019653
0.7401796579360962
0.09370239824056625
0.9409593343734741
0.11884360015392303
-0.4541657269001007
0.28378957509994507
-0.4892526865005493
0.6834723353385925
0.5677137970924377
-0.6120477914810181
-0.24184855818748474
0.2790153920650482
0.7499121427536011
0.329995721578598
-1.984375
0.09446179866790771
0.28006282448768616
-1.343368649482727
1.2273046970367432
0.9094618558883667
0.3412691652774811
1.9750033617019653
-0.0893382728099823
-1.7611263990402222
0.4733107089996338
-1.8054322004318237
-0.2503871023654938
-0.5651016235351562
0.12283941358327866
-0.026300374418497086
1.5713725090026855
-0.43443480134010315
0.01163417100906372
0.4750807285308838
0.6790829300880432
0.26131898164749146
0.12487781792879105
-0.49256187677383423
-0.9417033195495605
-0.632308304309845
1.3481717109680176
-0.4388751685619354
1.0844013690948486
0.2958899438381195
1.7431341409683228
1.805120587348938
1.9820096492767334
-1.3951129913330078
1.296586036682129
0.411268949508667
1.979793667793274
0.532633900642395
1.5125393867492676
0.9011613130569458
1.9820636510849
-0.008169935084879398
1.3147952556610107
1.1949468851089478
1.8587216138839722
0.3222443461418152
1.5095899105072021
0.3255372643470764
1.4009339809417725
0.8131648302078247
1.9759639501571655
1.1863820552825928
1.983247995376587
-0.520012617111206
1.9837807416915894
-0.4103180468082428
0.9467539191246033
0.28991901874542236
-0.9005113840103149
0.4807299077510834
1.6783738136291504
-0.36334681510925293
0.5944679379463196
-0.3422870337963104
-0.5108382701873779
-0.19223622977733612
-0.5076152086257935
-0.018225140869617462
-1.6206254959106445
0.024359092116355896
-0.09521586447954178
0.20356258749961853
0.44340765476226807
-0.05255770683288574
0.009829499758780003
-0.01871824637055397
0.06123952567577362
-0.008766059763729572
-0.14843489229679108
-0.06260447949171066
-0.004963936284184456
0.00504147307947278
0.33339548110961914
0.33874234557151794
-0.23829922080039978
-0.11994841694831848
0.16034609079360962
0.7542715072631836
0.7551056742668152
0.746150553226471
0.7678669095039368
0.6867915391921997
0.6468092203140259
0.6209514737129211
0.7065276503562927
0.6302700638771057
0.5882768630981445
0.6475409269332886
0.7910029888153076
0.5942663550376892
0.5995690226554871
0.5166438817977905
0.705725371837616
0.6009527444839478
0.5496490001678467
0.5614098906517029
0.7123051881790161
0.7121723890304565
0.5890642404556274
0.6853386163711548
0.7123898863792419
0.6097192764282227
0.7138342261314392
0.6207007765769958
0.8955316543579102
0.6775323748588562
0.6793333888053894
0.7837903499603271
0.7325607538223267
1.984375
0.3491136431694031
-0.09895305335521698
-0.056152887642383575
0.22999629378318787
-0.4459332525730133
-0.7009139060974121
-0.3105616271495819
0.06231928616762161
-0.2310664802789688
-0.06373240798711777
-0.8176866769790649
-0.12095256894826889
-0.2503514289855957
-0.19301418960094452
-0.1472463458776474
-0.1803346574306488
-0.07402747869491577
-0.10389082878828049
0.05582797899842262
-0.014893108047544956
0.08170215785503387
-0.01353595219552517
-0.10199300944805145
-0.04211202636361122
0.19173772633075714
-0.11740533262491226
-0.21489408612251282
-0.28192654252052307
-0.1880052238702774
-0.21132661402225494
-0.17306767404079437
-0.2912355959415436
-0.2456521987915039
-0.29735055565834045
-0.14792339503765106
-0.2670217752456665
-0.14807000756263733
-0.24816396832466125
-0.004460533149540424
-0.2901105284690857
-0.26045453548431396
-0.15352687239646912
-0.034960150718688965
-0.2564000189304352
-0.24511434137821198
-0.20627449452877045
-0.119121253490448
-0.18339690566062927
-0.1573636382818222
-0.23072506487369537
0.07916940748691559
-0.24367886781692505
-0.20122800767421722
-0.11768659949302673
0.021194808185100555
-0.20796458423137665
-0.1720937043428421
0.24044473469257355
0.2487124651670456
-1.9843432903289795
-1.9426079988479614
0.04166615754365921
0.019398195669054985
-0.03635929524898529
-0.020395291969180107
-0.055785082280635834
-0.02188056893646717
0.01895008236169815
-0.008264211937785149
0.05347888171672821
0.08455181121826172
-0.06429926306009293
0.08191215991973877
0.1154303029179573
0.09877509623765945
0.07827875018119812
0.11596842110157013
0.10759472101926804
0.096628338098526
0.09606435149908066
0.09873133152723312
0.0004653913783840835
-0.00848233699798584
-0.021682238206267357
-0.019557025283575058
0.04767688736319542
-0.050339214503765106
-0.023712672293186188
0.009370459243655205
0.1222747191786766
0.05055856332182884
0.10695239901542664
-0.006951539311558008
0.06578607112169266
0.04571922495961189
0.06237337365746498
0.01528202835470438
0.1283624768257141
0.04831031337380409
0.08937954157590866
0.03009919635951519
0.09561550617218018
0.034142401069402695
0.08841466158628464
0.08258676528930664
0.04893258213996887
0.022890910506248474
0.06079498678445816
0.0019886691588908434
0.019900595769286156
0.01443070825189352
0.01211149524897337
0.03613586351275444
-0.0157731082290411
-0.005187573842704296
0.030582483857870102
-0.0022984493989497423
-0.03453861549496651
-1.6828080415725708
-0.030351480469107628
-0.07549078017473221
-0.08535511046648026
-0.030151093378663063
0.04405873268842697
0.07231935113668442
-0.3849714994430542
-0.025706665590405464
0.15064719319343567
-0.11261673271656036
-0.051943741738796234
0.06255443394184113
-0.0555480495095253
0.11643493920564651
0.05276014655828476
0.06163231283426285
-0.026301857084035873
0.09116695821285248
0.1311023235321045
0.04596249759197235
0.04280289635062218
0.03653126209974289
-0.0015731572639197111
0.08998659253120422
0.025619855150580406
-0.8178412914276123
0.2333107739686966
1.8989366292953491
1.9841282367706299
1.5324424505233765
-0.3002152144908905
-1.0265036821365356
-1.0793019533157349
-0.35660845041275024
-0.25583672523498535
1.9808658361434937
1.9837554693222046
1.9842023849487305
-0.44014135003089905
-0.3679509460926056
-0.369350403547287
-0.18986734747886658
0.05243790149688721
0.49374040961265564
0.4521752893924713
0.17356522381305695
-0.11642451584339142
-0.4299054741859436
-0.2095530927181244
0.3989894688129425
0.48679885268211365
0.44909247756004333
0.018111184239387512
0.14129386842250824
0.11297047883272171
0.11814887821674347
-0.10457850992679596
0.06272491812705994
0.0020119803957641125
-0.04428480193018913
-1.9147735834121704
0.03014867939054966
-0.6114922165870667
0.412908136844635
0.1968875527381897
-0.30475085973739624
0.06501665711402893
-0.8771273493766785
0.07109664380550385
0.37297096848487854
0.40954482555389404
0.043824877589941025
-0.22553478181362152
0.22556918859481812
-0.06280730664730072
-0.3865344822406769
0.845146656036377
-0.17762282490730286
-0.3990679085254669
0.04180802404880524
-0.04932452365756035
0.12724362313747406
0.2444576770067215
-0.010466782376170158
0.0452517569065094
0.5443717241287231
-0.3656473159790039
-0.4772619307041168
0.2367553412914276
0.19064177572727203
0.2608352303504944
-0.2349180430173874
0.10932138562202454
-0.3115214407444
-0.1654256135225296
-0.39700424671173096
-0.12321168929338455
-0.23689231276512146
0.142483651638031
0.016773749142885208
-0.25030437111854553
-0.11091297119855881
-0.06312402337789536
0.04293890297412872
-0.1716224104166031
0.11037256568670273
0.058639392256736755
-0.40885433554649353
-0.48252466320991516
-0.606443464756012
0.27555686235427856
-0.04040992259979248
0.21773532032966614
-0.29509976506233215
-0.20642955601215363
-0.4801842272281647
-0.18364350497722626
0.018870532512664795
-0.20239757001399994
-0.008922137320041656
0.7903805375099182
-1.9804672002792358
-1.9839448928833008
0.4776012897491455
0.545950710773468
-1.13345468044281
0.05658652260899544
-0.1956062763929367
0.34988972544670105
-0.5439220070838928
0.17984306812286377
-0.660300076007843
-0.4245508015155792
-0.6793432235717773
0.0475190244615078
-0.02590258978307247
0.01876969262957573
0.0598209984600544
0.22085368633270264
0.10811790078878403
-0.1938043236732483
-0.05079060047864914
-0.03436882421374321
-0.30183905363082886
0.38673296570777893
-0.11767516285181046
0.2080964297056198
-0.1609099805355072
0.7011308073997498
-0.03916611894965172
0.45177096128463745
0.014271292835474014
0.26635926961898804
-0.3974217474460602
0.557750403881073
0.04934598505496979
0.5585309863090515
0.14248435199260712
0.6279231309890747
-0.07903304696083069
0.4627671539783478
0.2850510776042938
0.5855644345283508
-0.14124636352062225
0.1866813749074936
-0.18985804915428162
0.5577229261398315
0.10720402747392654
0.6877342462539673
-0.15283820033073425
0.5309125185012817
0.011673465371131897
0.35492464900016785
0.17427967488765717
0.3595469892024994
0.12636785209178925
0.17640933394432068
0.11620894819498062
1.8600045442581177
-0.07676900923252106
-0.02889656275510788
-0.044951263815164566
0.0626044049859047
0.013719461858272552
-0.03650067374110222
-0.004020198713988066
0.03718484938144684
0.004152644891291857
-0.023048488423228264
0.01402109395712614
0.08202983438968658
-0.00849663745611906
-0.02444659173488617
-0.04620416834950447
0.025155354291200638
-0.02119458094239235
-0.05112992972135544
0.0020859716460108757
-0.06676802039146423
-0.07307649403810501
-0.05636970326304436
-0.0867360457777977
-0.03307618945837021
0.028850054368376732
-0.008297694846987724
-0.009693351574242115
-0.019938375800848007
-0.07636430114507675
0.08335687965154648
-0.06573902070522308
-0.07820151001214981
-0.03463418036699295
0.01606130041182041
0.02741430327296257
-0.03131106123328209
-0.0005621201125904918
-0.08769245445728302
-0.001977446721866727
0.07418239116668701
-0.05942402780056
-0.008324522525072098
-0.0421484000980854
-0.03320249542593956
0.0323798842728138
0.009327824227511883
-0.011168300174176693
0.010247723199427128
0.016507703810930252
-0.008809590712189674
-0.081250861287117
-0.08690683543682098
0.07280554622411728
0.026954730972647667
-0.03518877178430557
-0.04927117004990578
-0.05469473823904991
-0.01777738332748413
-0.009986743330955505
-0.09016545116901398
-0.025554277002811432
-0.03384630009531975
0.05888282507658005
0.07520058751106262
0.02261168882250786
0.07616529613733292
-0.0251536276191473
0.07857264578342438
-0.0817020982503891
-0.0801616832613945
-0.06677448004484177
0.029906190931797028
-0.0034504947252571583
0.0027960229199379683
0.003553774207830429
-0.05709796026349068
0.020442567765712738
-0.07414491474628448
-0.056072037667036057
0.0637764036655426
-0.060001589357852936
0.08183735609054565
-0.05632180720567703
-0.07963404059410095
-0.06021919474005699
0.020678991451859474
0.07295993715524673
-0.0334983766078949
0.07665101438760757
0.07112694531679153
-0.04157556965947151
0.04383693262934685
0.0567220076918602
-0.0010459637269377708
-0.02874676324427128
-0.008949958719313145
0.006203822325915098
0.03561694547533989
0.01464603841304779
-0.08985104411840439
-0.011129899881780148
-0.008842406794428825
0.08863602578639984
-0.02683544158935547
0.03139164298772812
-0.024994920939207077
-0.029387127608060837
-0.004989492241293192
0.02091510035097599
0.025958826765418053
0.03409380465745926
-0.008216696791350842
-0.043452709913253784
-0.07732850313186646
0.035339727997779846
0.018250178545713425
0.06914138793945312
-0.04152173921465874
0.06871974468231201
1.9842830896377563
-0.4823315441608429
0.15173178911209106
-0.015501240268349648
-0.38408640027046204
-0.19248360395431519
1.701806664466858
-0.6166771054267883
-0.08260733634233475
-0.19654352962970734
0.5676332712173462
-0.6059359312057495
-1.3528870344161987
0.42286190390586853
0.07114533334970474
0.3330283761024475
0.3555796444416046
0.23333939909934998
0.3521521985530853
0.5738433599472046
0.42871832847595215
0.08384890854358673
-0.008713784627616405
0.06426823884248734
-0.2629337012767792
-1.9839633703231812
-1.3798539638519287
-0.8851113319396973
-1.7039541006088257
-0.28194090723991394
-0.9450867176055908
-0.7931369543075562
-1.3272626399993896
-0.7185183167457581
-1.9510730504989624
-0.49886074662208557
-1.389589786529541
-0.47724246978759766
-1.3722952604293823
-0.4218387007713318
-1.678063988685608
-0.38514605164527893
-1.420695185661316
-0.6550619006156921
-1.5660794973373413
-0.12212083488702774
-1.6339753866195679
-0.399215430021286
-1.4925626516342163
-0.5484728217124939
-0.5499069690704346
-0.6632538437843323
-1.0034618377685547
-0.5479274392127991
-1.0150798559188843
-0.833652913570404
-1.4913463592529297
-0.018072674050927162
1.8508949279785156
-0.3159353733062744
-0.3154039680957794
-0.004607732407748699
0.9190298914909363
-1.1115754842758179
-1.6706840991973877
-0.7128315567970276
0.07824566215276718
0.0889667347073555
0.14773862063884735
0.876893162727356
0.3749054968357086
-0.31471365690231323
0.10875239223241806
-0.17755702137947083
0.09080321341753006
0.1302993893623352
0.26009601354599
0.25257155299186707
0.18824273347854614
-0.014236698858439922
0.09995302557945251
0.1575319916009903
0.21823042631149292
1.5525707006454468
-0.9536841511726379
-0.28423383831977844
-0.547590970993042
-0.4000522494316101
-0.5701358318328857
-0.14760684967041016
-0.005329301580786705
-0.6059930920600891
-0.2964053452014923
-0.16052557528018951
-0.8664504289627075
-0.6753001809120178
-0.8866567611694336
-0.390489786863327
-1.0023561716079712
-0.38252851366996765
-0.762679934501648
-0.4497731924057007
-1.0690456628799438
-0.26682931184768677
-0.36732447147369385
-0.36597856879234314
-0.8649252653121948
-0.471125066280365
-0.6953786015510559
-0.15519513189792633
0.0037591932341456413
-0.5645356178283691
-1.008007526397705
-0.18490515649318695
-0.16332286596298218
-0.4258301556110382
0.15999829769134521
-0.031610727310180664
1.4500380754470825
-1.1880446672439575
-0.4038865268230438
-1.5974619388580322
1.7044322490692139
0.6444713473320007
0.43952569365501404
0.5943135619163513
-0.43058091402053833
0.006737453397363424
-0.22693023085594177
0.4713156223297119
-1.9830636978149414
-0.10397553443908691
0.23284676671028137
0.5074445605278015
0.34116342663764954
0.40614208579063416
0.03896293044090271
0.17519967257976532
0.02644232288002968
-0.017191249877214432
-0.43940871953964233
0.11143452674150467
-0.4153546094894409
-0.14959478378295898
-1.1163445711135864
-0.6084396243095398
-0.45603683590888977
-0.31450170278549194
-0.2457965612411499
-0.5728321671485901
-0.3142031729221344
-0.383224219083786
-0.23723813891410828
-0.5363278985023499
-0.4858063757419586
-0.6452741026878357
-0.26563704013824463
-0.793671727180481
-0.42522740364074707
-0.5969964265823364
-0.46807169914245605
-0.6189572215080261
-0.5340533256530762
-0.36672115325927734
-0.6212090253829956
-0.44632866978645325
-0.8061378598213196
-0.6264917850494385
-0.6026285290718079
-0.26369360089302063
-0.34665414690971375
-0.2840455174446106
-0.13475464284420013
-0.309624046087265
-0.619571328163147
-0.2288244217634201
-0.2585428059101105
1.983124852180481
-0.14461247622966766
1.4076122045516968
1.7160937786102295
-0.0039007365703582764
-0.24290713667869568
-0.7142132520675659
1.9838296175003052
-0.07096295058727264
0.19224010407924652
0.056936364620923996
-0.32686126232147217
-0.25701501965522766
0.6541010737419128
0.2268870770931244
0.646990954875946
0.28138232231140137
0.21109965443611145
0.07201872766017914
0.03386148065328598
0.08079516887664795
-0.23198017477989197
-0.6136682629585266
0.027691660448908806
-0.01391536183655262
-0.7594140768051147
-0.9570006728172302
-1.5309263467788696
-0.4128171503543854
-1.1369414329528809
-1.007865309715271
-1.4607678651809692
-0.8072920441627502
-1.0570871829986572
-0.8946928977966309
-1.177758812904358
-0.9952066540718079
-0.8787638545036316
-0.8095894455909729
-1.0348985195159912
-1.148252010345459
-1.1303658485412598
-0.8592367768287659
-1.1966863870620728
-1.2517768144607544
-1.278889775276184
-1.095649003982544
-1.3034073114395142
-1.0915735960006714
-1.086854100227356
-1.0617448091506958
-1.2559916973114014
-0.9752047657966614
-0.8446038365364075
-0.7272161841392517
-1.2786118984222412
-0.5705574750900269
-1.0607326030731201
-0.07245388627052307
-0.0008738981559872627
-0.2397630661725998
-1.9842466115951538
-0.10415319353342056
-0.3669472634792328
1.7847694158554077
0.6851741075515747
0.21837927401065826
-1.1600797176361084
-0.3377430737018585
-0.08251620829105377
-0.0015026525361463428
0.001356250955723226
0.4025503396987915
0.0019881909247487783
0.006164518650621176
0.02800779975950718
0.0015783298294991255
0.01169528253376484
0.025415237993001938
0.02422153390944004
0.00800760556012392
0.008035593666136265
0.11423872411251068
0.28437450528144836
-0.03217017650604248
0.005784259643405676
-0.2178897261619568
-0.1401996612548828
-0.07104360312223434
-0.09775998443365097
-0.03615011274814606
-0.10751252621412277
-0.07351569831371307
-0.10533377528190613
-0.02628004178404808
-0.09970402717590332
-0.04601790010929108
-0.14413154125213623
-0.06761293113231659
-0.09369616955518723
-0.10866059362888336
-0.07837095111608505
-0.04314975440502167
-0.1256566047668457
-0.11692335456609726
-0.10543467104434967
-0.08449482917785645
-0.09871488064527512
-0.04280805215239525
-0.10415384918451309
-0.04428946226835251
-0.12133581936359406
-0.05923636257648468
-0.11088234931230545
-0.06109459325671196
-0.08823119103908539
-0.054624270647764206
-0.10273545235395432
-0.021040363237261772
-1.9843107461929321
0.005654825363308191
0.6154043078422546
-1.736240267753601
1.983986496925354
0.014085487462580204
-1.753164291381836
-0.05367545410990715
-0.049319613724946976
0.0550023578107357
0.11143410950899124
-0.02125316485762596
-0.00896329153329134
-0.003478765022009611
-0.0054236180149018764
0.03575367107987404
0.009586074389517307
-0.0035328050144016743
0.01412454154342413
0.0350036695599556
0.0016572722233831882
-0.20359891653060913
-0.45707327127456665
-0.001062509953044355
-0.011647659353911877
-0.009195643477141857
-0.02177010290324688
-0.05234680697321892
-0.0352729894220829
-0.07277031242847443
-0.007252562325447798
-0.07809781283140182
-0.036501869559288025
-0.01017715036869049
-0.06422997266054153
-0.07327667623758316
-0.056331489235162735
-0.00021478378039319068
0.005206446163356304
0.029907485470175743
-0.03309813514351845
-0.00804042723029852
-0.027021517977118492
-0.04434945061802864
-0.05745876953005791
-0.054855212569236755
-0.023635393008589745
-0.022862274199724197
-0.012132459320127964
-0.03800051659345627
-0.029600584879517555
-0.0555712915956974
-0.05701717361807823
-0.022373979911208153
-0.08417507261037827
-0.07791027426719666
-0.045831646770238876
-0.08846614509820938
0.05519016832113266
0.06922835856676102
-0.49574562907218933
1.9843624830245972
0.2502923309803009
0.07875204086303711
-1.983772873878479
-0.6978026032447815
-0.4959382116794586
-1.6601157188415527
-0.0764319896697998
-0.04420819878578186
-0.07448291033506393
-0.019364261999726295
-0.1035669818520546
-0.10633229464292526
-0.023042019456624985
-0.12430348247289658
-0.08002638071775436
-0.07804998010396957
-0.07541507482528687
-0.05686982348561287
-0.04072309657931328
-0.027765579521656036
-0.10143864154815674
-0.1157660037279129
-0.03920853137969971
-0.0037192844320088625
0.7150433659553528
0.4024203419685364
0.3929005563259125
0.41512972116470337
0.2714233100414276
0.38175299763679504
0.2826555073261261
0.3868120312690735
0.3610462248325348
0.36645743250846863
0.3755052387714386
0.43219825625419617
0.3244953453540802
0.43196797370910645
0.3573732078075409
0.44594141840934753
0.35686054825782776
0.4122317433357239
0.4063030779361725
0.4386020004749298
0.304680198431015
0.38769790530204773
0.3488077223300934
0.46325594186782837
0.3517903983592987
0.42894217371940613
0.279628723859787
0.35275799036026
0.35033464431762695
0.4727937579154968
0.3966986835002899
0.39924341440200806
0.3238036632537842
1.7797931432724
0.23058223724365234
-0.5216156840324402
0.4038139283657074
1.9833617210388184
-0.14957936108112335
1.5368338823318481
0.11336857080459595
0.03592406585812569
-0.0302688367664814
-0.08368401974439621
0.2499397099018097
0.03244684636592865
-0.08231367915868759
-0.04000447690486908
-0.04294094070792198
0.007974456995725632
-0.03125651553273201
-0.035009704530239105
-0.0071668801829218864
-0.022332822903990746
0.2166103720664978
0.2882910668849945
0.030791854485869408
0.016982302069664
0.2738133370876312
0.16633038222789764
0.07847663015127182
0.18062779307365417
0.06600871682167053
0.26448914408683777
0.19955286383628845
0.2047787755727768
0.011302080936729908
0.13187137246131897
0.10829993337392807
0.1958194524049759
0.01030689850449562
0.17366434633731842
0.12211336940526962
0.18686717748641968
0.09674568474292755
0.17804792523384094
0.12489738315343857
0.18281975388526917
0.08724430948495865
0.13036666810512543
0.08919825404882431
0.2315981090068817
0.05050772428512573
0.2943131923675537
0.18661512434482574
0.18232883512973785
0.01650216057896614
0.19016523659229279
0.10585732758045197
0.1668729931116104
0.15517179667949677
0.0016015095170587301
0.20220108330249786
-1.984264850616455
-1.983048915863037
0.18577176332473755
-0.0957600474357605
-1.9714375734329224
0.5162174105644226
-0.16796976327896118
-0.17632177472114563
-0.055832844227552414
0.08271071314811707
-0.016176456585526466
0.05825530365109444
0.11388060450553894
-0.04503148794174194
0.016211744397878647
-0.006541265174746513
0.01775149442255497
0.0037595706526190042
-0.009891164489090443
-0.01135346945375204
-0.011567357927560806
-0.02123265340924263
0.05194607004523277
0.06877990812063217
-0.04015912488102913
-0.025744149461388588
0.1120506227016449
0.19611872732639313
0.24515698850154877
0.1768934577703476
0.21067683398723602
0.1645975261926651
0.22336328029632568
0.1742190569639206
0.23184864223003387
0.1828490048646927
0.22898274660110474
0.15440532565116882
0.22224143147468567
0.17477263510227203
0.20285730063915253
0.15348896384239197
0.22031834721565247
0.17823465168476105
0.20987483859062195
0.15535999834537506
0.2220098227262497
0.1627882570028305
0.2030523270368576
0.15313926339149475
0.22590264678001404
0.14284221827983856
0.22072894871234894
0.1699930727481842
0.22157038748264313
0.16056258976459503
0.2334812581539154
0.1883409172296524
0.20407362282276154
-1.8897329568862915
0.16802768409252167
0.13353420794010162
-0.9167584776878357
1.9839403629302979
-0.29929131269454956
0.4338308274745941
-0.16396915912628174
0.030704529955983162
-0.07813022285699844
-0.0027937169652432203
0.07323973625898361
-0.08527165651321411
-0.005376568529754877
-0.0064330571331083775
-0.0486934520304203
-0.02266720123589039
-0.02596282958984375
-0.04667837545275688
-0.04612842574715614
-0.036149583756923676
-0.024681653827428818
-0.03818293660879135
-0.005921078845858574
-0.013229495845735073
0.16360902786254883
0.10031028091907501
0.1367192417383194
0.1566004455089569
0.19737540185451508
0.16314038634300232
0.15714025497436523
0.15778282284736633
0.14723415672779083
0.14945462346076965
0.14901669323444366
0.16122151911258698
0.15891890227794647
0.1683652251958847
0.16352097690105438
0.12578615546226501
0.1598278135061264
0.1551913321018219
0.18135304749011993
0.1271103024482727
0.15578314661979675
0.15238068997859955
0.13781295716762543
0.14861592650413513
0.16348625719547272
0.14146211743354797
0.17224803566932678
0.14057059586048126
0.11274795234203339
0.08009278774261475
0.12762069702148438
0.14340849220752716
0.149277463555336
-0.05323246121406555
0.04422110691666603
-1.9757603406906128
1.9840730428695679
0.15452902019023895
-0.2134939730167389
-0.018122045323252678
-1.984312653541565
-0.08260943740606308
0.13544537127017975
0.917855978012085
-0.003586000530049205
0.17346824705600739
0.2523171603679657
-0.35948628187179565
0.7936362028121948
0.819973886013031
0.8078476190567017
0.7735562324523926
0.8047856688499451
0.8025707006454468
0.7693892121315002
0.7913721203804016
0.7740468382835388
0.12034986168146133
0.15074864029884338
-0.07121732831001282
-0.025092029944062233
0.6635504961013794
0.6636190414428711
0.242617666721344
0.5788895487785339
0.5481035113334656
0.9836516380310059
-0.21043138206005096
0.8975198864936829
0.3378622531890869
0.5746614933013916
0.17666588723659515
0.41541120409965515
0.10624928027391434
0.4595433175563812
0.14120151102542877
0.4644332826137543
0.4085717499256134
0.584247887134552
0.44408872723579407
0.5876774787902832
0.3564196527004242
0.6410794258117676
0.16828961670398712
0.8809869885444641
0.13632550835609436
1.106126308441162
-0.3447541296482086
0.7183924317359924
0.5538678765296936
0.4129999876022339
0.3379172384738922
0.8314914703369141
0.3779400587081909
1.9840646982192993
0.14755842089653015
0.2906011641025543
1.1461875438690186
-1.5576525926589966
0.01953144185245037
0.5298959612846375
1.981787919998169
0.02918047085404396
0.1502043455839157
0.20267748832702637
-1.7055188417434692
0.8134559392929077
0.8744074106216431
0.897479772567749
0.8588235974311829
0.8812506198883057
0.9042824506759644
0.8851619958877563
0.8617796301841736
0.858185350894928
0.0043380893766880035
-0.09484206140041351
-0.08052694797515869
-0.01588948629796505
-0.8612911105155945
-0.3327312171459198
-0.05293593928217888
-0.39217936992645264
-0.30561330914497375
-0.3178492486476898
-0.4743407070636749
-0.44905489683151245
-0.47753408551216125
-0.40289732813835144
-0.4712384045124054
-0.5868918299674988
-0.4901571571826935
-0.41717109084129333
-0.2670957148075104
-0.6367682218551636
-0.3004377484321594
-0.4737541079521179
0.002235198160633445
-0.5055332779884338
-0.7634050846099854
-0.3242497444152832
-0.45325058698654175
-0.3541000485420227
-0.2453100085258484
-0.21690349280834198
-0.659662127494812
-0.332491010427475
-0.5499918460845947
-0.2502303421497345
-0.28687989711761475
-0.2718999981880188
-0.48524582386016846
-0.08066407591104507
-1.9834845066070557
-1.9842602014541626
0.04257896915078163
0.0442667193710804
-0.00014592100342269987
0.04304424300789833
0.04937935248017311
-0.05051908269524574
-0.029568960890173912
0.007349797058850527
-0.07187195122241974
-0.041613899171352386
-0.09470464289188385
0.0179341658949852
0.06523584574460983
-0.0936339721083641
0.09087350964546204
0.0702090710401535
0.03937859088182449
-0.044545650482177734
-0.029677968472242355
0.014095748774707317
0.06323698163032532
0.0216477420181036
-0.026988618075847626
0.025372033938765526
0.016763048246502876
-0.08990528434515
-0.03320397064089775
-0.0709577277302742
0.05603230744600296
0.021102147176861763
-0.07439480721950531
-0.07502429187297821
0.029653292149305344
-0.09015253186225891
0.07665518671274185
0.031253669410943985
-0.06851939111948013
-0.06917973607778549
-0.04687125235795975
0.031966228038072586
-0.09284447133541107
0.04161929711699486
-0.02134186401963234
-0.08671047538518906
-0.08055216073989868
0.07966975122690201
-0.07896938174962997
-0.004379316698759794
-0.013754600659012794
0.06439163535833359
-0.01441025547683239
-0.08762024343013763
-0.04066135734319687
0.07697086781263351
-0.004149231594055891
-0.04976360872387886
0.061465341597795486
-0.03628765419125557
0.06009940430521965
0.042029861360788345
-0.04619922116398811
0.0023592982906848192
-0.08132191002368927
0.022958775982260704
-0.025500815361738205
0.017594318836927414
-0.021253515034914017
-0.08401470631361008
0.08385229110717773
0.06190210208296776
0.011036403477191925
-0.013049912638962269
-0.07406724989414215
-0.09160734713077545
-0.04024878889322281
-0.0647960752248764
-0.08864650875329971
-0.019293032586574554
-0.029703348875045776
-0.063353031873703
0.07932651042938232
0.03283155336976051
0.06602149456739426
0.0026306703221052885
0.06510092318058014
-0.02111680805683136
0.03730297461152077
-0.06032309681177139
-0.08028285950422287
0.0544198714196682
-0.08790295571088791
0.011064203456044197
-0.06221933290362358
0.013939141295850277
0.07221323996782303
0.07523596286773682
0.07428062707185745
0.05121626332402229
-0.043773818761110306
0.06332921236753464
-0.00871162861585617
0.08356191962957382
-0.07810678333044052
-0.0735245794057846
0.04852207750082016
-0.07100344449281693
0.060736462473869324
0.024157335981726646
-0.035662829875946045
-0.07890956848859787
0.010503711178898811
-0.08596072345972061
0.012838699854910374
0.04194549471139908
-0.032789815217256546
-0.05035208538174629
0.07331337779760361
-0.07732614129781723
0.0395590178668499
-0.0340753048658371
-0.04192637652158737
0.01600729301571846
-0.07556694746017456
0.007154319901019335
-0.048934176564216614
-0.0223192498087883
-0.008579293265938759
-0.00902317650616169
-0.00732516311109066
0.026950763538479805
0.06369009613990784
-0.038775503635406494
-0.030450914055109024
-0.039166275411844254
-0.04432743787765503
0.04275202378630638
0.05624895915389061
0.0025253358762711287
-0.0718257948756218
0.008238968439400196
0.022545225918293
-0.06792719662189484
0.0033563883043825626
0.04397037625312805
0.02277742139995098
-0.034775957465171814
-0.08278687298297882
0.023103566840291023
-0.08270111680030823
0.035875458270311356
-0.0777161493897438
-0.016561904922127724
0.08440398424863815
-0.08518455922603607
-0.01513383723795414
-0.007351552601903677
0.009288812056183815
-0.051738522946834564
0.07954971492290497
0.04466575011610985
-0.04315858334302902
-0.033031120896339417
-0.010114960372447968
0.06434816122055054
0.08407250046730042
-0.05244574695825577
-0.0803714245557785
-0.005314788315445185
-0.021051203832030296
0.056683499366045
0.06335118412971497
0.015037313103675842
0.07110538333654404
0.07600506395101547
-0.006674689240753651
-0.07484076917171478
-0.04110318794846535
0.08729440718889236
0.008820367977023125
0.019238511100411415
0.02416810765862465
0.04716147482395172
-0.06078645959496498
0.06031538546085358
0.016152484342455864
-0.019955642521381378
-0.027327392250299454
0.07282470911741257
-0.00015875148528721184
-0.019384300336241722
0.05521708354353905
0.005347610451281071
-0.05648355931043625
-0.011789508163928986
-0.02611146867275238
0.04012226685881615
-0.01658344268798828
-0.0429825484752655
0.039893630892038345
-0.001881157630123198
0.05849790945649147
-0.025238823145627975
-0.040265701711177826
0.03296341374516487
-0.08370811492204666
0.06467586755752563
0.02538611739873886
-0.07215975970029831
-0.08817318826913834
-0.06333478540182114
0.05367144197225571
0.02455151081085205
0.04334121197462082
0.0832461565732956
0.08088748902082443
0.07406913489103317
0.06385554373264313
-0.03976789861917496
0.00167492451146245
0.019865773618221283
-0.027375856414437294
0.003532962640747428
0.06175815314054489
0.05074092745780945
0.06623056530952454
0.021356161683797836
0.06050293892621994
-0.05243460834026337
-0.07926815003156662
0.05889980122447014
0.016899339854717255
0.05728558078408241
0.0749228298664093
0.046287983655929565
-0.06986382603645325
-0.03297149017453194
0.06814780831336975
-0.07827792316675186
1.981767177581787
-0.16723127663135529
0.01126835960894823
-0.10874849557876587
0.1839294582605362
0.14181898534297943
0.07863349467515945
0.29920145869255066
0.06544472277164459
0.36179861426353455
-0.033398352563381195
0.0939536765217781
0.05099014565348625
0.28534233570098877
0.39455777406692505
-0.22739094495773315
0.2785247266292572
0.6088652014732361
0.07342150062322617
-0.26112470030784607
0.08370618522167206
0.00039736926555633545
0.0006515686982311308
0.10410720109939575
0.13422663509845734
-0.707893967628479
-1.173190951347351
-1.290765404701233
-1.2235448360443115
-1.2457659244537354
-0.9941170811653137
-1.1446449756622314
-1.136020302772522
-1.156921625137329
1.1982272863388062
1.7647674083709717
0.7492679357528687
1.9842581748962402
1.0978480577468872
1.9018263816833496
0.6404326558113098
1.9837043285369873
-1.214386224746704
-1.1863600015640259
-1.0413825511932373
-1.0070706605911255
-1.2480454444885254
-1.0678118467330933
-0.9898998141288757
-1.3443734645843506
-0.9605792164802551
-1.1606509685516357
-1.0209494829177856
-1.303607702255249
-1.2155189514160156
-1.399076223373413
-1.263160228729248
-1.3003464937210083
1.3309725522994995
0.15682928264141083
0.0072121648117899895
-0.0201736968010664
-0.13419459760189056
-0.1901085078716278
-0.09362944215536118
0.267498254776001
-0.017550071701407433
0.11410681903362274
0.07014943659305573
0.19264179468154907
0.13020728528499603
0.2257211059331894
0.3743877708911896
0.08840461820363998
0.13161376118659973
0.16513626277446747
0.27208319306373596
0.10588710755109787
0.1081027165055275
0.010248829610645771
0.0008432845934294164
0.12705202400684357
0.05356315150856972
0.38889092206954956
0.4192247986793518
0.36259204149246216
0.2269667387008667
0.30485954880714417
0.2828851640224457
0.24809938669204712
0.2913365364074707
0.478843092918396
0.36888426542282104
0.39218464493751526
0.23263753950595856
0.34204259514808655
0.39629268646240234
0.42636093497276306
0.23723135888576508
0.25838983058929443
0.3058359622955322
0.3315059542655945
0.338504821062088
0.3439503014087677
0.33024412393569946
0.30188488960266113
0.3651469647884369
0.3509010076522827
0.39934393763542175
0.38091275095939636
0.4268130660057068
0.396178662776947
0.40422913432121277
0.33684027194976807
0.40977880358695984
0.30856725573539734
0.08007796853780746
0.09180561453104019
0.25149452686309814
-0.22450540959835052
1.0663881301879883
-0.5201916694641113
-0.5685118436813354
1.0149143934249878
-1.5299444198608398
-1.2470557689666748
0.000257841165876016
0.04713352024555206
-0.2647317349910736
-0.05758369341492653
1.2826604843139648
-0.4066900312900543
-0.360149085521698
-0.31144949793815613
-0.39957982301712036
-0.36743485927581787
-0.38674280047416687
-0.40945178270339966
-0.5043985247612
-0.46271321177482605
0.40142226219177246
0.4208526611328125
0.06451501697301865
-0.10668644309043884
0.9870330691337585
0.5423628091812134
0.475660115480423
0.5896210074424744
0.5409812927246094
0.7903841733932495
0.5647236704826355
0.6122369766235352
0.6262906789779663
0.6741445064544678
0.730044424533844
0.7896121740341187
0.6151760816574097
0.7730200290679932
0.6699811220169067
0.8165948987007141
0.6872238516807556
0.6945074796676636
0.6452341079711914
0.749769389629364
0.5906150341033936
0.7243045568466187
0.6596773862838745
0.7999076843261719
0.6280382871627808
0.7585339546203613
0.6248511672019958
0.6319324970245361
0.5068041682243347
0.6985218524932861
0.5936689972877502
0.6390141844749451
0.649104118347168
1.0743836164474487
1.1535756587982178
-0.37792325019836426
0.2879931926727295
1.7883843183517456
-1.980332612991333
-1.9830243587493896
0.17720040678977966
0.014678657986223698
-0.3108925223350525
-0.22781088948249817
0.5225479602813721
-0.39935848116874695
-0.3780216872692108
-0.43217459321022034
-0.38386067748069763
-0.4073387086391449
-0.46198326349258423
-0.4272344708442688
-0.5148271918296814
-0.453247606754303
0.10131917148828506
0.23971274495124817
0.032152317464351654
-0.07524113357067108
1.966572642326355
1.1186128854751587
1.057116150856018
1.1394661664962769
0.8518437743186951
1.1924073696136475
1.0090217590332031
1.1843637228012085
0.9883752465248108
1.2814526557922363
1.1675359010696411
1.2719964981079102
1.0563687086105347
1.279645323753357
1.0516541004180908
1.3452121019363403
1.2558648586273193
1.2307863235473633
1.0510554313659668
1.2819463014602661
1.0871763229370117
1.2368910312652588
1.1466774940490723
1.2676512002944946
0.9961534142494202
1.2712734937667847
0.9027436375617981
1.299181580543518
1.0068323612213135
1.182726263999939
0.9956789016723633
1.168521523475647
0.9637522101402283
-0.09050552546977997
0.07458727806806564
0.11150754243135452
-0.8975655436515808
-0.10951380431652069
0.08835413306951523
-1.019558072090149
0.030988916754722595
0.17645452916622162
0.16480986773967743
-1.981748342514038
-0.07514747977256775
-0.9103830456733704
0.3498586118221283
-0.20795999467372894
-0.6325007081031799
0.01756059005856514
0.12430137395858765
0.44706594944000244
0.43000277876853943
0.1680307537317276
0.05824507027864456
0.4252365231513977
0.4979739785194397
-0.05493861809372902
-0.09841036796569824
-0.3935796916484833
-0.48695847392082214
-0.16803406178951263
0.7580317258834839
0.1185791864991188
0.8593777418136597
-0.018475467339158058
0.1930243968963623
0.7968845963478088
0.2907145917415619
-0.568270206451416
0.94200599193573
0.10810554027557373
0.6792137622833252
0.28810471296310425
0.5596556663513184
0.2433607578277588
0.8117061853408813
-0.4856605529785156
0.536040186882019
0.47579407691955566
0.8845487236976624
-0.3958597481250763
0.8656229972839355
0.046382661908864975
0.5903071165084839
0.06187790259718895
0.14830827713012695
0.6319827437400818
0.34078603982925415
-0.14243526756763458
0.9317267537117004
-0.40667229890823364
0.47091177105903625
0.18580111861228943
-1.2726932764053345
0.07594557106494904
-0.01058469619601965
-0.29389193654060364
-0.45083653926849365
-0.17972084879875183
0.007509590592235327
-0.40203121304512024
-0.044327277690172195
1.393629789352417
-0.6258348226547241
-0.11159079521894455
0.3586764633655548
1.6198382377624512
-1.1802750825881958
0.49582332372665405
0.42249566316604614
-0.4025539755821228
-1.1262089014053345
-0.5284590125083923
0.23894809186458588
0.1276663839817047
0.1239703819155693
-0.14343082904815674
-0.23115773499011993
0.11532473564147949
-0.21881668269634247
0.4390435218811035
0.4859878122806549
1.0351383686065674
-0.20185412466526031
0.3194136619567871
-0.20601940155029297
0.31073030829429626
0.5904544591903687
0.788167417049408
0.4870319366455078
0.8651875853538513
0.23394230008125305
0.536819577217102
0.5410142540931702
0.5017467737197876
0.5604003071784973
0.7531678676605225
1.0200860500335693
0.5167862176895142
0.6992104649543762
-0.004778518807142973
0.4593549370765686
0.9515547752380371
-0.3168436586856842
0.7929818630218506
0.43390771746635437
0.504287600517273
0.13036078214645386
-0.20934638381004333
-0.11612730473279953
0.267397940158844
-0.15385442972183228
0.4823108911514282
-1.984206199645996
-0.9158959984779358
0.12021660059690475
-0.006192167289555073
0.07466549426317215
-0.0979112833738327
-0.055163104087114334
0.07973485440015793
-0.901991069316864
-0.04498753324151039
-0.05477912351489067
0.07072763890028
-0.3364688456058502
0.4161430299282074
0.5635513663291931
0.4522624909877777
0.27917689085006714
0.30420178174972534
0.3844970464706421
0.36180487275123596
0.3520858883857727
0.4193401336669922
-0.014856058172881603
-0.012486346997320652
-0.10497154295444489
-0.047644637525081635
0.6572200059890747
-1.149507999420166
0.0021042353473603725
-1.9832414388656616
-1.0726988315582275
-1.983264446258545
-0.3587054908275604
-1.6316605806350708
-0.11267916113138199
1.82183837890625
1.3846317529678345
1.92551851272583
1.3242731094360352
1.683933138847351
1.0432219505310059
1.4943156242370605
1.1953743696212769
1.574051856994629
1.2949548959732056
1.6179248094558716
1.1987833976745605
1.3929725885391235
1.050693154335022
1.3595962524414062
1.3585692644119263
1.6761773824691772
0.6735568642616272
1.5740532875061035
1.2461109161376953
1.8900339603424072
1.174708604812622
1.9017616510391235
1.5565561056137085
0.8397834300994873
-0.035651277750730515
-0.005452565848827362
-0.13471972942352295
0.0267739687114954
-0.011150650680065155
-0.03981686756014824
-0.07571470737457275
0.07192584127187729
-0.07264400273561478
-0.1240324079990387
0.1180468425154686
0.3477029502391815
0.45806896686553955
0.30743417143821716
0.22534316778182983
0.266816645860672
0.40569865703582764
0.21572227776050568
0.23564237356185913
0.33145442605018616
0.01501141581684351
0.017045849934220314
-0.028545616194605827
-0.0026056808419525623
0.04698288068175316
0.04626946896314621
0.04606360197067261
0.0401117205619812
0.024820929393172264
-0.06686431169509888
0.05766693875193596
-0.06369111686944962
0.04144018888473511
-0.024491550400853157
0.0013269815826788545
-0.021628092974424362
-0.009522505104541779
-0.07180040329694748
-0.03798183426260948
-0.030987448990345
-0.06833679974079132
-0.06843377649784088
-0.058801379054784775
-0.040218014270067215
-0.03717239946126938
-0.08511201292276382
-0.06565779447555542
-0.09624449908733368
-0.10940099507570267
-0.0916842371225357
-0.1273377686738968
-0.1317780762910843
-0.14526799321174622
-0.041191939264535904
-0.13110192120075226
-0.1252041459083557
-0.15976521372795105
0.06934212893247604
-0.03846907615661621
0.040695466101169586
-0.011110721156001091
-0.06351137906312943
-0.05267953872680664
0.030306393280625343
0.009741128422319889
0.013023835606873035
-0.07930205017328262
0.012387591414153576
-0.072176992893219
0.09042701870203018
-0.06545361876487732
-0.022333595901727676
-0.02008270099759102
-0.0027580156456679106
-0.020795276388525963
0.038089558482170105
-0.05650731921195984
0.017354922369122505
-0.03684030473232269
-0.07550820708274841
-0.056081391870975494
0.0029892390593886375
-0.07399916648864746
-0.05807685852050781
0.05394762009382248
-0.05676687881350517
-0.07023387402296066
-0.034984223544597626
0.015616391785442829
-0.06285837292671204
-0.03202196583151817
-0.027548497542738914
-0.08558211475610733
-0.0016156568890437484
0.004432562738656998
0.06527003645896912
-0.042945314198732376
-0.022089160978794098
0.0659901350736618
0.038207974284887314
0.0897313579916954
0.024105936288833618
-0.008299202658236027
0.06992145627737045
0.030038932338356972
-0.07788398116827011
0.04522096365690231
-0.045681070536375046
0.08969489485025406
0.03619058430194855
0.001540254452265799
0.0786358043551445
0.07076244056224823
0.0266257356852293
0.08738896995782852
0.00495324470102787
-0.026027914136648178
0.003921214025467634
0.08953546732664108
-0.07685475796461105
0.046738751232624054
0.023140020668506622
0.0622689314186573
0.04417118430137634
-0.07952013611793518
-0.0910719633102417
-0.041307300329208374
-0.0006010343786329031
-0.0655251294374466
0.04943540319800377
0.08887340873479843
-0.045301150530576706
0.08091443032026291
-0.036517273634672165
0.0024590063840150833
-0.0756368637084961
-0.03980792686343193
-0.02355896309018135
0.037278544157743454
-0.07189854234457016
-0.04305940121412277
0.02641814947128296
-0.05706533044576645
0.039441272616386414
0.056530680507421494
0.005601957440376282
0.005592078436166048
0.07193455100059509
0.048983559012413025
0.013072540983557701
-0.01549998763948679
-0.014427338726818562
-0.004893457982689142
-0.06258819997310638
0.016742117702960968
0.06458491086959839
0.0671171024441719
-0.03356687352061272
0.06864345818758011
-0.07972611486911774
0.07407193630933762
0.07498359680175781
-0.0072249905206263065
-0.02747957594692707
-0.029544031247496605
-0.03421730175614357
-0.011708335019648075
0.0029777318704873323
-0.05413639172911644
-0.07449253648519516
0.08761081099510193
0.030577339231967926
0.0617121122777462
0.08780351281166077
-0.0652046874165535
-0.05826476216316223
0.06997810304164886
-0.0664534643292427
0.07040400058031082
-0.9162535667419434
-0.0016027905512601137
0.11060130596160889
-0.018121344968676567
-0.08730746805667877
0.08126825839281082
0.11099930852651596
0.9917249083518982
0.002311075571924448
0.010604669339954853
-0.28232520818710327
1.3248820304870605
-0.034567564725875854
-0.5288189053535461
0.2736133337020874
0.6221142411231995
-0.2896542251110077
0.3584705591201782
-0.1874896138906479
-0.18696293234825134
0.2039078325033188
-0.04996924474835396
-0.06992729753255844
0.1660584956407547
0.11543598026037216
-0.12146873772144318
0.2866211533546448
0.4279007315635681
-0.7909450531005859
-0.2147025316953659
-0.1441160887479782
-0.032977182418107986
-0.31225019693374634
-0.3978997468948364
-0.22086574137210846
0.19252800941467285
-0.03280755132436752
-0.44519051909446716
0.07875941693782806
0.08617700636386871
-0.605010449886322
-0.15761062502861023
-0.17544199526309967
-0.13941358029842377
0.3508842885494232
0.008902214467525482
-0.1150677353143692
-0.593146026134491
0.1283477395772934
0.04933895170688629
0.030727552250027657
-0.5776172876358032
0.4029160737991333
0.22239728271961212
-0.21132439374923706
-0.839772641658783
0.5075381994247437
0.19872619211673737
-1.7914072275161743
-0.007067604921758175
-0.1474202275276184
-0.02156769670546055
-0.006260095629841089
-0.15906170010566711
0.03512510657310486
-0.4668509066104889
0.046428482979536057
-0.003421421628445387
0.04533926397562027
-0.22150485217571259
-0.10785612463951111
-1.9838483333587646
1.9659395217895508
1.385764241218567
-1.8432852029800415
0.6514788269996643
1.003740668296814
-0.7417247891426086
-1.1477233171463013
0.03961075097322464
0.06943736225366592
0.08343645930290222
0.12295815348625183
0.10993444919586182
1.1680794954299927
-0.3071751594543457
-0.045093368738889694
0.3166007101535797
0.5537161231040955
0.6661148071289062
1.36492121219635
1.98407781124115
0.5851944088935852
-0.1898670345544815
0.2378859966993332
0.4369018077850342
0.5386583209037781
0.37133273482322693
0.9087703227996826
1.2634960412979126
0.061016809195280075
0.07466805726289749
-0.416251003742218
-0.9539724588394165
-0.2600284218788147
0.20938768982887268
0.25390660762786865
0.17353278398513794
-0.640541136264801
-0.3103856146335602
-1.4177470207214355
-1.9828834533691406
-1.6358122825622559
0.20619501173496246
-0.4759117364883423
-0.32915911078453064
0.0627700537443161
0.12070126086473465
-1.9842220544815063
-1.5544235706329346
0.1339535117149353
-0.15050894021987915
0.001281937351450324
0.21209724247455597
-0.08300025761127472
0.184770405292511
-1.3797335624694824
0.03612516075372696
0.011070371605455875
-0.1111677959561348
0.2648618221282959
-0.14255331456661224
-0.349601149559021
-0.1029808297753334
-0.16976752877235413
-0.0728389248251915
-0.16455775499343872
-0.26930099725723267
0.1242981106042862
-0.06714015454053879
0.04589736461639404
0.05652562901377678
0.15332654118537903
0.02914324961602688
0.1873396933078766
0.09739197790622711
0.05795508995652199
0.2152577042579651
0.0579422265291214
0.007119700312614441
0.21700337529182434
0.16992579400539398
0.15888658165931702
0.07195601612329483
-0.05547431483864784
0.1753379851579666
-0.040386978536844254
-0.010474061593413353
0.1762852668762207
0.07240340858697891
0.12834684550762177
0.06773800402879715
0.059126097708940506
0.16907426714897156
0.10579048842191696
0.13975031673908234
0.0057439072988927364
0.2425089180469513
0.1572963148355484
0.15530911087989807
0.032857589423656464
0.39379146695137024
0.05275078862905502
0.22372479736804962
-0.046038150787353516
0.23776377737522125
0.06271068751811981
1.982908844947815
-0.1580689251422882
0.34290802478790283
-0.11806511878967285
-1.892459750175476
0.2107284963130951
-0.18512342870235443
-0.7870000600814819
0.015499638393521309
-0.27344197034835815
0.011990613304078579
1.982800841331482
-0.40915536880493164
-0.3247787058353424
-0.593134343624115
-0.08057239651679993
-0.3079003393650055
-0.2766753137111664
-0.23119840025901794
0.14746908843517303
0.05607007071375847
0.12861335277557373
-0.11722832918167114
0.17143107950687408
-0.047118864953517914
0.6159577369689941
0.4499869644641876
-0.15548019111156464
0.5229218006134033
-0.04086931049823761
0.6598641276359558
-0.13681666553020477
0.5639270544052124
0.03106917440891266
0.38443514704704285
-0.26562759280204773
0.6203925013542175
-0.21636275947093964
0.3768634498119354
-0.055328160524368286
0.5121583342552185
-0.2600662112236023
0.4873194396495819
-0.16626107692718506
0.7549632787704468
0.019137438386678696
0.5825331807136536
-0.13320061564445496
0.5109820365905762
0.029933491721749306
0.4859654903411865
-0.25430595874786377
0.7010034322738647
-0.18416431546211243
0.27093201875686646
-0.2208515852689743
0.41832053661346436
-0.14662565290927887
0.03890323266386986
0.1437629759311676
-1.9842782020568848
-0.8392652273178101
-0.10091158002614975
0.2974652349948883
1.5287694931030273
-0.4289710223674774
-0.4603224992752075
0.8140019178390503
0.08014649152755737
-0.03601054847240448
-0.05147667974233627
0.07957146316766739
0.03560721129179001
-0.13240283727645874
0.014152292162179947
-0.046304792165756226
0.027968885377049446
-0.012837842106819153
-0.12445559352636337
-0.13421936333179474
-0.04010383412241936
-0.05427404120564461
-0.24647684395313263
-0.2651725113391876
0.04806400090456009
-0.025888245552778244
0.3693718910217285
-0.148556649684906
-0.32848218083381653
-0.2667504549026489
0.04187265411019325
-0.22456727921962738
-0.1017889752984047
-0.24146707355976105
-0.18104858696460724
-0.23349730670452118
-0.28419652581214905
-0.16473731398582458
-0.19796191155910492
-0.17392472922801971
-0.16279028356075287
-0.16218626499176025
-0.07933751493692398
-0.24116167426109314
-0.18991835415363312
-0.1181621327996254
-0.14318570494651794
-0.21336893737316132
-0.2360081821680069
-0.042696740478277206
-0.1981525868177414
-0.13541406393051147
-0.14075593650341034
-0.25930485129356384
-0.241086944937706
-0.20916885137557983
-0.39622074365615845
-0.24868886172771454
-0.12781308591365814
-1.5836066007614136
0.5160227417945862
-1.981937050819397
1.983311653137207
1.982495903968811
-0.14759694039821625
0.6191049814224243
1.9804682731628418
-0.04704933241009712
-0.2102205753326416
0.13576005399227142
-1.983958125114441
-0.01487995870411396
0.10279197990894318
0.09342536330223083
0.005898047238588333
0.10187134146690369
-0.04349728301167488
-0.1294196993112564
-0.09351011365652084
-0.09582962840795517
-0.21592934429645538
-1.7720953226089478
-0.5172386169433594
-0.11542545258998871
-0.2681914269924164
0.0751061663031578
0.9670848846435547
0.682223379611969
0.8958435654640198
0.7137425541877747
0.9356081485748291
0.47528281807899475
0.8611471056938171
0.3997657895088196
0.9716765880584717
0.28135091066360474
1.0160142183303833
0.5594661831855774
1.0525219440460205
0.523882269859314
1.1975427865982056
0.3522915542125702
1.0433893203735352
0.5868802666664124
1.1229008436203003
0.4164428114891052
0.994560182094574
0.15756863355636597
0.9420879483222961
0.4222458004951477
0.7755606770515442
0.358325719833374
0.9644425511360168
-0.035393089056015015
0.9514704942703247
0.18071946501731873
0.8204976916313171
-0.12997427582740784
0.21383710205554962
1.539320707321167
-1.9364303350448608
-0.4376537501811981
-0.6421893835067749
-0.3866955041885376
1.1362736225128174
0.8034006953239441
0.4619098901748657
-0.179962620139122
-0.05339896306395531
0.2929363250732422
-0.07765751332044601
1.246224045753479
0.17142094671726227
-0.015379347838461399
-0.22038905322551727
-0.29192543029785156
-0.23662614822387695
-0.12988121807575226
-0.2704564034938812
-0.2452872097492218
-0.19425693154335022
0.1996767371892929
0.5587837100028992
0.07446890324354172
0.0813310444355011
1.010135293006897
0.9958010911941528
0.8777356743812561
1.5258738994598389
1.0451387166976929
1.167016863822937
1.1248658895492554
1.2441471815109253
1.1544458866119385
1.1506693363189697
0.8507413268089294
0.9592030048370361
1.2477067708969116
1.2243177890777588
1.042862057685852
1.053788423538208
0.8198594450950623
1.179203748703003
1.354741096496582
1.130853295326233
1.0560505390167236
1.245688796043396
1.0676369667053223
0.9416037201881409
1.3412806987762451
1.4783092737197876
1.0976401567459106
1.3049947023391724
1.0616118907928467
1.0885971784591675
0.8147127032279968
1.425150990486145
0.9004468321800232
1.9829617738723755
0.3284536302089691
-1.286348581314087
1.1229866743087769
-1.9798997640609741
-0.3992898166179657
0.1271289587020874
-1.2000470161437988
0.04690733551979065
0.04444420710206032
-0.1166265681385994
0.3594396710395813
-0.16180860996246338
-0.4938261806964874
-0.4955979287624359
-0.514278769493103
-0.6448988318443298
-0.16711489856243134
-0.051106300204992294
-0.23978778719902039
-0.213553786277771
0.25769147276878357
0.5383847951889038
0.24717164039611816
0.05994138866662979
-0.29172468185424805
-0.9651447534561157
-0.6565722227096558
-0.8273288011550903
-0.7820761799812317
-0.866385281085968
-0.9002295732498169
-1.0025413036346436
-0.7336558699607849
-0.8085517287254333
-0.8519808053970337
-0.9868855476379395
-0.8974590301513672
-0.7729246020317078
-1.0000230073928833
-0.8884692788124084
-0.7239183187484741
-0.7606604695320129
-0.7031009793281555
-0.7706863284111023
-0.7493417859077454
-0.7864332795143127
-0.765800416469574
-0.8458608984947205
-0.8448306918144226
-0.8293405771255493
-0.7945751547813416
-0.8620436787605286
-0.9170630574226379
-0.9928224086761475
-0.8423044085502625
-0.8085927367210388
-0.9150071740150452
0.27581489086151123
-0.007889766246080399
-1.8359689712524414
0.2416706681251526
0.7249829173088074
-0.2697717845439911
-0.55415278673172
0.23067715764045715
-0.8712448477745056
-1.2532588243484497
-0.1743229776620865
0.07503683865070343
-0.040485676378011703
0.003994652070105076
0.9973790645599365
0.06634808331727982
-0.000664486491587013
-0.0087401382625103
0.03706241771578789
-0.031349293887615204
0.04802308604121208
0.08794893324375153
0.0761277824640274
0.07773575931787491
0.2109123021364212
0.24738313257694244
0.04072537645697594
-0.008974854834377766
0.8180335760116577
0.6063074469566345
0.670430064201355
0.6186221837997437
0.637432336807251
0.6442914605140686
0.7618260979652405
0.6154582500457764
0.6233210563659668
0.6490631699562073
0.7100344300270081
0.6189552545547485
0.7125887274742126
0.6249390244483948
0.7486326694488525
0.6416829228401184
0.6284856796264648
0.6282389163970947
0.780667781829834
0.592439591884613
0.7003967761993408
0.6825952529907227
0.7310445308685303
0.6095446944236755
0.6875748038291931
0.6150006055831909
0.8248799443244934
0.5897529721260071
0.6630564332008362
0.5920448899269104
0.7062997221946716
0.609646201133728
0.6397575736045837
-1.974482774734497
0.44378864765167236
-0.4957053065299988
-0.6899034976959229
-0.44909223914146423
-0.6962181329727173
1.9416193962097168
0.6342073678970337
-0.002144326688721776
-0.03354140371084213
-0.026485737413167953
1.5973753929138184
-0.08975251764059067
-0.039085693657398224
0.007361370604485273
-0.05429116636514664
0.015325848013162613
-0.06782233715057373
-0.005298806820064783
0.003983405418694019
0.005906944163143635
0.3592490553855896
0.41950803995132446
0.09566041827201843
0.01264951378107071
-0.7719777822494507
-1.9369845390319824
-1.433682918548584
-1.7236794233322144
-1.2780649662017822
-1.6595165729522705
-1.2933536767959595
-1.9396731853485107
-1.6145144701004028
-1.9040037393569946
-1.3985910415649414
-1.7824114561080933
-1.3395147323608398
-1.594276785850525
-1.2199974060058594
-1.667177438735962
-1.3924641609191895
-1.7185850143432617
-1.2153087854385376
-1.6985809803009033
-1.3466248512268066
-1.7615622282028198
-1.2879751920700073
-1.7196264266967773
-1.2826716899871826
-1.7857575416564941
-1.3324629068374634
-1.98379385471344
-1.5530173778533936
-1.9839961528778076
-1.4971895217895508
-1.849422574043274
-1.3217711448669434
-0.008607695810496807
-0.12205850332975388
-1.6032472848892212
1.1975715160369873
0.05515354499220848
-0.07661205530166626
0.17082567512989044
0.06695293635129929
-0.2605442404747009
-0.43486183881759644
0.02805214188992977
-0.061535418033599854
0.039956286549568176
-0.009773955680429935
-0.31809157133102417
0.040346659719944
0.04376543313264847
0.09896542876958847
-0.03053266927599907
-0.17343053221702576
0.19665920734405518
0.11308508366346359
-0.1337868571281433
-0.06450549513101578
-0.00650773523375392
0.0030372468754649162
0.02669890783727169
0.01293848268687725
0.44810447096824646
0.09767068922519684
0.1897212117910385
0.25446972250938416
0.11715488135814667
0.11416025459766388
0.19191661477088928
0.16460545361042023
0.17733798921108246
0.10418859124183655
0.22205033898353577
0.03028285875916481
0.13857929408550262
0.14070822298526764
0.12292929738759995
0.23186159133911133
0.09250025451183319
0.2046688199043274
0.14954861998558044
0.08660682290792465
0.204853817820549
0.26200249791145325
0.14964157342910767
0.13875432312488556
0.23535065352916718
0.27024373412132263
-0.05122089013457298
0.15773411095142365
0.06680092215538025
0.19497203826904297
0.07843804359436035
0.10437195748090744
0.06252305209636688
-1.9828532934188843
-0.10433245450258255
0.010227127932012081
0.0015652019064873457
-0.07762660831212997
0.0187333133071661
0.23187255859375
-0.5867546200752258
-0.07642944157123566
0.03707147017121315
-0.008595257997512817
-0.03107084147632122
-0.06159922853112221
-0.05772366747260094
0.054709989577531815
-0.00033005684963427484
-0.09928955882787704
0.0568099208176136
0.18168483674526215
-0.23352546989917755
-0.10654530674219131
0.0018662330694496632
0.002778382506221533
-0.07160624116659164
0.02989269234240055
-1.0313974618911743
-1.4820468425750732
-1.375775694847107
0.45937666296958923
1.979499101638794
1.256836175918579
-0.9474920630455017
-1.249840497970581
-1.3923393487930298
1.9760499000549316
1.9705696105957031
1.4947572946548462
-1.382920265197754
-1.7154244184494019
-1.537624716758728
-1.0473898649215698
-0.4268270432949066
-1.831106424331665
-0.8516457080841064
-0.3905423879623413
0.3953346312046051
0.07424979656934738
-0.7011837363243103
-1.5482174158096313
-1.086510181427002
-1.8114885091781616
-1.3238344192504883
1.944925308227539
1.9843411445617676
1.7913480997085571
-1.296568751335144
-1.9357068538665771
-1.6152422428131104
0.00542713887989521
0.07255328446626663
-0.2909832000732422
-1.6538501977920532
-1.9328149557113647
0.8559960722923279
-1.9824306964874268
-1.5650169849395752
1.984368085861206
-0.2861842215061188
-0.25889649987220764
-0.08982090651988983
0.0381929837167263
0.09707652032375336
-1.9833904504776
-0.03296533599495888
0.04609601944684982
0.013318742625415325
0.0313524566590786
0.007231253664940596
-0.00703172292560339
0.012940390035510063
0.005341228097677231
0.03389742970466614
0.7092429995536804
-1.9835745096206665
-0.04713606834411621
-0.01604372262954712
-1.022800326347351
-0.8965060710906982
-0.9661459922790527
-0.8097383975982666
-0.8413807153701782
-0.8648404479026794
-0.8308470249176025
-0.7657852172851562
-0.9151774048805237
-0.8434327244758606
-0.8943642973899841
-0.9092914462089539
-0.9168580174446106
-0.8046207427978516
-0.8821202516555786
-0.8448476791381836
-0.9221364259719849
-0.8654811978340149
-0.9113658666610718
-0.8986143469810486
-0.8656859397888184
-0.8040963411331177
-0.9275616407394409
-0.8648478388786316
-0.9194101691246033
-0.9245293140411377
-0.8068251609802246
-0.8543189764022827
-0.8753899335861206
-0.8643187880516052
-0.9522802233695984
-0.8546034097671509
-0.7772889137268066
-1.9843411445617676
-0.4582197964191437
0.2152394950389862
-1.8235098123550415
1.3273731470108032
0.5261017084121704
1.3236801624298096
0.1554735004901886
-0.04686836525797844
0.06091177463531494
0.06200457736849785
-0.20866519212722778
-0.08501303941011429
-0.06936227530241013
-0.09318462014198303
-0.05783020332455635
-0.08844924718141556
-0.11050285398960114
-0.09875395148992538
-0.10023799538612366
-0.07347963750362396
-0.05589364469051361
-0.11411135643720627
-0.016159366816282272
-0.014916002750396729
-0.4674502909183502
-0.4729122817516327
-0.48783302307128906
-0.45756444334983826
-0.5455249547958374
-0.4684998691082001
-0.4995901882648468
-0.4050646424293518
-0.48524025082588196
-0.4185780882835388
-0.45187297463417053
-0.4631296396255493
-0.4726782441139221
-0.4290430545806885
-0.43619245290756226
-0.4776684045791626
-0.5039211511611938
-0.4319998621940613
-0.4503554701805115
-0.4772585928440094
-0.5490238070487976
-0.4597090780735016
-0.4830043613910675
-0.4634115397930145
-0.4506123960018158
-0.4574584364891052
-0.4424619674682617
-0.4124246835708618
-0.47310441732406616
-0.41593730449676514
-0.41103771328926086
-0.426737904548645
-0.49148258566856384
-0.04599883407354355
-0.022500501945614815
-1.3894476890563965
1.984375
-0.0724991038441658
-0.051718104630708694
0.33099648356437683
-0.08487348258495331
0.011864048428833485
-0.03457567095756531
-1.5256952047348022
-0.08451580256223679
0.2990140914916992
-0.01144902128726244
-0.49663248658180237
-0.6180273294448853
-0.7001535296440125
-0.7197883129119873
0.2733387053012848
-0.9776184558868408
-0.8520519733428955
-0.4077278673648834
-0.47071245312690735
-0.9095210433006287
-0.03942405804991722
0.0021430570632219315
-0.1848268210887909
0.09572581946849823
-0.18511927127838135
-0.41356152296066284
-0.4306764304637909
-0.3280346095561981
-0.1588015854358673
-0.2496183216571808
-0.2997283637523651
-0.25293096899986267
-0.19983837008476257
-0.32299235463142395
-0.26189443469047546
-0.30802273750305176
-0.21326890587806702
-0.2674817442893982
-0.23564621806144714
-0.24533453583717346
-0.374769926071167
-0.2543316185474396
0.0792052373290062
-0.42048782110214233
-0.31133100390434265
-0.21585166454315186
-0.09185383468866348
-0.3727324306964874
-0.20180493593215942
0.7247256636619568
1.9830442667007446
1.2616225481033325
0.719121515750885
1.5378700494766235
1.9843745231628418
1.522398591041565
0.49004003405570984
1.9843748807907104
0.03255223110318184
0.07261787354946136
-0.5900720357894897
-1.32131826877594
-0.04015234857797623
-0.06300561875104904
1.102497935295105
0.02897440269589424
-0.2799435257911682
0.09159611165523529
0.14713166654109955
-0.604434609413147
-0.38599127531051636
-0.5403319597244263
0.3329271376132965
-0.698106050491333
-0.679773211479187
-0.1261155903339386
-0.13233612477779388
-0.6768473982810974
0.07102030515670776
0.04447523131966591
-0.018614232540130615
-0.058693740516901016
-0.022036496549844742
0.057227492332458496
-0.15379618108272552
0.16200533509254456
0.14364846050739288
0.025673234835267067
0.05720767751336098
-0.04641047492623329
-0.09576240926980972
-0.0066259256564080715
0.016862474381923676
0.11661999672651291
0.19796030223369598
0.12878884375095367
-0.05374426394701004
0.20599597692489624
0.1709660142660141
-0.09656760841608047
0.1618872880935669
-0.006165582221001387
0.5857058167457581
0.1755058318376541
0.08524490147829056
0.1249597892165184
0.5759133100509644
-0.940948486328125
1.1268641948699951
-0.3052007257938385
1.0114283561706543
0.26969465613365173
-0.20760704576969147
0.08233947306871414
1.5584105253219604
-0.15752749145030975
0.2627350091934204
0.3464251756668091
0.05282745882868767
0.028455616906285286
-0.05371929705142975
0.06921747326850891
-0.017520971596240997
-0.0324539840221405
0.08000002801418304
-0.05009498819708824
0.09037068486213684
-0.07220946252346039
0.06796521693468094
-0.04562684893608093
-0.09316927194595337
0.037358563393354416
-0.0008578181150369346
-0.019701069220900536
-0.011326809413731098
-0.06626764684915543
-0.040775176137685776
0.06145631521940231
0.024492554366588593
-0.004600516054779291
-0.02033839374780655
0.0006519255694001913
-0.00023392798902932554
-0.03374785929918289
0.005532503593713045
-0.0534137599170208
-0.022964708507061005
0.04907518997788429
0.009049410931766033
0.043775610625743866
-0.01984487660229206
-0.039231736212968826
0.012333326041698456
0.03870997205376625
0.025923769921064377
0.027739929035305977
-0.084114208817482
0.07192476838827133
0.04137327894568443
0.04547172784805298
-0.056240323930978775
-0.051384326070547104
0.03882688283920288
0.013104578480124474
-0.02928747609257698
-0.03199188411235809
-0.07833167910575867
-0.06760742515325546
-0.048125363886356354
-0.014706959016621113
0.04839487373828888
0.0046584028750658035
0.03651965409517288
-0.08224130421876907
0.04823116585612297
0.03877485170960426
0.08187293261289597
0.017150530591607094
-0.02864391729235649
0.04792129993438721
0.03622785210609436
0.05894383415579796
0.06903361529111862
0.06749054789543152
-0.07711903005838394
0.0006525625358335674
-0.024712948128581047
0.03808825463056564
-0.0337250754237175
-0.022173840552568436
-0.08538834005594254
0.022375144064426422
-0.007139254827052355
-0.01808147504925728
-0.01767374388873577
0.046366941183805466
0.0073447516188025475
0.0491209402680397
-0.0934607982635498
0.037148021161556244
0.045562855899333954
-0.01750333234667778
-0.019699452444911003
-0.07073329389095306
0.08783359080553055
-0.07663985341787338
-0.06269186735153198
-0.04357140511274338
-0.026392772793769836
0.0698312520980835
-0.05071213096380234
0.027596471831202507
0.017034068703651428
-0.07365763187408447
-0.046026214957237244
0.04573637247085571
-0.03274836018681526
-0.06759405881166458
0.07900332659482956
0.0632283091545105
-0.09116625040769577
0.06853391975164413
-0.08336358517408371
0.07424379885196686
0.06113860756158829
0.0695115253329277
0.06244403123855591
0.004609602969139814
0.058878954499959946
-0.07130931317806244
-0.039470065385103226
0.07123377919197083
-0.049374960362911224
-0.0680341124534607
-0.0010585723211988807
0.07678958773612976
0.07395652681589127
-0.0035372620914131403
-0.010217802599072456
0.055921636521816254
-0.06197686120867729
-0.05291738361120224
0.008975628763437271
0.08478553593158722
0.027555285021662712
-0.005240397062152624
0.027978871017694473
-0.03679751977324486
0.056324221193790436
-0.0541856624186039
0.0232451893389225
-0.009494616650044918
0.06729188561439514
-0.0499914288520813
-0.04795214906334877
0.024510564282536507
0.024584218859672546
-0.041557155549526215
0.00752633810043335
-0.07911841571331024
0.05641883611679077
0.0053864591754972935
-0.06031050905585289
-0.05560971051454544
0.08478251099586487
-0.06048324704170227
-0.015001609921455383
0.08750209212303162
-0.08502250909805298
0.007549833040684462
-0.048258569091558456
-0.05661049857735634
0.0494212843477726
0.05286644771695137
0.07500456273555756
0.023760922253131866
-0.014905215241014957
0.007877834141254425
-0.0881391242146492
0.04467346519231796
0.03518963232636452
0.017868107184767723
0.01532804872840643
0.005260198377072811
-0.07135358452796936
-0.060566727072000504
-0.0488385334610939
0.06312774121761322
-0.0253855399787426
0.06745400279760361
-0.058269813656806946
0.07267971336841583
0.02446497231721878
0.05864723026752472
-0.05603848770260811
0.07660458236932755
0.019011974334716797
0.015271125361323357
-0.04788114130496979
-0.010109157301485538
0.05424455553293228
0.002118198201060295
0.06279614567756653
-0.029277149587869644
-0.016249870881438255
0.015971899032592773
0.023708686232566833
0.03258439153432846
0.08621200174093246
0.025231357663869858
0.026139017194509506
-0.08131404221057892
-0.06186879426240921
-0.0346815288066864
-0.07627749443054199
-0.08722730726003647
0.039356593042612076
-0.040057431906461716
0.04006950929760933
-0.0762033760547638
-0.0398123525083065
-0.0706646740436554
0.09073547273874283
0.027434760704636574
-0.03966245427727699
0.08480895310640335
0.04704122245311737
0.002572601893916726
0.0845557376742363
-0.06409498304128647
0.02300160750746727
-0.07455164939165115
0.022418800741434097
-0.0776255801320076
0.06884702295064926
0.0076175532303750515
-0.03121281787753105
0.053319551050662994
0.08979050070047379
0.08441336452960968
-0.049081090837717056
0.06897400319576263
-0.05648346245288849
-0.0077497698366642
-0.0510648638010025
0.0805075392127037
-0.07645726203918457
-0.07943785190582275
-0.08738235384225845
-0.03457823023200035
-0.09056496620178223
-0.08129435032606125
0.08100151270627975
0.009054670110344887
0.024961646646261215
0.05531441792845726
1.0256595611572266
-0.12608155608177185
-0.03164883330464363
0.11421765387058258
0.1350165754556656
0.2045554518699646
0.059245578944683075
-0.42788276076316833
0.06288132816553116
0.028283583000302315
-0.24543684720993042
-0.1613847315311432
0.23626677691936493
-0.09107080101966858
-0.0430770143866539
0.24058647453784943
0.0564451739192009
0.271501749753952
0.1702413111925125
0.40158385038375854
0.09911610931158066
-0.01813533715903759
-0.0034054869320243597
0.052542805671691895
0.07344168424606323
-0.18514607846736908
-0.17335249483585358
-0.26508039236068726
-0.19121938943862915
-0.2957060635089874
-0.1525464653968811
-0.34203413128852844
-0.06978530436754227
-0.10411279648542404
-0.16464073956012726
-0.32758432626724243
-0.007099731359630823
-0.25318893790245056
-0.1327802687883377
-0.4234161972999573
-0.05159774050116539
-0.27990320324897766
-0.00492060137912631
-0.18615543842315674
-0.11644503474235535
-0.34432774782180786
-0.22613555192947388
-0.26122915744781494
-0.1392185240983963
-0.24005740880966187
-0.05103185027837753
-0.14193493127822876
-0.06566621363162994
-0.27636995911598206
-0.019019242376089096
-0.2507990896701813
-0.17471040785312653
-0.17512845993041992
-1.984375
0.1752127707004547
-0.0525626614689827
0.11447659134864807
0.02225227653980255
-0.16853123903274536
-0.0721847340464592
-0.10465413331985474
0.05787614732980728
-0.015011494979262352
0.5786317586898804
-0.16068990528583527
0.09933340549468994
-0.17284175753593445
-0.04921972006559372
0.6172492504119873
0.2814846634864807
-0.44318467378616333
0.1943056732416153
0.749737560749054
0.35469114780426025
-0.0020333738066256046
0.023469606414437294
-0.18775203824043274
-0.21100875735282898
0.8769471645355225
1.4986923933029175
1.2064101696014404
1.5328822135925293
1.5486483573913574
1.5086863040924072
1.3686352968215942
1.7362720966339111
1.7633079290390015
-1.19088613986969
-1.7589031457901
-0.5201968550682068
-1.9825162887573242
-1.0301413536071777
-1.7685633897781372
-1.04475736618042
-1.984007477760315
1.582655668258667
1.3366554975509644
1.382696270942688
1.5051871538162231
1.7589306831359863
1.3393566608428955
1.117012858390808
1.5002650022506714
1.2930899858474731
1.2900470495224
1.4316970109939575
1.671302318572998
1.4965695142745972
1.3101933002471924
1.4840824604034424
1.3395707607269287
-0.12260518223047256
-0.0044884695671498775
-0.269493967294693
-1.7060781717300415
0.06329301744699478
-0.3250887989997864
0.7644449472427368
1.1965904235839844
0.0041627436876297
0.7645794153213501
-1.5090160369873047
0.03182429075241089
0.8155485391616821
0.6507255434989929
1.9621766805648804
1.259817123413086
1.288143515586853
1.092881679534912
1.0642337799072266
0.9954767227172852
1.1033309698104858
0.9608871936798096
1.0021717548370361
1.0359760522842407
0.11668328195810318
0.24384333193302155
0.022494524717330933
0.02093285322189331
-1.3660833835601807
-1.0676090717315674
-0.7722544074058533
-1.2663382291793823
-0.5059727430343628
-1.1612681150436401
-0.17240388691425323
-1.0079388618469238
-0.5684147477149963
-1.184618592262268
-0.5724879503250122
-1.2757160663604736
-0.6613596677780151
-1.0949082374572754
-0.4615468382835388
-1.2109943628311157
-0.387224406003952
-1.1060439348220825
-0.7110400199890137
-1.005374789237976
-0.4402283728122711
-0.881157636642456
-0.6718320846557617
-1.028881311416626
-0.5916706323623657
-0.8388518691062927
-0.4851856231689453
-0.8775490522384644
-0.5197381377220154
-0.8823558688163757
-0.9040566682815552
-1.2458937168121338
-0.4341214895248413
1.9823851585388184
0.6067391633987427
0.08280835300683975
-1.9819496870040894
-1.750764012336731
-0.7839347720146179
-1.204388976097107
-0.07732417434453964
0.024577869102358818
0.7383304238319397
0.3828252851963043
0.156673401594162
1.7874352931976318
1.0030224323272705
1.1831786632537842
0.7900477051734924
1.1772977113723755
1.164480447769165
1.0904959440231323
1.0258415937423706
1.2326112985610962
-0.011587029322981834
-0.03134126961231232
0.14477498829364777
0.012014639563858509
1.1664739847183228
0.13744774460792542
0.17143650352954865
0.17029494047164917
-0.03449404239654541
0.4017711877822876
-0.1948585957288742
0.08155945688486099
0.26615047454833984
0.24008001387119293
0.2369835078716278
0.2510046362876892
0.10074116289615631
0.20939673483371735
0.10787388682365417
0.392919659614563
0.1522769331932068
0.2651880085468292
0.3286944031715393
0.3455240726470947
0.16047817468643188
0.2854173481464386
0.10969363152980804
0.11001981794834137
0.09028122574090958
0.44282516837120056
-0.09226179867982864
0.13047242164611816
0.2753932476043701
0.2981533408164978
0.10490568727254868
0.11704584956169128
-0.05095022916793823
0.29824385046958923
0.12305206060409546
-1.9747291803359985
1.9837075471878052
-0.18747666478157043
-0.08050235360860825
-0.010682747699320316
0.2568801939487457
-0.2726857364177704
-1.912951111793518
0.5234916806221008
0.036437466740608215
0.11686293035745621
0.08523333817720413
-1.9835208654403687
-0.02151443250477314
0.23941631615161896
0.3429707884788513
-0.09545216709375381
0.29239654541015625
0.07404480874538422
0.1914118230342865
0.10749796777963638
0.12430917471647263
-0.16365641355514526
-0.17513446509838104
0.33011072874069214
0.09738951921463013
0.22465139627456665
-0.5633923411369324
-0.32246750593185425
-0.28039640188217163
-0.30097657442092896
-0.26879429817199707
-0.1312337964773178
-0.36715883016586304
-0.37851840257644653
-0.5965784192085266
-0.3927745819091797
-0.301789253950119
-0.31956470012664795
-0.38939139246940613
-0.2688240110874176
-0.31851255893707275
-0.20558549463748932
-0.5659841299057007
-0.4212636947631836
-0.4663413465023041
-0.34307271242141724
-0.4837248921394348
-0.3307633101940155
-0.30166083574295044
-0.49858495593070984
-0.1559317708015442
-0.2600024938583374
-0.6146321296691895
-0.5165770053863525
-0.45244500041007996
-0.35214802622795105
-0.3945291340351105
-0.39595693349838257
1.9809892177581787
-0.03489721938967705
-0.23243269324302673
-0.26479312777519226
-0.0955994501709938
-0.14240416884422302
1.5814491510391235
-0.8352099657058716
0.029514219611883163
-0.06026683375239372
0.2235742211341858
-0.8144691586494446
-0.5276619791984558
0.5350095629692078
0.21101519465446472
0.1687447726726532
0.4677206873893738
0.23014788329601288
0.13038161396980286
0.245017871260643
0.31589648127555847
0.20067758858203888
0.19492082297801971
-0.2195824682712555
-0.08723737299442291
-0.8890223503112793
-0.0064041200093925
0.4455595314502716
0.14133763313293457
0.4493216872215271
0.16222520172595978
0.29917341470718384
-0.10219088941812515
0.11943541467189789
0.4289591312408447
0.47773119807243347
0.2502361238002777
0.4961191415786743
0.38449200987815857
0.6837244033813477
0.34379205107688904
0.4756115972995758
0.40735316276550293
0.506128191947937
0.558313250541687
0.2818237543106079
0.5029295086860657
0.15579944849014282
0.19521678984165192
0.011251627467572689
0.12485815584659576
0.4688224792480469
-0.09730833768844604
0.07954557240009308
-0.11808133125305176
0.40143027901649475
0.1686732918024063
0.46835681796073914
0.027468787506222725
0.8022756576538086
1.9839732646942139
0.5450919270515442
0.04001611843705177
0.23656496405601501
-0.10974331945180893
-0.009729914367198944
-0.0571632981300354
-0.010610310360789299
-0.613990843296051
0.07039588689804077
0.1746005415916443
-0.11195312440395355
0.23895391821861267
0.15392330288887024
-0.5739917755126953
0.3441065847873688
-0.43840256333351135
0.4397289752960205
0.1277451515197754
-0.08816604316234589
-0.0613895021378994
-0.21110303699970245
-0.014207380823791027
-0.049448441714048386
0.4107341766357422
0.0829729214310646
-0.12601567804813385
-0.4170360863208771
-0.60182124376297
-0.08995215594768524
-0.23164807260036469
-0.4973224401473999
-0.3876470923423767
-0.17127862572669983
-0.32225319743156433
-0.2630995213985443
-0.4510689377784729
-0.41958245635032654
-0.6520721912384033
-0.4881232976913452
-0.5329845547676086
-0.4304797947406769
-0.225437194108963
-0.375564843416214
-0.4474634528160095
-0.42803332209587097
-0.24713750183582306
-0.098453089594841
-0.29638320207595825
-0.36552169919013977
-0.4515244960784912
-0.5862165689468384
-0.40214070677757263
-0.5932643413543701
-0.509217381477356
-0.5610091090202332
-0.6452575922012329
-0.4704643487930298
-0.3611341118812561
1.7171759605407715
0.03684493899345398
-1.4234542846679688
-1.3556835651397705
-0.2037462741136551
0.12913233041763306
0.042700495570898056
-1.374611735343933
0.04901622235774994
-0.7828395962715149
0.3132294714450836
1.4578243494033813
-1.0726200342178345
-0.251228928565979
-0.12406528741121292
-0.06904475390911102
-0.1664784550666809
-0.025117097422480583
0.20163489878177643
0.15312711894512177
0.30668333172798157
0.35216131806373596
1.3007643222808838
-0.15810051560401917
-0.0780651792883873
0.25229600071907043
0.8228181600570679
0.5839428305625916
0.6622899174690247
0.7108041644096375
0.6234303712844849
0.9720547795295715
0.9795509576797485
0.70969158411026
0.4330986440181732
0.09990671277046204
0.8660014867782593
0.5156968832015991
0.898470401763916
0.43197354674339294
0.9795213937759399
0.30483725666999817
0.9540562629699707
0.8027782440185547
0.8769207000732422
0.7418590784072876
0.620540976524353
0.6810352802276611
0.7913646697998047
0.8000972867012024
1.035854697227478
0.5331814885139465
0.9904313683509827
0.7394881844520569
1.1763769388198853
0.24843934178352356
0.547701895236969
0.6190207600593567
0.15077219903469086
0.31125408411026
-1.9313820600509644
0.13136981427669525
0.054583482444286346
-0.033320412039756775
-0.02912980131804943
-0.057478636503219604
-0.10122444480657578
-0.013967887498438358
-0.007464529946446419
-0.051881931722164154
0.038135770708322525
0.06398295611143112
0.037337299436330795
0.03796350210905075
-0.1730048656463623
-0.20807011425495148
0.0283151064068079
0.048088815063238144
-0.23450902104377747
-0.0038936210330575705
0.07099208235740662
0.051133908331394196
0.006585399620234966
0.01942265033721924
-0.013358110561966896
-0.008909264579415321
0.17522084712982178
0.01633002609014511
0.08389412611722946
0.06542698293924332
0.06420539319515228
0.22310636937618256
0.1808857023715973
0.04221747815608978
0.10858684033155441
0.06954985111951828
0.030135218054056168
0.09012271463871002
0.1407569795846939
0.14511550962924957
0.12669168412685394
0.14829470217227936
0.07739558070898056
0.10167765617370605
0.07053674757480621
0.09459202736616135
0.08221074193716049
0.12028159201145172
0.03738211467862129
0.07712600380182266
0.08569307625293732
0.0963183343410492
0.07237586379051208
0.11163409799337387
0.06757431477308273
0.12120189517736435
0.02387845329940319
0.08793722093105316
0.06967192888259888
-1.889733910560608
-0.08327735215425491
0.0014107223832979798
-0.002797092078253627
0.01835033670067787
0.07847953587770462
0.08918053656816483
-0.018925828859210014
0.031455036252737045
0.16699087619781494
0.05149074271321297
-0.04886872321367264
0.058302439749240875
0.049587998539209366
0.031162574887275696
0.012755298987030983
-0.010623116977512836
-0.05199236050248146
0.0219560619443655
0.03344309329986572
-0.010837506502866745
-0.00613832613453269
-0.01026272401213646
0.045373447239398956
0.03288716450333595
-0.3375788927078247
1.9842110872268677
-0.11930225044488907
-1.5918611288070679
-0.19458402693271637
1.9842432737350464
-0.22236976027488708
-1.3861533403396606
-0.16659612953662872
-0.3182021379470825
-0.26580074429512024
-0.36195769906044006
-0.32586443424224854
-0.22877773642539978
-0.22760872542858124
-0.32858309149742126
-0.3271658718585968
-0.35030677914619446
-0.39794212579727173
-0.30569761991500854
-0.38580989837646484
-0.3177102506160736
-0.3748702108860016
-0.3339279890060425
-0.40542319416999817
-0.36884331703186035
-0.43466418981552124
-0.23497958481311798
-0.371705561876297
-0.3307914137840271
-0.3891168534755707
-0.30297425389289856
-0.34203147888183594
0.02153523452579975
0.010551665909588337
0.03508381173014641
1.6156833171844482
-0.13418594002723694
-0.07349608093500137
0.2852191925048828
-0.6228721141815186
0.04404458403587341
-0.8354297280311584
-0.11891056597232819
-0.08805708587169647
-1.0104292631149292
1.1756590604782104
-1.086942434310913
-1.073098063468933
-1.4207046031951904
0.07113946229219437
-0.8465122580528259
-1.4900246858596802
1.0305907726287842
1.5697003602981567
1.197196364402771
0.7931931614875793
0.07077403366565704
0.06985756009817123
-0.7201942205429077
-0.27735668420791626
0.6792211532592773
0.3904617726802826
0.003401560941711068
0.17332497239112854
0.688919186592102
1.0787800550460815
1.2406014204025269
1.0534837245941162
0.4383261501789093
1.6564044952392578
0.8889694809913635
1.1995775699615479
1.1920254230499268
1.268147587776184
1.27161705493927
1.7915551662445068
1.0473875999450684
1.7861601114273071
1.2045345306396484
1.5707566738128662
0.04889221861958504
0.9203041791915894
1.0152114629745483
1.4462741613388062
1.5048503875732422
1.1770038604736328
1.2683336734771729
1.2837225198745728
0.690496563911438
0.9888993501663208
1.2860430479049683
0.9215362071990967
1.2630338668823242
1.9811787605285645
0.3388915956020355
0.23805733025074005
-0.23648175597190857
0.3781074583530426
-0.10524943470954895
0.1128341481089592
-0.7491232752799988
0.08309848606586456
0.17121167480945587
-0.030627110973000526
-1.9837547540664673
0.21637433767318726
0.7420180439949036
0.7389922142028809
0.3200953006744385
0.46154776215553284
-0.49965009093284607
-0.9567616581916809
-0.21260713040828705
0.021250948309898376
-0.12485125660896301
-0.23706039786338806
0.07078253477811813
-0.38545194268226624
-0.5728384852409363
-1.1051509380340576
0.19167552888393402
-0.5288622379302979
0.3593023121356964
-1.0334254503250122
0.12988467514514923
0.23652581870555878
-0.0813441053032875
-0.8295769095420837
0.12414770573377609
-0.5194786190986633
-0.04407644644379616
-0.8387950658798218
0.2553190588951111
-0.4923214614391327
0.2951027452945709
-0.25154608488082886
0.11895405501127243
-0.3467102348804474
0.6333333849906921
-0.4262721836566925
0.006538992747664452
-0.7691850662231445
0.21002012491226196
-0.8818519711494446
-0.1711682826280594
-0.0982854813337326
0.23978431522846222
-0.9180225729942322
-0.1342477798461914
-0.5235909819602966
0.0660594180226326
-1.1336253881454468
-0.3537737727165222
1.9842203855514526
-0.6194444298744202
0.10403921455144882
0.029265843331813812
-0.08797663450241089
-0.11855237185955048
-0.1393115222454071
-0.06819862127304077
0.3171785771846771
0.031247558072209358
-0.069453164935112
0.015034880489110947
0.16131797432899475
0.180496484041214
0.05914611369371414
0.23226341605186462
0.4689585268497467
0.3032115399837494
-0.10953687876462936
0.28831860423088074
0.17969287931919098
0.0969693511724472
0.015306155197322369
0.0011549110058695078
0.052009064704179764
-0.014323878102004528
0.14725534617900848
0.0656120702624321
0.1624324917793274
0.1616162359714508
0.14830102026462555
0.12523160874843597
0.10247917473316193
0.07089412957429886
0.12073366343975067
0.10799030214548111
0.1372421830892563
0.018710097298026085
0.18426848948001862
-0.10324221104383469
0.10224772244691849
0.02212129905819893
0.23486052453517914
0.09646423906087875
0.3882025182247162
0.018310528248548508
0.1865469366312027
0.07456322759389877
0.2759299576282501
-0.02182728797197342
0.18993772566318512
-0.004158997442573309
0.2417081594467163
0.07515931874513626
0.14739291369915009
0.2089744210243225
0.15118609368801117
0.0664685070514679
0.17421241104602814
1.9794118404388428
-0.1659424901008606
0.021151777356863022
-0.09821275621652603
-0.0012236415641382337
0.13172321021556854
0.08815242350101471
0.03765453025698662
-0.08639883249998093
0.38954558968544006
-0.1451805680990219
0.013902231119573116
0.23071753978729248
-0.1543842852115631
-0.04609977826476097
0.49617239832878113
0.4861304759979248
-0.30601999163627625
0.10101547092199326
0.7766627669334412
0.17940345406532288
0.006960568018257618
-0.005880236160010099
0.18100950121879578
0.15802139043807983
-0.7409067749977112
-1.2601481676101685
-1.064349889755249
-1.3943610191345215
-1.1636669635772705
-1.1050313711166382
-1.1519590616226196
-1.2553761005401611
-1.590293288230896
-1.4818397760391235
-1.1705584526062012
-1.0336356163024902
-1.3096047639846802
-1.3470226526260376
-1.1393898725509644
-1.149255394935608
-1.2696563005447388
0.8946933150291443
1.7851961851119995
1.0132813453674316
1.9841315746307373
0.9895386695861816
1.7240084409713745
0.47516193985939026
1.9827438592910767
-1.1954313516616821
-1.2679688930511475
-1.3067994117736816
-1.3766989707946777
-1.2718592882156372
-1.3386200666427612
-1.3999396562576294
-1.2677028179168701
0.13722003996372223
-0.010042084380984306
-0.17850744724273682
0.4545087218284607
-0.2796397805213928
-0.060009416192770004
-0.01970687508583069
0.005913120228797197
0.3689945936203003
0.06783837080001831
-0.025075014680624008
-0.07455626130104065
-0.04942765831947327
-0.08035603165626526
-0.1829243153333664
0.005336678121238947
0.004104467574506998
-0.11617521941661835
0.029086774215102196
0.011382939293980598
-0.003985439892858267
0.04371332377195358
0.0007838241872377694
-0.06841129809617996
0.010002367198467255
0.024761863052845
0.04911419004201889
0.015018800273537636
-0.1540616750717163
-0.1076473668217659
-0.18249008059501648
0.07757099717855453
-0.022657090798020363
-0.07720385491847992
0.03845307230949402
0.0314912311732769
-0.009115461260080338
-0.17804878950119019
-0.198706716299057
-0.030010828748345375
-0.15380190312862396
-0.06502698361873627
-0.040910545736551285
-0.18152804672718048
-0.10027646273374557
-0.1686490923166275
-0.17226335406303406
-0.1104174256324768
0.00648858118802309
-0.13048601150512695
-0.08227191120386124
-0.16152681410312653
-0.1525730937719345
-0.09923997521400452
-0.053464774042367935
-0.15964165329933167
-0.11883485317230225
-0.18906237185001373
-0.1202143132686615
-0.17171967029571533
-0.05760803073644638
-1.9737976789474487
0.37673306465148926
-0.033174991607666016
-0.06986845284700394
0.04492158442735672
-0.3224574327468872
-0.07954856008291245
0.33012697100639343
0.018170461058616638
-0.25337648391723633
0.06907446682453156
-0.2808460295200348
-0.05385410413146019
-0.06529435515403748
0.06013932824134827
-0.12169851362705231
-0.07473063468933105
-0.09224795550107956
-0.05403706431388855
-0.05345917120575905
-0.09893398731946945
0.028958760201931
0.020270898938179016
0.14717765152454376
-0.10659119486808777
1.043900966644287
-1.7151546478271484
-1.9843692779541016
-1.487448811531067
1.3459627628326416
1.3547437191009521
1.536805272102356
1.6617354154586792
1.2455761432647705
1.5809035301208496
1.4565731287002563
1.6737185716629028
1.3192511796951294
-1.8009045124053955
-1.9842932224273682
-1.5009665489196777
1.2866967916488647
1.1293240785598755
0.9125862717628479
1.1054822206497192
0.9777812957763672
1.305819034576416
1.189119577407837
1.4249036312103271
1.0052779912948608
1.136550784111023
0.807347297668457
1.0854103565216064
1.0643025636672974
1.1828666925430298
0.7541517615318298
1.1130504608154297
1.180903434753418
-0.11703336983919144
0.00038146760198287666
-0.135723277926445
-1.980716347694397
0.3426553010940552
-0.8930491805076599
0.6899415254592896
0.6971611976623535
-0.13011294603347778
-0.06519732624292374
1.9819252490997314
0.06967486441135406
0.2580054700374603
0.024886753410100937
1.9842392206192017
0.07484185695648193
-0.10215689986944199
0.23785759508609772
-0.016578469425439835
0.25471389293670654
0.05131654068827629
0.0824485644698143
0.09726231545209885
0.07538977265357971
0.5869133472442627
-1.5034152269363403
0.1857026368379593
0.06811067461967468
-1.239319920539856
-0.8586532473564148
-0.8099873065948486
-0.8618449568748474
-1.0656918287277222
-0.9490000009536743
-0.8747246861457825
-0.9133382439613342
-0.8479683995246887
-0.818257212638855
-0.748656690120697
-0.936889111995697
-0.7693528532981873
-0.9644877314567566
-0.8097913265228271
-0.9542073011398315
-0.7399823069572449
-0.9079300761222839
-0.8875977396965027
-1.0121173858642578
-0.7862685918807983
-0.8615021705627441
-0.8605111837387085
-0.9396592974662781
-0.9014258980751038
-0.8944356441497803
-0.8212032318115234
-0.8855660557746887
-0.7738194465637207
-0.8013452887535095
-0.7455583810806274
-0.7473315596580505
-0.8385438323020935
1.9843071699142456
-0.10298748314380646
0.14044629037380219
0.18671229481697083
0.10097189247608185
0.2560335397720337
-0.15823262929916382
1.5992289781570435
-0.030160145834088326
-0.04400237649679184
0.18430495262145996
0.188230961561203
-0.11099038273096085
0.1886882781982422
-0.01302366703748703
0.22083629667758942
0.30893176794052124
0.07263286411762238
0.042641762644052505
0.2632754147052765
0.19731424748897552
-0.01046772114932537
-0.0563124418258667
-0.028353067114949226
-0.028555909171700478
-0.3140719532966614
-0.05141814053058624
-0.11474984884262085
-0.037483684718608856
-0.03542103245854378
-0.020866524428129196
-0.20974986255168915
-0.08583603799343109
-0.11136558651924133
-0.10058417171239853
-0.08856050670146942
0.055399052798748016
0.05976329371333122
0.12276560068130493
0.019224176183342934
-0.06263866275548935
-0.011963630095124245
0.026006292551755905
-0.054429493844509125
-0.05794445425271988
0.11418264359235764
-0.027968406677246094
-0.06906978785991669
0.049587588757276535
-0.04828749969601631
0.02450496517121792
-0.0802232101559639
0.026555344462394714
0.13155579566955566
0.08133646100759506
-0.014062095433473587
-0.08632338792085648
-0.03161664307117462
0.14798420667648315
-0.28682440519332886
0.46622368693351746
-1.9811828136444092
-0.15637654066085815
0.4600145220756531
-0.3678945302963257
-1.245086908340454
1.0912306308746338
-1.019853115081787
-1.9841605424880981
-0.01678618974983692
-1.8755732774734497
1.3971785306930542
-1.9843302965164185
1.76791512966156
-0.42000922560691833
-1.6752172708511353
0.16673508286476135
-1.9513474702835083
-1.6949695348739624
-1.2286125421524048
-1.4414914846420288
-0.9566391706466675
0.24067853391170502
0.0577118843793869
-1.008931040763855
-0.5791590809822083
0.8672099113464355
0.8784642219543457
0.4518261253833771
1.7112928628921509
0.6370434165000916
1.0069386959075928
0.17907264828681946
1.1982672214508057
0.1568683385848999
1.0573896169662476
1.1410926580429077
0.5348837375640869
0.9210203289985657
0.36131173372268677
0.1918143332004547
0.5001780390739441
1.4878112077713013
0.6675865650177002
0.5165987610816956
0.814847469329834
0.8485959768295288
0.06844975054264069
0.5027238726615906
0.3616557717323303
1.3375942707061768
0.9856207966804504
-0.03720584884285927
1.5963259935379028
0.655735969543457
0.7390738129615784
0.5589703917503357
1.8309077024459839
1.0922024250030518
0.028363339602947235
0.9080790281295776
-0.5966143608093262
-0.3037947118282318
0.2188362181186676
-0.3197437822818756
0.2970571517944336
-1.2117544412612915
-0.050648871809244156
1.9545834064483643
-1.9603166580200195
1.8760654926300049
-0.5713625550270081
1.9812203645706177
1.9089677333831787
1.980734944343567
-0.038416072726249695
-1.0339792966842651
-1.4655300378799438
-1.9832614660263062
-1.641381025314331
-0.12728029489517212
0.05663658306002617
1.868398666381836
0.4557599723339081
-1.5727713108062744
-1.6222293376922607
-0.71086186170578
-1.1507606506347656
-0.3625201880931854
-1.861370325088501
-0.18315374851226807
-1.926037311553955
-1.2962900400161743
-1.2473139762878418
-0.48760199546813965
-1.8768385648727417
-0.6899338960647583
-1.9814237356185913
-0.2218388170003891
-1.709961175918579
-0.8328023552894592
-1.8566575050354004
-0.9202327132225037
-1.6433428525924683
-1.1384360790252686
-1.5375185012817383
-0.8532154560089111
-1.7913548946380615
-0.1216340959072113
-1.9709714651107788
-0.4492271840572357
-1.9807374477386475
-1.983134150505066
-1.9491972923278809
-1.0926399230957031
-1.1570061445236206
-0.5813365578651428
0.2962695062160492
0.5451532602310181
-1.9842392206192017
-1.9836105108261108
-0.1440574824810028
-0.6471920609474182
-1.1051210165023804
0.31717243790626526
0.17336434125900269
-0.4521126449108124
-0.03233904391527176
0.04022183269262314
0.08367769420146942
0.05359076336026192
0.16726402938365936
-0.2784132957458496
-0.27043527364730835
-0.26899880170822144
-0.32536131143569946
-0.35663464665412903
-0.21192800998687744
-0.26620808243751526
-0.27563101053237915
-0.2500919699668884
0.3238809406757355
0.414886474609375
-0.09099289029836655
0.007749681826680899
-0.27610835433006287
-0.26084062457084656
-0.17263588309288025
-0.2468903660774231
-0.20660582184791565
-0.27254319190979004
-0.23017120361328125
-0.24958139657974243
-0.18561242520809174
-0.22323451936244965
-0.19389769434928894
-0.22952955961227417
-0.21399997174739838
-0.2525177299976349
-0.2437429279088974
-0.23134686052799225
-0.2300131767988205
-0.20417404174804688
-0.22666558623313904
-0.2536715865135193
-0.20800010859966278
-0.22835685312747955
-0.22082822024822235
-0.23254132270812988
-0.17540794610977173
-0.25286412239074707
-0.17821446061134338
-0.2786674499511719
-0.14886268973350525
-0.24720455706119537
-0.1783294677734375
-0.23364093899726868
-0.15168897807598114
-1.9503940343856812
-0.32985416054725647
1.8233040571212769
-1.7948421239852905
-0.32831400632858276
0.26300284266471863
-1.3545743227005005
-0.685433030128479
0.02966534160077572
0.37527796626091003
0.3274171054363251
-1.9841487407684326
-0.09831847995519638
-0.14157229661941528
-0.2065742015838623
-0.14950110018253326
-0.1865236610174179
-0.13129857182502747
-0.13448335230350494
-0.15291598439216614
-0.12425481528043747
0.9510014057159424
-1.983019232749939
0.11233333498239517
0.010449865832924843
-0.6815679669380188
-0.5039280652999878
-0.3739073574542999
-0.47789594531059265
-0.3144749701023102
-0.33741211891174316
-0.30275505781173706
-0.46911442279815674
-0.4062840938568115
-0.4504910111427307
-0.2309594601392746
-0.4023108184337616
-0.251577228307724
-0.5207605957984924
-0.23223769664764404
-0.46309781074523926
-0.16687721014022827
-0.48617780208587646
-0.18081718683242798
-0.5066307783126831
-0.2561769485473633
-0.5463275909423828
-0.17924107611179352
-0.44876861572265625
-0.24337485432624817
-0.4079499840736389
-0.36004793643951416
-0.4510234296321869
-0.247702956199646
-0.4942083954811096
-0.43154987692832947
-0.5424827337265015
-0.20162522792816162
0.001436534570530057
-0.11226661503314972
-1.0134340524673462
-0.02204396203160286
-0.08969039469957352
-0.08228237926959991
0.07921544462442398
-0.037572044879198074
-0.004298750776797533
0.040436435490846634
0.05249060317873955
-0.07427482306957245
0.061314184218645096
0.006451295223087072
-0.08285181224346161
0.021392595022916794
-0.07073143124580383
0.03752072900533676
0.02455374039709568
0.019568946212530136
0.06253491342067719
-0.06642942130565643
-0.07861092686653137
0.004685685969889164
0.030483512207865715
0.06787434965372086
0.05898232385516167
-0.01063610054552555
-0.0614565834403038
-0.009872393682599068
-0.06619461625814438
0.06777364015579224
0.006990914698690176
0.06759058684110641
-0.014559205621480942
-0.08527521789073944
-0.08074568957090378
-0.03569050133228302
-0.02293209545314312
0.016967035830020905
0.07288023829460144
-0.01586010679602623
0.03614753112196922
0.010576336644589901
0.012124557048082352
-0.06270600110292435
-0.037317536771297455
-0.005453501828014851
-0.06135350093245506
0.008684116415679455
0.07852224260568619
0.02494223788380623
0.08789396286010742
0.025168467313051224
-0.01525875460356474
-0.08219169825315475
0.08807683736085892
-0.06556257605552673
-0.005882968194782734
-0.07632050663232803
0.008424436673521996
0.054865892976522446
-0.05717327445745468
-0.07298886775970459
0.07735324651002884
-0.02953302673995495
-0.0003468186769168824
0.06921957433223724
0.0674230307340622
-0.046766046434640884
0.08689997345209122
-0.03591444715857506
0.009417378343641758
-0.07681586593389511
0.019795503467321396
-0.07365275919437408
-0.07307830452919006
0.051841869950294495
-0.06973510980606079
0.05802106112241745
-0.03278857842087746
-0.04959883168339729
0.0014835604233667254
-0.05894280597567558
0.014419459737837315
-0.07799044251441956
-0.07849638164043427
-0.08722762763500214
-0.0869530439376831
0.04410715773701668
0.048940666019916534
0.04560879245400429
0.01371503621339798
0.06430286169052124
-0.08085959404706955
0.04962674155831337
-0.07234976440668106
0.04743313044309616
-0.024669839069247246
0.015336397103965282
0.0419330857694149
-0.05291369929909706
-0.055148880928754807
0.014088650234043598
-0.0626843124628067
0.013536966405808926
0.04326090216636658
-0.0070064980536699295
-0.08473198115825653
-0.07692861557006836
0.0035736083518713713
-0.04949125647544861
0.09128030389547348
0.027017325162887573
-0.03227049857378006
-0.04329989477992058
-0.03613639250397682
0.05651555582880974
-0.06295153498649597
0.051173727959394455
-0.0750885009765625
-0.0055526504293084145
-0.9549126625061035
0.0840371698141098
0.0010320323053747416
0.030045591294765472
-0.011909034103155136
-0.13041317462921143
-0.07166363298892975
0.014933326281607151
-0.03291795402765274
0.08147602528333664
0.09879636019468307
-0.06387738883495331
0.1996362805366516
0.1971604973077774
0.05853791907429695
0.14795176684856415
0.16656208038330078
0.10483790934085846
0.1324143409729004
0.1661682426929474
0.19945716857910156
-0.00222739577293396
-0.002987052546814084
0.026527462527155876
-0.009445104748010635
0.13436298072338104
0.06930718570947647
0.054662130773067474
0.12667924165725708
0.16945362091064453
0.07715793699026108
0.16394752264022827
0.0725899264216423
0.08032359182834625
0.09939637035131454
0.06614631414413452
0.08998505771160126
0.16268955171108246
0.05861504375934601
0.1300385296344757
0.08472824096679688
0.11670639365911484
0.07728898525238037
0.12145616859197617
0.08309949189424515
0.13122797012329102
0.09484358876943588
0.12503699958324432
0.07116397470235825
0.0916348546743393
0.07145817577838898
0.08469786494970322
0.08854468166828156
0.082343690097332
0.05570947006344795
0.05894850194454193
0.07391314208507538
0.06374382227659225
-1.8182200193405151
-0.12643606960773468
-0.00669484818354249
-0.10280344635248184
-0.04200185462832451
0.08271988481283188
0.11434800922870636
-0.2471323162317276
-0.01142300758510828
0.08238973468542099
-0.08865877240896225
0.3409343361854553
0.1011679470539093
0.02109820954501629
0.02013513818383217
0.04468262940645218
0.07539496570825577
-0.04008595645427704
0.07735809683799744
0.0823851153254509
0.12788544595241547
0.020834848284721375
0.013645450584590435
0.06104621663689613
0.06165406107902527
-0.5456246137619019
1.9197874069213867
-0.7897980809211731
-1.6045204401016235
-1.5545101165771484
-1.4950863122940063
-0.868874192237854
1.9842536449432373
1.9842572212219238
-0.5237275958061218
-0.5722254514694214
-0.38837993144989014
-0.45752838253974915
-0.4122067987918854
-0.5301102995872498
-0.5077473521232605
-0.560986340045929
-0.3994532823562622
-0.5799292922019958
-0.31004565954208374
-0.3730185329914093
-0.3276439905166626
-0.556057870388031
-0.4035382568836212
-0.46810635924339294
-0.5947592854499817
-0.5421432852745056
-0.5141515135765076
-0.49736180901527405
-0.45720934867858887
-0.5241385102272034
-0.509232223033905
-0.587853193283081
0.03356408327817917
0.03137703612446785
-0.01211867481470108
-1.7525116205215454
0.07512875646352768
-0.1479150503873825
0.07235081493854523
-0.5544235706329346
-0.0996098518371582
-0.049094200134277344
-0.9083479046821594
0.05199572443962097
-0.3448379635810852
-0.049875836819410324
0.6707159280776978
0.9248126745223999
-1.7931959629058838
-0.9635865092277527
-1.7905325889587402
-1.2235093116760254
1.9821234941482544
-1.631864309310913
1.9818191528320312
-1.9841333627700806
0.04091549664735794
0.08651103079319
0.09949202090501785
0.026521828025579453
0.9810211658477783
1.698174238204956
-0.31921470165252686
0.7134266495704651
1.9068481922149658
1.1042569875717163
1.3822479248046875
1.0115550756454468
-0.12166862189769745
1.9404850006103516
0.07427097856998444
0.46985870599746704
0.5539199709892273
0.9484493136405945
1.1254991292953491
0.6279952526092529
0.011393949389457703
1.0250612497329712
1.2026418447494507
0.5614563226699829
0.11438489705324173
1.8487284183502197
0.16805903613567352
0.57694011926651
0.5937642455101013
1.5748218297958374
1.6346089839935303
1.0788196325302124
0.05723199620842934
1.490423560142517
-0.4424644708633423
0.5561179518699646
1.9522514343261719
-1.983612060546875
0.1283414363861084
-0.007593083661049604
-0.4224191904067993
0.06900840252637863
0.3143215477466583
0.15373528003692627
0.5135178565979004
0.07367108762264252
0.04443604499101639
-0.10102274268865585
-0.21966005861759186
0.08136899769306183
-0.8154959082603455
-0.42614996433258057
-0.28970420360565186
-0.6754066348075867
0.5617479681968689
-0.23348945379257202
0.5775959491729736
-0.42508000135421753
-0.012770404107868671
0.0017594160744920373
0.36286744475364685
0.03598085790872574
-0.07092046737670898
0.2558066248893738
0.3219819664955139
1.0026670694351196
0.013319812715053558
-1.3692303895950317
0.30014052987098694
1.2873433828353882
-0.13877327740192413
-0.8843230605125427
-0.2136545330286026
1.1673223972320557
0.10246797651052475
-1.5572880506515503
-0.16758057475090027
0.4317644536495209
0.640418291091919
-1.9642044305801392
-0.37836754322052
0.25139713287353516
0.6427249312400818
-1.1419219970703125
-0.3171059191226959
1.2887176275253296
-0.09555775672197342
-1.4435375928878784
-0.2483997792005539
0.958676278591156
-0.17852522432804108
0.020369404926896095
0.2565361559391022
1.2838623523712158
0.1792379766702652
-0.17172716557979584
0.3873346745967865
0.6608131527900696
-0.38114213943481445
0.10063060373067856
0.0009796632220968604
0.09796670079231262
-0.011966104619204998
-0.18460412323474884
-0.14882799983024597
0.013755731284618378
0.031042048707604408
-0.02822057716548443
-0.024158895015716553
-0.05089988932013512
0.1263321042060852
-0.039416972547769547
0.06621570885181427
0.12389751523733139
0.017412472516298294
-0.013192734681069851
0.12269602715969086
0.0572563111782074
0.1490471512079239
-0.006476840935647488
-0.01768740639090538
0.03867977112531662
0.002853828715160489
0.14862143993377686
0.06109125539660454
0.11923307180404663
0.09765919297933578
-0.03563104197382927
0.12170467525720596
0.09794146567583084
-0.009774627164006233
-0.02012811228632927
0.07278617471456528
-0.017066268250346184
0.092496357858181
0.06865759938955307
0.09065885841846466
0.08778417110443115
0.029408877715468407
-0.028358617797493935
-0.059833772480487823
0.024677982553839684
0.01971091516315937
0.11226543039083481
0.08904208242893219
0.07396659255027771
0.07735709100961685
-0.015154367312788963
0.0014152899384498596
0.11858529597520828
0.04197189584374428
0.07782579958438873
0.035734906792640686
-0.06208668276667595
0.06198463216423988
0.07100007683038712
-1.9500799179077148
-0.06177062541246414
-0.06398294121026993
-0.19346868991851807
-0.0239413995295763
0.00916640367358923
0.17387649416923523
-0.7422897219657898
0.01731427013874054
0.07717958837747574
-0.01574605330824852
0.32618844509124756
0.054620739072561264
0.07564029097557068
0.0858951136469841
-0.10979893803596497
-0.09550883620977402
0.09238690882921219
0.15838630497455597
-0.04747771844267845
0.02401701547205448
0.06358204782009125
0.06312006711959839
0.16165432333946228
0.030482172966003418
-1.0456926822662354
1.1629148721694946
1.8476194143295288
1.1982437372207642
-1.5306438207626343
-1.441949725151062
-1.316361904144287
-1.601305603981018
-1.3366678953170776
-1.5069043636322021
-0.9612486958503723
-0.7185350060462952
-0.38419026136398315
-0.7084990739822388
-0.8112261891365051
-1.6670633554458618
-1.4434791803359985
-0.6053053140640259
-1.0650832653045654
-0.7638845443725586
-0.8209106922149658
0.0199397224932909
-0.2714610993862152
0.43248826265335083
-0.5648495554924011
-1.704382061958313
-1.1717941761016846
1.9843641519546509
1.9840168952941895
1.9832203388214111
-1.5454272031784058
-1.8535963296890259
-1.9535942077636719
-0.02663297764956951
0.0457611046731472
-0.10412381589412689
0.008427430875599384
-0.07482489943504333
0.012621940113604069
0.07571297883987427
0.08506063371896744
0.055612388998270035
0.07950328290462494
-0.021491119638085365
0.07909156382083893
-0.07863486558198929
0.0037434715777635574
0.07106200605630875
-0.03371685743331909
-0.03174520283937454
-0.028729671612381935
-0.05001215636730194
0.0834905281662941
0.005515047814697027
0.04159419983625412
0.009874426759779453
0.014334418810904026
-0.011574064381420612
-0.07913599908351898
-0.002595430240035057
0.01043648086488247
-0.04962359368801117
-0.07937800139188766
0.08432096987962723
0.04391198605298996
-0.00952646043151617
-0.08257058262825012
0.015019532293081284
-0.05441528186202049
0.039448387920856476
0.014996103011071682
0.05258439853787422
-0.08177430927753448
-0.027976926416158676
-0.04809091240167618
-0.075640469789505
-0.028663143515586853
-0.0036812808830291033
-0.010251570492982864
0.08203204721212387
0.0575808510184288
0.08051316440105438
0.0716070905327797
-0.022953972220420837
0.04701264575123787
0.07947289198637009
0.06256017833948135
0.07084545493125916
0.024797651916742325
-0.05644872039556503
0.016705172136425972
0.03015706315636635
0.04253065586090088
-0.02384694665670395
0.08703377842903137
-0.009394385851919651
-0.0642651841044426
0.07410090416669846
-0.0005369422724470496
0.09103726595640182
-0.0860249474644661
-0.006508317310363054
-0.03293959051370621
0.05145929381251335
0.02608402818441391
-0.014292094856500626
0.0146343894302845
0.043708257377147675
0.010937448590993881
-0.030519990250468254
0.04322607442736626
0.025605320930480957
0.08340782672166824
-0.03639037907123566
-0.040917862206697464
0.0618930459022522
0.02308553270995617
-0.037435077130794525
-0.03448167070746422
0.014509538188576698
0.014812863431870937
0.08382819592952728
0.08762375265359879
0.024873195216059685
-0.019662391394376755
-0.06894973665475845
0.03085153177380562
0.044848136603832245
-0.029804300516843796
0.014550156891345978
-0.057992637157440186
-0.02315688133239746
-0.07083851099014282
-0.042240336537361145
0.06391843408346176
0.09097296744585037
0.011768482625484467
0.0629139095544815
-0.0851084440946579
0.007316708564758301
-0.07035970687866211
0.07882879674434662
0.07003477960824966
-0.017727859318256378
0.03936126083135605
0.01977190002799034
-0.062010880559682846
0.04083504155278206
-0.04054409638047218
-0.04292488098144531
0.06033940240740776
0.025935081765055656
0.03650764748454094
-0.002768856007605791
-0.02926473505795002
0.15671291947364807
0.05362798273563385
0.014632901176810265
0.11790627241134644
-0.013841778039932251
-0.2686363756656647
-0.25821539759635925
0.025049278512597084
-0.04055209457874298
0.033856768161058426
0.05826926976442337
-0.1500692516565323
0.05946436896920204
0.012050910852849483
0.02349606156349182
0.11408912390470505
0.25920379161834717
-0.024057617411017418
0.13010132312774658
0.13030189275741577
0.04466233402490616
-0.03318314999341965
-0.03631764277815819
-0.013647814281284809
-0.0004829998651985079
0.26330313086509705
-0.023516792804002762
0.014603477902710438
-0.06106128916144371
-0.08320406824350357
0.0686628445982933
-0.07944203913211823
-0.009370934218168259
0.05219067633152008
0.03932196646928787
0.005197904538363218
0.006716050673276186
0.03019612282514572
0.17380519211292267
-0.043491240590810776
0.031083153560757637
-0.050142381340265274
0.05073358118534088
-0.0317980982363224
0.0117560476064682
-0.06890789419412613
-0.01233938243240118
0.07853027433156967
-0.007309763226658106
-0.009752730838954449
0.09592904150485992
0.0665222629904747
0.02506985515356064
-0.013731798157095909
-0.01995432935655117
0.06517470628023148
0.07200798392295837
-0.025636563077569008
-1.984258770942688
-0.040129758417606354
-0.06867069751024246
-0.019870828837156296
-0.04436652362346649
-0.012894568033516407
0.21452173590660095
-0.5713099837303162
0.004740237724035978
0.02008223906159401
-0.014037196524441242
0.21682369709014893
0.015764854848384857
0.08324605226516724
0.08252247422933578
-0.0014793291920796037
-0.004876110702753067
-0.039659660309553146
0.149338498711586
0.07434655725955963
0.17022939026355743
0.030776573345065117
0.05352317914366722
0.01584833860397339
0.029915528371930122
-1.181067705154419
-0.1567421704530716
-0.646733820438385
-1.1200560331344604
-1.0004246234893799
-1.902502417564392
-1.5456836223602295
-1.1560994386672974
0.24474304914474487
1.1941933631896973
1.9842122793197632
1.4786218404769897
-1.2378169298171997
-1.4394845962524414
-1.0967415571212769
-1.6485953330993652
-1.362090826034546
-1.5972427129745483
-0.8501224517822266
-1.7227983474731445
-1.5279016494750977
0.5779373645782471
1.9824639558792114
0.7864266037940979
-1.5845714807510376
1.6991299390792847
1.9838759899139404
1.5559548139572144
-0.8569401502609253
-1.832406759262085
-1.6518133878707886
-1.734883189201355
-1.145182728767395
0.011217130348086357
0.06888137012720108
-0.2029559463262558
-0.9912943840026855
-0.11093426495790482
-0.06126266345381737
-0.16884605586528778
-0.03855713829398155
0.07855453342199326
-0.019719570875167847
-0.20164136588573456
0.07280400395393372
-0.08340263366699219
-0.16313056647777557
0.4071044623851776
0.23923678696155548
0.16918684542179108
0.17885936796665192
0.07458847761154175
0.12357941269874573
0.14899204671382904
0.13387179374694824
0.07719342410564423
0.1482478529214859
0.041040923446416855
0.06137162819504738
-0.021144509315490723
0.008474425412714481
-0.03441980108618736
-0.16056843101978302
-0.116221584379673
-0.1416216492652893
-0.12324895709753036
-0.1636888086795807
-0.1076195240020752
-0.10552337020635605
-0.06482578814029694
-0.15691736340522766
-0.0905170887708664
-0.252315878868103
-0.1253994107246399
-0.07842128723859787
-0.17468084394931793
-0.15518435835838318
-0.1334017515182495
-0.06316696107387543
-0.16481967270374298
-0.13894914090633392
-0.22571523487567902
-0.203170046210289
-0.18856538832187653
-0.1629704087972641
-0.20269088447093964
-0.17103411257266998
-0.21651150286197662
-0.0861426442861557
-0.2562311887741089
-0.08028322458267212
-0.16699667274951935
-0.128245547413826
-0.20723652839660645
-0.1514216959476471
0.17322514951229095
-0.07683420181274414
0.10898875445127487
-0.05296715348958969
-0.1273222118616104
0.09480177611112595
-0.9382806420326233
0.051653340458869934
-0.11714751273393631
-0.08250563591718674
0.013573321513831615
0.24344146251678467
0.17157860100269318
0.3002118170261383
0.29150357842445374
0.15693308413028717
0.261025071144104
0.2922248840332031
0.22798261046409607
0.1731732040643692
-0.005544062238186598
0.034013647586107254
-0.045234523713588715
-0.026846658438444138
0.5920535326004028
1.3092232942581177
0.971197783946991
1.3088241815567017
0.9396733641624451
1.4643768072128296
1.2691709995269775
1.5550628900527954
1.1210657358169556
-1.9839341640472412
-0.4801265597343445
-1.983176350593567
-0.4923400580883026
-1.7683866024017334
-0.31720679998397827
-1.8553918600082397
-0.5515389442443848
1.5661412477493286
0.9385072588920593
1.4715088605880737
1.2657212018966675
1.9829291105270386
1.3931804895401
1.7618662118911743
1.1308611631393433
1.728030800819397
0.8459759950637817
1.6991724967956543
1.3291010856628418
1.5884580612182617
0.8467270135879517
1.7684569358825684
1.4648363590240479
0.1049981638789177
-0.06049223244190216
7.501897925976664e-05
-1.01143479347229
-0.017586801201105118
0.00576795544475317
-0.009538261219859123
-0.002376729156821966
0.07421305775642395
0.05753804370760918
-0.005986763630062342
0.04459786415100098
0.061223749071359634
0.07756546139717102
-0.1416620910167694
0.10067404806613922
0.17033101618289948
0.0693424716591835
0.1219479888677597
0.09738600999116898
0.15795400738716125
0.06603604555130005
0.08144279569387436
0.14050206542015076
-0.003144490299746394
-0.015270586125552654
-0.03945767134428024
-0.006070727948099375
-0.08623190224170685
-0.03613105043768883
0.04973850026726723
-0.029745126143097878
0.0021396952215582132
0.048634227365255356
-0.05775139480829239
-0.03814688324928284
0.004320983774960041
0.050938013941049576
0.013382073491811752
0.013019738718867302
-0.016695626080036163
-0.004470946732908487
-0.01515939924865961
0.013424799777567387
0.0485011450946331
-0.036367472261190414
-0.058896299451589584
-0.014855620451271534
-0.02478797174990177
-0.022867310792207718
-0.017140639945864677
-0.01680038869380951
-0.02760378271341324
-0.04677003249526024
-0.06807055324316025
-0.007399725262075663
-0.0820361077785492
-0.10785195976495743
-0.050705183297395706
-0.04621763899922371
-0.04895613715052605
-1.8361872434616089
0.10643989592790604
-0.11561309546232224
-0.016288792714476585
0.021856309846043587
-0.05988301336765289
-0.03028460592031479
-0.06523646414279938
-0.01895160786807537
-0.03577259182929993
-0.008193925954401493
-0.47537103295326233
0.017199931666254997
0.01170402392745018
0.13004744052886963
-0.013095623813569546
0.05923940986394882
0.02905302122235298
0.06154533848166466
0.07186807692050934
0.10652461647987366
0.043575987219810486
0.037177395075559616
0.04257288575172424
-0.006896182894706726
0.6496797800064087
0.4909169375896454
0.320838987827301
0.7446838617324829
1.0690046548843384
1.0688503980636597
0.46707582473754883
0.7822948694229126
0.7986375689506531
1.984238862991333
0.7397540211677551
-1.905904769897461
-1.776916742324829
-1.69943368434906
0.8495418429374695
1.9835517406463623
1.903149127960205
0.3594282269477844
0.6288909912109375
0.583367109298706
0.9619438052177429
-1.7237327098846436
-1.93501615524292
-1.9829705953598022
0.8428981304168701
1.8841873407363892
0.8943141102790833
1.104840874671936
0.6343080997467041
0.7306951880455017
0.369599312543869
1.2658295631408691
1.2197932004928589
-0.055398449301719666
-0.018213709816336632
0.008625319227576256
-0.06694170087575912
-0.04361482337117195
-0.032060541212558746
-0.07230159640312195
0.04446638002991676
-0.01004987396299839
-0.016300369054079056
-0.06315862387418747
0.005490328650921583
-0.04199754074215889
-0.08173929899930954
0.05056414753198624
0.02947705239057541
-0.05182000249624252
-0.001775127719156444
-0.059474002569913864
0.0823783203959465
0.0713680237531662
0.07588043808937073
0.005775951314717531
0.050399452447891235
0.011204591952264309
-0.029554400593042374
0.046836335211992264
-0.08673642575740814
-0.028948524966835976
0.07092506438493729
0.08164918422698975
0.03595103323459625
-0.05081602558493614
0.02807447873055935
0.0011759510962292552
-0.08407312631607056
-0.04740748181939125
-0.006099788472056389
0.00948344822973013
-0.06445279717445374
-0.046693354845047
-0.06470026075839996
0.025970444083213806
0.07586132735013962
0.06045013666152954
0.07912170886993408
-0.018724460154771805
-0.019376834854483604
-0.07259219139814377
0.06461960077285767
-0.06016778200864792
0.010201848112046719
-0.037425000220537186
-0.019009996205568314
0.08552547544240952
0.06698272377252579
-0.05937257036566734
0.08822257816791534
-0.03768879920244217
-0.004888977389782667
-0.04715992137789726
-0.05306226387619972
-0.04058625549077988
0.06770046055316925
0.08112076669931412
0.036217477172613144
-0.010760045610368252
-0.014371114782989025
0.07876759767532349
-0.07437199354171753
-0.06606165319681168
-0.03022793121635914
0.07460770010948181
-0.00868980959057808
-0.0895874872803688
-0.04723038524389267
0.07356218248605728
-0.08625445514917374
-0.0085605438798666
0.012728159315884113
-0.04802708327770233
-0.0030699633061885834
-0.09057283401489258
-0.05092058330774307
-0.07765991240739822
-0.04371488094329834
-0.051945969462394714
-0.034915123134851456
-0.05720602720975876
0.048144228756427765
0.08735275268554688
-0.05408405512571335
-0.04044239968061447
0.02472846582531929
0.056679047644138336
0.03914627432823181
0.022099094465374947
0.018110880628228188
0.0442480631172657
-0.06905431300401688
-0.04904928803443909
-0.0761941447854042
-0.019465820863842964
0.034503404051065445
-0.0899055004119873
-0.07836388051509857
-0.021297171711921692
0.013726904056966305
-0.05343817546963692
-0.014624029397964478
0.04216156527400017
0.008274014107882977
-0.060102518647909164
0.02964196540415287
-0.038991350680589676
0.0886436328291893
0.010912314057350159
0.09115751832723618
0.04752394184470177
0.06682921200990677
0.0021751869935542345
0.07048170268535614
-1.9207106828689575
0.0741444081068039
-0.7389361262321472
-1.9840238094329834
0.2272288054227829
-0.05558586120605469
-0.16640543937683105
-0.13280437886714935
0.08546950668096542
-0.118742436170578
0.06219586357474327
1.135367751121521
0.213938370347023
0.3197716176509857
-0.022398216649889946
0.41069743037223816
0.10449225455522537
0.02678406797349453
0.022082090377807617
0.1055246964097023
-0.0023271143436431885
0.4958113729953766
0.43406230211257935
-0.024346785619854927
-0.11072628200054169
-0.10431357473134995
-0.2728082239627838
-0.09850014746189117
-0.10904088616371155
-0.0413009375333786
-0.17743214964866638
0.006321260239928961
-0.19366952776908875
-0.10908229649066925
-0.12099797278642654
-0.1376815140247345
-0.2697744071483612
-0.10045252740383148
-0.07461036741733551
-0.07363295555114746
-0.2142484188079834
-0.13317888975143433
-0.13049037754535675
-0.06438660621643066
-0.2166723757982254
-0.08483518660068512
-0.09039009362459183
-0.06954081356525421
-0.26111194491386414
-0.022484412416815758
-0.18581870198249817
-0.051936108618974686
-0.10907028615474701
-0.06222742423415184
-0.23521162569522858
-0.10749630630016327
-0.021108442917466164
-0.06021767854690552
-1.9836983680725098
0.1081220880150795
1.378819227218628
1.3876185417175293
1.2054157257080078
-0.039120595902204514
-0.16805239021778107
1.1320078372955322
-0.07873931527137756
0.4932228624820709
0.09802282601594925
1.6020963191986084
0.2897161543369293
-0.030405212193727493
0.053608257323503494
0.10913769155740738
0.0594000481069088
-0.022921541705727577
0.01018520351499319
0.039441581815481186
-0.016651419922709465
-0.7648617625236511
-0.8491194844245911
0.04013625904917717
0.1194196417927742
0.10530342161655426
-0.25303196907043457
-0.2671590745449066
-0.23974499106407166
-0.2398914396762848
-0.10962418466806412
-0.20716357231140137
-0.22158698737621307
-0.3616836965084076
-0.447964608669281
-0.35622894763946533
-0.21786922216415405
-0.3472299575805664
-0.37209734320640564
-0.3465394079685211
-0.2550673484802246
-0.31968721747398376
-0.39557865262031555
-0.36410748958587646
-0.19956713914871216
-0.2149149477481842
-0.38990670442581177
-0.3701426684856415
-0.21340663731098175
-0.2994813919067383
-0.15108607709407806
-0.35588014125823975
-0.27857089042663574
-0.37001940608024597
-0.29917481541633606
-0.43499207496643066
-0.3567636013031006
-0.306921124458313
-0.0856637954711914
-0.3539556562900543
0.5494613647460938
-1.9843741655349731
-0.20642393827438354
-0.15902233123779297
1.9838663339614868
-0.5173531174659729
-0.2425759732723236
-1.7232528924942017
0.036070454865694046
0.002819659886881709
0.056009721010923386
0.20779576897621155
0.29253721237182617
-0.036510124802589417
0.1153421625494957
-0.021668648347258568
0.1853514313697815
0.037742726504802704
0.06465144455432892
0.04620979353785515
0.07677321135997772
0.013214300386607647
0.11538130789995193
0.1109449565410614
-0.08629554510116577
-0.05956384167075157
-0.29240378737449646
-0.5385848879814148
-0.24653099477291107
-0.4316912293434143
-0.2672843635082245
-0.5307092666625977
-0.3901205360889435
-0.48184624314308167
-0.2975902557373047
-0.3368133008480072
-0.24172911047935486
-0.5081579089164734
-0.1986209601163864
-0.4494771659374237
-0.236516073346138
-0.5429526567459106
-0.3366501033306122
-0.4245550036430359
-0.2119428664445877
-0.5101006627082825
-0.32173240184783936
-0.3840692341327667
-0.20186950266361237
-0.5206732153892517
-0.20451714098453522
-0.5511825084686279
-0.48344889283180237
-0.4518760144710541
-0.3777264654636383
-0.5610768795013428
-0.3606850206851959
-0.5283737778663635
-0.4099113941192627
-1.9294524192810059
-0.1302722692489624
0.6160305738449097
0.3056568205356598
1.777848720550537
0.65582674741745
-0.7376359701156616
0.21803340315818787
-0.029180830344557762
0.15039733052253723
0.03159245476126671
-0.056623704731464386
0.07258956879377365
0.026010524481534958
0.047267813235521317
-0.00629391660913825
-0.007134424056857824
0.013444671407341957
0.0493595190346241
0.023249521851539612
-0.003450229996815324
-0.3992960751056671
-0.5252841711044312
0.03154607489705086
0.030514324083924294
-1.0089470148086548
-0.5827822685241699
-0.441008597612381
-0.40604472160339355
-0.39861181378364563
-0.3517197072505951
-0.403084397315979
-0.5403979420661926
-0.5233023762702942
-0.6205796003341675
-0.6052443981170654
-0.5312429666519165
-0.635108470916748
-0.47413644194602966
-0.5841637849807739
-0.5045173764228821
-0.5496940016746521
-0.5241770148277283
-0.515887439250946
-0.4819086790084839
-0.3704180121421814
-0.4806426465511322
-0.4298388659954071
-0.48268237709999084
-0.537558913230896
-0.442095011472702
-0.6204621195793152
-0.5452771186828613
-0.6149924993515015
-0.5454983711242676
-0.6012820601463318
-0.48334434628486633
-0.5722265243530273
-0.08461504429578781
-0.17048940062522888
-1.7311633825302124
1.975972056388855
0.75046706199646
0.008178339339792728
0.0807255357503891
-0.4569990038871765
-0.025968510657548904
-0.40208423137664795
-1.842287302017212
-0.06038309261202812
-0.7885105609893799
0.35584521293640137
0.5301446318626404
0.07846398651599884
0.6101529598236084
-0.7747629284858704
0.4341322183609009
-0.1220492348074913
-0.6160786747932434
0.10648033022880554
0.35344111919403076
-0.10788766294717789
0.04016553610563278
-0.07166416943073273
-0.3848348557949066
-0.44711726903915405
0.8943723440170288
0.2040199339389801
0.4854179918766022
1.5583575963974
0.7974473834037781
1.1368868350982666
0.6625235676765442
1.2586065530776978
0.6852980852127075
1.2480120658874512
0.14924955368041992
0.9071483612060547
0.6457675695419312
1.2593035697937012
0.6637907028198242
1.5139083862304688
1.0822937488555908
0.8787879943847656
0.6317320466041565
1.1271295547485352
1.2560807466506958
1.7187334299087524
1.100765585899353
1.2833389043807983
1.0810587406158447
0.7530927658081055
0.5246710181236267
0.9954140782356262
0.9094498753547668
0.9133176207542419
1.3350578546524048
0.9901231527328491
0.5148648619651794
1.8342010974884033
-0.057961881160736084
-0.10268433392047882
-0.3021273910999298
0.15903973579406738
-0.045388113707304
0.39488229155540466
-1.739745855331421
0.044266313314437866
-0.3240816593170166
0.1708090901374817
0.3705763816833496
-0.5394907593727112
1.2163944244384766
-0.10862818360328674
-0.34377190470695496
0.6356794834136963
0.4342341423034668
-0.5910479426383972
-0.3828163743019104
0.21582652628421783
0.10375260561704636
0.12791605293750763
-0.4866875410079956
-0.274410218000412
-1.1578642129898071
-0.21655908226966858
0.24820047616958618
0.41499555110931396
-0.06814869493246078
-0.2643808424472809
-0.20032790303230286
-0.17885367572307587
-0.5336464643478394
1.4728344678878784
1.9432666301727295
0.77476567029953
1.523069977760315
0.7970626354217529
1.523695945739746
0.6813153028488159
1.6847960948944092
-0.060390133410692215
-0.26368165016174316
0.10412022471427917
-0.39404919743537903
-0.16897200047969818
-0.6486501097679138
-0.1296110898256302
-0.26948869228363037
-0.9704580903053284
0.6855683326721191
-0.35449740290641785
0.2244921326637268
-0.5313243865966797
0.6080676317214966
-0.19746795296669006
0.22955268621444702
-0.563840389251709
0.2910569906234741
1.9843472242355347
-1.9841911792755127
0.2581429183483124
-0.0624099001288414
-0.4477691948413849
-0.39735937118530273
-0.16695263981819153
0.26147541403770447
-1.825016736984253
-0.0875105932354927
0.23959551751613617
-0.19620247185230255
0.9059468507766724
-0.28473013639450073
-0.5120249390602112
0.006745046004652977
-1.574196457862854
-1.5415319204330444
-0.7722068428993225
0.17959783971309662
-0.3286741375923157
-0.8971055150032043
0.03826107084751129
0.06220780313014984
-0.05855417251586914
0.033482495695352554
0.1454317569732666
0.8704526424407959
0.6230906844139099
1.670820713043213
1.3558429479599
0.9079449772834778
1.3580390214920044
1.8205772638320923
1.1980412006378174
0.546349287033081
0.3913607597351074
1.2833484411239624
1.692177653312683
1.7299338579177856
1.9647284746170044
1.778573751449585
0.4904613494873047
-0.04381363466382027
0.5639442205429077
0.056224189698696136
0.7662080526351929
1.3137928247451782
1.807666301727295
0.6111559867858887
0.46561670303344727
-0.41586583852767944
-0.32226961851119995
-1.9823232889175415
-1.413800835609436
-0.9558272361755371
0.9479761123657227
-1.9842778444290161
-0.7882279753684998
-1.984325885772705
-0.13049151003360748
-0.04333183169364929
0.027430176734924316
-0.3400796949863434
0.30870360136032104
-0.43526285886764526
0.19227132201194763
-0.0010576018830761313
0.15659043192863464
1.0852704048156738
-0.40313848853111267
1.8843096494674683
1.9751554727554321
1.1170005798339844
-1.3495652675628662
-1.7640544176101685
1.9366613626480103
0.01830105111002922
-1.9820269346237183
1.7918599843978882
0.046587828546762466
0.03946221247315407
-0.8356224894523621
-0.0298970565199852
0.7757540345191956
-0.28050267696380615
0.09152363985776901
0.5275374054908752
0.2085118144750595
-0.23555344343185425
0.6265878677368164
0.45071595907211304
-0.3156467080116272
-0.33949553966522217
-0.06727103888988495
-0.244003027677536
-0.013523222878575325
0.25461259484291077
0.4461212158203125
-0.10395298898220062
0.3565542697906494
-1.1292892694473267
-0.40874865651130676
0.4217219948768616
0.9853550791740417
1.903159499168396
1.2764112949371338
0.9242167472839355
-0.01126855332404375
0.20562255382537842
-0.06074080988764763
0.6279281973838806
1.980753779411316
1.7552495002746582
1.8945363759994507
1.1131651401519775
0.9797700643539429
-0.20413389801979065
0.20137746632099152
0.27871137857437134
-1.5624024868011475
0.036209676414728165
0.0190639179199934
0.34032928943634033
0.025434812530875206
-0.07563377916812897
0.39131394028663635
0.028614459559321404
0.0242624469101429
0.10076820105314255
0.10416635125875473
0.020743966102600098
0.05127134919166565
0.0664987713098526
0.0686400756239891
0.07623620331287384
0.050497867166996
0.04262488707900047
0.040436334908008575
0.04742594435811043
0.038126278668642044
-0.0029408230911940336
-0.024553483352065086
0.002994307316839695
-0.003967916127294302
-0.09123677760362625
-0.08658809214830399
-0.09609194844961166
-0.09280022978782654
-0.04234788939356804
-0.10663169622421265
-0.049606990069150925
-0.1070396825671196
-0.06376640498638153
-0.11254547536373138
-0.07022000849246979
-0.1179177537560463
-0.05804237350821495
-0.09598483890295029
-0.06834489852190018
-0.11938527226448059
-0.0728907585144043
-0.08665760606527328
-0.08017922937870026
-0.11009432375431061
-0.0671849176287651
-0.09324495494365692
-0.07927045226097107
-0.10034046322107315
-0.062137193977832794
-0.08079852163791656
-0.08275812864303589
-0.08452826738357544
-0.07418279349803925
-0.09786678105592728
-0.09826993197202682
-0.08208059519529343
-0.07351158559322357
1.9816675186157227
0.029653767123818398
-0.13266152143478394
-1.9836801290512085
0.25447046756744385
0.0005782456137239933
0.9233304858207703
0.07680656015872955
-0.08891397714614868
0.033170148730278015
0.013663914985954762
0.011516856029629707
0.09283075481653214
0.058216530829668045
0.09100969135761261
0.06367854028940201
0.083001509308815
0.06797390431165695
0.06916521489620209
0.06394317001104355
0.06018964946269989
0.06492145359516144
0.06309400498867035
0.011119061149656773
0.0037120936904102564
-0.017399998381733894
0.012515753507614136
-0.0033884248696267605
0.004040427040308714
-0.0020026389975100756
-0.02672581560909748
0.0005103502189740539
0.014181162230670452
0.033280473202466965
0.027817534282803535
0.008810626342892647
-0.012856530956923962
0.0031899134628474712
-0.00943517591804266
-0.01609872467815876
0.006935330107808113
0.018982501700520515
0.012666447088122368
-0.0028483045753091574
0.006710961926728487
0.02521883137524128
0.03548121452331543
-0.00491821113973856
-0.002235169056802988
0.020531782880425453
-0.026596691459417343
-0.008727782405912876
9.197655890602618e-05
0.01733369752764702
-0.0009471821249462664
-0.0215903427451849
0.00025003080372698605
-0.008726364932954311
-0.012295059859752655
-0.003597820643335581
-1.9840142726898193
-1.9278260469436646
0.6403475999832153
0.10408934205770493
0.7123041749000549
0.08563260734081268
-1.3689827919006348
-0.7613988518714905
-0.04150709882378578
-0.0337531603872776
0.15883612632751465
0.10523245483636856
-0.6282857656478882
0.2995036244392395
-0.22475871443748474
-0.5847683548927307
-0.29423987865448
-0.29305288195610046
-0.21389685571193695
-0.1320914626121521
-0.16257710754871368
-0.07377681136131287
-0.0447971448302269
-0.07438970357179642
0.34584158658981323
0.03704404830932617
1.399195909500122
-0.807915449142456
-0.3659936487674713
-0.6597398519515991
-0.4188145399093628
-0.43613201379776
-0.19335231184959412
-0.5833357572555542
-0.5254015326499939
-0.46366214752197266
-0.32257404923439026
-0.7143599390983582
-0.4777614176273346
-0.5904053449630737
-0.2941189110279083
-0.6862589716911316
-0.2893168032169342
-0.5679355263710022
-0.23973685503005981
-0.6786914467811584
-0.2939029037952423
-0.4922538995742798
-0.40119507908821106
-0.6874899864196777
-0.592167317867279
-0.35681697726249695
-0.1893794983625412
-0.46870318055152893
-0.521259605884552
-0.8161537051200867
-0.45194584131240845
-0.5475651025772095
-0.4139207899570465
1.9843264818191528
-1.1548246145248413
-0.078560471534729
-0.2437366396188736
0.01936187781393528
0.7526747584342957
1.1011146306991577
-0.30881941318511963
-0.01229490153491497
-0.5256558656692505
0.5303744673728943
0.3522375822067261
-0.2557236850261688
-0.017225025221705437
0.04508436843752861
0.03666234016418457
-0.03828677535057068
0.1663322150707245
0.26265713572502136
0.13555017113685608
0.34829846024513245
-0.03189712390303612
-0.0032911542803049088
0.03899439796805382
-0.2375553548336029
-1.9834461212158203
-0.5500633120536804
-0.6442532539367676
-0.7268101572990417
-0.5327578783035278
-0.6056491732597351
-0.5050013661384583
-0.8091424703598022
-0.605654776096344
-0.7519391179084778
-0.7091617584228516
-0.7059766054153442
-0.6185855865478516
-0.8556078672409058
-0.5984709858894348
-0.7211229205131531
-0.5315781831741333
-0.7744960188865662
-0.5322094559669495
-0.7460559606552124
-0.6366101503372192
-0.7440751194953918
-0.6519970893859863
-0.6728255152702332
-0.5000052452087402
-0.6280421614646912
-0.39844340085983276
-0.8166513442993164
-0.6912106275558472
-0.5971482992172241
-0.5308220386505127
-0.6116676926612854
-0.44652339816093445
-0.01979772187769413
-0.28822311758995056
0.8205010890960693
-0.9452352523803711
-0.16495981812477112
-0.2384440153837204
-0.21302306652069092
-0.17118962109088898
0.05714863911271095
0.3849467933177948
-1.5806889533996582
-0.006496231071650982
-0.08157716691493988
-0.018206998705863953
0.6071937084197998
-0.02843615598976612
-0.009401459246873856
-0.043863195925951004
-0.1751873642206192
-0.009064837358891964
0.07887723296880722
0.1105189397931099
-0.02260238118469715
0.05797301232814789
0.13254280388355255
0.16899611055850983
-0.0034635260235518217
0.001367394463159144
-1.246720552444458
-1.6684836149215698
-0.841270923614502
1.4498509168624878
1.964747428894043
1.7431882619857788
-1.1689344644546509
-1.540237307548523
-1.6750527620315552
1.6658779382705688
-0.9348270297050476
-0.18299858272075653
-0.658645749092102
-0.27899107336997986
-1.1973373889923096
1.7409743070602417
1.2895902395248413
-1.2776877880096436
-1.3437429666519165
1.7718127965927124
1.9843711853027344
1.7269972562789917
-1.2230215072631836
-1.3317714929580688
-0.9121012687683105
-1.2618162631988525
-1.98017418384552
-1.2609556913375854
-0.8862136006355286
1.6969271898269653
1.9569352865219116
1.9134068489074707
-0.5371480584144592
1.6955904960632324
0.2838083505630493
0.02003808505833149
0.046242114156484604
0.02028951793909073
-0.4686118960380554
-0.23097418248653412
-0.14395901560783386
0.008181105367839336
-0.02981865219771862
-0.08423207700252533
0.21427543461322784
0.09742860496044159
0.12199040502309799
0.05808734521269798
0.011738707311451435
-0.03526260703802109
0.11579832434654236
0.09314427524805069
-0.08080201596021652
0.03913069888949394
-0.009317101910710335
-0.011982432566583157
0.04560481756925583
0.01579173654317856
0.3067738711833954
0.0012559235328808427
0.017084358260035515
0.030193641781806946
-0.0027419296093285084
0.12024173885583878
0.023185715079307556
0.035894520580768585
0.1115141436457634
0.023057730868458748
0.010091683827340603
0.03113565407693386
0.11174041032791138
-0.009911874309182167
-0.005336287431418896
-0.0025715159717947245
-0.011852244846522808
0.05803683027625084
-0.02254430390894413
0.014281741343438625
-0.005184602458029985
-0.05748424306511879
-0.023965492844581604
-0.0934583768248558
-0.014542478136718273
0.10327927768230438
0.02302001602947712
0.05260537192225456
0.1065753772854805
0.0011277711018919945
0.019034817814826965
0.04913175106048584
-0.0049628596752882
-0.03475961461663246
0.07104197144508362
0.18802066147327423
1.9841727018356323
-0.0701901763677597
0.006493180524557829
0.10821325331926346
-0.031225908547639847
-0.686612069606781
-0.3804510235786438
-1.8092658519744873
0.06362339854240417
0.6173274517059326
-0.18344908952713013
0.4939493238925934
0.7951997518539429
-0.4380996525287628
-0.19919635355472565
-0.050536755472421646
-0.12659648060798645
-0.4353073835372925
0.22893914580345154
-0.1124168336391449
0.15440616011619568
0.034232061356306076
0.052234239876270294
-0.00832488015294075
-0.045713018625974655
0.9301298260688782
0.09026825428009033
0.416195273399353
-0.07502346485853195
0.4649105966091156
0.45414280891418457
0.1878851056098938
-0.07798522710800171
0.27995720505714417
0.5822069644927979
0.3200339674949646
-0.3354666829109192
0.646346926689148
0.6871002316474915
0.5742549300193787
-0.28001081943511963
0.7548032999038696
0.5850951075553894
0.3626205623149872
-0.2994228005409241
0.7062238454818726
0.5595812201499939
0.2967953085899353
-0.20296208560466766
0.7094767689704895
0.3432391881942749
0.16677594184875488
-0.007085131481289864
0.37745532393455505
-0.02390466071665287
0.22665822505950928
0.1420901119709015
0.6434783935546875
-1.087944507598877
-0.1964164674282074
-0.06206405162811279
-0.2351858913898468
0.06344930082559586
0.2728499174118042
0.4480487108230591
0.3301050066947937
0.07507690042257309
0.1255687028169632
0.2608456611633301
-0.31169015169143677
-1.9805322885513306
1.9631367921829224
1.981323003768921
1.71945321559906
1.891515851020813
-1.2748252153396606
1.4615812301635742
-1.5250147581100464
1.1621122360229492
0.009448843076825142
0.031322479248046875
-0.8465198278427124
-0.271466463804245
-1.9579241275787354
-1.3006335496902466
0.08172710239887238
-1.592724084854126
-1.0415256023406982
-1.634747862815857
-1.268112063407898
-1.3183033466339111
-0.2433551847934723
-1.2453113794326782
0.1644195318222046
-1.005733609199524
-0.8055999279022217
-1.9835654497146606
-1.000457763671875
-1.0676476955413818
-0.2686207890510559
-1.9830641746520996
-0.8401683568954468
-0.9382171630859375
-0.10499589890241623
-0.8565751314163208
0.13360334932804108
-0.9754518866539001
-1.007306456565857
-1.767194390296936
-1.2141826152801514
-1.4933750629425049
-0.13101249933242798
-0.9615833163261414
0.03192818537354469
-1.6952868700027466
-1.3933135271072388
-0.050273023545742035
-0.23209019005298615
-0.5241774320602417
0.6019777655601501
-0.050131794065237045
-0.055156685411930084
0.0030069344211369753
0.09575443714857101
0.13046187162399292
0.03499619662761688
-0.4357909560203552
-0.003958303015679121
-0.03507515415549278
-0.19623549282550812
0.1469797044992447
0.13570880889892578
0.22673283517360687
0.4238479733467102
-0.5146644115447998
-0.3932606279850006
0.5527442097663879
0.3929077386856079
-1.1425546407699585
0.5113286972045898
0.00674007274210453
0.024549059569835663
0.031747233122587204
0.06900285184383392
-0.12666842341423035
0.30681926012039185
-0.2466810941696167
0.08970018476247787
-0.15923872590065002
-0.12899398803710938
-0.04206366091966629
0.21634066104888916
-0.021661465987563133
-0.12283401936292648
-0.0653015598654747
0.08184368908405304
-0.21841998398303986
0.09983769059181213
0.02693488448858261
-0.002293436788022518
-0.24386268854141235
-0.4638307988643646
-0.4365719258785248
-0.17030668258666992
-0.12942388653755188
0.28646120429039
0.004058494232594967
-0.10645689070224762
-0.24665164947509766
0.25317347049713135
-0.29572731256484985
-0.13816754519939423
-0.16167695820331573
-0.21193966269493103
-0.045255403965711594
-0.020720690488815308
-0.07814062386751175
0.2840525209903717
0.09208684414625168
-0.014090425334870815
0.12874028086662292
0.04047548770904541
-0.03756194934248924
-0.07935890555381775
-0.13871590793132782
-0.01636761985719204
-0.3626112937927246
0.12885430455207825
-0.9333611130714417
0.3023246228694916
1.4016828536987305
1.0558557510375977
-1.2979159355163574
-0.6126640439033508
0.9646795392036438
0.36790451407432556
0.094302698969841
0.8621172308921814
-0.023825254291296005
-0.02361677587032318
-0.08101455867290497
-0.14781789481639862
0.7334481477737427
0.9957667589187622
1.174599051475525
1.4465471506118774
1.3548762798309326
0.9405630826950073
1.41701340675354
1.1676126718521118
1.4937564134597778
1.9608612060546875
1.5986764430999756
1.1976852416992188
1.2608813047409058
1.2068320512771606
1.0627281665802002
1.271296739578247
1.6979782581329346
1.6174432039260864
1.9818178415298462
1.0309420824050903
0.9682685136795044
0.8294216394424438
0.7738301157951355
0.9460867047309875
1.9190287590026855
-0.23530177772045135
-1.7946206331253052
-0.904563844203949
-1.727917194366455
-0.5569170713424683
-1.9843424558639526
-1.7089667320251465
-1.9003697633743286
-0.10412551462650299
0.09838582575321198
0.5086707472801208
-0.01469157449901104
0.04519554600119591
-0.08035197854042053
-0.05680715665221214
0.043037109076976776
-0.06685581803321838
-0.0508560985326767
-0.08592706173658371
0.03878604993224144
-0.0792444720864296
-0.01668965443968773
-0.0832294225692749
0.06450576335191727
-0.04402931034564972
0.023144785314798355
0.040481917560100555
0.023555967956781387
0.08551282435655594
0.035785652697086334
0.012368107214570045
0.08131487667560577
-0.008818419650197029
-0.05493871495127678
-0.03381840139627457
0.0057848356664180756
0.010229517705738544
-0.0001284902245970443
0.03604680672287941
0.031304001808166504
-0.08889931440353394
-0.07484002411365509
-0.02172846347093582
-0.04485165327787399
0.0416673868894577
-0.07978721708059311
0.023543084040284157
0.07147547602653503
0.060760773718357086
-0.048561904579401016
-0.021954955533146858
0.07844981551170349
-0.07568661868572235
0.02454441972076893
-0.059263747185468674
0.0016958130290731788
0.07396222651004791
0.06872193515300751
-0.06885865330696106
0.05064115673303604
-0.04249981790781021
-0.041353873908519745
0.04745931178331375
-0.06506171077489853
-0.051609333604574203
-0.03527975454926491
-0.044569749385118484
0.08277880400419235
0.06081236153841019
-0.08783979713916779
-0.04544460400938988
-0.05185724422335625
-0.017736097797751427
0.018190065398812294
0.056158632040023804
0.07114719599485397
-0.07226685434579849
-0.0024068367201834917
0.03650076314806938
0.0229645948857069
0.027323799207806587
0.06624666601419449
-0.04102405905723572
0.03869654983282089
-0.012852147221565247
-0.0758797898888588
-0.05962767079472542
0.04962614178657532
0.07594600319862366
-0.013187852688133717
-0.08338907361030579
-0.05568826198577881
-0.08254434168338776
0.08008557558059692
0.002385374391451478
0.06203443929553032
0.02038785070180893
0.02963527850806713
0.021893594413995743
0.0820392370223999
-0.030110085383057594
0.009774556383490562
0.0049475617706775665
-0.06808850914239883
0.07445413619279861
-0.011507382616400719
-0.08301948010921478
-0.0617748387157917
-0.024190736934542656
-0.017401158809661865
0.0010189390741288662
-0.08533753454685211
0.08304553478956223
-0.03665059432387352
0.009679724462330341
-0.010883738286793232
0.07560960948467255
0.05614970251917839
-0.002885587979108095
0.041217561811208725
-0.08249841630458832
0.033735666424036026
0.0350671112537384
0.06216580420732498
0.04926994442939758
0.04457271099090576
-0.05081898719072342
-0.0005516840028576553
0.02614635042846203
0.07897024601697922
1.0944948196411133
-0.13994890451431274
-0.05434494838118553
-0.015319385565817356
0.00035817272146232426
0.12808725237846375
-0.018789857625961304
-0.02776052989065647
0.03041604347527027
0.02302625961601734
0.013807849958539009
-0.047632116824388504
0.061674389988183975
-0.02769872359931469
0.05137520655989647
0.01683865673840046
0.002670737449079752
-0.012154772877693176
0.07265595346689224
0.010847095400094986
-0.01636144332587719
0.01432493980973959
0.028260504826903343
0.008053465746343136
0.004261490888893604
-0.002627807902172208
-0.0028970658313483
-0.048466719686985016
0.005286528263241053
-0.01904938742518425
-0.051202546805143356
0.010511423461139202
-0.014408647082746029
-0.07838774472475052
-0.04122282192111015
-0.032330818474292755
-0.000693007605150342
-0.05762350931763649
-0.004733224865049124
-0.06628507375717163
-0.027558395639061928
-0.08731848001480103
-0.008352278731763363
-0.044835031032562256
-0.005418010987341404
-0.06705335527658463
-0.011681553907692432
-0.014591863378882408
-0.03380614146590233
-0.03490682318806648
-0.022375835105776787
0.0563424788415432
-0.024768531322479248
-0.06985140591859818
-0.03322449326515198
-0.05433715507388115
-0.03490109741687775
0.01551254466176033
-1.8220378160476685
0.08808805793523788
-0.007720618974417448
-0.03822903707623482
0.016917940229177475
-0.1017099991440773
0.013767850585281849
-0.014197094365954399
-0.03637469932436943
-0.16524161398410797
-0.030017640441656113
-0.5197542309761047
0.046006668359041214
0.05894381180405617
0.03488914668560028
0.08692770451307297
0.022151930257678032
0.06566298007965088
0.04175334796309471
0.0966697409749031
0.025449885055422783
0.017307940870523453
-0.010505756363272667
0.0676378458738327
-0.0319027379155159
0.44353243708610535
0.590534508228302
0.6923530697822571
0.5310010313987732
0.27840399742126465
0.2990672290325165
0.5809611678123474
0.25816383957862854
0.27358224987983704
-1.5187476873397827
0.8569555282592773
1.984002709388733
1.6748459339141846
1.8852885961532593
1.0037981271743774
-1.5691691637039185
-1.8528398275375366
1.9069876670837402
1.9139015674591064
1.6809935569763184
0.5234067440032959
-1.9727476835250854
-1.9828665256500244
-1.9791799783706665
0.775896430015564
0.29465797543525696
0.7516772150993347
0.30437445640563965
0.04091674089431763
0.2528287470340729
0.7215713858604431
0.22989198565483093
0.06318837404251099
-0.016789106652140617
0.010501718148589134
-0.10679736733436584
-1.8639947175979614
-0.06832760572433472
-0.07250436395406723
0.0030939923599362373
-0.039981670677661896
0.12261388450860977
0.07811644673347473
-0.3652418553829193
-0.043212730437517166
-0.018728435039520264
-0.05190834775567055
-0.05107104405760765
0.1359671950340271
0.15554675459861755
0.11076952517032623
0.20025475323200226
0.08174151182174683
0.13390007615089417
0.12978443503379822
0.14165642857551575
0.09415926039218903
0.025852063670754433
0.029877841472625732
-0.06646734476089478
-0.0017718281596899033
-0.24803301692008972
-1.1050679683685303
-0.09504574537277222
1.0060402154922485
1.4853416681289673
1.279196858406067
-0.201181560754776
-1.189923644065857
-1.0096994638442993
-1.7789825201034546
-0.10555419325828552
1.983569622039795
1.983654260635376
1.9840995073318481
0.05930925905704498
-1.9412782192230225
-1.7084529399871826
-0.1702038198709488
-0.13704025745391846
0.37656426429748535
0.301153302192688
1.060754656791687
0.5608828663825989
0.5457863211631775
-0.19773375988006592
-1.983519196510315
0.218402698636055
-0.2709085941314697
0.11401247978210449
-0.12307961285114288
0.07416345179080963
-1.9839673042297363
-1.978524088859558
1.5127900838851929
0.16306956112384796
-0.009252957999706268
-0.06524888426065445
-0.010946154594421387
-0.23677878081798553
-0.046245548874139786
-0.03401746600866318
-0.08382479846477509
0.08806844800710678
0.11810792237520218
0.13801255822181702
0.23706300556659698
0.17158293724060059
0.2888016998767853
0.18350739777088165
0.1834454983472824
0.2207220196723938
0.254811555147171
0.20338384807109833
0.15253694355487823
0.007416137028485537
0.006078573875129223
-0.004916212055832148
-0.014167559333145618
0.29430273175239563
0.1799049824476242
0.16144661605358124
0.1595994234085083
0.18762393295764923
0.19376221299171448
0.237247496843338
0.15493658185005188
0.16043397784233093
0.18555989861488342
0.24701225757598877
0.17718999087810516
0.17026978731155396
0.1887408047914505
0.2047305554151535
0.17648231983184814
0.2010299116373062
0.1851314902305603
0.2622532844543457
0.1796884387731552
0.13671521842479706
0.2046671062707901
0.16028323769569397
0.22142674028873444
0.21299323439598083
0.16155825555324554
0.19270892441272736
0.2417687028646469
0.17118145525455475
0.21220748126506805
0.21449096500873566
0.21906588971614838
0.15950466692447662
0.028284037485718727
-0.00485357828438282
0.1074616089463234
1.984375
0.0029963336419314146
0.098817840218544
-1.9028456211090088
0.7891960740089417
0.05152059718966484
0.11096948385238647
0.23364752531051636
0.07641953974962234
0.38770127296447754
-0.001105296891182661
0.23760968446731567
0.4157044589519501
0.0819091796875
0.08271849155426025
-0.042193371802568436
-0.05014863982796669
0.1462363749742508
0.12004873901605606
0.0015626889653503895
0.08434250205755234
-0.00892975740134716
-0.03672834113240242
0.005420100875198841
0.15142972767353058
-0.00663585914298892
0.03384343162178993
0.022766124457120895
0.05698082596063614
-0.11857791244983673
0.12776266038417816
0.04344310238957405
0.12399248778820038
0.10478925704956055
0.08450786769390106
0.026906760409474373
0.04655720666050911
-0.03723365068435669
0.07346480339765549
-0.1624409258365631
-0.010213237255811691
0.08326134085655212
0.12274368107318878
-0.07219798862934113
-0.01674916408956051
-0.03943705931305885
-0.06779102236032486
-0.05435490980744362
0.043373942375183105
-0.027116922661662102
0.06134600564837456
0.02923850528895855
0.02694486267864704
0.012003307230770588
-0.0697944387793541
-0.0166318416595459
0.03709804639220238
-0.11628682166337967
-1.0176037549972534
-0.017396599054336548
-0.010531382635235786
0.9210723042488098
-1.9835435152053833
0.04785814881324768
0.07497375458478928
-0.8676308989524841
-0.08761712163686752
0.24582092463970184
0.24102358520030975
-1.1516309976577759
0.15338627994060516
0.12180977314710617
0.14858828485012054
0.12512437999248505
0.11043128371238708
0.07102823257446289
0.09257762879133224
0.06985850632190704
0.12582218647003174
0.012595347128808498
0.002716710092499852
-0.005972952116280794
-0.01349102146923542
0.007773781195282936
-0.18667589128017426
-0.1593509018421173
-0.13837367296218872
-0.20223236083984375
0.005799621343612671
-0.02004995197057724
-0.17473627626895905
-0.16613608598709106
0.0210496224462986
-0.005968742072582245
0.009435461834073067
-0.13212694227695465
-0.140989288687706
-0.21210715174674988
-0.0039178854785859585
-0.0034966343082487583
0.02681705541908741
-0.1896037459373474
0.032516296952962875
-0.10192961990833282
-0.049327652901411057
-0.029772792011499405
0.02155262604355812
-0.10716653615236282
0.08568575233221054
0.01476313453167677
0.026836855337023735
-0.01847882941365242
0.0025543945375829935
-0.049086686223745346
0.013512007892131805
-0.11483580619096756
0.05651019886136055
0.6695221066474915
0.012294338084757328
0.09454022347927094
0.02851160056889057
-0.0976436585187912
-1.0714079141616821
1.9841569662094116
-0.0061266859993338585
1.6661456823349
-0.13169395923614502
-0.027390535920858383
-0.014838406816124916
-0.015803728252649307
0.12538444995880127
-0.10767237097024918
-0.1442985087633133
-0.15729720890522003
-0.1614770144224167
-0.17267318069934845
-0.12933899462223053
-0.13664044439792633
-0.13325998187065125
-0.15463821589946747
0.01681113988161087
0.07507570087909698
-0.033342037349939346
-0.001570817083120346
0.07904864102602005
0.097561314702034
0.12064627557992935
0.08853224664926529
0.07653293013572693
0.16756103932857513
0.11140968650579453
0.11931966245174408
0.10044744610786438
0.07931190729141235
0.1233818456530571
0.11639195680618286
0.03827463462948799
0.11635802686214447
0.05692995712161064
0.1582234799861908
0.13150161504745483
0.11164847761392593
0.043183062225580215
0.180982768535614
0.06918558478355408
0.1047404408454895
0.0950564593076706
0.13745395839214325
0.07144182175397873
0.1599448174238205
0.08075330406427383
0.13298435509204865
0.07943792641162872
0.11304397881031036
0.10310418903827667
0.08046933263540268
0.11373111605644226
1.983071208000183
0.08364149928092957
0.3886275887489319
-1.9492192268371582
-0.36688700318336487
-0.08714917302131653
-0.3459506034851074
-0.1771022379398346
-0.041256409138441086
-0.12519609928131104
-0.04361089691519737
0.5452477931976318
-0.19378593564033508
-0.143868088722229
-0.13101784884929657
-0.14707021415233612
-0.12646622955799103
-0.15071435272693634
-0.17306488752365112
-0.16304723918437958
-0.158128559589386
-0.1489645093679428
-0.25827914476394653
-0.015518932603299618
-0.02271401882171631
-0.0540287159383297
0.003886208403855562
-0.044545914977788925
0.0037076135631650686
-0.014986318536102772
-0.05637310445308685
-0.04312162846326828
0.01857008785009384
0.011343995109200478
-0.05569840595126152
-0.07047267258167267
-0.028977032750844955
0.013074238784611225
0.03461047634482384
0.013304800726473331
0.003608591854572296
0.01933188922703266
-0.040166888386011124
0.015703760087490082
-0.037593066692352295
-0.039535898715257645
0.001109750010073185
-0.0029405264649540186
0.0036572280805557966
0.012915080413222313
-0.04109178110957146
0.007092501036822796
0.016662131994962692
-0.0403418093919754
-0.07210546731948853
-0.0687829777598381
-0.03966357186436653
-0.0015532952966168523
-0.007914689369499683
0.07617302238941193
1.9842286109924316
-1.9839116334915161
0.11875365674495697
0.15412671864032745
0.34604933857917786
0.03390134498476982
-0.7239499092102051
-0.3867843449115753
0.6481294631958008
-0.05850888043642044
0.10403641313314438
-0.19046178460121155
-0.8040338158607483
-0.20534835755825043
0.7611818909645081
0.4189341068267822
0.6359621286392212
1.1063004732131958
-0.31649458408355713
-1.2101643085479736
-0.11925435811281204
-0.15327195823192596
0.0009228288545273244
-0.04780812934041023
0.27526405453681946
0.1607895940542221
-0.38941413164138794
-1.3547974824905396
-0.16909918189048767
-0.6510617733001709
-0.17678922414779663
-1.276882290840149
0.2948994040489197
-0.4416440427303314
-0.02685195952653885
-0.6087783575057983
0.47500720620155334
-0.9309751391410828
-0.25904661417007446
-0.943123459815979
0.2940407693386078
-0.7714162468910217
0.055441685020923615
-0.7815321087837219
-0.10206040740013123
-0.7550168037414551
0.012997379526495934
-0.5531502962112427
0.06472254544496536
-1.1060048341751099
-0.0942039042711258
-0.3253864347934723
0.1908140331506729
-1.2890048027038574
-0.548167884349823
-1.1220695972442627
-0.03135938197374344
-0.6047581434249878
0.3106214106082916
-1.9840887784957886
-0.18010221421718597
-0.0006724792765453458
-0.9295517206192017
0.32044780254364014
0.060421187430620193
-0.8199111223220825
-0.6005089282989502
0.03963211923837662
0.3083111345767975
-0.04742496833205223
-0.37235596776008606
0.6361860632896423
1.3957195281982422
-1.983733892440796
-0.16925890743732452
1.9816325902938843
0.11359832435846329
-0.10782493650913239
1.1241339445114136
1.404200792312622
-0.053173962980508804
-0.05090397968888283
-0.07161381840705872
0.03927633538842201
0.5185319185256958
0.6296722292900085
0.39357393980026245
1.78364896774292
1.6892852783203125
1.0476146936416626
0.19969326257705688
0.4697619080543518
0.6591883897781372
0.8622917532920837
0.7269988656044006
1.572494387626648
1.984264612197876
1.4623079299926758
1.018507480621338
1.3657857179641724
0.861463189125061
0.20841103792190552
0.5437268614768982
1.296181082725525
1.2810055017471313
1.1194353103637695
0.7401592135429382
0.6804772615432739
0.14899572730064392
0.4527025818824768
0.7375768423080444
1.0831265449523926
1.720962405204773
1.320035457611084
0.5801328420639038
0.31550735235214233
0.6598314046859741
0.21350552141666412
1.1827237606048584
1.7987034320831299
-1.9843077659606934
-0.40823838114738464
0.08223798871040344
-0.8257876038551331
0.38549843430519104
-0.2770386040210724
-1.5963106155395508
-0.2648702561855316
-0.08298620581626892
0.24151970446109772
-0.0723658949136734
0.2463105171918869
0.6365324258804321
-0.11993531882762909
-0.0060881441459059715
-0.3763660788536072
0.16413535177707672
0.031861562281847
-0.047798626124858856
-0.10835856199264526
0.18753214180469513
-0.16061991453170776
-0.14363151788711548
0.3015833795070648
0.006312658544629812
1.9828319549560547
-0.4289282560348511
-0.6790523529052734
-0.6106481552124023
-0.77066570520401
-0.30167341232299805
-0.7948448061943054
-0.4426574110984802
-0.7659280300140381
-0.28270480036735535
-0.6047640442848206
-0.15615762770175934
-0.7667193412780762
-0.42184334993362427
-0.5886471271514893
-0.13545295596122742
-0.4498243033885956
-0.4052451252937317
-0.565678060054779
-0.11546909809112549
-0.383618026971817
-0.24541467428207397
-0.7210587859153748
-0.16309642791748047
-0.7568390965461731
-0.2895650863647461
-0.8063625693321228
-0.5750373601913452
-0.8060620427131653
-0.2225954383611679
-0.8461354970932007
-0.680105984210968
-0.8025603890419006
-1.9423149824142456
-0.13754786550998688
-0.10951674729585648
0.3674018085002899
1.679181694984436
-1.94910728931427
1.5976632833480835
-0.10566588491201401
0.024924688041210175
-0.1071639358997345
0.47853606939315796
0.31723877787590027
-0.08265291899442673
-0.06303554028272629
-0.03322993963956833
-0.09371989220380783
-0.0802072212100029
-0.03064708784222603
0.007471686229109764
0.07999327778816223
0.07819083333015442
0.1950923204421997
0.2053537368774414
-0.079248808324337
-0.11286063492298126
-1.627461314201355
-0.7590400576591492
-0.4156113266944885
-1.2347642183303833
-0.3037843108177185
-1.2025837898254395
-0.403891921043396
-1.4809348583221436
-0.5187696218490601
-1.3710764646530151
-0.48602452874183655
-1.0317012071609497
-0.6369672417640686
-1.3073315620422363
-0.49130308628082275
-1.2534536123275757
-0.6716974377632141
-1.1479966640472412
-0.4506947696208954
-1.0212016105651855
-0.5838990211486816
-1.1724722385406494
-0.3854638338088989
-0.951227068901062
-0.5947856903076172
-1.154129981994629
-0.2649855613708496
-1.2733415365219116
-0.7729195356369019
-0.9922208786010742
-0.5004293322563171
-1.0017019510269165
-0.30636098980903625
0.7075868248939514
-0.17003445327281952
-1.1577101945877075
-0.019854513928294182
0.050395574420690536
-0.06675898283720016
0.009694596752524376
0.0702194795012474
-0.08348754048347473
0.08447103947401047
0.08448579907417297
0.06280641257762909
0.03899669647216797
-0.005564474500715733
0.03318086639046669
-0.07184668630361557
-0.027054371312260628
0.033884286880493164
-0.05573718622326851
0.05267409607768059
0.06500526517629623
0.042536720633506775
0.013814217410981655
0.07759591937065125
-0.09042622148990631
-0.0282551608979702
-0.023164039477705956
-0.043810684233903885
-0.013739164918661118
-0.016784682869911194
0.023021157830953598
0.037849001586437225
-0.03791765123605728
-0.009315792471170425
0.06256511062383652
-0.046454351395368576
-0.05708037689328194
0.042247798293828964
-0.06819429248571396
-0.0006803271826356649
0.055618759244680405
0.08356182277202606
-0.08316950500011444
-0.026498140767216682
0.010009375400841236
0.07415704429149628
-0.007467699237167835
-0.08880466222763062
0.07872379571199417
0.011899671517312527
-0.00771730300039053
-0.08132737874984741
-0.07176719605922699
-0.003284248523414135
-0.057448964565992355
-0.08334334939718246
0.038507845252752304
-0.09097176790237427
-0.05541081354022026
0.05055946111679077
-0.06320664286613464
-0.07904620468616486
0.07228900492191315
-0.023551389575004578
0.07711149752140045
0.01419894490391016
0.0002808469580486417
-0.04195639491081238
-0.07751494646072388
0.08385416120290756
0.037733156234025955
0.04575897753238678
0.015943245962262154
0.039668772369623184
0.07394754141569138
-0.012176410295069218
0.0624353289604187
0.015379759483039379
0.012619012035429478
0.022978156805038452
0.0424160435795784
0.06948573887348175
-0.00048057615640573204
-0.061627574265003204
0.014713495969772339
-0.09036237001419067
0.08998347073793411
0.012698840349912643
0.08041917532682419
0.07594192028045654
0.09048182517290115
0.06454689800739288
0.07061956077814102
-0.06298809498548508
-0.03270921856164932
0.025688176974654198
-0.07323909550905228
0.05504791811108589
-0.035687509924173355
0.06363425403833389
0.013198714703321457
0.047622259706258774
0.05361849442124367
0.0308060385286808
0.028782377019524574
0.08730166405439377
-0.0848420262336731
0.06405976414680481
-0.03507297858595848
-0.07385074347257614
-0.053627192974090576
-0.08100025355815887
-0.06273362785577774
0.05930791795253754
0.08635073900222778
0.07209232449531555
-0.011314647272229195
-0.03141731396317482
0.06004135683178902
0.019739072769880295
-0.027638467028737068
0.06294102966785431
-1.984243392944336
-0.20559117197990417
-0.10232003033161163
1.1376534700393677
0.7799389958381653
0.3587266206741333
-1.9244472980499268
-1.2080104351043701
-0.06949257850646973
0.07679717987775803
0.1453273892402649
-1.076076865196228
0.18915949761867523
0.18004626035690308
0.20615462958812714
0.16302114725112915
0.171542227268219
0.13253888487815857
0.13383983075618744
0.09947054088115692
0.10797438770532608
0.005815853830426931
0.027114277705550194
-0.07953532785177231
-0.026457060128450394
0.4611966013908386
1.9834696054458618
1.8667502403259277
1.982181191444397
1.8236984014511108
1.714941143989563
1.497417688369751
1.8001079559326172
1.804829716682434
1.983619213104248
1.7595703601837158
1.983975887298584
1.9640413522720337
1.9296680688858032
1.5955820083618164
1.8115172386169434
1.7975105047225952
1.892410397529602
1.6639797687530518
1.8559858798980713
1.7312260866165161
1.9048590660095215
1.778138279914856
1.9577162265777588
1.7267712354660034
1.8250478506088257
1.5155004262924194
1.8709712028503418
1.8609378337860107
1.8866223096847534
1.6523768901824951
1.9841563701629639
1.9836469888687134
-0.4408557116985321
0.0940936729311943
0.07231283187866211
0.551979660987854
0.5437485575675964
0.07471182942390442
-1.042385458946228
0.09991706162691116
0.030147774145007133
-0.21458373963832855
-0.21176190674304962
-0.2925356924533844
0.20869006216526031
0.22990776598453522
0.22425581514835358
0.2083856761455536
0.22190827131271362
0.2042420655488968
0.20229054987430573
0.1846373826265335
0.21770134568214417
-0.041175831109285355
-0.07309519499540329
0.00851108506321907
0.006190293934196234
-0.08126985281705856
0.11077681928873062
0.15744438767433167
0.02657560631632805
0.09573511779308319
0.08241751044988632
0.1288883537054062
0.05420009791851044
0.010879887267947197
0.059808358550071716
0.1487092524766922
0.09896960109472275
0.11011441051959991
0.024565955623984337
0.13502413034439087
0.13819848001003265
0.18966688215732574
0.05353980511426926
0.09388118237257004
0.13907264173030853
0.13375791907310486
0.05423148721456528
0.058519404381513596
0.11720640957355499
0.025996852666139603
0.09941119700670242
0.1477164477109909
0.11132342368364334
0.06290433555841446
0.14431558549404144
0.09790513664484024
0.03813250735402107
0.09024392068386078
-0.03164948895573616
-0.06968676298856735
0.31526297330856323
1.9818934202194214
-0.15317729115486145
-0.014333915896713734
-0.12652136385440826
0.2708674967288971
0.16435107588768005
0.08332324028015137
0.37117183208465576
-0.03554472327232361
0.32813870906829834
0.0202891044318676
-0.06652877479791641
-0.005627243313938379
-0.2296987622976303
0.21685287356376648
0.29691049456596375
0.4478070139884949
-0.2556983232498169
0.24274040758609772
0.6833300590515137
0.05662824213504791
0.002640772145241499
0.008950820192694664
0.10975008457899094
0.11639739573001862
-0.6332609057426453
-1.1060905456542969
-1.1961976289749146
-1.2065812349319458
-1.0108810663223267
-0.8288938403129578
-1.0557247400283813
-0.9515091180801392
-1.004063606262207
-1.1413861513137817
-0.9405378103256226
-0.9216606616973877
-1.245007038116455
-1.1611241102218628
-1.1510846614837646
-0.9904447197914124
-0.7856844663619995
1.301861047744751
1.7030589580535889
0.9050829410552979
1.9841597080230713
1.5109182596206665
1.7502890825271606
1.0312013626098633
1.983858346939087
-1.05708909034729
-1.032259464263916
-1.1320884227752686
-1.0939987897872925
-1.1118041276931763
-1.181253433227539
-1.2165430784225464
-1.235180377960205
1.9813448190689087
0.15390382707118988
0.038239505141973495
-0.030707841739058495
-0.19193078577518463
-0.19246117770671844
-0.08871573209762573
0.2831536531448364
0.07063952833414078
0.07754003256559372
0.04487805813550949
0.2745777368545532
-0.029765227809548378
-0.13779902458190918
0.11203062534332275
0.23215721547603607
0.15176603198051453
-0.05603169649839401
0.047363027930259705
0.11688479036092758
0.059816546738147736
0.004625262226909399
-0.011842706240713596
0.10792425274848938
0.04929438605904579
0.37689194083213806
0.4076388478279114
0.3569874167442322
0.36191946268081665
0.27068832516670227
0.30331793427467346
0.3106825649738312
0.45035290718078613
0.4086126983165741
0.2818576693534851
0.2264893800020218
0.31254488229751587
0.27525508403778076
0.28288283944129944
0.27287980914115906
0.3264952600002289
0.27157148718833923
0.4019352197647095
0.4943769574165344
0.16370926797389984
0.3035486936569214
0.3681160509586334
0.4621761441230774
0.17426760494709015
0.3880462348461151
0.27080586552619934
0.2147076576948166
0.27617162466049194
0.4142364263534546
0.392446368932724
0.3563593626022339
0.2811296284198761
0.3259527087211609
0.029390858486294746
0.10099180042743683
0.41042447090148926
0.8379005789756775
-0.10889845341444016
-0.07791627943515778
-0.02991524524986744
0.11222460120916367
-0.06285067647695541
-0.1757064163684845
-0.2308565229177475
0.0017529659671708941
0.08384737372398376
0.4201052486896515
-0.17676390707492828
0.17130890488624573
0.36992529034614563
0.3060767948627472
0.3080587685108185
0.2987094819545746
0.33613479137420654
0.34093648195266724
0.3157987892627716
0.3364578187465668
0.04985664784908295
0.04357501119375229
-0.07945796102285385
-0.09348414093255997
0.15111355483531952
0.06253107637166977
0.0312630832195282
0.050526831299066544
0.15537689626216888
0.07789843529462814
0.11206153780221939
0.06369191408157349
0.12341709434986115
0.023140646517276764
0.14792028069496155
0.22104158997535706
0.21045982837677002
0.14068220555782318
0.09801970422267914
0.14088870584964752
0.1211220771074295
0.11504646390676498
0.12524516880512238
0.0499429889023304
0.12441862374544144
-0.048402950167655945
0.13680195808410645
0.23365865647792816
0.1837020069360733
0.1211320012807846
0.08418822288513184
0.0450112409889698
0.10237184166908264
0.13394667208194733
0.04317465052008629
0.06406138837337494
0.14051897823810577
-1.4134200811386108
-0.0324174165725708
0.21367065608501434
-1.9838359355926514
0.0009633722365833819
-0.07603178173303604
-0.08133885264396667
-0.4114817976951599
-0.06494370847940445
0.1359870284795761
0.5408042073249817
-0.03490842506289482
0.03510124236345291
0.08289084583520889
-0.0417792908847332
0.058906108140945435
-0.056472569704055786
0.09872247278690338
0.09957393258810043
0.12701021134853363
0.11077022552490234
0.653334379196167
0.21685419976711273
0.2687414288520813
-0.1733970046043396
-1.8648254871368408
-1.5675277709960938
-1.982153296470642
-1.584902286529541
-1.982311725616455
-1.4808094501495361
-1.6327736377716064
-1.5499619245529175
-1.8031716346740723
-1.6621983051300049
-1.980201244354248
-1.654266357421875
-1.929262638092041
-1.5840020179748535
-1.9826304912567139
-1.6275463104248047
-1.9840415716171265
-1.5701018571853638
-1.8919605016708374
-1.6072018146514893
-1.9842771291732788
-1.6699550151824951
-1.978403091430664
-1.6359870433807373
-1.91147780418396
-1.4991780519485474
-1.7440587282180786
-1.530474305152893
-1.7849069833755493
-1.49892258644104
-1.9836704730987549
-1.5454306602478027
-1.9399933815002441
-0.1422014832496643
-0.230121448636055
-0.8724390268325806
-1.982998251914978
0.2159292846918106
-0.16564729809761047
0.10892730206251144
0.3205970823764801
-0.4417012631893158
0.4835730195045471
-0.3174128830432892
-0.07967687398195267
0.05220519006252289
-0.018566641956567764
0.6437851190567017
0.010036018677055836
0.03591029345989227
-0.06540898978710175
-0.06523162871599197
-0.0394950807094574
0.11119790375232697
-0.010739228688180447
-0.06913123279809952
0.04714494198560715
0.04071176052093506
0.12540936470031738
0.1252695471048355
0.04278336465358734
-0.28945842385292053
-0.22120963037014008
-0.8176112771034241
-1.0032764673233032
-0.36003831028938293
-0.218017116189003
-0.8250110745429993
-0.8227338790893555
-0.35653209686279297
-0.5579665899276733
-0.44441846013069153
-0.4081803560256958
-0.12912799417972565
-0.37909457087516785
-0.35163238644599915
-0.5976079702377319
-0.505770742893219
-0.39585068821907043
-0.6167486310005188
-0.6321814656257629
-0.4483916759490967
-0.5224862694740295
-0.6838783025741577
-0.5846219658851624
-0.7093269228935242
-0.48701775074005127
-0.734186053276062
-0.4705580472946167
-0.46214935183525085
-0.6318039298057556
-0.9394305944442749
-0.7743333578109741
-0.38510680198669434
-0.38711971044540405
0.4054549038410187
0.20869208872318268
-0.5996666550636292
-0.7707691788673401
-0.34035974740982056
1.0145059823989868
0.4328228831291199
-0.006237370893359184
0.16871875524520874
0.004667066968977451
-1.3716609477996826
0.13300833106040955
-0.09606637805700302
-0.00040748639730736613
0.01980302296578884
0.058028604835271835
-0.03973091021180153
0.08902369439601898
0.09828302264213562
0.0037519671022892
0.16958500444889069
-0.09401541203260422
0.09778023511171341
0.04507492482662201
0.2719615399837494
0.29123809933662415
0.19739221036434174
0.20418007671833038
0.2347557693719864
0.20101745426654816
0.04127930477261543
0.07864315807819366
0.3204708397388458
-0.02328011579811573
-0.4534552991390228
-0.2546584904193878
-0.11142915487289429
-0.07680679857730865
-0.32318708300590515
-0.0381024107336998
-0.13011802732944489
0.1207800880074501
0.2268643081188202
0.052653297781944275
0.3804301619529724
0.36768341064453125
0.3719548285007477
0.10641151666641235
0.4480428099632263
0.28322258591651917
-0.08961991965770721
0.19491910934448242
0.299856573343277
0.3803461492061615
-0.017744749784469604
0.3071913719177246
0.18232792615890503
0.09903211146593094
-0.6073912382125854
1.9841501712799072
-1.9841315746307373
-0.2017184942960739
-0.17839157581329346
-0.5964008569717407
-0.3207252025604248
0.7760236859321594
1.1179202795028687
-1.9789626598358154
0.030906520783901215
-0.4230938255786896
0.41702646017074585
-1.9832812547683716
-0.2520766258239746
1.2936887741088867
-0.19002602994441986
1.11326265335083
-0.17718064785003662
0.05703708529472351
-0.01029966026544571
0.07250195741653442
0.11583233624696732
0.2204233705997467
0.11583954840898514
0.09632662683725357
-0.3270360231399536
-1.4489012956619263
-0.338878870010376
0.3077739477157593
-0.19377000629901886
0.047981616109609604
-0.5932496190071106
0.012408029288053513
0.15240995585918427
0.6319581270217896
-0.11874344944953918
0.07145332545042038
-0.5402163863182068
0.4159291684627533
-0.43409550189971924
0.07034657895565033
-0.44114792346954346
0.47341251373291016
-0.7107465267181396
0.07064557820558548
-0.5069432258605957
0.4270446300506592
-0.09636373072862625
0.2763306498527527
-0.6637468338012695
0.7231836318969727
-0.388013631105423
0.09088261425495148
-0.3567958474159241
0.5947319865226746
-0.339877724647522
0.15013030171394348
-0.1658654510974884
0.33664724230766296
-1.9814424514770508
0.09659838676452637
-0.2760482132434845
0.2815999984741211
0.08081546425819397
-0.7628013491630554
-1.110719919204712
1.982430338859558
-0.027007555589079857
0.5617052316665649
-0.4113786816596985
-1.9383217096328735
1.0182925462722778
-0.23255804181098938
0.6541179418563843
0.2667240500450134
0.26542261242866516
-0.21871840953826904
-0.15419603884220123
-0.21952128410339355
-0.26405972242355347
0.10861752927303314
0.19763551652431488
-0.03613625466823578
-0.05342096462845802
0.8696014881134033
-0.47013014554977417
-0.466196745634079
-0.8755309581756592
-0.05136968567967415
-0.49059683084487915
-0.011654358357191086
-0.4631737172603607
0.09068214893341064
-0.5079234838485718
0.06796944886445999
-0.43906545639038086
-0.33030423521995544
-1.2391277551651
-0.6488681435585022
-0.560741662979126
0.15895706415176392
-0.9635706543922424
-0.1752120703458786
-0.6077797412872314
-0.32469645142555237
-0.8693801760673523
0.05522894859313965
-0.46911853551864624
-0.3187400996685028
0.1109667420387268
0.07110975682735443
-0.14484593272209167
0.12605364620685577
0.05393678694963455
-0.056863848119974136
-0.19611775875091553
0.12825743854045868
-0.5103427171707153
-0.4277486801147461
1.9842199087142944
-1.9843169450759888
-0.32032111287117004
1.3006762266159058
-1.9598627090454102
0.10868147760629654
0.0758034735918045
-0.08845624327659607
0.28526121377944946
-0.0748269185423851
0.0836850181221962
0.4244789481163025
1.982288122177124
0.057958509773015976
-0.14079242944717407
0.06010834127664566
-0.0008545363671146333
0.11753915995359421
0.07555141299962997
0.13392534852027893
0.15703444182872772
0.12419337034225464
0.32032540440559387
-0.8105818629264832
0.37679630517959595
-0.08493714034557343
-1.5032224655151367
-1.6315054893493652
-1.984330177307129
-1.7665742635726929
-1.892802357673645
-1.846299648284912
-1.9640692472457886
-1.8138554096221924
-1.7771539688110352
-1.819032907485962
-1.9807422161102295
-1.8332269191741943
-1.97440767288208
-1.944004774093628
-1.9823890924453735
-1.849242091178894
-1.9816975593566895
-1.9340702295303345
-1.9264590740203857
-1.9650236368179321
-1.9820163249969482
-1.9488468170166016
-1.978257417678833
-1.8915783166885376
-1.897216796875
-1.7551968097686768
-1.9245206117630005
-1.82777738571167
-1.9332281351089478
-1.6814382076263428
-1.9819666147232056
-1.7038990259170532
-1.8685228824615479
0.7459269165992737
0.20154808461666107
0.21654319763183594
0.2976387143135071
-0.008535007946193218
-0.18960978090763092
-0.4721355140209198
-0.007069680839776993
-0.0799250602722168
0.25726279616355896
0.23342111706733704
-0.29291999340057373
0.17594553530216217
0.1437104195356369
0.17410610616207123
0.1465277224779129
0.21471086144447327
0.27317169308662415
0.2644215524196625
0.2762710154056549
0.28970032930374146
-0.16536056995391846
-0.156061589717865
0.0201350636780262
0.034227609634399414
0.5655282139778137
0.49172085523605347
0.4330761730670929
0.42773762345314026
0.2520853281021118
0.4256068170070648
0.3050866425037384
0.3885083794593811
0.3704099953174591
0.3749101459980011
0.3932165205478668
0.48309630155563354
0.32472848892211914
0.4962092936038971
0.3643980920314789
0.45096006989479065
0.40778061747550964
0.505466878414154
0.3850456774234772
0.4526153802871704
0.31222787499427795
0.40391644835472107
0.42451655864715576
0.5019530057907104
0.2806757092475891
0.39282459020614624
0.3858177661895752
0.44426146149635315
0.4100568890571594
0.47638624906539917
0.44389310479164124
0.4844038188457489
0.2966671884059906
-0.0650600716471672
-0.11414017528295517
0.9560552835464478
-0.0263995174318552
0.0042306482791900635
-0.08281155675649643
-0.03245856612920761
-0.08558939397335052
-0.05794007331132889
0.02391050197184086
0.00468054972589016
0.03083544597029686
0.012214690446853638
-0.07045332342386246
0.023302987217903137
0.005133926402777433
0.06760270893573761
-0.08082934468984604
0.011014479212462902
0.07682804018259048
-0.08641529083251953
-0.020103495568037033
0.06560468673706055
0.007811097428202629
-0.009443987160921097
0.03127380833029747
-0.03847307339310646
0.0033550614025443792
0.08365239948034286
-0.04277710244059563
-0.001480413251556456
-0.04677065834403038
0.056873150169849396
0.05155695974826813
0.0439206101000309
-0.03283342719078064
0.036023739725351334
-0.0417739637196064
-0.0382588654756546
-0.05973411723971367
0.06234479323029518
-0.05970604345202446
0.0815475583076477
-0.08440257608890533
0.09120497852563858
-0.02576284669339657
0.08357574045658112
0.03963629528880119
0.015963220968842506
0.08384581655263901
-0.07348503917455673
0.0633406937122345
0.056658800691366196
-0.0416625440120697
0.055248796939849854
-0.02553119696676731
0.04283847287297249
0.012972387485206127
0.021443989127874374
-0.020503588020801544
0.07634507864713669
-0.05822640657424927
0.031069302931427956
0.012337388470768929
0.06626364588737488
-0.06728822737932205
-0.05305575206875801
0.08543957024812698
0.022741194814443588
-0.045116327702999115
0.024885118007659912
-0.07067861407995224
0.059490304440259933
0.02616887353360653
0.003060379531234503
-0.014703934080898762
0.08739317208528519
-0.06842470169067383
0.0037959800101816654
0.0321311429142952
0.015334080904722214
0.04801018908619881
-0.017105143517255783
-0.040665242820978165
-0.09075155854225159
0.06072629615664482
-0.09026789665222168
-0.017709258943796158
-0.08982144296169281
-0.07366745173931122
0.07488521933555603
0.041269272565841675
-0.0819578692317009
0.08759548515081406
0.01021084189414978
0.07420314848423004
-0.013476862572133541
0.05194500833749771
0.012867851182818413
-0.06539744883775711
-0.09098921716213226
-0.0622035376727581
-0.0842670276761055
0.011064070276916027
-0.07789812982082367
0.018065497279167175
0.01162828877568245
-0.014510685577988625
0.08588036149740219
-0.013968312181532383
-0.02490624226629734
0.03582765907049179
0.00799794215708971
-0.03633807972073555
-0.024106735363602638
-0.03767700865864754
0.08225167542695999
-0.06945394724607468
-0.011462992988526821
0.034962091594934464
-0.05306752026081085
-0.07688946276903152
-1.9421885013580322
-0.09049128741025925
-0.07070831209421158
0.04774744063615799
0.009389491751790047
0.11091715097427368
-0.022500580176711082
-0.11111275106668472
0.03772794455289841
-0.06495759636163712
-0.11175929009914398
-0.26874062418937683
0.06444651633501053
-0.025695068761706352
0.013589823618531227
0.13269048929214478
0.02946072444319725
0.014357725158333778
0.08190781623125076
0.05647197365760803
0.010874600149691105
0.013561948202550411
0.00935357715934515
-0.042459920048713684
0.017770064994692802
0.46359750628471375
1.3693199157714844
0.39383840560913086
-0.18212386965751648
-0.3269155025482178
-0.11183658987283707
0.55976402759552
1.358231544494629
1.3114655017852783
1.9843639135360718
0.4283718764781952
-1.378005862236023
-1.1756095886230469
-1.2848105430603027
0.38591164350509644
1.9838958978652954
1.9842171669006348
0.7337726950645447
0.5841082334518433
0.2515605688095093
0.2098172903060913
-0.32045766711235046
-0.12146207690238953
-0.02770168147981167
0.5238065123558044
-1.8626924753189087
0.9651848077774048
0.8719211220741272
1.2737553119659424
0.7959370017051697
0.4770440459251404
-1.9831819534301758
-1.9825173616409302
1.4463250637054443
0.06993483006954193
-0.035614971071481705
0.016803327947854996
0.01748095639050007
-0.055869754403829575
0.02128792367875576
0.009832920506596565
-0.019140103831887245
-0.0795484334230423
-0.09403765946626663
-0.015064707025885582
0.041535645723342896
0.10240526497364044
-0.004907692316919565
0.05331526696681976
0.03796772658824921
0.047010812908411026
0.039851345121860504
0.039774589240550995
0.08243761956691742
0.004920425824820995
0.01144505012780428
0.00936118233948946
0.00455068051815033
0.0704413652420044
0.07318062335252762
0.07120184600353241
0.0898454487323761
0.04751736670732498
0.07992734760046005
0.06746657937765121
0.06427134573459625
0.10365387052297592
0.08356396853923798
0.058062367141246796
0.11423638463020325
0.0936334878206253
0.04873969033360481
0.07973619550466537
0.09728927910327911
0.10892512649297714
0.05669055134057999
0.061172664165496826
0.07596182078123093
0.07479547709226608
0.06148574873805046
0.06279066950082779
0.06855461746454239
0.026536861434578896
0.09558025747537613
-0.002110173460096121
0.06673946231603622
0.02613026089966297
0.05385154113173485
0.04555722326040268
0.04817132279276848
0.028368201106786728
-0.011624118313193321
-0.0059341611340641975
0.01740860380232334
-1.984200358390808
-0.1652451455593109
-0.26581716537475586
-0.20350095629692078
-0.06589941680431366
0.2054985612630844
0.1311253160238266
-0.46112507581710815
0.040496133267879486
0.0554761178791523
-0.12888260185718536
0.9289531707763672
0.076872318983078
-0.03810841217637062
-0.055884070694446564
0.07183495163917542
0.06801237165927887
0.025027425959706306
0.05884277820587158
0.1172584667801857
0.09372245520353317
0.1520829051733017
0.20079851150512695
-0.014629095792770386
0.06862912327051163
-1.1757930517196655
-1.417798638343811
-1.7197749614715576
-1.457964539527893
-1.2736680507659912
1.7511866092681885
1.984227180480957
1.6472105979919434
-0.9665064811706543
-1.437880516052246
-1.4226516485214233
-1.3568190336227417
-1.1908968687057495
1.9829949140548706
1.9841761589050293
1.9836182594299316
-1.2078841924667358
-1.07146155834198
-0.9063963890075684
-1.034364104270935
-1.0468331575393677
-0.8885799050331116
-0.7766541838645935
-0.9257351160049438
-1.0815016031265259
-0.7648499011993408
-1.1845591068267822
-0.8649528622627258
-0.927418053150177
-0.8452146649360657
-0.9816386103630066
-0.6207063794136047
-0.5751933455467224
-1.0881164073944092
0.2063630223274231
0.037300899624824524
-0.028338607400655746
-0.01021195575594902
-0.35908132791519165
-0.02240244671702385
-0.01075245626270771
0.034589868038892746
0.053098853677511215
0.08178222179412842
0.1644972860813141
0.09944374114274979
0.258644700050354
0.1825391948223114
0.09373865276575089
0.0848371759057045
0.20858584344387054
0.05387040600180626
0.09934460371732712
0.1786012500524521
-0.01061322819441557
-0.01952175237238407
-0.02836553007364273
-0.01648600958287716
0.1779262274503708
0.012410864233970642
0.02956797555088997
-0.02960798889398575
0.060855187475681305
0.03473053127527237
0.09597811102867126
-0.017964519560337067
0.025667056441307068
0.12475968897342682
0.1079491376876831
0.05809785798192024
0.04010636359453201
0.009892926551401615
0.11591657251119614
0.04206940531730652
0.039848312735557556
0.11244469881057739
0.0534420944750309
0.05753669515252113
0.02929922193288803
0.036105040460824966
0.04883204400539398
0.07600156217813492
0.08757730573415756
0.04704202339053154
0.05284691974520683
0.11371025443077087
0.09469199180603027
0.08321226388216019
0.06093813106417656
0.10068085044622421
0.051100362092256546
0.05869729444384575
0.011564208194613457
0.07934016734361649
-0.07402907311916351
-0.0668349415063858
-0.08357243239879608
-0.06257158517837524
-0.02189703658223152
-0.062456365674734116
0.06710146367549896
-0.08328106999397278
-0.018176831305027008
0.00955147109925747
0.048609454184770584
0.05703013017773628
-0.012020898051559925
-0.09648067504167557
-0.019863050431013107
-0.022561682388186455
-0.004394544754177332
-0.0939166247844696
-0.011382815428078175
-0.010016970336437225
-0.04404651001095772
-0.06405697762966156
-0.03463224321603775
-0.014527648687362671
0.04311444237828255
0.06822868436574936
-0.00051712995627895
0.044148966670036316
-0.0015111489919945598
0.021879779174923897
0.039085742086172104
-0.041531652212142944
-0.06401003152132034
-0.00013993890024721622
-0.03878503665328026
-0.021730346605181694
-0.014538543298840523
-0.007279330398887396
0.04243993014097214
0.07610035687685013
-0.03496693819761276
-0.07263053953647614
-0.08414985239505768
-0.04155042767524719
-0.012578796595335007
-0.0417446494102478
0.05520915612578392
-0.03928627818822861
-0.06812804192304611
-0.015897810459136963
-0.01724671572446823
0.05358351022005081
-0.006891258992254734
-0.09639538824558258
0.008931567892432213
-0.0950857475399971
0.024050084874033928
-0.05370225012302399
-0.07864952087402344
-0.07116042077541351
-0.033434685319662094
0.04367336630821228
-0.08388038724660873
0.07594121992588043
0.0413535013794899
-0.03241628780961037
-0.048676997423172
0.042876116931438446
-0.06799684464931488
0.02602359466254711
-0.09287472069263458
-0.06115073338150978
-0.07028470933437347
-0.05331430584192276
0.0527554526925087
0.055196817964315414
0.0735851600766182
0.009129209443926811
-0.05073452740907669
-0.002911137416958809
0.05737742409110069
-0.009298143908381462
0.014875000342726707
-0.005307319108396769
-0.036107830703258514
-0.08829132467508316
-0.049183037132024765
0.08046705275774002
0.0013316457625478506
-0.049497250467538834
0.0866876170039177
0.041191525757312775
-0.028858795762062073
-0.08169671148061752
-0.04385366663336754
-0.07269813120365143
0.042912475764751434
-0.06088120862841606
0.03641738370060921
0.03268028423190117
0.044811807572841644
-0.002614073222503066
-0.03183794394135475
-0.041879620403051376
-0.0953337773680687
0.027337128296494484
-0.09801750630140305
0.02638210915029049
0.01975228451192379
0.017766674980521202
-0.08930471539497375
-0.06087197735905647
-0.00404123030602932
0.08150625973939896
-0.057712655514478683
-0.0014724795473739505
-0.03132020682096481
-0.033084966242313385
-0.03860553726553917
-0.043279118835926056
0.059267956763505936
-0.07615265250205994
0.012657652609050274
-0.02935493364930153
0.012692524120211601
0.08725892752408981
0.07552559673786163
0.08282289654016495
0.06959468871355057
-0.02565791644155979
0.042135000228881836
-0.06624645739793777
0.009862460196018219
0.006507278885692358
0.0038017609622329473
0.05448319762945175
0.049468833953142166
-0.07742229849100113
-0.05725282058119774
0.005340441595762968
-0.08905861526727676
-0.06331700086593628
0.01702887751162052
0.08437199145555496
0.08802231401205063
-0.008625258691608906
-0.08913490921258926
-0.011535510420799255
-0.023476270958781242
0.09061548113822937
0.08382438123226166
-0.07491680234670639
-0.061373237520456314
-0.06575538218021393
0.032898686826229095
0.09039835631847382
0.08518858253955841
-0.017574386671185493
0.028804758563637733
0.0376577228307724
-0.08456509560346603
0.04455209895968437
0.08274314552545547
0.05680234730243683
-0.029281552881002426
0.027027936652302742
0.010901659727096558
-0.037762343883514404
0.041582103818655014
-0.08763096481561661
0.03973512724041939
-0.03657367452979088
-0.006572081241756678
-0.05999058485031128
0.03481684997677803
-0.0022770024370402098
0.03515120968222618
0.022988351061940193
-0.05042048916220665
-0.02568543329834938
0.0011534396326169372
-0.08325418829917908
0.02136978879570961
-0.07983947545289993
-0.09014217555522919
0.07385063171386719
0.018757594749331474
-0.021404845640063286
-0.07945490628480911
0.05410992354154587
0.09050386399030685
-0.08175549656152725
-0.059730641543865204
0.0581204816699028
0.090236134827137
0.02800409309566021
-0.07608983665704727
0.022522561252117157
0.08058291673660278
0.07607787847518921
0.05582042410969734
-0.001964049180969596
-0.0730537697672844
-0.04574503377079964
0.07184872776269913
0.05003949999809265
0.009211846627295017
-0.08373948931694031
-0.0575496107339859
-0.012731372378766537
-0.07627739012241364
0.02358858846127987
-0.06814967840909958
0.08822597563266754
0.011925745755434036
-0.06893033534288406
0.03804565221071243
0.040504612028598785
0.031213659793138504
0.030596135184168816
0.04995984584093094
-0.043638624250888824
0.06475983560085297
-0.0008045118302106857
0.08328428119421005
0.03804537653923035
-0.015078171156346798
-0.0055336905643343925
0.01552306767553091
-0.013668406754732132
-0.07577818632125854
0.02786504663527012
-0.0524132139980793
-0.030009767040610313
-0.08811642229557037
-0.042139001190662384
-0.07561288774013519
-0.09053870290517807
-0.04710671305656433
0.5410873293876648
-0.9028395414352417
0.826610803604126
0.022678297013044357
-0.39885595440864563
-0.1539703905582428
1.9841333627700806
-0.028141850605607033
-0.08775097876787186
0.26222333312034607
-1.9841047525405884
-0.004962110426276922
0.03441207483410835
0.18083085119724274
0.09391138702630997
0.17026148736476898
0.1447717845439911
0.1291140913963318
0.08097240328788757
0.11500748991966248
0.5960472822189331
-1.7176196575164795
-0.13834883272647858
-0.08008322864770889
-0.6086363196372986
-0.02464199624955654
-0.04965030774474144
-0.09056514501571655
-0.2412693053483963
-0.20892879366874695
-0.2825063169002533
-0.12587884068489075
-0.2069825977087021
-0.14146959781646729
-0.22524333000183105
-0.32784008979797363
-0.22135521471500397
-0.411316841840744
-0.39344650506973267
-0.33554738759994507
-0.1509024202823639
-0.22428879141807556
-0.44059211015701294
-0.29731646180152893
-0.331564724445343
-0.2694939076900482
-0.4264553487300873
-0.3165770173072815
-0.3504745364189148
-0.1867726445198059
-0.22325871884822845
-0.1324843168258667
-0.22416619956493378
-0.15964281558990479
-0.17417284846305847
-0.04771314561367035
-0.25109586119651794
-1.9811424016952515
-0.3824579417705536
0.2705686688423157
0.04505270719528198
0.05223098024725914
0.6307300329208374
-0.22546039521694183
0.44978490471839905
-0.03128596022725105
-0.22061337530612946
0.26544442772865295
-0.31315451860427856
-0.3338490128517151
0.18834246695041656
0.09307730942964554
0.28966042399406433
0.17207790911197662
0.05235213413834572
0.08315467834472656
0.1406456083059311
0.10859877616167068
-0.08650922775268555
-0.1577766090631485
-0.13384488224983215
-0.1312161237001419
-0.7170100808143616
-0.20043621957302094
-0.35421115159988403
-0.2125571221113205
-0.38052046298980713
-0.3645862638950348
-0.35962536931037903
-0.14623907208442688
-0.31027257442474365
-0.19901223480701447
-0.3818154036998749
-0.1499604731798172
-0.29369378089904785
-0.10690753906965256
-0.2722696363925934
-0.21524949371814728
-0.22486980259418488
-0.012465976178646088
-0.26923006772994995
-0.13793228566646576
-0.24853092432022095
-0.1808283030986786
-0.3844894766807556
-0.16495533287525177
-0.2985490560531616
-0.31764060258865356
-0.287164568901062
-0.15809614956378937
-0.21757477521896362
-0.1545366495847702
-0.2904890775680542
-0.197742760181427
-0.3545879125595093
0.030362708494067192
-0.057658202946186066
-0.6874966621398926
1.1049786806106567
-0.18226145207881927
-1.9684783220291138
-0.47873637080192566
0.012973341159522533
0.1312042623758316
0.036466676741838455
-0.0010021550115197897
0.0562497153878212
-0.15481434762477875
-0.12619127333164215
0.394691526889801
-0.24208824336528778
-0.17112478613853455
-0.2299332469701767
-0.1612534075975418
-0.2894187569618225
-0.19938772916793823
-0.2601641118526459
-0.45399072766304016
-0.26197534799575806
0.8034308552742004
1.136546015739441
0.017541952431201935
-0.013050646521151066
1.364031434059143
1.1601059436798096
1.5323437452316284
1.2478700876235962
1.532789945602417
1.2256921529769897
1.4114155769348145
1.0943408012390137
1.5056484937667847
1.2257530689239502
1.4193191528320312
1.0506134033203125
1.3128454685211182
1.086687445640564
1.3716678619384766
1.2275750637054443
1.3788775205612183
0.5660461783409119
-1.447975754737854
0.8270120024681091
-1.3968970775604248
0.8461291790008545
-1.2700698375701904
0.6695991158485413
-1.4714986085891724
0.905425488948822
1.7887842655181885
0.9375177621841431
1.9705946445465088
1.0271213054656982
1.9822028875350952
1.100160837173462
1.9639469385147095
-1.5998934507369995
0.12768876552581787
0.35294753313064575
0.05036982148885727
-0.03342459723353386
-0.1657627373933792
0.03512553498148918
-0.14317184686660767
0.02067631483078003
-0.15187469124794006
-0.12295588850975037
0.43919721245765686
-0.35403943061828613
-0.3776988685131073
-0.3111838102340698
-0.33624106645584106
-0.3636522591114044
-0.3176155686378479
-0.431466281414032
-0.24384663999080658
-0.4108255207538605
-0.11295467615127563
-0.14664492011070251
0.006650630384683609
-0.02598775364458561
0.028155118227005005
0.06775055080652237
0.08243443071842194
0.046637389808893204
0.0921497568488121
0.061324965208768845
0.034797303378582
0.138763427734375
0.05460834875702858
0.13925661146640778
0.06656379997730255
0.1797451227903366
0.04927367717027664
0.11231624335050583
0.06974003463983536
0.1582447737455368
0.0445353165268898
0.04629823938012123
0.04690522700548172
0.03507676720619202
0.04722617194056511
0.07174192368984222
0.11599292606115341
0.09302932769060135
0.017411433160305023
0.022312497720122337
0.11016031354665756
0.03190835192799568
0.057166069746017456
0.137668177485466
0.17337116599082947
0.10235897451639175
0.11884401738643646
-0.03482135012745857
-0.04974190518260002
-0.15097472071647644
-1.983628749847412
-0.015161002054810524
-0.49667540192604065
-0.5430634021759033
-0.25449731945991516
-0.04947694018483162
0.7996091842651367
-0.6508557200431824
0.08271998167037964
0.020621705800294876
0.23729178309440613
0.24035923182964325
-0.9308025240898132
-0.5250725746154785
-0.4803072512149811
-0.5393205881118774
-0.4837791919708252
-0.6471298933029175
-0.6529413461685181
-0.6116472482681274
-0.6618232727050781
0.3910197913646698
0.3370392918586731
-0.21191783249378204
-0.0564989410340786
-0.607808530330658
0.005832647904753685
0.4152145981788635
0.058351848274469376
0.13593462109565735
0.05156337842345238
-0.03742743283510208
0.03616182133555412
0.10992110520601273
0.1967085301876068
0.2615405321121216
0.04494607448577881
0.15175947546958923
0.06319819390773773
0.1724611520767212
0.01806754805147648
0.2250032275915146
0.0816989615559578
0.3497465252876282
-0.024167688563466072
0.16163772344589233
0.1329043209552765
0.30568715929985046
0.012166500091552734
0.30297282338142395
-0.10934703797101974
0.10464729368686676
0.06463957577943802
0.25183600187301636
0.015658508986234665
0.4159790575504303
-0.043212391436100006
0.102436862885952
1.9838433265686035
0.5909968614578247
-0.21331168711185455
-0.09582283347845078
-0.9131808876991272
1.9808146953582764
-1.983593463897705
-1.4817537069320679
0.040343884378671646
-0.05415657162666321
0.25229576230049133
1.5129575729370117
-0.8513240814208984
-0.34260836243629456
-0.4590306878089905
-0.46621400117874146
-0.418112188577652
-0.5137220025062561
-0.6051843762397766
-0.5969563126564026
-0.5657656192779541
0.034054696559906006
0.1382858157157898
-0.0797085389494896
-0.03727543726563454
-0.850959837436676
0.38760602474212646
0.5541101098060608
0.4450056254863739
0.44740647077560425
0.37064889073371887
0.5325466394424438
0.645922839641571
0.49747341871261597
0.4231753647327423
0.5407828688621521
0.5428168773651123
0.6224728226661682
0.7357547879219055
0.5275049209594727
0.34404438734054565
0.5181984305381775
0.6449550986289978
0.49827373027801514
0.44729524850845337
0.392665833234787
0.5691271424293518
0.4353087544441223
0.6217383146286011
0.5234572291374207
0.333855539560318
0.5127790570259094
0.5695638656616211
0.5165604948997498
0.35474857687950134
0.47103774547576904
0.46948981285095215
0.36111995577812195
-0.2414085566997528
0.04741160199046135
-0.1965593844652176
1.9823156595230103
-0.024370675906538963
-0.043504051864147186
0.04730745032429695
0.0069871023297309875
-0.07685425877571106
-0.15605492889881134
0.04680768400430679
0.05312930792570114
-0.16257667541503906
-0.15399080514907837
-0.145070880651474
-0.05349906533956528
0.016366709023714066
-0.1899641901254654
-0.05267289653420448
-0.041695091873407364
-0.013409298844635487
-0.12134033441543579
-0.1133391484618187
-0.0014313611900433898
0.009508677758276463
0.016584021970629692
0.0007302464218810201
-0.006903584115207195
0.16822494566440582
-0.04371260851621628
0.013830697163939476
-0.07089179009199142
0.03940444067120552
0.0573602057993412
-0.05850576236844063
0.010613824240863323
-0.1136578917503357
0.011063214391469955
0.07445632666349411
-0.018710751086473465
-0.012329130433499813
0.06018495187163353
0.04286415874958038
0.05552368611097336
0.018534541130065918
-0.044369880110025406
0.016361624002456665
0.04281897470355034
0.06471441686153412
-0.01805194653570652
0.03473777696490288
0.03027108870446682
0.023579677566885948
-0.006059684325009584
0.0402248352766037
-0.02123960480093956
0.09352388978004456
0.027318358421325684
-0.05162849277257919
-0.012130782939493656
0.0033695984166115522
-1.1656643152236938
0.03921131417155266
-0.01981944777071476
0.0022616549395024776
-0.0014154615346342325
-0.04404347389936447
0.11432138085365295
-0.38229072093963623
0.015694012865424156
-0.13923059403896332
-0.11647195369005203
-0.31326553225517273
-0.15595780313014984
-0.06064309552311897
-0.009491199627518654
-0.2629416584968567
-0.17144151031970978
-0.06334730982780457
-0.19416072964668274
-0.1787937581539154
-0.07147300243377686
0.0062002157792449
0.005515739321708679
-0.13605155050754547
0.014899433590471745
0.09421836584806442
-0.4553079307079315
-0.514570951461792
-0.8639644980430603
-0.007859819568693638
0.8564555644989014
1.5329360961914062
1.207316279411316
0.5326278209686279
-1.9060122966766357
-1.983925700187683
-1.9822930097579956
0.4421566426753998
1.9350876808166504
1.9586498737335205
1.9840089082717896
0.5002784729003906
0.522394061088562
-0.0921899825334549
-0.37943291664123535
0.04254200682044029
0.18888968229293823
0.7188655734062195
1.1130975484848022
0.9409946799278259
0.14327354729175568
0.2168009728193283
1.6326255798339844
1.4826605319976807
1.6290204524993896
0.11648824065923691
0.13982777297496796
-0.09172466397285461
-0.027478212490677834
0.0018673576414585114
-0.08780846744775772
-0.0189003124833107
0.0808066725730896
-0.09146443009376526
0.06773093342781067
0.020590852946043015
0.03407317399978638
-0.04284949228167534
-0.09150957316160202
0.005922832991927862
-0.08770349621772766
0.0045992727391421795
0.026831861585378647
0.002123352140188217
0.07936161756515503
0.0697731003165245
-0.0591767355799675
-0.022586051374673843
0.08123055845499039
-0.0901266559958458
0.0487937405705452
-0.0605340376496315
-0.07630134373903275
0.0506681464612484
-0.06694896519184113
0.023712871596217155
0.08081020414829254
0.02882467582821846
-0.001798983197659254
0.0838005468249321
0.04707968980073929
-0.009287907741963863
-0.08757170289754868
-0.024080578237771988
0.030043933540582657
-0.009480022825300694
0.051577985286712646
-0.08198858052492142
-0.03149379789829254
0.04499257355928421
-0.08204277604818344
0.07052488625049591
-0.061262235045433044
-0.07801537215709686
0.004098451230674982
0.03832278773188591
0.007038522511720657
-0.07193666696548462
-0.0460234135389328
-0.08220045268535614
-0.07357756048440933
-0.016042448580265045
0.008663163520395756
0.04652688279747963
-0.02096136100590229
0.01959318481385708
-0.03082888014614582
-0.03632115200161934
-0.023271067067980766
0.035391319543123245
0.04436475783586502
-0.03503429517149925
-0.039352986961603165
-0.019953608512878418
-0.07819703221321106
-0.049235716462135315
-0.011162717826664448
0.091084323823452
-0.014518722891807556
0.029423918575048447
-0.05384836718440056
0.07300029695034027
0.09031341969966888
-0.07788783311843872
0.02927658148109913
-0.019911285489797592
-0.0413978174328804
0.012628025375306606
0.07560327649116516
0.06173257902264595
-0.09245666116476059
-0.020664634183049202
0.02222444675862789
-0.015470124781131744
0.021736791357398033
0.03205707296729088
0.020168855786323547
0.033065084367990494
-0.09472443908452988
0.0790322944521904
-0.041252631694078445
0.03182293102145195
0.020202066749334335
-0.08968411386013031
-0.03281281515955925
0.07743675261735916
0.01751973293721676
0.02271983027458191
0.043253734707832336
0.03044586442410946
0.03966890648007393
-0.009969457052648067
-0.013094672001898289
0.04419388994574547
0.006616774946451187
0.08605261892080307
0.04752189293503761
-0.03819172456860542
0.08719328790903091
-0.0879974439740181
-0.040901195257902145
0.007211440242826939
0.043280355632305145
-0.04679826647043228
-0.005166101735085249
0.010304161347448826
-0.08315829932689667
0.04211028665304184
-0.008363581262528896
-0.052690427750349045
-1.9011811017990112
0.11127565801143646
-0.05463743954896927
0.046071331948041916
0.03334885835647583
-0.03762174770236015
-0.11015313863754272
0.13039357960224152
0.06946830451488495
-0.13181383907794952
-0.057414066046476364
-0.40009450912475586
0.10833626985549927
0.08129820227622986
0.11905648559331894
0.1159263551235199
0.1315874457359314
0.11701108515262604
0.0522751547396183
0.10668350756168365
0.12452325969934464
0.010394581593573093
0.010065276175737381
-0.00010519409261178225
-0.026564249768853188
0.8040823936462402
-1.723425269126892
-1.984375
-1.9840383529663086
1.1274619102478027
1.258139967918396
1.6707876920700073
1.553327202796936
1.466076135635376
0.7433825135231018
0.8288126587867737
0.8770433664321899
0.9193221926689148
0.7809345722198486
0.7535207271575928
0.6875060200691223
0.786904513835907
0.8091656565666199
0.8056830167770386
0.7924761772155762
0.7855770587921143
0.8687311410903931
0.8499296307563782
0.8757945895195007
0.8007724285125732
0.7129360437393188
0.7927724719047546
0.6751925349235535
0.8258179426193237
0.8247477412223816
0.8899989128112793
0.7695485949516296
0.7685595750808716
1.309685468673706
-0.06602300703525543
-0.010942239314317703
-0.0329924114048481
-0.005515136290341616
0.1308203786611557
0.06268852204084396
-0.003232415532693267
-0.057843953371047974
-0.05973711237311363
-0.04535400867462158
0.028602762147784233
0.06956090033054352
0.096149742603302
-0.052497923374176025
0.09581100195646286
0.10003136098384857
0.054062508046627045
0.06195780634880066
0.08033940196037292
0.08183986693620682
0.007914653979241848
0.015150492079555988
-0.019515473395586014
-0.003802546299993992
-0.13252943754196167
-0.0843023732304573
-0.06619934737682343
-0.09008797258138657
-0.007043099496513605
-0.071608766913414
-0.08962175250053406
-0.10238170623779297
-0.07190858572721481
-0.07380668818950653
-0.08248002082109451
-0.04204428941011429
-0.07352836430072784
-0.0792376846075058
-0.05976416915655136
-0.11668544262647629
-0.05029558390378952
-0.09174668043851852
-0.056282635778188705
-0.06584377586841583
-0.07063858211040497
-0.04294847324490547
-0.08042056858539581
-0.04657741263508797
-0.07829307019710541
-0.056626662611961365
-0.029810072854161263
-0.0752326250076294
-0.05240743234753609
-0.04373832792043686
-0.035034313797950745
-0.06431198865175247
-0.05004271864891052
-0.025191817432641983
-0.017707571387290955
-0.003916540648788214
-1.984375
0.07948312908411026
0.6588330268859863
-0.6014314889907837
1.9820570945739746
-0.11790470778942108
-0.5737848877906799
-1.9832854270935059
-0.01167350821197033
0.31562235951423645
-0.17275424301624298
-1.1891814470291138
-0.13776233792304993
-1.304696798324585
1.7715258598327637
-1.9336355924606323
0.791231632232666
0.6206857562065125
0.8187882304191589
0.5106853246688843
0.9242753982543945
-0.41021764278411865
-0.4983571171760559
0.2970244288444519
0.6028872132301331
0.35103726387023926
0.312418669462204
-0.6988025307655334
-0.2504548728466034
-0.5731995105743408
-0.11405937373638153
-0.3496011197566986
0.30910173058509827
-0.5906591415405273
0.03452903404831886
0.10743613541126251
-0.5774025321006775
-0.2792739272117615
-0.3323878049850464
0.6345281004905701
-0.20853643119335175
-1.1259735822677612
-0.1635664701461792
0.38282158970832825
-0.2125137746334076
-1.1864442825317383
-0.18985292315483093
0.05980633199214935
-0.888227641582489
-0.15955352783203125
-0.25508010387420654
-0.3297794759273529
-0.03756145387887955
-0.5994617938995361
-0.03223345801234245
-0.585970938205719
-0.25416654348373413
-0.730959415435791
1.9440499544143677
-0.11386266350746155
0.08533450216054916
-1.516906976699829
-0.42184650897979736
0.07531053572893143
0.3613608777523041
-0.9124332070350647
-0.008750601671636105
0.6569201946258545
0.4529739320278168
1.983089804649353
-1.2245924472808838
-1.9841374158859253
1.984076976776123
-1.9818003177642822
1.9790509939193726
-1.3158752918243408
-1.6600584983825684
-1.011732578277588
-1.4985071420669556
0.9821150302886963
0.6533923149108887
-0.25958380103111267
0.35627177357673645
-1.5507476329803467
-1.207331895828247
-1.8631110191345215
-1.3192923069000244
0.09170137345790863
-1.0376099348068237
-0.7074494957923889
-0.2291891872882843
1.98345148563385
-1.3920707702636719
-1.9822355508804321
-1.8215025663375854
-0.2501230835914612
-1.1939315795898438
-1.1289372444152832
-1.2456920146942139
0.290238618850708
-0.9152469038963318
-1.3731272220611572
-1.1246111392974854
0.33019593358039856
-1.3854882717132568
-1.983900547027588
-1.6195149421691895
0.02014773339033127
-0.9678742289543152
-0.905658483505249
-0.2765406668186188
1.8211865425109863
-0.8491835594177246
-1.4993635416030884
-0.9333422183990479
0.07246477901935577
0.20651254057884216
-0.08226754516363144
0.013811269775032997
0.07480745762586594
0.05463723838329315
0.0036812808830291033
-0.0734369233250618
-0.03189275413751602
0.06280779838562012
-0.05912984907627106
-0.026456167921423912
0.08548352122306824
0.07294078916311264
0.008434555493295193
0.012548111379146576
-0.02789880335330963
0.06266176700592041
0.07826583087444305
0.05545617267489433
0.029833346605300903
-0.06830623745918274
-0.03862609714269638
0.04675459489226341
-0.06176341697573662
-0.05607687681913376
-0.01586269587278366
-0.049983493983745575
0.027727430686354637
0.05281906574964523
0.06703285872936249
-0.06235614791512489
0.0031042660120874643
-0.036287613213062286
0.032505009323358536
0.08584616333246231
-0.013561882078647614
0.008342739194631577
0.028685808181762695
-0.047743067145347595
0.02282707765698433
-0.030390309169888496
-0.052307989448308945
0.08642594516277313
0.01987731084227562
0.07493551075458527
-0.05224354565143585
0.01921002008020878
0.026312781497836113
0.006456682924181223
0.07601727545261383
-0.01463225856423378
0.03081376478075981
0.04482375457882881
-0.019362235441803932
-0.0063996827229857445
-0.02811756730079651
-0.0012136086588725448
0.07599575072526932
-0.03419908508658409
0.07570108026266098
0.07890947163105011
-0.004412761423736811
-0.0012558449525386095
-0.026802221313118935
-0.03721537068486214
-0.0883435308933258
-0.025925027206540108
0.09052237868309021
-0.0868191197514534
0.03783738613128662
-0.08738328516483307
-0.06072787940502167
0.06532587856054306
0.08601617068052292
0.03609510883688927
0.019050145521759987
-0.03130040690302849
-0.08544933795928955
0.08491801470518112
0.032092176377773285
-0.033972736448049545
0.05143311247229576
0.06320177018642426
-0.033092156052589417
-0.012605766765773296
-0.031029852107167244
0.07012814283370972
-0.02696373499929905
0.04731971025466919
-0.04496974125504494
0.066353440284729
-0.0846637561917305
0.04078896716237068
-0.056285206228494644
0.010214918293058872
0.04383337125182152
0.06115774065256119
0.040233973413705826
0.020485645160079002
-0.031772445887327194
0.031882524490356445
-0.003658037167042494
0.024281570687890053
-0.08363982290029526
-0.06969809532165527
-0.008050626143813133
0.0367300845682621
-0.03351584076881409
-0.051387444138526917
0.06298471987247467
-0.08254993706941605
-0.025051353499293327
0.04580947384238243
0.08153823763132095
0.08125375956296921
0.047455303370952606
-0.08102315664291382
0.03800765424966812
-0.08049522340297699
0.007164461072534323
-0.05623685196042061
-0.07708100974559784
1.984375
-0.44249993562698364
-0.4158814251422882
1.034191370010376
-1.936208963394165
0.24929793179035187
0.24841418862342834
-0.020027047023177147
0.021022794768214226
0.09933526068925858
-0.013893171213567257
0.41923895478248596
-0.1202942430973053
-0.10138724744319916
-0.17130295932292938
-0.13113097846508026
-0.20531123876571655
-0.15054719150066376
-0.09837515652179718
-0.17091409862041473
-0.12285558879375458
0.30411797761917114
0.40407076478004456
0.18684017658233643
0.03398364037275314
-0.3789753019809723
-0.6943743824958801
-0.8006178140640259
-0.7080231308937073
-0.5757022500038147
-0.6164476871490479
-0.6377561092376709
-0.713808000087738
-0.6848843693733215
-0.6328070163726807
-0.6681743264198303
-0.5119444131851196
-0.6575739979743958
-0.5667927265167236
-0.6809999346733093
-0.5843163132667542
-0.7291085720062256
-0.6131709218025208
-0.7101644277572632
-0.5312469601631165
-0.7443690299987793
-0.5781034231185913
-0.6886849403381348
-0.5381115078926086
-0.7165206670761108
-0.765772819519043
-0.6864509582519531
-0.7244796752929688
-0.7817175388336182
-0.634903609752655
-0.7736223936080933
-0.7826065421104431
-0.5851854681968689
-1.9239873886108398
-0.4698098599910736
-0.13800065219402313
-1.2271853685379028
0.1260034292936325
0.7156854867935181
0.9375892281532288
-0.3363422155380249
0.01796409860253334
0.014774722047150135
-0.08863992989063263
-0.10964954644441605
-0.004865952767431736
-0.1632816046476364
-0.16926488280296326
-0.1516563892364502
-0.1542128026485443
-0.12841100990772247
-0.10650196671485901
-0.11289263516664505
-0.06392193585634232
0.07529263198375702
0.11807507276535034
0.04933037981390953
0.010256526060402393
-0.2659987509250641
0.01653381809592247
0.045453991740942
0.04998721927404404
-0.1199222058057785
-0.04754645377397537
-0.027602216228842735
0.017290430143475533
-0.07495181262493134
0.015211433172225952
-0.05106696859002113
-0.08310026675462723
-0.057062748819589615
-0.03469706326723099
-0.07103517651557922
0.08338069915771484
0.03544053062796593
-0.10414779931306839
-0.06491638720035553
-0.0680980458855629
-0.12252084165811539
-0.033089641481637955
-0.019857628270983696
-0.07439626753330231
-0.13222773373126984
0.01836959831416607
-0.038409698754549026
0.03498796373605728
0.01488633081316948
0.06281968951225281
0.040030356496572495
0.06302843987941742
-0.02587468922138214
0.0689741000533104
0.05454134941101074
-1.984302282333374
-1.1542116403579712
0.027158938348293304
-0.07867711037397385
-0.13727423548698425
0.007706511300057173
0.011263620108366013
0.04825767129659653
-0.3348931074142456
0.028608253225684166
-0.04420461133122444
-0.030733313411474228
0.1505870819091797
0.08669876307249069
0.05716656520962715
0.03375453129410744
0.18033044040203094
0.06671934574842453
0.020356420427560806
0.09879441559314728
0.07009045034646988
0.0008319896878674626
0.06380216777324677
0.07052776217460632
0.054286811500787735
-0.013812009245157242
-0.42416900396347046
0.09466495364904404
-0.1074698269367218
-0.1345576047897339
-0.32459601759910583
-0.44085073471069336
-0.5406954288482666
-0.27529796957969666
-0.11548600345849991
0.5223560929298401
-0.16381902992725372
0.2192939668893814
-0.19467106461524963
-0.23356862366199493
-0.5151305198669434
0.17830698192119598
0.1716085970401764
1.9839709997177124
1.984006643295288
1.9838274717330933
-0.43641653656959534
-1.855875015258789
-1.7803562879562378
-1.8631856441497803
-0.2494410276412964
-0.7787681818008423
-0.27476146817207336
-0.4379357397556305
0.007517718244343996
-1.9327707290649414
-1.5340662002563477
-1.9834305047988892
-0.43702882528305054
-0.33835700154304504
-0.005329332314431667
-0.011420045979321003
0.053499676287174225
-0.01704631932079792
-0.015184644609689713
-0.10605449229478836
-0.0268237367272377
0.02006267011165619
0.07527942210435867
0.07689573615789413
-0.029128102585673332
0.19973129034042358
0.1508103460073471
0.15484830737113953
0.19201348721981049
0.10991522669792175
0.15291409194469452
0.20427684485912323
0.17102019488811493
0.14659984409809113
-0.0033095169346779585
-0.004941814113408327
-0.005847322288900614
-0.0019245826406404376
0.09952255338430405
0.06407461315393448
0.03741727024316788
0.02315455861389637
0.04654935374855995
0.0492093451321125
0.030259722843766212
0.0485861636698246
-0.017436567693948746
0.08429725468158722
0.06370721757411957
0.03455943241715431
0.039973191916942596
0.019890690222382545
0.061541058123111725
-0.02486526221036911
-0.0016993668396025896
0.0432891920208931
0.06542050838470459
0.012200212106108665
9.88389365375042e-05
-0.008425496518611908
-0.009296008385717869
0.001561138778924942
0.052681684494018555
0.0011066135484725237
0.12871696054935455
0.01873423345386982
0.0684187263250351
0.05343858525156975
0.06607884168624878
0.034994568675756454
0.10349177569150925
0.021395692601799965
0.004649894777685404
0.2021431028842926
0.07339200377464294
-0.03515248000621796
0.08873666077852249
-0.07766910642385483
-0.044796306639909744
0.049874596297740936
0.08414655923843384
0.08051613718271255
0.04862768203020096
0.01263497769832611
0.047206562012434006
-0.07988143712282181
-0.07954953610897064
-0.09144462645053864
0.02298402413725853
0.02505442313849926
-0.08158225566148758
-0.04981910437345505
0.06158812344074249
0.015249083749949932
-0.08181801438331604
-0.03230276703834534
-0.07483232021331787
-0.0034484947100281715
-0.050781067460775375
0.06955261528491974
-0.0517411045730114
-0.015103130601346493
-0.08485972881317139
0.02718508057296276
0.053437769412994385
0.07565200328826904
-0.020504549145698547
0.012132272124290466
-0.05754093453288078
0.07077711075544357
0.07634976506233215
-0.04064098373055458
-0.06660493463277817
-0.012707462534308434
-0.07094815373420715
-0.0011737655149772763
-0.012519972398877144
-0.08646511286497116
0.07325761765241623
0.00994071550667286
0.03918617218732834
0.07469584047794342
0.07579359412193298
0.051930297166109085
-0.022466272115707397
-0.07253621518611908
0.004890256095677614
0.014249683357775211
-0.07893915474414825
-0.004577532410621643
-0.05871111527085304
0.007683984003961086
0.0660184994339943
0.015406259335577488
0.014553719200193882
0.06217293068766594
-0.03123251162469387
-0.031239110976457596
-0.06954488903284073
0.049436114728450775
0.0749761238694191
-0.017888028174638748
0.050510700792074203
-0.04707641154527664
0.054657258093357086
0.08746547251939774
0.03271777555346489
-0.04001510888338089
0.06609497219324112
-0.0785573422908783
-0.07131600379943848
0.06571338325738907
0.04718124121427536
0.012100777588784695
0.011928291991353035
-0.0028578639030456543
-0.058503735810518265
-0.040641900151968
-0.039094533771276474
0.013176465407013893
-0.07896482199430466
-0.06316282600164413
0.05743290111422539
0.04813022166490555
-0.020801646634936333
-0.0848710834980011
0.0805242583155632
-0.05536597594618797
-0.06066242232918739
-0.04128897562623024
-0.0670953020453453
-0.07728033512830734
0.02720273844897747
-0.034539882093667984
-0.044066060334444046
0.010360172018408775
-0.047715332359075546
-0.08473046123981476
-0.07238463312387466
0.05632046237587929
-0.08897527307271957
0.05436868593096733
0.07746755331754684
-0.008504352532327175
-0.06623837351799011
-0.06754764169454575
0.010488957166671753
-0.08364000916481018
0.007854077033698559
-0.041240911930799484
0.033915407955646515
0.04963233694434166
-0.08231887966394424
1.9834922552108765
-0.04817963019013405
-0.03446003422141075
0.038829054683446884
-0.032682716846466064
0.04448166862130165
0.06753171235322952
-0.04044705256819725
0.03651905432343483
-0.006523665506392717
-0.04465456306934357
-0.20598933100700378
0.017352288588881493
0.09947744756937027
0.07659952342510223
0.0633782297372818
0.0793786346912384
0.04582912102341652
0.023873507976531982
0.05458005145192146
0.07150338590145111
-0.021296855062246323
-0.016519514843821526
0.05691178888082504
0.014148793183267117
0.08087494224309921
0.06777859479188919
-0.0035612171050161123
0.03904600441455841
0.05070143938064575
0.027704419568181038
0.032416779547929764
0.026633616536855698
-0.0071622105315327644
0.01674853079020977
0.00712742330506444
0.04343145713210106
0.010419360361993313
0.022168386727571487
0.04521522298455238
0.03039151430130005
0.028804544359445572
0.05380038544535637
0.008062664419412613
0.04984429106116295
0.020113850012421608
0.01791205257177353
-0.024055738002061844
0.05426563695073128
-0.0046438295394182205
0.05683179572224617
0.03854202479124069
0.0365888886153698
0.016756976023316383
0.0693952739238739
-0.0027288240380585194
0.044612862169742584
0.04474844038486481
1.983907699584961
0.16327247023582458
0.8864575028419495
-1.9842498302459717
0.016422610729932785
-0.09638684242963791
-0.029286805540323257
0.5567920804023743
-0.04960564896464348
0.0194195955991745
0.007555297575891018
-1.9204912185668945
0.0690404623746872
0.03676627203822136
0.04341709241271019
0.03392203524708748
0.010981938801705837
0.056017857044935226
0.05751379579305649
0.03003389947116375
0.045439355075359344
0.4367105960845947
-1.947096824645996
-0.07748806476593018
0.0067403665743768215
0.12955352663993835
0.060702089220285416
0.09586510807275772
0.04396171495318413
0.07890378683805466
0.07083719223737717
0.042830996215343475
0.0498616024851799
0.10248465090990067
0.006829533725976944
0.09370681643486023
-0.005975428037345409
0.08450781553983688
-0.005225366912782192
0.050462909042835236
-0.013345290906727314
0.09028901904821396
-0.019250044599175453
0.08148764818906784
-0.020165838301181793
0.05736314505338669
0.01530581433326006
0.08805779367685318
0.007768931798636913
0.06884739547967911
0.0970182865858078
0.0606975331902504
0.1156470999121666
0.11248159408569336
0.08019372075796127
0.06864713132381439
0.0613800510764122
0.09970405697822571
0.016509711742401123
0.020226968452334404
0.11642099916934967
1.9833141565322876
0.024954386055469513
1.984145998954773
1.034677505493164
0.5787779092788696
0.08897921442985535
-0.09267157316207886
1.1438286304473877
0.07348025590181351
-0.029677363112568855
0.18830911815166473
-0.47958362102508545
0.19460758566856384
-0.14661413431167603
-0.09403327852487564
-0.14225764572620392
0.023899191990494728
0.02241266705095768
0.07814879715442657
0.08092881739139557
0.09631360322237015
-0.6858780980110168
-1.7847801446914673
0.017300967127084732
-0.053745221346616745
-0.7678636908531189
-0.7251474261283875
-0.738707959651947
-0.5563918948173523
-0.6422673463821411
-0.8121657371520996
-0.5795117616653442
-0.6362786293029785
-0.5554683804512024
-0.6239115595817566
-0.6393059492111206
-0.6803067326545715
-0.4364776313304901
-0.6951192617416382
-0.6166648268699646
-0.7181891798973083
-0.5329643487930298
-0.6762392520904541
-0.5929268002510071
-0.7776693105697632
-0.44217610359191895
-0.6097148060798645
-0.6016045212745667
-0.6519424915313721
-0.4568344056606293
-0.6831105351448059
-0.6105999946594238
-0.7400550842285156
-0.6289844512939453
-0.6004921197891235
-0.6348186135292053
-0.5643560886383057
-0.6190832257270813
1.9814095497131348
0.16807562112808228
-0.05075283721089363
0.0024169294629245996
0.03508801385760307
0.01039922796189785
-0.1270812302827835
1.2931933403015137
-0.02987031638622284
0.16219931840896606
0.2087741494178772
-0.009471328929066658
-0.1282779425382614
0.09618034213781357
0.08234553039073944
0.04495324194431305
0.09333667159080505
0.1623113602399826
0.09468228369951248
0.18818899989128113
0.13694196939468384
0.03479557856917381
0.04377893730998039
-0.10357581824064255
-0.030468635261058807
-0.02277282439172268
0.04530281573534012
0.028974175453186035
0.005187216214835644
0.15017935633659363
-0.04734624922275543
0.06421297043561935
-0.027358779683709145
0.036200977861881256
-0.0596633106470108
0.08316600322723389
0.05845499038696289
0.15525761246681213
0.1053241491317749
0.09725851565599442
0.02819332294166088
0.1098637804389
0.10797912627458572
0.15358133614063263
0.06384076923131943
0.14639490842819214
0.03992213308811188
0.11079854518175125
0.15625563263893127
0.1543492078781128
0.026358934119343758
0.11235180497169495
-0.01206972450017929
0.07557946443557739
0.08048375695943832
0.090293750166893
-0.015638748183846474
0.15408974885940552
0.019305597990751266
-0.27030301094055176
-1.0651379823684692
-1.983168363571167
-0.07602855563163757
-0.06008797511458397
0.10100429505109787
0.4289809763431549
-0.23143211007118225
-0.01324495580047369
0.2645789086818695
-0.02569620870053768
0.06061865761876106
-0.17295901477336884
0.01512991078197956
-0.06718370318412781
-0.061363037675619125
-0.061326220631599426
-0.09443236142396927
-0.08025068789720535
0.13984592258930206
0.07194407284259796
0.09412757307291031
0.06766138970851898
0.06180749833583832
-0.04013262316584587
0.15068010985851288
0.12847043573856354
0.17116586863994598
-0.011051872745156288
0.15664272010326385
0.07535247504711151
-0.074800506234169
0.16029857099056244
-0.025826428085565567
0.08371594548225403
0.07909749448299408
0.07812552899122238
-0.11816143989562988
0.16395319998264313
-0.021820716559886932
0.09272721409797668
0.0253747645765543
0.06300002336502075
-0.13580617308616638
0.12058474123477936
0.007416175678372383
0.0632043406367302
-0.09969247877597809
0.08620690554380417
-0.1026531308889389
0.06493166834115982
0.05651070550084114
0.1549948900938034
-0.059362683445215225
0.016469230875372887
0.016222087666392326
0.11892050504684448
0.03524837642908096
0.06812625378370285
-0.08523143827915192
1.9729183912277222
0.04691895842552185
-0.0687333270907402
-0.21473583579063416
-0.2887193560600281
0.18081976473331451
0.19114607572555542
-0.9040353298187256
0.020560424774885178
-0.05088403448462486
0.06493395566940308
0.2234664410352707
-0.1580975204706192
-0.027217483147978783
-0.4125780761241913
-0.004650099668651819
-0.3580656051635742
-0.049102604389190674
0.04255324602127075
0.014918371103703976
0.15609362721443176
0.0341339111328125
-0.029184026643633842
-0.058033354580402374
0.012651152908802032
-0.07901222258806229
0.1214621439576149
-0.050706878304481506
0.027457978576421738
0.02741842530667782
-0.08108648657798767
-0.06715074926614761
0.038157086819410324
0.011788241565227509
0.004588573705404997
-0.00851453561335802
0.11254435032606125
-0.08632832765579224
0.07311809808015823
-0.04411889985203743
0.07865751534700394
-0.044136691838502884
-0.04884963110089302
0.023811591789126396
0.09983513504266739
-0.02669631317257881
0.08377648890018463
-0.04204556718468666
0.07147955894470215
-0.0855814591050148
-0.0515054352581501
-0.045018553733825684
0.10760403424501419
0.0635768324136734
0.26720160245895386
0.011802254244685173
0.09008090943098068
-0.029538273811340332
0.024790652096271515
-0.03173677250742912
-1.4588083028793335
0.025324560701847076
-0.08048607409000397
-0.0736376941204071
-0.04791637137532234
0.05850747227668762
0.04121357202529907
-0.030534852296113968
-0.06125344708561897
-0.012848541140556335
0.061045464128255844
0.05578368157148361
-0.08975885808467865
-0.027270251885056496
-0.07762312889099121
0.042182669043540955
-0.051005568355321884
-0.01089107058942318
0.07996363192796707
-0.04209429398179054
-0.02081179805099964
0.02717394381761551
0.07575365900993347
0.03209524601697922
-0.008778970688581467
-0.01193837821483612
0.037931859493255615
-0.04636111482977867
-0.02496848627924919
-0.0325503945350647
0.07467848062515259
-0.039113447070121765
-0.03366295248270035
-0.041452016681432724
-0.03257157281041145
-0.07555301487445831
0.06073548644781113
0.06533142924308777
-0.0700867623090744
0.08766959607601166
-0.01483174692839384
0.055269964039325714
-0.0012903223978355527
0.039982665330171585
0.01908222958445549
-0.0337945893406868
-0.04242115840315819
0.0017704287311062217
-0.023998592048883438
-0.01579304225742817
-0.060822341591119766
-0.026233937591314316
0.041380275040864944
0.08519583195447922
0.022632047533988953
-0.03815796598792076
-0.08219258487224579
-0.02154550887644291
0.06679384410381317
-0.08512130379676819
-0.02031760662794113
-0.022974101826548576
-0.03810689225792885
0.036314770579338074
-0.03449433669447899
-0.01480745431035757
0.026986924931406975
0.010131592862308025
-0.051789384335279465
-0.011181063950061798
0.06738013029098511
0.056940335780382156
0.04866041988134384
0.05234138295054436
0.013621537014842033
-0.02446395717561245
-0.05939663201570511
-0.07516150176525116
-0.05985134094953537
-0.004711989313364029
-0.025789685547351837
-0.08650673180818558
-0.04584633558988571
-0.04009092599153519
0.010620146058499813
0.012449967674911022
-0.061366889625787735
0.06787064671516418
0.05513482913374901
-0.007294469978660345
0.00379790342412889
0.03392774611711502
0.010641892440617085
-0.08623009920120239
0.0037408596836030483
0.04506601765751839
0.012406989000737667
0.05880863592028618
-0.031964875757694244
0.08428847044706345
0.017016112804412842
-0.0811133161187172
-0.009746591560542583
-0.06290806829929352
0.018666520714759827
0.07090708613395691
-0.03142083063721657
0.03378897160291672
-0.06141398847103119
-0.049932919442653656
-0.07667358219623566
0.0012474304530769587
0.056434266269207
-0.013209347613155842
-0.07386419922113419
-0.05802199989557266
0.03954031318426132
0.013608216308057308
0.0368589349091053
0.08307547122240067
0.7703340649604797
0.1008470356464386
-0.016571979969739914
0.08729726821184158
-0.061695560812950134
-0.010725580155849457
0.022407228127121925
-0.7927836179733276
-0.034729644656181335
-0.09243332594633102
0.1188490018248558
-0.35611870884895325
0.2750812768936157
0.30267104506492615
0.2440367490053177
0.16111500561237335
0.13999247550964355
0.24624672532081604
0.23467570543289185
0.22881007194519043
0.2598682940006256
-0.016324609518051147
-0.009475786238908768
-0.05883152037858963
-0.08251838386058807
0.6053993701934814
1.610430121421814
0.9550198912620544
1.2315424680709839
0.931451141834259
1.1304004192352295
0.8184651136398315
1.587450385093689
1.340828537940979
-1.9839543104171753
-0.3232395052909851
-1.9824270009994507
-0.4183378219604492
-1.823743462562561
-0.2786751687526703
-1.9840081930160522
-0.5840602517127991
1.5644640922546387
1.2878780364990234
1.2123756408691406
0.9141474962234497
1.3303841352462769
1.2146928310394287
1.5418044328689575
1.259245753288269
1.869060754776001
1.0373175144195557
1.7773261070251465
1.031430721282959
1.6788630485534668
1.189389705657959
1.916975975036621
1.3251739740371704
0.7454123497009277
-0.032913535833358765
-0.07407282292842865
-0.0594463013112545
0.030697200447320938
-0.026155591011047363
-0.0839514508843422
-0.11993589252233505
-0.005840567871928215
-0.07904483377933502
-0.1106329932808876
0.14895343780517578
0.22697985172271729
0.19896872341632843
0.1417573094367981
0.1355295032262802
0.15175849199295044
0.16076111793518066
0.1706160604953766
0.07628381252288818
0.18316134810447693
0.038093674927949905
0.05329512804746628
-0.02685409225523472
-0.0020342105999588966
-0.04569590091705322
-0.0989760309457779
-0.12960822880268097
-0.08720248192548752
-0.09077942371368408
-0.1151059940457344
-0.022952450439333916
-0.13914716243743896
-0.15207210183143616
-0.13816028833389282
-0.09432876110076904
-0.12738251686096191
-0.06438619643449783
-0.20575550198554993
-0.08343963325023651
-0.20068129897117615
-0.163174107670784
-0.15673059225082397
-0.16870622336864471
-0.14505796134471893
-0.17731711268424988
-0.1773582547903061
-0.1781967133283615
-0.18848668038845062
-0.19382402300834656
-0.2246578484773636
-0.13934864103794098
-0.18390412628650665
-0.18060259521007538
-0.17009972035884857
-0.15031284093856812
-0.21119417250156403
-0.14236150681972504
0.02769576385617256
-0.03440980985760689
0.046239569783210754
-0.03817524388432503
-0.0527726374566555
0.027192704379558563
0.046282242983579636
-0.043344803154468536
7.370004459517077e-05
0.03949173539876938
-0.08704981207847595
-0.046997491270303726
0.06313972920179367
-0.013569732196629047
-0.07453829050064087
0.0320965051651001
-0.009257445111870766
-0.055638931691646576
-0.02104148641228676
0.003705759299919009
-0.08018790185451508
0.0708274096250534
0.016509991139173508
-0.01892424374818802
0.06388306617736816
-0.04642945155501366
-0.024384496733546257
-0.02798953279852867
0.009572082199156284
-0.04362526535987854
-0.06761389970779419
0.0656765028834343
0.04333266615867615
0.027172066271305084
-0.08112651109695435
0.005629084073007107
-0.07244237512350082
-0.03679920360445976
0.023007623851299286
0.06584055721759796
-0.08450967073440552
0.009471752680838108
0.03389294072985649
-0.020885786041617393
0.01906462199985981
-0.08446245640516281
-0.04766392707824707
-0.01429826207458973
-0.08399353921413422
0.07114914059638977
-0.04126552864909172
-0.03996550664305687
-0.004149464890360832
0.006355050019919872
0.08465510606765747
0.02844029664993286
0.043457914143800735
-0.005408308003097773
-0.07175441831350327
-0.05481302738189697
-0.08102940022945404
-0.07951885461807251
-0.03645337000489235
-0.008892925456166267
-0.08097139745950699
0.06214780732989311
0.005187693517655134
-0.03873323276638985
0.017960458993911743
0.08893716335296631
0.060126736760139465
0.06596426665782928
-0.07877639681100845
-0.05051731690764427
-0.04521813988685608
-0.02717483416199684
-0.008789748884737492
0.008688517846167088
-0.08538267016410828
-0.03519539535045624
0.006445611361414194
0.028738530352711678
-0.019084295257925987
0.028885597363114357
0.04620816931128502
-0.026977892965078354
-0.09404999017715454
0.00837697647511959
0.004710273817181587
-0.07158077508211136
0.05821606516838074
-0.06769228726625443
-0.024882016703486443
9.76381852524355e-05
-0.04709402099251747
-0.08925628662109375
-0.07150698453187943
-0.10116454213857651
-0.07373294979333878
-0.027869973331689835
-0.09010692685842514
0.0654471218585968
-0.0944594144821167
-0.06138232350349426
0.02222750335931778
-0.07261576503515244
0.08289576321840286
-0.060853511095047
-0.005403820425271988
-0.02784285508096218
0.045277372002601624
-0.07381375133991241
0.02980015054345131
0.007687367964535952
0.047227948904037476
-0.03036281280219555
0.008906236849725246
-0.00953493919223547
-0.05159425362944603
0.035439424216747284
-0.08626960963010788
-0.08947377651929855
-0.022022195160388947
0.036230526864528656
-0.04312777891755104
0.05254378914833069
0.06948155164718628
-0.048944633454084396
-0.03552301228046417
-0.04599200189113617
-0.07430825382471085
-0.013902034610509872
0.049992095679044724
0.044363200664520264
0.0649939551949501
0.04298655688762665
-0.059786222875118256
-0.05239041894674301
-0.02568023093044758
-0.08258229494094849
-0.08802640438079834
0.00043422001181170344
-0.031790684908628464
-0.02779725007712841
-0.038757603615522385
-0.08381924033164978
0.07731939107179642
-0.07470543682575226
0.024626431986689568
-0.03071354515850544
-0.06240613013505936
0.07458682358264923
-0.015036502853035927
0.08916517347097397
-0.03175830841064453
0.030418459326028824
0.006241566967219114
-0.06583553552627563
-0.042026203125715256
-0.053968723863363266
-0.03538428246974945
-0.005442836321890354
0.036912404000759125
0.02658674493432045
-0.07853696495294571
-0.038106389343738556
-0.0030207440722733736
0.051675885915756226
-0.07058946788311005
-0.07501783967018127
0.08984903246164322
-0.0014278063317760825
0.06488784402608871
-0.03650191053748131
0.0001327193167526275
0.08286435902118683
-0.08472973853349686
-0.08961272984743118
-0.047361891716718674
-0.014260753057897091
0.012015026994049549
0.005897043272852898
-0.08243164420127869
-0.010615545324981213
-0.051508307456970215
-0.010080286301672459
-0.08967754244804382
-0.033908434212207794
-0.02463981881737709
0.05152135342359543
0.015113151632249355
-0.02158714458346367
0.06721273064613342
-0.037888869643211365
0.07483252882957458
0.0127653693780303
0.05103741213679314
-0.004099469631910324
-0.026364766061306
0.056787945330142975
0.031423747539520264
0.0351518876850605
-0.08234221488237381
-0.045006174594163895
-0.08299265056848526
0.0037270032335072756
0.015241816639900208
-0.06299425661563873
0.024995489045977592
-0.00011068867752328515
-0.022013703361153603
-0.07670296728610992
0.07373057305812836
0.058646541088819504
-0.03937780484557152
0.07281981408596039
-0.060785457491874695
-0.08426739275455475
0.039779383689165115
-0.008230357430875301
0.07348917424678802
-0.00468034204095602
-0.08257324993610382
0.05749337375164032
-0.04494491219520569
0.003031136468052864
0.013477550819516182
0.0805569514632225
-0.09121692180633545
0.008704704232513905
-0.020781932398676872
0.022115683183073997
0.014854935929179192
0.03872503712773323
-0.03182647377252579
0.011345736682415009
0.08498679846525192
-0.08368421345949173
-0.019063018262386322
0.013729296624660492
-0.007944406941533089
-0.0006567448144778609
-0.07864876836538315
-0.05685649812221527
0.06177324056625366
0.00658807996660471
0.07080540806055069
-0.020794007927179337
0.05476793646812439
-0.0827634409070015
-0.04598196968436241
-0.01992201618850231
-0.08481114357709885
0.040239132940769196
0.020041272044181824
-0.0281798355281353
0.08398282527923584
0.05976400524377823
-0.08497249335050583
-0.013116679154336452
0.050671666860580444
0.056900810450315475
-0.04945273697376251
-0.06177729740738869
0.013929605484008789
-0.07083909958600998
-0.02520451880991459
0.08187044411897659
0.03488094359636307
0.0914374440908432
0.054432425647974014
-0.0427689403295517
0.015448135323822498
0.04406299814581871
-0.07318280637264252
-0.04726734384894371
-0.057159047573804855
-0.08951861411333084
0.0102348942309618
-0.06772121042013168
0.03912870213389397
-0.014658747240900993
0.07657206058502197
-0.02152601256966591
-0.07119707763195038
-0.024417206645011902
-0.021488618105649948
0.023892909288406372
0.05126292258501053
0.03147682547569275
-0.004427328705787659
-0.040521539747714996
0.07329698652029037
0.042702410370111465
0.05858321487903595
-0.012243212200701237
0.07276850193738937
-0.040798772126436234
0.08996275812387466
0.0846099779009819
-0.0443413108587265
-0.07295165210962296
-0.08621266484260559
0.02554299868643284
0.05827101320028305
0.004235259722918272
-0.054354794323444366
-0.0359409935772419
-0.0060871560126543045
0.05774744972586632
-0.07003132253885269
-0.06928598880767822
-0.051050812005996704
0.02825159952044487
0.023757992312312126
-0.034408289939165115
0.03246203064918518
-0.02223103679716587
0.04630705341696739
0.07585892826318741
0.07890033721923828
-0.0021240445785224438
0.007628470193594694
0.07946353405714035
0.008474672213196754
-0.06131790950894356
-0.04008245840668678
0.011025942862033844
-0.016957245767116547
0.06499917060136795
-0.017340518534183502
-0.08219288289546967
-0.016335075721144676
0.07700002938508987
-0.0017655330011621118
-0.0073424652218818665
0.02063225395977497
-0.014095633290708065
-0.0007598057854920626
0.047311797738075256
-0.0689435601234436
0.06648308783769608
-0.026178129017353058
0.005405965261161327
0.07500732690095901
0.03692862391471863
0.018538882955908775
-0.04015365242958069
0.07964765280485153
0.06468954682350159
0.07006210833787918
0.006062360480427742
0.08363649994134903
-0.0460258349776268
0.020459134131669998
0.04196403548121452
0.06276649981737137
0.06252820789813995
-0.041349656879901886
0.06468605250120163
0.049579162150621414
-0.059872664511203766
-0.038920942693948746
0.010500884614884853
-0.0629698857665062
-0.07367783039808273
0.06972456723451614
-0.053196731954813004
-0.022665727883577347
0.031086940318346024
-0.07012923061847687
0.06654973328113556
-0.0011476133950054646
0.014178688637912273
-0.07234203815460205
-0.05474445968866348
0.04314817115664482
-0.0926235243678093
0.05844489485025406
0.02905186451971531
-0.08332324028015137
-0.0010326370829716325
0.006372848525643349
-0.09335114061832428
-0.0221780426800251
-0.007375471759587526
0.026493092998862267
-0.09155352413654327
0.08116968721151352
0.027293654158711433
-0.08562600612640381
-0.03061571530997753
0.06719687581062317
0.06491480767726898
0.0708083063364029
0.07888548821210861
0.0726432278752327
-0.05919289588928223
-0.03620864078402519
-0.016331234946846962
-0.06268202513456345
0.01937543787062168
-0.07171215116977692
-0.04246180132031441
0.05008812993764877
0.0017592203803360462
-0.04015960916876793
-0.0515911690890789
-0.0019695041701197624
0.05813003331422806
0.0763210654258728
-0.022740056738257408
0.007043103687465191
0.02023302949965
0.003533711889758706
-0.005632416810840368
-0.04431530833244324
0.03656798601150513
0.052405234426259995
-0.025515181943774223
-0.0013736819382756948
0.014292455278337002
0.047562483698129654
-0.03337214142084122
-0.04914167895913124
0.007085834629833698
0.08197078108787537
0.012490480206906796
0.04274016618728638
-0.021777208894491196
-0.027557658031582832
0.07167337834835052
-0.045790188014507294
-0.005308703053742647
-0.014905164018273354
-0.07663790881633759
-0.07156527042388916
0.08731165528297424
0.06659530103206635
-0.02221619337797165
0.059127096086740494
-0.06975188851356506
-0.02491000108420849
0.026168331503868103
-0.05280649662017822
-0.06779564917087555
-0.014868316240608692
0.02182275615632534
-0.09658271074295044
0.07320334017276764
-0.09420651197433472
-0.10092701762914658
-0.09600119292736053
-0.013158991932868958
-0.08603381365537643
-0.04644865542650223
0.015323696658015251
0.005172363482415676
-0.09658927470445633
-0.08361202478408813
-0.041807081550359726
-0.00984711293131113
0.030903898179531097
0.08192592114210129
-0.07694227993488312
-0.062296103686094284
-0.06962990760803223
-0.0355307012796402
-0.09749459475278854
-0.039069026708602905
0.030239518731832504
-0.06777097284793854
-0.07807532697916031
0.0616418793797493
0.06950286030769348
0.05640342831611633
0.07308079302310944
0.023051997646689415
-0.06842286139726639
1.979663372039795
-0.1299806833267212
0.009917409159243107
0.011101889424026012
-0.028977345675230026
0.1582164168357849
-0.13135969638824463
-0.0620950311422348
-0.011885815300047398
-0.055733416229486465
-0.03763984516263008
0.11451978981494904
-0.11211255937814713
-0.1110539510846138
-0.021814148873090744
-0.17948271334171295
-0.17217251658439636
-0.0335506796836853
-0.057587455958127975
-0.08922141045331955
-0.07974591106176376
0.003128390060737729
-0.013318710960447788
-0.03937820345163345
0.006494475994259119
-0.04204251989722252
0.9095661640167236
-0.04525259509682655
-1.5932581424713135
-0.39539238810539246
1.1408162117004395
-0.2836337387561798
-1.7912341356277466
-0.06719353795051575
-0.03781188651919365
0.05428452044725418
-0.14715486764907837
-0.12585486471652985
-0.15811468660831451
-0.20205077528953552
-0.014358370564877987
-0.006173033732920885
-0.08729405701160431
-0.06848065555095673
-0.10549940913915634
-0.23017197847366333
-0.1548936516046524
-0.12402144819498062
0.01439534593373537
-0.053480859845876694
-1.769519329071045
0.045872896909713745
1.9843648672103882
-0.37610116600990295
-1.9829962253570557
-0.32416394352912903
1.9813296794891357
0.03226331248879433
1.9777724742889404
0.06162403151392937
-0.11942832916975021
-0.19133135676383972
0.0126612214371562
-0.05481887608766556
0.13535045087337494
-0.04577649384737015
0.008352159522473812
-0.13374698162078857
-0.08531349152326584
0.12095201015472412
-0.16735035181045532
-0.3398321270942688
-0.3213047981262207
0.005289616994559765
-0.035877227783203125
-0.42577609419822693
-0.17806454002857208
0.05022817477583885
-0.14010752737522125
0.07034853845834732
0.08247555792331696
0.0022857231087982655
-0.013003419153392315
0.06635121256113052
0.07411526888608932
0.13378223776817322
0.04194299504160881
0.17093761265277863
0.24908973276615143
0.19131770730018616
0.03453986346721649
0.19175750017166138
0.08113240450620651
0.13288912177085876
0.03361140936613083
0.13333925604820251
0.14667962491512299
0.06099281832575798
0.0740065649151802
0.19485193490982056
0.05669800192117691
0.061506982892751694
0.08545597642660141
-0.07044018059968948
0.11012546718120575
-0.03489832207560539
0.09881065785884857
-0.004950171802192926
-0.02861093170940876
-0.040122468024492264
0.1549205482006073
0.0018744580447673798
0.11268709599971771
0.04790873825550079
0.1602277159690857
0.09519586712121964
-0.03086298517882824
0.008515848778188229
-0.1614374816417694
-0.4555738568305969
-0.08519712835550308
-0.031179970130324364
-0.10249914973974228
-0.010944941081106663
0.12375163286924362
0.03297857567667961
-0.08799847960472107
0.060854051262140274
-0.07692304253578186
-0.11496296525001526
0.14261816442012787
0.02605484612286091
0.03877094388008118
0.10731339454650879
0.10720829665660858
-0.09071894735097885
0.06051357835531235
0.09062537550926208
0.07453721016645432
0.05174247920513153
0.03004741668701172
0.03546595573425293
0.007176508661359549
0.014552603475749493
-0.08406925201416016
-0.06063329428434372
-0.06545383483171463
-0.0770038589835167
-0.08697734028100967
-0.029710974544286728
-0.07878332585096359
-0.056332677602767944
-0.08554069697856903
-0.10321792215108871
-0.062268126755952835
-0.0514705553650856
-0.08133100718259811
-0.10185255110263824
-0.06366359442472458
-0.050697602331638336
-0.050829507410526276
-0.07340475916862488
-0.050506591796875
-0.08495398610830307
-0.015765398740768433
-0.10407717525959015
-0.0570872500538826
-0.044702768325805664
-0.05419190600514412
-0.05535547062754631
-0.05609513819217682
-0.08529773354530334
-0.06764625757932663
-0.0681278333067894
-0.08204439282417297
-0.09568820148706436
-0.010064399801194668
-1.6263068914413452
0.13135962188243866
-0.03983145207166672
0.05124824866652489
0.010759259574115276
-0.10143069177865982
-0.05509572476148605
-0.09309951961040497
0.0907493606209755
-0.17035847902297974
-0.05768244341015816
-0.8263640403747559
0.07221952825784683
0.07097835093736649
0.07828625291585922
0.04826473444700241
0.04420037567615509
0.06576159596443176
0.06873622536659241
0.06883776187896729
0.014234797097742558
0.012415912933647633
-0.0009876611875370145
0.004141032230108976
-0.03386388719081879
1.4257112741470337
1.660717248916626
1.5194417238235474
1.549104928970337
1.371671199798584
1.4413776397705078
1.5046111345291138
1.6327252388000488
1.57444167137146
1.6596546173095703
1.4774794578552246
1.7708243131637573
1.5590276718139648
1.704628348350525
1.4728972911834717
1.6444867849349976
1.4858207702636719
1.8395109176635742
1.7378042936325073
1.9831855297088623
1.4858043193817139
1.5897960662841797
1.3996492624282837
1.6477149724960327
1.5113109350204468
1.822975754737854
1.984205722808838
1.9066730737686157
1.7201933860778809
-1.9842146635055542
-1.9842864274978638
-1.984100103378296
1.6704590320587158
-0.01608576439321041
-0.020936818793416023
-0.044062938541173935
-1.9386322498321533
0.09143847972154617
0.0009824769804254174
-0.16030444204807281
0.08801325410604477
-0.06100335717201233
-0.08396308869123459
0.5167211890220642
-0.001787596382200718
0.028965765610337257
0.05555232986807823
-0.18958057463169098
0.13813763856887817
0.14013975858688354
0.010460730642080307
0.1457768827676773
0.1672167181968689
-0.021303633227944374
0.08687063306570053
-0.04141003638505936
0.10758072882890701
0.0462518110871315
0.01702888496220112
0.06854959577322006
-0.032761313021183014
0.36405107378959656
1.1528648138046265
1.0722830295562744
-1.225325345993042
-1.9829436540603638
-1.9409375190734863
0.4055042564868927
0.4482228457927704
0.8910068273544312
0.27617621421813965
0.4751843512058258
0.5897620320320129
0.27125614881515503
0.4377918839454651
0.2457973212003708
0.0983564481139183
0.02065161056816578
-1.7829809188842773
-1.7842357158660889
-1.9842815399169922
0.1459084004163742
1.660810947418213
1.7770864963531494
1.8398414850234985
0.19281132519245148
-1.9037379026412964
-0.2821985185146332
-0.4487459659576416
0.5354892015457153
0.9691452383995056
1.213603138923645
-0.3971981406211853
-1.6430597305297852
-1.8918312788009644
-0.1519405096769333
-0.04304013401269913
0.11822734028100967
0.011025944724678993
0.20829135179519653
-0.05226555094122887
0.08885949850082397
0.08078799396753311
-0.0027245578821748495
-0.005784465931355953
-0.29025593400001526
0.10993865132331848
0.08020782470703125
0.14281238615512848
0.056527141481637955
0.16776920855045319
0.09277278929948807
0.18481621146202087
0.09716375917196274
0.1829768568277359
-0.008472721092402935
-0.010430005379021168
0.046023398637771606
0.0027621707413345575
-0.05282585322856903
-0.01738790236413479
-0.03543451055884361
-0.0629146546125412
-0.05391836538910866
-0.021498296409845352
-0.03760391101241112
0.041805699467659
-0.16008038818836212
-0.009699330665171146
0.039098914712667465
-0.03753400221467018
-0.03541739657521248
-0.08840963989496231
0.022405732423067093
-0.098005011677742
-0.12079543620347977
-0.018104681745171547
-0.007308430504053831
-0.04865218698978424
-0.13167954981327057
-0.09335807710886002
-0.09139832854270935
0.005348877515643835
-0.021028859540820122
-0.027158955112099648
0.02661106549203396
0.06707440316677094
0.029763368889689445
-0.012775671668350697
0.007032519206404686
0.06407230347394943
0.02256997860968113
-0.07588132470846176
0.00994858518242836
0.19232292473316193
-1.9779489040374756
-0.14886055886745453
0.041516970843076706
-0.06342772394418716
-0.03574802353978157
0.27976149320602417
-0.034857556223869324
-0.3850236237049103
-0.07232989370822906
0.008849126286804676
0.07402487844228745
0.19446323812007904
-0.13723444938659668
-0.29004883766174316
-0.30052870512008667
-0.18113099038600922
-0.2506636381149292
-0.22543185949325562
-0.31782054901123047
-0.1645049899816513
-0.30269938707351685
0.004420934710651636
-0.030899716541171074
0.006310509517788887
-0.011057981289923191
0.21242178976535797
1.9837514162063599
0.14120492339134216
-1.7564715147018433
-0.24513445794582367
1.9835188388824463
-0.006619447376579046
-1.983507513999939
0.3237823247909546
0.29914626479148865
0.18647898733615875
0.16022534668445587
0.4097251296043396
0.31101417541503906
0.34861379861831665
0.23876920342445374
0.21218419075012207
0.33367931842803955
0.2935238182544708
0.22504086792469025
0.29009565711021423
0.27004337310791016
0.18295833468437195
0.1710871160030365
0.39118844270706177
1.9345632791519165
0.17065702378749847
-1.891059398651123
0.28081342577934265
1.9441940784454346
0.6112093925476074
-1.8685146570205688
-0.025930745527148247
-1.0983144044876099
0.07223403453826904
-0.16767852008342743
-0.23856504261493683
-0.03628191351890564
-0.03403998166322708
0.10800949484109879
0.02942223660647869
-0.01721704564988613
-0.01877673529088497
0.06988653540611267
0.1422962099313736
-0.06146105006337166
-0.45069459080696106
-0.46939173340797424
-0.4137905538082123
-0.3747849762439728
-0.5845330357551575
-0.13734008371829987
-0.4641015827655792
-0.03701980412006378
0.08480074256658554
0.10920833796262741
0.09376935660839081
-0.001633483450859785
0.24114713072776794
0.16759143769741058
0.0716787725687027
0.17759743332862854
0.23983223736286163
0.3994160294532776
0.18333223462104797
0.08951935917139053
0.15333586931228638
0.20458471775054932
0.10955744981765747
0.1540222465991974
0.12874463200569153
0.18178293108940125
0.11368294060230255
0.1078394204378128
0.12965820729732513
0.21127186715602875
0.13345763087272644
0.10537301003932953
0.07759066671133041
0.17922289669513702
0.09781604260206223
0.17488786578178406
0.17749953269958496
0.3959329426288605
0.1544654220342636
0.10179353505373001
0.07345578074455261
0.15269605815410614
0.051849763840436935
0.2238725870847702
0.21469758450984955
-0.07506878674030304
0.03456595167517662
-0.11374443769454956
-0.047241464257240295
-0.0007254484808072448
-0.07311005890369415
-0.046025726944208145
0.0008768982370384037
0.0059946076944470406
-0.063036248087883
-0.07607296109199524
-0.033364489674568176
0.08876475691795349
0.01464590709656477
0.05350056290626526
-0.012901377864181995
0.06879203766584396
-0.030336346477270126
0.0482158288359642
0.065978042781353
-0.04208340123295784
0.05200302228331566
-0.054215528070926666
-0.015526925213634968
0.05432765185832977
-0.01753249019384384
0.048386216163635254
0.08423688262701035
-0.07032353430986404
0.09017069637775421
-0.08031577616930008
-0.006421330850571394
0.0176059789955616
0.04460069537162781
0.031191542744636536
-0.05569235980510712
-0.08369266986846924
0.014305350370705128
-0.06129743158817291
-0.032463449984788895
0.05719522759318352
-0.007782673928886652
-0.036886800080537796
0.08317706733942032
-0.0371486134827137
0.032790765166282654
-0.07377581298351288
-0.08136911690235138
-0.05549268424510956
0.0686262771487236
0.04202220216393471
-0.06609134376049042
0.0651751309633255
-0.0671566054224968
-0.0028347293846309185
-0.08470552414655685
-0.030761605128645897
-0.07101345807313919
0.07491261512041092
0.07077156752347946
-0.007734055630862713
-0.04496915265917778
0.05606583133339882
-0.038767602294683456
0.07775039970874786
0.0646238699555397
-0.0048297918401658535
0.04275505989789963
0.022930609062314034
0.0804135724902153
0.0076787713915109634
-0.08231475949287415
-0.05472421273589134
-0.07349786162376404
-0.011651215143501759
0.004038950894027948
-0.044032029807567596
0.0624469593167305
0.08583658188581467
0.033008404076099396
-0.0019622789695858955
-0.0786757692694664
-0.0033632463309913874
-0.08857733011245728
-0.05298123508691788
-0.052270397543907166
0.016761602833867073
-0.08797955513000488
0.06929419189691544
0.01805172860622406
-0.06588180363178253
0.047163985669612885
-0.08429334312677383
-0.02911851927638054
-0.04020659998059273
-0.046189580112695694
0.03340985253453255
-0.022095028311014175
-0.09124597907066345
-0.0417945422232151
0.08716818690299988
-0.01525338925421238
0.07450737059116364
-0.04292827844619751
0.043959129601716995
-0.06427077949047089
-0.007001820951700211
0.02414950728416443
0.0613255575299263
-0.0509335994720459
0.006864096503704786
-0.05167526379227638
0.005868805572390556
0.027518216520547867
-0.03487243130803108
0.07435937225818634
-0.06002204492688179
0.021563004702329636
-0.03162216767668724
-0.043882086873054504
0.024503132328391075
0.0910821482539177
0.20309056341648102
-0.4896143674850464
-0.08001326769590378
1.9841445684432983
-0.252072811126709
0.3681041896343231
-0.35446304082870483
0.4052087366580963
-0.05342317000031471
0.20290438830852509
0.0649561956524849
-0.6422802209854126
0.1761350780725479
0.16659265756607056
0.09010771661996841
0.22350206971168518
0.130541130900383
0.16501078009605408
0.19245976209640503
0.1464514136314392
0.16540327668190002
0.0601770281791687
0.024101220071315765
0.12810814380645752
0.06747560948133469
-0.11089802533388138
-0.2958240509033203
-0.3278760313987732
-0.3556232452392578
-0.09521256387233734
-0.18942925333976746
-0.2048250287771225
-0.3157758414745331
-0.2461136430501938
-0.3338705003261566
-0.22699372470378876
-0.26623767614364624
-0.1331336945295334
-0.31722044944763184
-0.15027065575122833
-0.2132333517074585
-0.2971726059913635
-0.3273801803588867
-0.15622615814208984
-0.2799566984176636
-0.13689018785953522
-0.26263415813446045
-0.13948574662208557
-0.2883155047893524
-0.22675944864749908
-0.12220260500907898
-0.22972515225410461
-0.31180426478385925
-0.27692708373069763
-0.22468475997447968
-0.301311731338501
-0.32850050926208496
-0.18468058109283447
1.0259182453155518
-0.46208664774894714
0.059993162751197815
-0.042655568569898605
-0.16393795609474182
0.8915387988090515
-0.6368085741996765
-0.18745408952236176
-0.08273521065711975
0.22061774134635925
0.15390190482139587
0.9566096067428589
0.21958209574222565
-0.04542949050664902
0.12962311506271362
-0.01666591316461563
0.18629707396030426
-0.013379821553826332
0.07948394864797592
0.04327535629272461
0.047483254224061966
-0.08087608218193054
-0.02249915525317192
-0.011187680065631866
0.01011865958571434
-0.8614628911018372
-0.5660586953163147
-0.41385194659233093
-0.4289061427116394
-0.5278578400611877
-0.3164653182029724
-0.39953938126564026
-0.4735140800476074
-0.5403997302055359
-0.6071489453315735
-0.6108311414718628
-0.5931655764579773
-0.6338765025138855
-0.49776455760002136
-0.5282866954803467
-0.4259280562400818
-0.676354706287384
-0.5375016331672668
-0.5694838762283325
-0.44205182790756226
-0.4563468396663666
-0.4849877953529358
-0.5330284833908081
-0.61610347032547
-0.5985583066940308
-0.4195643365383148
-0.5486778020858765
-0.5775318145751953
-0.5362687110900879
-0.5892192125320435
-0.5056284666061401
-0.49046429991722107
-0.6560437083244324
-0.005011814180761576
-0.27181103825569153
1.9843050241470337
0.11055891215801239
0.18890157341957092
-0.16961592435836792
-0.0011522273998707533
0.0543777160346508
-0.05005389451980591
-0.12463198602199554
0.5212852358818054
0.07450315356254578
-0.022954994812607765
-0.054193902760744095
-0.41127902269363403
0.06454721093177795
0.2747056484222412
0.23252320289611816
0.037432797253131866
0.09309939295053482
0.15061451494693756
0.024660343304276466
-0.01472007017582655
0.07678110152482986
0.07206675410270691
0.08365930616855621
0.03187680244445801
-0.00032203292357735336
0.5859887599945068
-1.9841010570526123
1.1025713682174683
1.4061181545257568
1.6612956523895264
1.5612285137176514
1.1494231224060059
-1.9843041896820068
-1.9837431907653809
1.3861000537872314
0.9706933498382568
-1.7900270223617554
-1.6686724424362183
-1.7444396018981934
1.2072807550430298
1.3169842958450317
1.4592515230178833
0.7308306694030762
0.2867506444454193
1.4574185609817505
1.2125297784805298
0.8729904890060425
-0.07221443951129913
0.23429326713085175
0.6482620239257812
0.921223521232605
1.094584584236145
0.814691960811615
0.6288174986839294
0.32072484493255615
0.39524245262145996
0.3469245433807373
0.3373613655567169
0.11697623133659363
-0.03435036167502403
-0.00973618682473898
0.024539876729249954
0.0030501752626150846
0.10623008012771606
0.06509802490472794
0.006930352188646793
-0.050882935523986816
0.013543188571929932
0.05591545253992081
-0.06571502983570099
0.0401875264942646
0.032779328525066376
0.17097347974777222
0.10623782128095627
0.08917269855737686
0.11011925339698792
0.08540715277194977
0.09484759718179703
0.08132635056972504
-0.017917083576321602
-0.0050408439710736275
-0.0036131786182522774
-0.02316785231232643
-0.00431450642645359
0.10475411266088486
0.09213823080062866
0.08389902114868164
0.07809767872095108
0.126536563038826
0.01703280210494995
0.27921757102012634
-0.08379287272691727
0.14730408787727356
0.15669888257980347
0.08315166085958481
0.07801631093025208
0.10452652722597122
0.13678859174251556
0.06143726035952568
0.039894651621580124
0.04769496992230415
0.1115671917796135
0.013837434351444244
0.0010909800184890628
0.0812745913863182
0.04194800928235054
0.1440049409866333
0.07407232373952866
0.06068144366145134
0.26456886529922485
0.10989231616258621
0.10441134124994278
0.14582876861095428
0.13967181742191315
0.06272353231906891
0.07936221361160278
-0.018770581111311913
-0.003630848368629813
0.12439724057912827
0.046939823776483536
0.03828428313136101
-0.04191913083195686
0.056342851370573044
-0.07685691118240356
0.02773261070251465
0.006792070809751749
-0.0626460388302803
0.08825298398733139
-0.08085426688194275
0.05549366772174835
-0.04978673532605171
0.03470440208911896
0.07812357693910599
0.06525099277496338
-0.08782120794057846
-0.05534469708800316
-0.06715966016054153
-0.014232034794986248
0.015853112563490868
0.005261280108243227
-0.0572945736348629
-0.06192612275481224
-0.08945983648300171
-0.04377491772174835
0.0837259367108345
0.052621860057115555
0.028423145413398743
0.08627250790596008
-0.03944379836320877
-0.02104649692773819
0.013565488159656525
-0.022027844563126564
0.0858725979924202
-0.06864867359399796
0.048386022448539734
0.08882566541433334
-0.017805106937885284
-0.08967281877994537
0.008208796381950378
-0.021678369492292404
0.06696897745132446
0.047251299023628235
0.007805425673723221
0.03772629424929619
0.015329371206462383
0.045936621725559235
-0.04847915843129158
0.03475899621844292
-0.0008053205092437565
-0.007714254315942526
-0.01638932153582573
-0.08951739221811295
0.056447215378284454
0.05188969150185585
-0.06840985268354416
0.0660817101597786
0.08729605376720428
0.002017213497310877
0.0053854756988584995
0.05330078676342964
0.0512884259223938
0.07822935283184052
-0.03413483873009682
-0.019449494779109955
0.062095679342746735
-0.054074615240097046
-0.06717638671398163
-0.0759330540895462
0.07181227207183838
0.04598893225193024
0.05493532866239548
0.009591612964868546
0.009059379808604717
-0.01878402940928936
-0.03806076571345329
-0.022411128506064415
-0.04594055563211441
-0.016450561583042145
0.0674126073718071
-0.039470549672842026
0.02896556258201599
-0.06686504930257797
0.02925633080303669
0.04191068559885025
-0.04352607950568199
-0.047925859689712524
0.08270720392465591
0.05664154514670372
0.016152657568454742
0.020594442263245583
0.02522556483745575
0.029635846614837646
-0.007449056021869183
-0.05502866208553314
-0.07252844423055649
-0.04075917974114418
0.056690044701099396
-0.053746547549963
0.031213922426104546
-0.00017415790352970362
0.035926830023527145
-0.0664883553981781
0.008236683905124664
0.08819799870252609
0.03868100792169571
0.034930042922496796
0.078577920794487
0.031112762168049812
-0.08696767687797546
0.05691097304224968
-0.02957378700375557
0.0410354919731617
-0.06140778958797455
-0.053009964525699615
0.0383555106818676
0.0012507634237408638
0.04941242188215256
-0.05757696181535721
0.9649414420127869
0.08163724839687347
-0.03510741889476776
-0.3388946056365967
-0.15024055540561676
-0.013763205148279667
-0.032480545341968536
-1.1854029893875122
-0.0023182223085314035
0.010857160203158855
0.12915170192718506
0.18756406009197235
0.07113111019134521
0.047759417444467545
-0.24386098980903625
-0.008988821879029274
-0.2145632654428482
-0.03274720907211304
-0.044586099684238434
-0.13910381495952606
-0.03911259397864342
0.035286735743284225
0.026898160576820374
-0.058624133467674255
-0.02804696373641491
0.17639179527759552
0.14009511470794678
0.2803694009780884
0.32994404435157776
0.31100842356681824
0.354636013507843
0.2843320369720459
0.24097049236297607
0.2387705296278
0.3399865925312042
0.3100239634513855
0.229431614279747
0.317313015460968
0.2710649371147156
0.2734977900981903
0.28386247158050537
0.2805635929107666
0.25526392459869385
0.2758936583995819
0.1865733116865158
0.3171834945678711
0.31475311517715454
0.306414395570755
0.184350848197937
0.2594996392726898
0.23475247621536255
0.30726978182792664
0.23875179886817932
0.23053444921970367
0.030019761994481087
0.2440136820077896
0.21506668627262115
0.26081207394599915
-1.984267234802246
-0.009610258042812347
0.1334983855485916
-0.18202434480190277
1.983313798904419
-0.060362182557582855
0.10453982651233673
0.3462947905063629
0.007901810109615326
-0.07253462821245193
-0.1753966212272644
0.10312741249799728
-0.05262485519051552
-0.25965800881385803
-0.034242138266563416
-0.1810455471277237
-0.11589323729276657
-0.12881658971309662
-0.01743328757584095
-0.055800698697566986
-0.05701279640197754
-0.039117466658353806
-0.06317464262247086
-0.08217273652553558
-0.02738974429666996
-0.2800447940826416
0.017833247780799866
-0.1210876852273941
-0.10586843639612198
-0.053261805325746536
-0.21221937239170074
-0.1032792255282402
-0.13180920481681824
-0.259207546710968
-0.14442488551139832
-0.32923686504364014
-0.1369812786579132
-0.17039279639720917
-0.006817033514380455
-0.20202143490314484
-0.031958699226379395
-0.24113187193870544
-0.21228905022144318
-0.15688075125217438
-0.05860263854265213
-0.02834138087928295
0.008412775583565235
-0.046295177191495895
-0.1553921103477478
-0.12120231240987778
-0.18788820505142212
-0.1927570104598999
-0.06900298595428467
-0.24062912166118622
-0.03726678714156151
-0.18532387912273407
-0.022423550486564636
-0.04745670408010483
-0.04585818946361542
0.36261114478111267
-1.9712961912155151
1.970329999923706
0.1491197943687439
-1.4879190921783447
-0.3458244502544403
0.5520792603492737
0.912299633026123
-1.9825620651245117
1.2436884641647339
0.0865115225315094
-0.10926125198602676
0.5140113830566406
-1.495007038116455
0.0266992449760437
0.20244000852108002
-0.0717136412858963
0.6453403234481812
-0.07780882716178894
-0.05100483447313309
0.016550710424780846
-0.01816403493285179
-0.056442443281412125
0.6348135471343994
0.49112600088119507
-0.6642066240310669
-0.3265180289745331
-0.08357908576726913
0.663555920124054
0.44874703884124756
0.8445941209793091
0.119242824614048
0.8877432346343994
-0.2801705300807953
1.016207218170166
0.36684510111808777
0.7122039794921875
0.2861839532852173
0.6994814276695251
0.15718960762023926
0.7294396162033081
0.15197385847568512
0.745432436466217
0.3070163428783417
0.7488315105438232
0.16449987888336182
0.847412109375
0.2406703233718872
0.6024832129478455
0.3612775206565857
0.7444738745689392
0.1768217831850052
0.9669990539550781
-0.1472405195236206
0.8500635027885437
0.3813174366950989
0.8286145329475403
0.5877848863601685
0.7304970026016235
0.22670938074588776
-1.1415603160858154
0.0036922695580869913
-1.337684154510498
-0.7442386150360107
0.16242125630378723
-0.006095637567341328
-0.0755605697631836
0.22604745626449585
-0.06705582141876221
0.20611858367919922
0.15817025303840637
1.6265586614608765
0.126516193151474
-0.038080401718616486
-0.08960121124982834
-0.4179079234600067
-0.20620276033878326
0.09403543919324875
0.06832003593444824
0.030168699100613594
0.12011034786701202
0.7517553567886353
1.0040431022644043
0.013692890293896198
0.0181654654443264
-0.4733043313026428
-0.8502588868141174
-1.627891182899475
-1.2016985416412354
-1.56636643409729
-1.2030208110809326
-1.6210075616836548
-1.0828850269317627
-1.4512314796447754
-1.1537011861801147
-1.6817182302474976
-1.0266838073730469
-1.4988290071487427
-1.0906978845596313
-1.265087604522705
-0.9322066903114319
-1.6223901510238647
-1.1043976545333862
-1.3310954570770264
-1.0598828792572021
-1.582261562347412
-1.2378064393997192
-1.5183073282241821
-1.097670078277588
-1.4261151552200317
-1.0690743923187256
-1.5257954597473145
-1.0575512647628784
-1.6832903623580933
-0.8838553428649902
-1.699562907218933
-1.2130416631698608
-1.4656163454055786
-0.4238961338996887
0.13709867000579834
-1.8322757482528687
0.06257059425115585
0.06592921167612076
-0.01707851141691208
0.039470210671424866
-0.05824904888868332
-0.06631369888782501
0.07628183811903
-0.07870311290025711
-0.016506589949131012
-0.0412898063659668
-0.07847406715154648
-0.05075658857822418
-0.06998734921216965
-0.050061583518981934
-0.02904217690229416
-0.08637499809265137
-0.02382095903158188
0.08280175924301147
0.05785354599356651
0.06564054638147354
-0.06871664524078369
-0.08683670312166214
-0.08711156994104385
0.02359916642308235
-0.07983864098787308
0.06952500343322754
0.06565316021442413
0.04707012698054314
0.08972730487585068
-0.04439272731542587
0.08760708570480347
0.040878258645534515
-0.06226586177945137
-0.05967315286397934
0.03979859501123428
0.005565654952079058
0.005400588735938072
-0.044496454298496246
-0.012323608621954918
0.07437675446271896
0.0017411201260983944
0.03821408376097679
-0.008551396429538727
0.07589805126190186
-0.0004395528230816126
-0.046778757125139236
-0.06037091836333275
-0.008938637562096119
-0.0551593080163002
-0.02758946642279625
-0.03397105261683464
-0.013825539499521255
0.08385266363620758
-0.03488072380423546
0.07441776990890503
7.1031336119631305e-06
0.011584948748350143
0.04432239383459091
0.039520926773548126
-0.044644176959991455
0.06931156665086746
-0.00883345678448677
0.018056077882647514
-0.02373330667614937
-0.03031821735203266
-0.08710536360740662
0.053820040076971054
0.015318803489208221
-0.08338147401809692
0.04376804456114769
-0.054138049483299255
0.05734914913773537
0.06436548382043839
0.029283804818987846
0.08483511954545975
0.08770128339529037
0.0729108676314354
-0.08962875604629517
0.04891185089945793
-0.0558292530477047
-0.08283348381519318
-0.07277560979127884
-0.008378550410270691
0.07211252301931381
0.012184638530015945
0.069137342274189
-0.01182070653885603
0.021777715533971786
-0.0004821388574782759
0.030258921906352043
0.08812040090560913
0.01545050647109747
0.018753092736005783
-0.004580220673233271
-0.0800928920507431
0.039071835577487946
0.06302330642938614
-0.07207153737545013
-0.07314428687095642
-0.07571692019701004
0.02827812172472477
0.057575345039367676
0.039986949414014816
0.052742406725883484
0.014663959853351116
-0.05252644792199135
-0.04983517900109291
0.07514899969100952
-0.01583762653172016
0.019200097769498825
0.022957775741815567
-0.07435984164476395
0.02458352968096733
0.0693814605474472
0.0842280313372612
0.03449162468314171
-0.047297459095716476
0.016280382871627808
0.023147648200392723
-1.9824961423873901
-0.01994028128683567
-0.08215462416410446
-1.448598861694336
-1.161612868309021
-0.09117081016302109
-0.08689028024673462
-0.10048624128103256
0.04369793087244034
-0.07765035331249237
0.08243913948535919
-0.04262027144432068
-0.14549574255943298
-0.060893841087818146
-0.07361791282892227
-0.07744217664003372
-0.0065796212293207645
-0.10089145600795746
-0.035215772688388824
-0.04160050302743912
-0.058724820613861084
0.10352177917957306
0.14220044016838074
-0.046516384929418564
-0.0555080845952034
0.20785613358020782
0.3871740698814392
0.3943166136741638
0.4117605984210968
0.5032396912574768
0.3880520164966583
0.3705511689186096
0.4832582175731659
0.43946412205696106
0.43063467741012573
0.3839045464992523
0.4116935431957245
0.4580383598804474
0.4390242099761963
0.45161110162734985
0.3830738663673401
0.4497798681259155
0.4371933341026306
0.43078866600990295
0.4463609755039215
0.5233955979347229
0.45978766679763794
0.4027256965637207
0.41156721115112305
0.43649545311927795
0.3852635622024536
0.5220345258712769
0.5266030430793762
0.4565294682979584
0.37004145979881287
0.3928880989551544
0.391977459192276
0.459900438785553
-1.915976881980896
-0.1665143519639969
-0.3203081786632538
1.1057077646255493
0.27639225125312805
0.5036085844039917
0.6855081915855408
-0.22131919860839844
0.0020802891813218594
-0.17698678374290466
-0.05102250725030899
0.32340505719184875
-0.06077239662408829
-0.10703130811452866
0.004048927221447229
-0.07022524625062943
-0.07265035063028336
-0.059009674936532974
-0.04215097427368164
-0.046089138835668564
-0.07761666178703308
0.12408731877803802
0.23103706538677216
-0.09177779406309128
-0.039487481117248535
-0.2355806827545166
0.06448196619749069
0.0406324602663517
0.01665552332997322
-0.027867669239640236
-0.03948121517896652
0.061568621546030045
0.09171268343925476
-0.021469125524163246
0.0671490803360939
0.11932558566331863
0.06042558699846268
-0.04262523725628853
-0.04417836293578148
0.021602025255560875
-0.02528955601155758
-0.025525536388158798
0.019090918824076653
-0.0204277615994215
0.049570269882678986
0.040742289274930954
0.09227591007947922
0.09144412726163864
0.0936860665678978
-0.045156896114349365
0.04228198155760765
0.14788201451301575
0.06780678033828735
0.012167197652161121
0.07739005982875824
0.182078555226326
0.09386478364467621
0.10536140948534012
-0.19499945640563965
0.021351629868149757
1.9843180179595947
0.3983074426651001
0.2745589315891266
-0.0010766626801341772
-0.07545208185911179
-0.02156044915318489
-0.4951992928981781
-0.1844799816608429
-0.17580634355545044
-0.08395437151193619
-0.010227530263364315
-0.05958794429898262
0.363745778799057
0.021346112713217735
-0.0063959695398807526
0.06873982399702072
-0.0009206856484524906
0.0108658317476511
-0.0028209404554218054
0.004718019161373377
0.04660801962018013
0.13579824566841125
0.024626564234495163
0.015880927443504333
-0.047400813549757004
0.014536760747432709
0.3377479314804077
0.10399051010608673
0.203994020819664
0.0351092591881752
0.028193578124046326
0.1501273363828659
0.11119924485683441
0.1440703570842743
-0.05792178958654404
0.062046512961387634
0.18023665249347687
0.10207291692495346
0.10656343400478363
0.041253749281167984
0.12596115469932556
0.09476130455732346
0.05070583522319794
0.13198955357074738
0.17800651490688324
0.09776145964860916
0.1045762151479721
0.1180211678147316
0.12124083191156387
0.06824224442243576
0.1299702674150467
0.18249619007110596
0.19567438960075378
0.08642175793647766
0.18752504885196686
0.08002381026744843
0.21727751195430756
0.08437647670507431
0.07030533254146576
-1.9665617942810059
-0.268911749124527
-0.02618362009525299
0.0699276402592659
-0.02111760899424553
0.2711389660835266
0.1261587291955948
-1.1047662496566772
0.09164056181907654
0.060568928718566895
-0.2123120129108429
-0.3475360572338104
-0.014916223473846912
-0.046621326357126236
-0.08986656367778778
0.029507717117667198
0.020306576043367386
-0.008669745177030563
0.007526898756623268
-0.011419771239161491
0.06702014058828354
0.003391694277524948
0.012678689323365688
0.014528787694871426
0.0923740491271019
-0.6310074329376221
-0.17431515455245972
-0.5583518147468567
-0.779134213924408
-0.9093512296676636
1.6145625114440918
1.984327793121338
1.7177475690841675
0.05137244239449501
1.5356686115264893
1.3215558528900146
1.4719687700271606
-0.142156183719635
-0.3268653154373169
-0.7634204626083374
-0.18630459904670715
-0.010690813884139061
-0.9355049133300781
-1.0839868783950806
1.9546172618865967
1.9835208654403687
1.9835665225982666
-0.3151383697986603
-0.47804731130599976
-0.9830599427223206
-1.1364763975143433
-1.3345712423324585
-1.3727474212646484
-0.6289453506469727
0.5163568258285522
0.7792137861251831
0.7341566681861877
-0.29444554448127747
0.06704571843147278
0.03564497083425522
-0.1525726020336151
-1.9815804958343506
0.04432738944888115
-0.029958195984363556
-0.0077102347277104855
-0.00592026486992836
0.00014227100473362952
-0.12334755063056946
-0.24362412095069885
-0.08531375974416733
0.15634338557720184
0.16458988189697266
-0.025991998612880707
-0.020321128889918327
0.01142257172614336
-0.16605308651924133
-0.030532151460647583
-0.14355121552944183
-0.09875934571027756
-0.09394668787717819
-0.13943886756896973
-0.07082357257604599
0.00858710240572691
0.011527753435075283
0.05950751528143883
-0.01112170610576868
0.07236044108867645
0.0091939065605402
0.0556613989174366
0.08337254822254181
0.06459643691778183
0.11330971866846085
0.06277591735124588
0.059666022658348083
0.05669904872775078
0.1222640797495842
0.0663442611694336
0.11524437367916107
0.11056365817785263
0.09506818652153015
0.11778976768255234
0.13498155772686005
0.06798627972602844
0.05056493356823921
0.08331777900457382
0.03904395177960396
0.10070904344320297
0.12656919658184052
0.1250535398721695
0.07107064127922058
0.06098560988903046
0.04034034535288811
0.11394388973712921
0.043663013726472855
0.05298679322004318
-0.025614917278289795
0.0851181223988533
0.038255248218774796
0.03956963121891022
-0.5725386142730713
0.002298559993505478
0.05915072187781334
0.048817507922649384
-1.9826791286468506
-0.04300236329436302
0.017904333770275116
-0.01342868898063898
-0.07685396820306778
0.02914457954466343
0.11080710589885712
-0.1638822704553604
-0.07597298920154572
-0.08360376954078674
0.001561977551318705
-0.08048684895038605
-0.003852898022159934
-0.11764518916606903
-0.1134030818939209
-0.08254311233758926
-0.05852808803319931
-0.014100153930485249
-0.04615626111626625
-0.10074564069509506
-0.06571733951568604
-0.11249956488609314
-0.059261370450258255
-0.016110440716147423
-0.06554283201694489
-0.017218871042132378
-0.060141671448946
0.04221245273947716
-0.07893438637256622
-0.05025047808885574
-0.06384501606225967
-0.08749796450138092
-0.05669671669602394
-0.05931982770562172
-0.05697916820645332
-0.028795942664146423
-0.009826309978961945
-0.016352666541934013
-0.07002489268779755
-0.013937272131443024
-0.03453114256262779
-0.0038064680993556976
-0.06805639714002609
0.009720128029584885
-0.059540942311286926
0.01533477008342743
-0.08245590329170227
-0.026509085670113564
-0.0648038238286972
-0.04797447845339775
-0.03761497884988785
-0.005373531486839056
-0.023493213579058647
0.02991124801337719
-0.08264824748039246
0.015433293767273426
-1.984273076057434
-1.9456056356430054
-0.16082659363746643
-0.36623114347457886
0.1373084932565689
1.479192852973938
0.21730393171310425
-1.7399147748947144
-0.22809739410877228
0.06079026684165001
-5.2893385145580396e-05
0.01600787788629532
0.2244560718536377
0.004352356772869825
0.043703339993953705
0.021739298477768898
0.061048056930303574
0.035361260175704956
0.02109251357614994
-0.0031162486411631107
0.014785435982048512
0.009127994067966938
0.15136292576789856
0.24886909127235413
-0.057469140738248825
-0.006639658007770777
-0.3370783030986786
-0.12464551627635956
-0.02706107683479786
-0.06176445633172989
-0.044239260256290436
-0.12300597131252289
-0.05969797819852829
-0.09282588958740234
-0.07443545758724213
-0.11837639659643173
-0.048040054738521576
-0.1472599357366562
-0.057297781109809875
-0.10737239569425583
-0.07254929095506668
-0.1298120766878128
-0.06340368092060089
-0.11160077154636383
-0.06659235805273056
-0.12757524847984314
-0.0562448650598526
-0.10064217448234558
-0.05551978200674057
-0.11865509301424026
-0.03843320533633232
-0.14124007523059845
-0.025921927765011787
-0.10348328948020935
-0.03678352013230324
-0.1287921816110611
-0.04231985658407211
-0.05937548726797104
-0.02227112650871277
-1.976267695426941
-0.03424149379134178
0.24710212647914886
-1.9780656099319458
0.0027372578624635935
0.061331264674663544
1.9841725826263428
0.08700745552778244
0.06321749836206436
0.08713029325008392
0.06254952400922775
-0.4001285135746002
0.002027868526056409
-0.017440587282180786
0.018665116280317307
0.017130771651864052
-0.02381778135895729
-0.0026880684308707714
0.00014350403216667473
0.005791169591248035
-0.024103716015815735
-0.06624900549650192
-0.20596562325954437
0.026762323454022408
0.0068794796243309975
0.06445230543613434
0.062025684863328934
0.08308257162570953
0.06404872983694077
0.05716320127248764
0.031051112338900566
0.05918412655591965
0.058489296585321426
0.07066582143306732
0.06175758317112923
0.08478547632694244
0.05458766594529152
0.04036180302500725
0.055998045951128006
0.08600664138793945
0.052597858011722565
0.08860202133655548
0.06538120657205582
0.08891328424215317
0.07087526470422745
0.09731509536504745
0.08468744158744812
0.11148469895124435
0.07281870394945145
0.07737461477518082
0.04319586604833603
0.050582535564899445
0.07167097181081772
0.07879631966352463
0.07948856055736542
0.0836859866976738
0.086297407746315
0.05803697928786278
-0.007980439811944962
-0.014097068458795547
1.9743849039077759
-1.245116949081421
0.8870664834976196
-1.9528250694274902
1.1223138570785522
1.4413790702819824
-1.0999380350112915
1.4829180240631104
1.9820045232772827
0.07232009619474411
0.0060181948356330395
-0.14730127155780792
-1.9830747842788696
-1.1841343641281128
-1.0467314720153809
-1.0090057849884033
-1.133114218711853
-1.1128695011138916
-0.840011477470398
-0.8379703760147095
-0.8713585138320923
-0.7992888689041138
-0.22322741150856018
0.3300052583217621
0.07364087551832199
0.04084270820021629
0.24687649309635162
0.23766253888607025
-1.5073314905166626
0.09050586074590683
-1.7031153440475464
1.2189526557922363
-1.707205057144165
0.5316026210784912
-1.6132283210754395
0.28033408522605896
-1.5574835538864136
0.31025826930999756
-1.7396897077560425
0.47503525018692017
-1.4906164407730103
0.517096996307373
-1.6561158895492554
0.012580298818647861
-1.009019136428833
0.1832553744316101
-1.0744292736053467
0.14577847719192505
-1.194852352142334
0.06058920919895172
-1.2252386808395386
0.6386220455169678
-1.4565871953964233
0.2602297067642212
-1.6918469667434692
0.8798671364784241
-1.7774074077606201
-0.1258745938539505
-1.5273585319519043
-1.984375
0.03730111941695213
-0.14315497875213623
0.12983062863349915
-0.6871812343597412
-0.4050608277320862
-0.45204925537109375
-0.08057542890310287
0.09161747992038727
-0.12188638746738434
-0.266575425863266
-0.4740622937679291
-1.042156457901001
-0.9435938596725464
-0.9627751111984253
-0.9503343105316162
-0.974185049533844
-1.0744647979736328
-0.8928689360618591
-1.1200512647628784
-0.9132271409034729
0.08583255112171173
-0.14182211458683014
-0.05484584718942642
0.02809622883796692
0.901159942150116
0.407603919506073
0.32769620418548584
0.38702163100242615
0.20760095119476318
0.3609843850135803
0.32731470465660095
0.18040423095226288
0.28204330801963806
0.32547006011009216
0.16011008620262146
0.2724389433860779
0.24794089794158936
0.47191759943962097
0.19512861967086792
0.46207961440086365
0.43941354751586914
0.3230293095111847
0.20236147940158844
0.392132967710495
0.30473729968070984
0.33482626080513
0.19830241799354553
0.35507020354270935
0.2341909408569336
0.35532253980636597
0.3830030560493469
0.23010605573654175
0.29457107186317444
0.4069367051124573
0.38013729453086853
0.36963820457458496
0.15218165516853333
0.2998047471046448
-0.0631132572889328
-0.888138473033905
-1.515689492225647
0.024461178109049797
-0.28215569257736206
-0.22973030805587769
-0.028047023341059685
0.08548864722251892
0.04325033724308014
-0.4205267131328583
0.05067965388298035
-0.0101300785318017
-0.023550471290946007
0.24568621814250946
0.0026435069739818573
0.09633389860391617
0.05148191377520561
-0.11752747744321823
-0.03972326219081879
0.06559870392084122
0.06238561496138573
0.08072124421596527
0.06876301765441895
0.16443340480327606
0.18840517103672028
0.03504900634288788
0.027347221970558167
-0.32586005330085754
1.0878446102142334
0.39659255743026733
-1.3392150402069092
-1.913962721824646
-1.5036044120788574
0.4929141104221344
1.1670517921447754
1.0780141353607178
-1.9838541746139526
-0.19312193989753723
1.6559821367263794
1.8284822702407837
1.8788866996765137
0.08097445964813232
-1.9841742515563965
-1.8463283777236938
1.481840968132019
0.5505824685096741
1.3777263164520264
0.31126901507377625
-1.1375066041946411
-1.9051547050476074
-1.0349054336547852
0.46396881341934204
1.901519775390625
1.9837450981140137
1.9838757514953613
0.16782602667808533
0.4067850410938263
-0.30072200298309326
0.06309899687767029
-0.5152522325515747
1.4114136695861816
0.14730240404605865
-0.018808627501130104
0.06122510880231857
0.01844976283609867
-0.13802950084209442
0.039531607180833817
-0.08474311232566833
-0.051178622990846634
0.006884522270411253
0.01967088133096695
0.15574519336223602
0.08594640344381332
0.1809198260307312
0.19918715953826904
0.2449447363615036
0.08504247665405273
0.15052911639213562
0.14867040514945984
0.10505414754152298
0.11877066642045975
-0.012092526070773602
0.005346785299479961
0.02339795045554638
-0.006553499028086662
0.004900967236608267
0.026088619604706764
-0.020764185115695
0.02518978714942932
0.026427658274769783
0.05483609437942505
-0.004633692093193531
0.14695462584495544
0.00010323720925953239
0.0784287229180336
0.08414658159017563
0.07379820197820663
0.11199827492237091
0.008226222358644009
0.08286603540182114
-0.00015561033796984702
0.00940819550305605
-0.0003701259265653789
-0.03799187391996384
-0.04998081550002098
-0.02720818482339382
-0.00014661364548373967
-0.04945077747106552
0.027868662029504776
-0.05774921178817749
0.04717699810862541
0.055626291781663895
-0.00638780789449811
0.06623055040836334
0.04166663438081741
0.04036783427000046
-0.039351075887680054
0.04321896284818649
-0.05478155240416527
0.055685099214315414
0.13482370972633362
-0.01775944046676159
0.013275089673697948
0.07720934599637985
-0.08198034763336182
-0.028083352372050285
0.05321775749325752
-0.0388643778860569
0.08482124656438828
0.008528721518814564
-0.05700702965259552
-0.06759373843669891
0.017955945804715157
-0.06308548897504807
-0.05342919006943703
-0.006944668013602495
0.06759636104106903
0.010823197662830353
0.034426745027303696
0.03260669484734535
-0.07361969351768494
-0.06746482104063034
0.04913302883505821
-0.06441112607717514
-0.039052918553352356
0.061045367270708084
0.07998549938201904
-0.004021488130092621
-0.013475288636982441
-0.00555355753749609
-0.01262083649635315
0.04433050379157066
-0.050213854759931564
0.05842692404985428
-0.03888019174337387
-0.08212910592556
-0.06934022158384323
-0.05504389852285385
-0.0856465995311737
-0.010458850301802158
0.028048153966665268
-0.0032950781751424074
0.03376301750540733
0.054185446351766586
0.0662636011838913
0.06650398671627045
0.07335100322961807
0.02703414298593998
-0.08210466057062149
0.017671426758170128
-0.06285513937473297
-0.03918599709868431
-0.09010270237922668
0.07606722414493561
-0.08981877565383911
-0.06210561469197273
0.04713945463299751
0.027799850329756737
-0.012938215397298336
0.05111105740070343
-0.04113678261637688
-0.0761420950293541
0.03609137237071991
0.03114481456577778
0.05186460167169571
0.0025008711963891983
0.008114870637655258
-0.0870313048362732
0.02176089771091938
0.09043499827384949
0.07478173822164536
0.03540344908833504
-0.014914908446371555
0.08241549134254456
0.06967293471097946
0.037909556180238724
0.003970946650952101
-0.054876163601875305
0.0767592042684555
0.03710135072469711
-0.013641447760164738
0.013952958397567272
0.07667390257120132
-0.005115807987749577
-0.011738649569451809
-0.003972782753407955
0.003549818182364106
-0.0470360666513443
0.07649321109056473
-0.059374962002038956
-0.027002036571502686
-0.07126446813344955
-0.05560465157032013
0.016527822241187096
0.013691704720258713
-0.022316329181194305
-0.012864681892096996
0.07056315988302231
-0.09070074558258057
-0.012961503118276596
0.044913649559020996
0.012185436673462391
-0.020893549546599388
-0.06370967626571655
-0.07611083984375
-0.05775163322687149
-0.028911709785461426
-0.07089051604270935
-0.07863519340753555
-0.06531074643135071
0.07165566831827164
0.0666915625333786
0.06287743151187897
-0.024621525779366493
-0.08617649227380753
0.0621429868042469
0.08405358344316483
-0.08393008261919022
0.052868425846099854
0.020564435049891472
-0.04736118018627167
0.04807098209857941
-0.08574419468641281
0.08796684443950653
0.08173389732837677
0.07303320616483688
0.06563898921012878
-0.09101036190986633
-0.058203425258398056
0.07098295539617538
0.06272894889116287
-0.08322318643331528
-0.06709438562393188
0.008613991551101208
-0.057859260588884354
-0.016315121203660965
-0.054446447640657425
0.045191358774900436
0.05496331304311752
0.008716429583728313
0.03343020752072334
-0.08059394359588623
-0.03896746411919594
-0.014056095853447914
-0.0673610046505928
0.04340781643986702
0.07712943106889725
0.04261761158704758
-0.04202049970626831
-0.020950954407453537
0.03285594657063484
0.06674396246671677
0.025174051523208618
-0.08648352324962616
0.062444377690553665
-0.027044720947742462
0.0025432934053242207
-0.07749766856431961
-0.07758636027574539
0.07563452422618866
-0.04345928877592087
0.08306872099637985
0.04909941554069519
0.04055896773934364
-0.08110193908214569
-0.0016252952627837658
0.023825297132134438
0.029439985752105713
0.0611971877515316
-0.03651535138487816
0.02110680751502514
-0.002790220081806183
0.036761797964572906
0.028031019493937492
0.08841880410909653
0.08001509308815002
-0.0009489677031524479
-0.09037749469280243
-0.05189918726682663
0.05754614621400833
-0.0758357122540474
0.022599132731556892
0.0143612464889884
0.06035992503166199
-0.08954167366027832
-0.07664531469345093
-0.05997208505868912
-0.0806061327457428
-0.008758327923715115
0.02209591493010521
0.005885055288672447
0.08526396006345749
0.02422117255628109
0.03134691342711449
0.04560152813792229
0.05298705771565437
0.0685124546289444
-0.062345393002033234
0.05103035271167755
-0.04324646666646004
0.06629468500614166
-0.05478127673268318
-0.07513023912906647
0.032581113278865814
-0.009745094925165176
-0.05647427216172218
-0.029292043298482895
0.013825724832713604
0.02015642076730728
-0.055336643010377884
0.013772538863122463
0.04076742008328438
0.08252430707216263
0.031141743063926697
-0.06224865838885307
-0.03002982959151268
0.08582761138677597
0.06676468253135681
0.07849422842264175
0.01785968244075775
0.01110143307596445
-0.009423661977052689
-0.038554586470127106
0.08573712408542633
-0.03299715742468834
-0.04830826818943024
-0.04156479611992836
0.028418008238077164
-0.024167198687791824
-0.06466612964868546
0.05823585018515587
-0.04337610304355621
-0.032417990267276764
-4.8334091843571514e-05
0.07750198245048523
-0.08949795365333557
0.04507666081190109
-0.02314419485628605
-0.08309473097324371
0.4446578025817871
-0.09611669182777405
0.062287185341119766
-0.45643213391304016
-0.5138806104660034
1.9837589263916016
-0.36700239777565
1.4081951379776
0.0711645781993866
1.3628813028335571
-0.91605144739151
1.360841155052185
-1.2167168855667114
1.091460943222046
0.9011701941490173
0.08200155198574066
0.8479844927787781
1.1158562898635864
0.10480830818414688
0.5039849877357483
0.4779571294784546
-0.09832208603620529
-0.12479589134454727
0.8390577435493469
0.7390772104263306
-0.07849399000406265
-0.5186509490013123
-1.3889468908309937
-1.2629119157791138
-0.6124837398529053
0.29731398820877075
-0.3833727538585663
-1.0249139070510864
-1.0502110719680786
-0.7397848963737488
-1.0245134830474854
-0.4132431447505951
-1.08937668800354
-0.662499189376831
-0.35536321997642517
-0.5679019689559937
-0.8056488633155823
-1.0804595947265625
-0.5150044560432434
-0.3898116648197174
-0.6199741959571838
-0.2118038535118103
-0.9979029893875122
-0.11834703385829926
-1.1019548177719116
0.25235113501548767
-0.3731043040752411
-0.7609311938285828
-0.5960875749588013
-0.3886454701423645
-1.1848138570785522
-0.7411737442016602
-0.7821382284164429
0.46773797273635864
0.13495592772960663
0.15177962183952332
0.5743579864501953
0.33466753363609314
-0.2327144742012024
0.3356919586658478
-1.940176248550415
0.0775817260146141
0.37366828322410583
-0.03838900849223137
-1.8758097887039185
-1.2687711715698242
1.3591045141220093
-0.12131617963314056
0.3627696633338928
0.4510675072669983
0.1074938178062439
-0.31747928261756897
-0.003782940097153187
-0.07328653335571289
0.1317770779132843
0.10056646168231964
1.0756950378417969
0.2559797763824463
-0.8975206613540649
0.2148151993751526
-0.06893566995859146
0.7445489764213562
1.0670033693313599
-0.19887828826904297
0.3174380958080292
0.6977280378341675
0.3727937638759613
0.4396743178367615
0.33400607109069824
0.3512536287307739
0.9008412957191467
0.5616719126701355
0.8161110281944275
0.8113287687301636
0.3334653675556183
0.04801752790808678
0.4231113791465759
0.5616528391838074
0.010828299447894096
0.4514576494693756
0.27139732241630554
0.19252613186836243
0.08970717340707779
-0.27756261825561523
0.3553084135055542
0.26390329003334045
0.40414294600486755
0.30845627188682556
-0.10799206793308258
-0.04165594279766083
0.8422014117240906
-1.3795034885406494
-0.834148108959198
1.9842169284820557
1.9839681386947632
0.19436636567115784
0.13598395884037018
-0.4396423101425171
0.012669489718973637
1.612707257270813
1.2634387016296387
-1.9830384254455566
-0.05028923600912094
0.0891200378537178
0.4324309825897217
-0.21316610276699066
1.3057836294174194
0.09070092439651489
0.39108800888061523
0.22117933630943298
0.47661569714546204
0.15704676508903503
0.056527379900217056
0.16694790124893188
0.002663652179762721
0.025516189634799957
0.01916736364364624
-0.30791330337524414
0.0626203864812851
-1.2662384510040283
-1.311226487159729
-0.7551355361938477
-0.579293429851532
-0.7776951193809509
-1.264000415802002
-0.2406277358531952
-0.9244447946548462
-0.7367567420005798
-0.08999507129192352
-0.4850471615791321
-0.9400708079338074
-0.6084584593772888
-0.5012109279632568
-0.663564145565033
-0.6550297737121582
-0.5182012915611267
-0.38161399960517883
-0.5622100234031677
-0.797656238079071
-0.6933939456939697
-0.14619742333889008
-0.5401772260665894
-0.8997769951820374
-0.9458069205284119
-1.4603651762008667
-0.4215693175792694
-1.1026867628097534
-0.8666519522666931
-1.543444037437439
-0.830763041973114
-0.713119387626648
-0.8683817386627197
1.9842482805252075
-0.31639301776885986
-0.3138171136379242
0.5940467715263367
-0.5469570159912109
-1.225166916847229
-1.0502406358718872
1.984375
0.08001910150051117
-0.17692707479000092
0.7965166568756104
-0.8631081581115723
-0.8618564605712891
1.332132339477539
0.9165558218955994
1.3278080224990845
1.0405033826828003
0.34574225544929504
0.4798069894313812
0.32646480202674866
0.5233684778213501
0.0448693186044693
0.109809510409832
-0.6668559908866882
-0.27732130885124207
0.8638619780540466
-0.3115938603878021
-0.13970902562141418
0.14458344876766205
0.15375825762748718
0.7262473702430725
0.17438718676567078
-0.07910018414258957
0.414559006690979
-0.4244195520877838
-0.22310218214988708
0.2471282035112381
0.32852256298065186
0.359852135181427
-0.19886904954910278
-0.04967956244945526
-0.03558642044663429
0.12471399456262589
-0.45508840680122375
0.0732969269156456
0.09573077410459518
-0.3733687102794647
-0.49754729866981506
0.3082764744758606
0.42077144980430603
0.7185463309288025
0.019294481724500656
0.19577154517173767
0.44503748416900635
0.07650404423475266
-0.2528713345527649
0.290724515914917
0.15075579285621643
-0.8470491170883179
-1.184507966041565
-1.563053011894226
-0.343871533870697
-0.3021697998046875
0.06062755733728409
-0.5814189910888672
-1.009735345840454
0.9592032432556152
1.3975422382354736
-1.9841364622116089
0.06919507682323456
-1.9839941263198853
1.9842828512191772
-0.7434158325195312
1.406416416168213
-1.1080234050750732
0.3087044656276703
1.0430419445037842
-0.604868471622467
0.17157933115959167
0.3885062038898468
0.9983201026916504
-0.11090314388275146
0.0938112735748291
0.015985578298568726
-1.982321858406067
-1.6035791635513306
-0.0072210077196359634
0.5543472766876221
0.7132296562194824
0.26687872409820557
-0.6061657071113586
1.9827489852905273
-0.6537989377975464
0.21943749487400055
1.5661048889160156
-0.0031005311757326126
0.3636312186717987
0.9183924198150635
1.3584614992141724
-0.009598434902727604
-0.900131344795227
0.9153904318809509
-0.2915307879447937
0.35883060097694397
-0.6078059673309326
1.2872271537780762
-0.1465681940317154
0.19137543439865112
0.5572759509086609
0.6677342653274536
1.8455320596694946
1.0523250102996826
-0.9511065483093262
-1.0526397228240967
1.984375
0.7608427405357361
0.6558908224105835
0.9364487528800964
-0.23201711475849152
1.173561930656433
0.3824101984500885
0.06709088385105133
0.5913110375404358
-1.0292481184005737
0.6720620393753052
-1.0893367528915405
-1.9837239980697632
-0.048007532954216
1.4964995384216309
-1.8262064456939697
-1.2739839553833008
1.9841722249984741
-1.984375
-0.49106720089912415
-1.9817955493927002
-0.523074209690094
-1.2005795240402222
-1.0757756233215332
-1.2278045415878296
-1.3507230281829834
-0.10806220024824142
-0.10715033859014511
0.1664600819349289
0.7022484540939331
1.0669411420822144
-1.1865249872207642
1.983759880065918
-0.1506730318069458
0.775271475315094
-1.8102831840515137
1.4469566345214844
-1.5235424041748047
-0.2865763008594513
-0.5635542273521423
1.5679985284805298
-0.49326321482658386
-0.0623270682990551
-1.2944915294647217
1.5084213018417358
-1.9826477766036987
0.22511301934719086
-0.9650521278381348
0.8212426900863647
-1.9615328311920166
-0.29837557673454285
-0.9293937087059021
1.3383878469467163
-0.6448222398757935
-0.2765693664550781
-1.9842212200164795
1.3844739198684692
-1.7781580686569214
-0.3118092119693756
-0.6890396475791931
1.7269351482391357
-0.3741064667701721
-0.0424841046333313
0.4620426595211029
-1.7019578218460083
0.6584331393241882
-0.06446261703968048
0.06690992414951324
-0.08914893865585327
-0.0661737322807312
0.03723975270986557
-0.05049286410212517
-0.011499522253870964
0.02829969860613346
0.06547558307647705
-0.09694817662239075
-0.07378987222909927
0.008300257846713066
-0.08561792224645615
0.0502469539642334
-0.0327884741127491
0.07787705212831497
0.023276060819625854
-0.019243428483605385
-0.056046344339847565
0.06645466387271881
0.01271421555429697
-0.028512753546237946
0.01396175567060709
0.015433642081916332
-0.005581351462751627
0.07357274740934372
-0.02064911648631096
0.08485117554664612
0.05831815302371979
0.06797731667757034
-0.01452670618891716
-0.09097792208194733
-0.057018689811229706
-0.013996921479701996
-0.047104399651288986
0.07319824397563934
-0.005938396789133549
-0.05102667212486267
-0.08948778361082077
-0.05017874389886856
-0.002854437567293644
0.021560611203312874
-1.4342635950015392e-05
-0.06760572642087936
0.08332386612892151
-0.07040929794311523
0.0753585696220398
-0.09264138340950012
-0.03756668418645859
0.0160834938287735
0.028125308454036713
-0.045001521706581116
-0.08596472442150116
-0.07247282564640045
0.025364087894558907
-0.03445786237716675
-0.039742033928632736
0.007137552369385958
0.07899212092161179
0.010642719455063343
-0.03850856050848961
0.05622036010026932
0.0608009435236454
0.07092605531215668
-0.08897208422422409
-0.08893128484487534
-0.0191256795078516
0.07209566980600357
0.041376326233148575
-0.048165760934352875
-0.0935940146446228
0.07561443001031876
0.008196480572223663
-0.012749709188938141
-0.016524391248822212
-0.08366251736879349
0.04461093246936798
-0.024327075108885765
-0.01669240929186344
-0.08353099972009659
0.0236197579652071
-0.07077864557504654
-0.06543367356061935
0.041498295962810516
-0.08097388595342636
0.061550967395305634
-0.07954984158277512
-0.004610810894519091
-0.033253319561481476
-0.05064469948410988
-0.036042556166648865
0.04851937294006348
-0.09406031668186188
0.06778302043676376
-0.05733911693096161
0.06416904181241989
0.03180431202054024
-0.0788198709487915
-0.03660157695412636
-0.05844980850815773
0.04474697634577751
-0.020245341584086418
-0.052534546703100204
-0.058811500668525696
0.04820655286312103
0.0010162508115172386
-0.05114255100488663
0.07514060288667679
0.0032955699134618044
-0.06880707293748856
-0.04955402761697769
-0.032679036259651184
0.08171837031841278
-0.0023594254162162542
0.023223672062158585
0.08839201927185059
-0.005369630176573992
-0.045534733682870865
0.04328356683254242
0.5482966899871826
0.11113378405570984
-0.07598771154880524
0.15989604592323303
0.004223881755024195
0.0005803843378089368
0.024086926132440567
-0.6667032837867737
0.0482511930167675
-0.0843249186873436
0.06845225393772125
-0.6250818967819214
0.3206801414489746
0.3294268548488617
0.31771329045295715
0.3343839943408966
0.3893599212169647
0.3002733886241913
0.32356297969818115
0.3689522445201874
0.30554935336112976
-0.026305055245757103
0.00135577074252069
-0.04465683922171593
-0.06496445834636688
0.7082324028015137
1.424276351928711
1.0113698244094849
1.4107937812805176
1.3788007497787476
1.3243950605392456
0.8726937174797058
1.3746458292007446
1.3387051820755005
1.622949481010437
1.1951041221618652
1.713112473487854
1.3398995399475098
1.3535842895507812
0.9662249088287354
1.221779704093933
1.2334401607513428
-1.6036404371261597
-0.12096917629241943
-1.9842019081115723
-0.15340502560138702
-1.984293818473816
-0.4501153528690338
-1.9814833402633667
0.16427892446517944
1.4155843257904053
1.040522813796997
1.5798243284225464
1.1427154541015625
1.9740175008773804
1.375095009803772
1.8784548044204712
1.0413610935211182
1.176554560661316
-0.0017178656999021769
-0.029061835259199142
-0.11059707403182983
-0.02102191001176834
-0.035668835043907166
-0.08488773554563522
-0.09761222451925278
-0.06058644875884056
0.0028754817321896553
-0.008620873093605042
0.34052425622940063
0.3173926770687103
0.2793482542037964
0.2981933057308197
0.2495068907737732
0.2711464464664459
0.26154154539108276
0.29299497604370117
0.18197683990001678
0.28047841787338257
0.034419916570186615
0.0423242561519146
-0.005182560998946428
-0.0017238024156540632
0.041151486337184906
0.012327296659350395
-0.05153731629252434
-0.0533972829580307
0.025341415777802467
-0.04764009639620781
0.010450560599565506
-0.0033421104308217764
-0.07778265327215195
-0.03386181965470314
-0.014970154501497746
-0.047222305089235306
-0.006822620984166861
-0.035135433077812195
-0.00665914686396718
-0.06567923724651337
-0.05167021229863167
-0.06336211413145065
0.01533282920718193
-0.09370632469654083
-0.09004680812358856
-0.03710499405860901
-0.03279315307736397
-0.044303398579359055
-0.03170383349061012
-0.08610290288925171
0.048421476036310196
0.006178957410156727
-0.04340490698814392
-0.0026828916743397713
-0.02510952204465866
-0.0029724538326263428
-0.04888838157057762
0.03403499349951744
-0.019737355411052704
0.1437114030122757
-1.7691609859466553
-0.025545328855514526
-0.2637537717819214
1.4384275674819946
-0.3348800539970398
0.029341058805584908
-0.5736162066459656
-0.0025703157298266888
-0.04420991241931915
0.09037040919065475
0.07251753658056259
0.009066474623978138
0.27029284834861755
0.2776065170764923
0.2720837891101837
0.2908792197704315
0.28177937865257263
0.2638092041015625
0.2711966931819916
0.2726112902164459
0.2648710012435913
0.15869773924350739
0.11062328517436981
-0.0029295606072992086
0.0010606544092297554
0.06967853754758835
0.11304770410060883
0.07531009614467621
0.09896044433116913
0.09049393236637115
0.1464724987745285
0.0593830831348896
0.1123400405049324
0.08959242701530457
0.08364826440811157
0.06588658690452576
0.123270183801651
0.10391215980052948
0.10507834702730179
0.08692628145217896
0.11399830877780914
0.09310206025838852
0.09888915717601776
0.069906085729599
0.12215445190668106
0.09518695622682571
0.09818695485591888
0.08495145291090012
0.13559220731258392
0.0764085128903389
0.13566221296787262
0.04566727951169014
0.09312113374471664
0.07418089359998703
0.11180976778268814
0.07059326767921448
0.09245584905147552
0.06745762377977371
-0.5313884019851685
-0.01307854987680912
0.35777169466018677
-1.9843363761901855
1.6711382865905762
0.13419035077095032
-0.11450628936290741
0.015143525786697865
-0.06689251214265823
0.12669049203395844
0.118433877825737
-0.28926146030426025
0.26795557141304016
0.27911654114723206
0.2882738709449768
0.2987978756427765
0.2900526225566864
0.2919568121433258
0.29064011573791504
0.3036494255065918
0.2875909209251404
-0.1919030249118805
-0.2752698063850403
-0.0058782766573131084
0.00224582152441144
-0.08010056614875793
0.09410864859819412
0.10601159930229187
0.0792316198348999
0.10388476401567459
0.0779646560549736
0.11248868703842163
0.07288195937871933
0.10102764517068863
0.06683120876550674
0.08949592709541321
0.059950657188892365
0.09215324372053146
0.06463741511106491
0.10414786636829376
0.05844956636428833
0.09294334799051285
0.0762491449713707
0.10958048701286316
0.06960531324148178
0.11132050305604935
0.0754096582531929
0.10662533342838287
0.06438066810369492
0.115445077419281
0.06855465471744537
0.11714695394039154
0.06078604236245155
0.09844809025526047
0.07512112706899643
0.08856751769781113
0.07955005764961243
0.10288362205028534
-0.029689257964491844
-0.06224535405635834
1.257092833518982
-1.975147008895874
0.03889491781592369
-0.34684497117996216
-0.2057933807373047
-0.09854793548583984
-0.0073980772867798805
0.2132643759250641
-1.1394953727722168
-0.0076266564428806305
0.09400814026594162
-0.029309693723917007
0.6608171463012695
0.044208645820617676
0.25405895709991455
0.11080121248960495
-0.05647225305438042
-0.029509680345654488
0.10005535930395126
0.1646968275308609
0.06483010202646255
0.1150069460272789
0.1908612847328186
0.24569912254810333
0.03630731254816055
0.04715852066874504
-1.6206287145614624
-0.62068110704422
-0.9322031140327454
-0.9418834447860718
-0.8411059379577637
-1.2651458978652954
-1.4485975503921509
-0.7994177937507629
-0.669197142124176
0.827736496925354
-1.5082061290740967
-1.651284098625183
-1.1945878267288208
-1.3191115856170654
-1.3740330934524536
1.2753894329071045
1.3978025913238525
-1.5608739852905273
-1.1578060388565063
-1.7241774797439575
-1.6217372417449951
1.49371337890625
1.982164740562439
1.9842007160186768
-1.5585737228393555
1.9839141368865967
1.7671505212783813
1.353852391242981
-1.2277429103851318
-1.28574800491333
-1.9772374629974365
-0.6689245700836182
-0.7967265248298645
-0.24293948709964752
0.2456490695476532
0.019051019102334976
-0.03539583832025528
0.00275979982689023
-0.37324264645576477
-0.16590870916843414
-0.13199050724506378
-0.014095633290708065
0.03265931084752083
0.024471886456012726
0.4435282349586487
0.1151067242026329
0.052262939512729645
0.04448897764086723
0.048263005912303925
0.13549894094467163
0.040059711784124374
0.12919645011425018
0.06694178283214569
0.03488878905773163
-0.0011794796446338296
-0.00033439783146604896
-0.024958621710538864
-0.008521389216184616
0.20423966646194458
0.06189187988638878
0.036956753581762314
0.039924412965774536
0.038369689136743546
0.09689738601446152
0.0796387642621994
0.1483013927936554
0.008978892117738724
0.05059749260544777
0.10629570484161377
-0.014058591797947884
0.04690474271774292
0.10457054525613785
0.13804076611995697
-0.08599737286567688
-0.022858481854200363
0.02106371708214283
0.04935624077916145
-0.08478110283613205
-0.07712394744157791
0.01370203960686922
-0.007778696715831757
-0.03280198201537132
-0.07048701494932175
0.049140654504299164
0.03585030511021614
0.04664352908730507
0.042122792452573776
0.058121275156736374
0.10093198716640472
0.023547161370515823
0.024896645918488503
0.0640205591917038
0.05538015440106392
0.29439523816108704
0.08236423879861832
-0.03826311603188515
-0.08570864796638489
-0.015634706243872643
-0.019127503037452698
0.04471782222390175
-0.04184279963374138
-0.0011224152985960245
5.772115400759503e-05
-0.06704828143119812
0.017922822386026382
-0.04217400401830673
0.0061426917091012
0.08155187219381332
0.07270877808332443
-0.041067738085985184
-0.07756297290325165
0.055630408227443695
0.0626993402838707
0.06231733039021492
0.02464151382446289
-0.028368253260850906
-0.057937562465667725
-0.06572989374399185
0.08635076880455017
-0.057207949459552765
-0.06111485883593559
-0.08187288790941238
0.024254992604255676
0.020896751433610916
-0.07905692607164383
-0.017277071252465248
0.0659753829240799
-0.03504402935504913
-0.053254660218954086
-0.037136010825634
0.018286438658833504
-0.01480487547814846
-0.05264181271195412
-0.04479233920574188
0.09161955863237381
0.06435161083936691
-0.027699192985892296
-0.010297237895429134
-0.030344685539603233
-0.07710107415914536
0.08994783461093903
0.04878893122076988
-0.040260035544633865
0.0682762935757637
0.07833133637905121
0.019494440406560898
-0.05051351711153984
-0.06735873222351074
-0.07077671587467194
0.09002156555652618
-0.06132936105132103
0.07199414819478989
-0.03558831661939621
-0.05312836915254593
0.011544252745807171
0.010438262484967709
0.009314054623246193
0.052865367382764816
0.0413951501250267
-0.059745240956544876
0.03690700605511665
-0.06323876231908798
-0.0893491804599762
-0.060314420610666275
-0.08086789399385452
0.03232176974415779
-0.07794291526079178
-0.06997153908014297
-0.03474614769220352
0.03731197491288185
-0.06683596223592758
0.05085451155900955
0.05218211188912392
-0.08900447189807892
-0.023594969883561134
-0.03256066516041756
-0.020934060215950012
0.0022286681924015284
0.007287771441042423
-0.08675050735473633
-0.04395313188433647
0.030498679727315903
-0.07729057222604752
-0.044175829738378525
0.0311942957341671
0.05526475980877876
-0.0778588354587555
0.040222182869911194
-0.004254897125065327
0.02623928152024746
0.07645346224308014
0.05233468487858772
-0.09091676771640778
-0.0027070369105786085
-0.03458262234926224
0.07671118527650833
0.06554824858903885
-0.04740319773554802
-0.033136095851659775
0.016515539959073067
0.07957637310028076
0.04949970543384552
0.052127622067928314
0.04298485442996025
0.04476705193519592
-0.013541173189878464
0.089466392993927
0.07792578637599945
0.03160075843334198
-0.05107475444674492
-0.0002738968178164214
0.033070310950279236
-0.06331116706132889
B
256
-0.029351962730288506
0.08033429831266403
0.02516130730509758
-0.06856295466423035
-0.053486377000808716
-0.05553154647350311
-0.10305789858102798
-0.013098222203552723
-0.05326514318585396
-0.04352080076932907
-0.01496480219066143
-0.0335247777402401
-0.2803652584552765
-0.060669999569654465
-0.003255522809922695
0.2591145932674408
0.03144494816660881
0.09161561727523804
-0.08259585499763489
-0.09253893792629242
-0.034936774522066116
-0.08144283294677734
0.021957051008939743
-0.20910964906215668
-0.14100609719753265
-0.06647205352783203
-0.048104941844940186
0.03066554106771946
0.001370757818222046
0.013488339260220528
-0.0671561136841774
-0.02965218760073185
0.09412797540426254
-0.04448968917131424
-0.03240247443318367
-0.0051946816965937614
-0.013277199119329453
-0.009440443478524685
-0.05085185542702675
0.09361910074949265
-0.05857018008828163
0.050907332450151443
-0.04146384820342064
-0.15537407994270325
0.028648776933550835
0.034277576953172684
-0.033405523747205734
0.06252653151750565
0.09079457819461823
0.010645736940205097
0.011313243769109249
0.03281481936573982
-0.0893966481089592
0.009642485529184341
0.04469349607825279
-0.026699913665652275
-0.08100432902574539
-0.030805455520749092
-0.05859968066215515
-0.022829437628388405
-0.013805103488266468
-0.05096913501620293
-0.04773203283548355
-0.05495447665452957
-0.04758967459201813
-0.061530500650405884
-0.09347154200077057
0.18123075366020203
0.22611989080905914
0.007011023350059986
-0.005054131615906954
-0.05496649444103241
-0.07825834304094315
-0.06702376902103424
-0.022842196747660637
-0.039422836154699326
0.1860826313495636
-0.034080870449543
-0.07506072521209717
0.03351170942187309
-0.08051879703998566
-0.16184747219085693
-0.04977261647582054
0.07558475434780121
0.16075709462165833
0.03470290079712868
-0.0756542906165123
0.0005157766863703728
0.03679664060473442
-0.08831367641687393
-0.1052071824669838
0.08848044276237488
-0.07892361283302307
-0.022919777780771255
0.043001074343919754
0.05599852651357651
-0.03631111606955528
0.01199991162866354
-0.03429432213306427
-0.08986000716686249
-0.09511255472898483
-0.04086696729063988
-0.05453868955373764
0.14125236868858337
0.09932886809110641
-0.01762288808822632
0.0820634514093399
-0.06088632345199585
0.2533034086227417
0.34080997109413147
-0.0050996714271605015
-0.006045533809810877
-0.07777532190084457
-0.05008280277252197
-0.1763000339269638
0.05608123168349266
-0.04748183488845825
-0.0212105680257082
-0.08572086691856384
-0.16811461746692657
-0.0840136855840683
0.019011443480849266
-0.05181042104959488
-0.05330570414662361
0.01962888613343239
-0.04507725313305855
0.07504984736442566
-0.07881458848714828
-0.0961824432015419
-0.08348029106855392
0.3874985873699188
-0.04802506044507027
-0.038063209503889084
-0.14349348843097687
-0.0319448783993721
-0.03922393172979355
-0.015639368444681168
-0.04093468189239502
0.20683510601520538
0.2269790917634964
0.07519541680812836
-0.07022065669298172
-0.023021306842565536
-0.036749936640262604
-0.0763484537601471
-0.08607195317745209
0.0011134567903354764
-0.18391650915145874
0.05696287378668785
-0.09767550975084305
-0.08745407313108444
0.005512645933777094
-0.06978059560060501
-0.07413723319768906
-0.09647136926651001
0.05326717719435692
0.04609505459666252
0.19801391661167145
-0.04949145391583443
-0.0790422186255455
-0.04542612284421921
-0.0744888037443161
0.006661080289632082
0.06848806887865067
-0.06149880215525627
0.01389786135405302
0.10432928800582886
0.050811465829610825
-0.06654410809278488
0.09958518296480179
0.028945665806531906
0.13182826340198517
-0.01643344946205616
0.028683654963970184
-0.1417207419872284
0.06510968506336212
-0.055739983916282654
0.0672878846526146
-0.0766308456659317
-0.04915150627493858
-0.055601853877305984
0.023199627175927162
0.1567930430173874
-0.033061422407627106
-0.15264376997947693
0.0006066730129532516
0.15280340611934662
0.01362970657646656
0.15039584040641785
-0.07171284407377243
-0.05961882695555687
-0.02586512453854084
-0.016431700438261032
-0.017278585582971573
-0.015067473985254765
-0.02723531797528267
0.1709003895521164
-0.03085075505077839
-0.14967867732048035
-0.002948403125628829
0.21550816297531128
0.04074636846780777
0.20224280655384064
0.15152177214622498
-0.065884068608284
-0.04002310708165169
0.04847192019224167
-0.06264682114124298
-0.0710238367319107
0.10344422608613968
-0.13318248093128204
-0.03416470065712929
-0.027576640248298645
-0.02266116254031658
-0.07323535531759262
-0.15096406638622284
-0.04990292340517044
0.06088554114103317
0.032948799431324005
-0.042021799832582474
0.017049700021743774
0.09681238979101181
-0.07935796678066254
-0.0839877650141716
-0.06460634618997574
-0.0863022580742836
-0.07419870793819427
-0.07633159309625626
-0.09362512826919556
0.01001431792974472
-0.14913100004196167
0.0025128356646746397
-0.048261694610118866
-0.06874561309814453
0.08074458688497543
-0.06272005289793015
-0.07610169053077698
-0.010267841629683971
0.1235533356666565
-0.04306318238377571
-0.05580848082900047
-0.02241511642932892
0.01712760515511036
0.010614471510052681
0.05935891345143318
-0.028516119346022606
-0.07409197837114334
-0.04082805663347244
0.01439653616398573
0.16018128395080566
0.0341678112745285
-0.02089107409119606
-0.09182535111904144
-0.019859591498970985
0.05194896087050438
-0.049559030681848526
W
64
256
0.398786723613739
1.137833833694458
0.1261812448501587
0.5355454683303833
-0.028152763843536377
-0.035263046622276306
-0.7259385585784912
-0.2837962806224823
0.016120262444019318
0.02963319420814514
0.962177574634552
1.9836825132369995
-1.3985066413879395
-0.8798596858978271
0.0333787240087986
0.715117335319519
0.05636661499738693
-0.4756773114204407
-0.21178586781024933
-0.14001746475696564
0.03279518336057663
-0.20198075473308563
0.2609100043773651
0.45702970027923584
-0.10346861928701401
0.04705911874771118
-0.029016338288784027
-0.7850126028060913
-0.2867564260959625
0.19031763076782227
0.047625020146369934
1.0520904064178467
-0.12153925001621246
-1.983181118965149
0.06102776527404785
1.0907031297683716
-0.007861405611038208
-1.0884950160980225
-1.282565951347351
0.07521146535873413
-1.9775925874710083
0.3767816126346588
0.04130437970161438
-1.4357287883758545
0.17520184814929962
0.2729683816432953
1.983768105506897
0.5344440340995789
-0.17007671296596527
1.9843382835388184
0.21653470396995544
-0.3356454074382782
0.034495167434215546
-0.49178817868232727
-1.0486401319503784
-0.02091096341609955
0.05078493058681488
-0.7988134026527405
-0.008453459478914738
-0.05656164139509201
-0.010385550558567047
0.04931984841823578
-1.9750254154205322
-0.03896535560488701
-1.9838142395019531
-0.9910673499107361
0.8316741585731506
0.5627720355987549
0.31910133361816406
-1.9843051433563232
-0.2995269298553467
-0.1710040122270584
0.4239073395729065
0.036128006875514984
-0.6648131012916565
-0.6652255654335022
-0.6161370277404785
-0.002063065767288208
0.4771468937397003
-0.6173209547996521
-0.01943376660346985
0.11109830439090729
0.029090799391269684
-0.12588191032409668
0.8066043853759766
1.1471713781356812
0.29884690046310425
-0.5107141733169556
-0.8537682890892029
0.058549538254737854
0.9217362403869629
-1.2186464071273804
-0.0013364031910896301
0.02194964326918125
-0.5782875418663025
0.3314940631389618
-1.285304069519043
-1.1895711421966553
-0.007912248373031616
0.2998652160167694
0.38711878657341003
-0.9396559596061707
-1.0514225959777832
-0.3125620186328888
-0.5327097177505493
0.028245549649000168
0.16875092685222626
-0.0001547485589981079
-0.28744813799858093
0.2691480815410614
-0.007004726678133011
-0.048224274069070816
0.5503106117248535
-1.9822144508361816
-1.0225404500961304
-0.171207457780838
1.6761597394943237
-0.04764409363269806
0.19932326674461365
1.7793301343917847
-0.04108371585607529
-0.6282100081443787
-0.04691236466169357
-1.24189031124115
0.15660040080547333
0.20709633827209473
0.42029714584350586
0.015058010816574097
-0.11621777713298798
-0.05941155180335045
0.1737295687198639
-0.036789268255233765
0.5621505379676819
-0.43272849917411804
0.14802135527133942
0.1316821575164795
-1.0723592042922974
-0.013079054653644562
-0.6112140417098999
0.3305530250072479
0.5238327980041504
1.1689296960830688
1.906015396118164
0.15024538338184357
0.04296870529651642
-0.06815047562122345
0.033937010914087296
-0.12935884296894073
0.9615716934204102
-0.26758459210395813
-0.01047426462173462
1.6673765182495117
0.4020322859287262
0.15371759235858917
0.1906844675540924
0.2533867061138153
0.07969267666339874
1.9533239603042603
-1.9826078414916992
0.05644828826189041
-0.019328437745571136
0.11975392699241638
1.0895614624023438
-0.5322938561439514
1.0812366008758545
0.014422496780753136
-0.26712730526924133
0.688560426235199
0.5548996329307556
-1.0768282413482666
-0.08184093236923218
-0.39625680446624756
-0.012706957757472992
0.37267005443573
-0.13673639297485352
0.36586201190948486
-0.0045589879155159
0.4621049761772156
0.6613064408302307
0.22186094522476196
0.028962209820747375
0.41845443844795227
0.5180976390838623
0.13643017411231995
-0.0834086686372757
1.9829057455062866
0.5809956789016724
-0.6906293034553528
0.14116010069847107
-0.41831672191619873
-0.015062712132930756
0.30585411190986633
-1.0243911743164062
-1.0931005477905273
-1.8792476654052734
-0.12533554434776306
0.24670347571372986
0.03150741755962372
-0.053923361003398895
-0.1923402100801468
0.462103933095932
0.1572052538394928
-0.8919902443885803
-0.9830522537231445
-0.0520966574549675
-1.217374563217163
-1.321672797203064
0.023740805685520172
-0.003707103431224823
0.4552806317806244
0.6556258201599121
0.5800014734268188
0.6556842923164368
-0.02282608300447464
-1.4480782747268677
0.9958809018135071
0.03296986222267151
0.07496469467878342
-0.9673701524734497
0.05721386522054672
-0.6593332290649414
1.980891466140747
0.09924527257680893
0.017686419188976288
-0.5527654886245728
-0.02505636215209961
-0.0233989879488945
-0.021271035075187683
-0.03215327113866806
0.853848934173584
0.5602105259895325
-0.42531290650367737
0.8493983149528503
-0.03937333822250366
0.5707918405532837
-0.7293112277984619
0.017921634018421173
1.8837803602218628
0.3436315655708313
-0.052907392382621765
-0.5188733339309692
0.20888805389404297
1.9832146167755127
-1.9842348098754883
-0.9733713865280151
-1.0272709131240845
0.05041060596704483
0.03608245402574539
-0.4617253839969635
-0.11298758536577225
1.9800119400024414
-0.027372773736715317
-0.5759114623069763
-1.9837877750396729
-1.0165913105010986
-0.050817087292671204
0.5831230878829956
0.1801447570323944
0.4502670168876648
0.765436053276062
0.03927293419837952
-0.01987343654036522
0.719980776309967
0.43306875228881836
-0.012130364775657654
-0.0034651383757591248
-0.04496416449546814
-1.9840087890625
0.25738412141799927
0.3092605173587799
0.03261570259928703
-0.8699110746383667
-0.060640763491392136
1.1477254629135132
0.1575414538383484
-0.2776445746421814
0.010514356195926666
0.027205251157283783
0.697154700756073
-1.5760270357131958
0.047556087374687195
0.03208889812231064
0.05747853219509125
0.30877166986465454
-0.024999991059303284
-1.118299961090088
-0.0445074588060379
-0.6436310410499573
0.13436204195022583
-1.9834882020950317
0.005037032067775726
-1.6962144374847412
0.030504338443279266
0.19341018795967102
-0.10711341351270676
-0.2686639428138733
1.2659227848052979
0.2909003496170044
-0.005227117799222469
-1.9840089082717896
-0.7902650833129883
-0.13328377902507782
-1.7292609214782715
-1.442791223526001
-0.27239739894866943
1.5987054109573364
0.11471471190452576
-1.6367182731628418
0.0012603327631950378
0.5789347290992737
1.5151373147964478
0.023181013762950897
-0.057104066014289856
0.3376429080963135
-0.03692717105150223
0.00816778838634491
0.0020058974623680115
-0.04424005001783371
-1.6361989974975586
-0.04470410943031311
-1.9843145608901978
0.25067785382270813
-0.3851344883441925
-0.08985117077827454
-0.1273183673620224
1.9794131517410278
0.5896119475364685
-0.4053141474723816
0.5218235850334167
-0.03887002170085907
1.983875036239624
0.39218342304229736
0.4876697361469269
-0.05386738479137421
0.688714325428009
0.14283497631549835
0.045022882521152496
1.647492527961731
-0.06246790289878845
0.4880222678184509
-1.190142035484314
-0.8219818472862244
0.660918116569519
1.9835941791534424
1.043805480003357
0.030488193035125732
1.4440909624099731
1.3678128719329834
-0.05804532766342163
-0.06309418380260468
-0.06691399216651917
0.43093717098236084
1.2256773710250854
-0.10648255050182343
0.03912995383143425
0.27446603775024414
0.7038149833679199
0.27362921833992004
0.26609766483306885
0.5897095203399658
0.7125524878501892
0.9555187225341797
0.051859401166439056
-0.033468037843704224
0.18827220797538757
-0.49520838260650635
1.119063377380371
-0.0486343577504158
0.7349181771278381
-1.2718600034713745
-0.05171632394194603
0.09571467339992523
-0.01694301888346672
-0.04752092808485031
0.05909937992691994
0.15396787226200104
0.019011586904525757
-0.25881829857826233
0.008653372526168823
0.25032559037208557
-0.8371196985244751
0.9316644668579102
-0.15429748594760895
0.05825746804475784
0.5743382573127747
-0.03836124390363693
-0.453502893447876
-0.006120085716247559
0.5717353224754333
0.27322065830230713
-0.655848503112793
0.8408101797103882
-0.6794470548629761
0.014438256621360779
-0.5871074199676514
-0.12837886810302734
0.007469336502254009
-1.1751295328140259
1.983791470527649
-0.9165688157081604
0.012296967208385468
-0.03390399366617203
-0.9091141819953918
-0.012025592848658562
-1.0957709550857544
-0.004475227557122707
-0.04439543932676315
-0.2931215763092041
-0.7599875330924988
0.2571319043636322
-0.397429496049881
-0.02508631907403469
0.5016263127326965
-0.1219567283987999
-1.9835927486419678
-0.045862071216106415
-0.022355251014232635
0.013681230135262012
-0.3725058138370514
1.3121260404586792
-0.07137218117713928
-1.2494765520095825
0.5503694415092468
0.5307946801185608
0.08233815431594849
0.7150675654411316
-0.17512652277946472
-0.24759206175804138
0.036158956587314606
0.8557577729225159
0.017377322539687157
0.3582525849342346
-0.03020107001066208
0.2792951762676239
0.809686005115509
0.8837480545043945
-0.048653192818164825
0.19842632114887238
-0.26300299167633057
1.1681549549102783
-0.02088727243244648
1.160971999168396
-0.6707658171653748
0.026887934654951096
-0.26977404952049255
0.17640356719493866
-0.02137971669435501
0.7303459048271179
0.24076706171035767
-1.3774690628051758
1.9838333129882812
0.03140927851200104
0.099272720515728
0.06084096431732178
0.06793437898159027
-0.9493184685707092
-0.787468433380127
1.5343031883239746
0.7752744555473328
0.2117709368467331
0.011972732841968536
0.34556257724761963
-0.06297893822193146
0.016343601047992706
-0.01511286199092865
-0.35288262367248535
-0.46855998039245605
0.14447921514511108
0.615937352180481
0.04849107563495636
0.3172435164451599
0.07217846810817719
-0.00962049514055252
-0.41246381402015686
0.2434822916984558
0.04791845381259918
1.330420732498169
-1.1265745162963867
0.018260905519127846
-0.03653907775878906
-0.0718315914273262
0.0066718850284814835
0.05082692205905914
0.05252697318792343
-0.01934303157031536
-0.42989781498908997
1.1581306457519531
-0.05208062753081322
-0.7117274403572083
-0.026702500879764557
1.114147663116455
0.312235563993454
-0.006872512400150299
-1.9453083276748657
0.051271114498376846
0.00600181519985199
-0.9120431542396545
0.6637784242630005
-1.9838125705718994
1.8380550146102905
0.5843896269798279
0.236550435423851
0.00597701221704483
0.03831180930137634
-0.005965967196971178
0.21745561063289642
-1.080140471458435
-0.03976882994174957
-0.0005413958569988608
-1.9789382219314575
0.12905102968215942
-0.0333670973777771
-0.03388618305325508
0.02400241605937481
-0.02752489596605301
0.06146355718374252
-0.035593971610069275
0.019690990447998047
-0.03404160216450691
-0.06453441828489304
-0.05982732027769089
-0.0017917454242706299
-0.0511670783162117
0.003811858594417572
0.013252094388008118
-0.049722760915756226
0.014600478112697601
-0.014684152789413929
0.032859377562999725
0.00992334634065628
0.014350245706737041
0.034913189709186554
0.0019292384386062622
0.02298320271074772
-0.007861681282520294
0.02231646329164505
-0.004772781394422054
-0.04692019522190094
-0.032516174018383026
0.034795086830854416
0.052715055644512177
0.05083814263343811
0.03247826546430588
-0.009324423968791962
-0.010425602085888386
-0.05011565983295441
-0.02684638649225235
0.04970872029662132
-0.06104998290538788
0.05844810605049133
0.005159743130207062
-0.038390450179576874
0.0605723038315773
-0.05413956195116043
0.03712295740842819
0.04541539028286934
-0.013254992663860321
-0.04245311766862869
-0.034898288547992706
-0.03961043059825897
-0.010758362710475922
-0.04165671020746231
0.012636281549930573
0.016083143651485443
0.05661195516586304
0.0020884338300675154
-0.02471727877855301
0.05686498433351517
-0.005910247564315796
-0.018477782607078552
0.03543844819068909
-0.039404965937137604
-0.0089082270860672
-0.061028338968753815
0.03969274461269379
-0.05104485899209976
0.000285513699054718
0.03554755449295044
-0.042455095797777176
0.024697162210941315
0.01879660040140152
-0.02471829205751419
-0.04471432790160179
-0.009755505248904228
-0.01696281135082245
-0.02558416873216629
-0.003970891237258911
-0.037488944828510284
-0.02975049614906311
-1.537799835205078e-05
0.017528198659420013
-0.058736950159072876
0.040847912430763245
0.01139380969107151
0.041096724569797516
0.044603582471609116
0.04610402137041092
0.007413745392113924
0.024308878928422928
-0.013270445168018341
0.003733493387699127
0.039323821663856506
-0.03924543410539627
-0.051937203854322433
-0.002603583037853241
0.05064493417739868
0.0006937075522728264
-0.03915148600935936
-0.025518428534269333
-0.011764146387577057
-0.015366487205028534
-0.058850497007369995
-0.01413052249699831
0.028582274913787842
-0.025135040283203125
-0.05135445296764374
0.025602582842111588
-0.02967412956058979
0.053455106914043427
0.01208323985338211
0.023828372359275818
0.007170774042606354
0.01104900985956192
0.048899829387664795
-0.04065641760826111
-0.008680492639541626
-0.01350356638431549
-0.06602929532527924
-0.017962053418159485
0.0033563822507858276
-0.00046068429946899414
-0.0004667043685913086
-0.0020923912525177
-0.03402763605117798
0.022663801908493042
0.013191185891628265
-0.04703563451766968
-0.04262252151966095
-0.025456175208091736
-0.025365248322486877
-0.01821620762348175
0.040697552263736725
-0.017095990478992462
0.03377188742160797
-0.025171250104904175
0.04316980391740799
-0.05485866218805313
0.0240134596824646
-0.05500483512878418
0.05695793032646179
0.04033275693655014
0.0081900954246521
-0.032536111772060394
0.04161151498556137
0.04805241525173187
0.03891979902982712
-0.048383332788944244
-0.03682907670736313
-0.055018290877342224
0.010235600173473358
0.004961397033184767
0.06076612323522568
-0.054382093250751495
-0.010317958891391754
-0.008356898091733456
0.03730993717908859
-0.037840232253074646
-0.02230057865381241
-0.024082623422145844
-0.042588964104652405
0.014402724802494049
-0.05485618859529495
0.0022455304861068726
0.01720552332699299
-0.022678174078464508
-0.03579329699277878
-0.009180016815662384
-0.0006800293922424316
0.029619328677654266
0.05068304389715195
0.020792996510863304
-0.05510472506284714
0.021357018500566483
0.05393005907535553
-0.02267630398273468
0.035278137773275375
0.02380289137363434
-0.06133360415697098
-0.041186727583408356
-0.0608179047703743
-0.012567761354148388
-0.02876295894384384
0.048440657556056976
-0.014055848121643066
-0.005349945276975632
-0.010369917377829552
-0.04512631520628929
0.05775725096464157
0.042033035308122635
-0.013204023241996765
0.026773544028401375
0.054567061364650726
0.013482235372066498
-0.03500740975141525
0.028208836913108826
0.059543877840042114
-0.013938561081886292
-0.004422253463417292
-0.010061966255307198
0.03193344175815582
0.0023818635381758213
0.007515206933021545
-0.027371928095817566
-0.024196114391088486
-0.042859457433223724
-0.030319780111312866
0.0015654638409614563
-0.04327567666769028
0.04391788691282272
0.0211804062128067
-0.05145888030529022
-0.022374220192432404
-0.02568104863166809
-0.008792974054813385
-0.06746569275856018
-0.008461616933345795
-0.029991112649440765
-0.015711383894085884
-0.02143596112728119
-0.053465139120817184
0.04499054700136185
0.03304903209209442
0.03672972321510315
0.01597008854150772
-0.013865157961845398
-0.03724388778209686
-0.04790477454662323
-0.02259048819541931
0.012898392975330353
0.04880307614803314
0.034398019313812256
-0.060360901057720184
-0.017109885811805725
-0.02164076641201973
-0.004764683544635773
0.01873493194580078
0.044847842305898666
-0.05846606194972992
-0.05408374220132828
-0.0283261239528656
0.0006590336561203003
0.007365606725215912
-0.053550731390714645
-0.058865245431661606
-0.009190739132463932
-0.02327774278819561
0.015443429350852966
-0.050103560090065
0.005122184753417969
-0.042059414088726044
-0.006041789427399635
-0.06189475953578949
0.04028820991516113
0.030380524694919586
0.032362908124923706
-0.037311337888240814
-0.04632904380559921
-0.02410942316055298
0.524682879447937
-1.470489263534546
0.4319050908088684
-0.3312707245349884
0.02504052221775055
0.004455006681382656
0.14633698761463165
0.33273711800575256
0.029467187821865082
-0.010376572608947754
-0.6285980343818665
1.983831763267517
0.20661908388137817
1.5040485858917236
0.9181867837905884
0.38857197761535645
-0.2204073965549469
1.9084219932556152
0.7107622623443604
0.07823602855205536
0.0016512572765350342
0.2798251211643219
0.7372348308563232
-1.5090409517288208
0.007172336336225271
0.032789893448352814
-0.06135767698287964
0.3306630253791809
-0.07812894135713577
-1.059450387954712
0.04992576688528061
-1.983522653579712
0.20132766664028168
0.07392172515392303
0.02792060375213623
-1.7364635467529297
0.02696099877357483
-0.18800535798072815
1.9841690063476562
0.10160305351018906
-0.3392642140388489
-1.834852695465088
0.02515019103884697
1.9568980932235718
-0.586419403553009
-1.977408766746521
1.979610800743103
-1.9839954376220703
-0.32232147455215454
-0.33450838923454285
-0.6261423826217651
0.4403783082962036
-0.0593656450510025
0.6937987208366394
0.3431764841079712
0.04217373579740524
0.02768552303314209
1.5629600286483765
0.01810113899409771
-0.054653599858284
0.04006733000278473
0.031052500009536743
-0.025374460965394974
-0.051750779151916504
1.9843144416809082
1.386539340019226
-0.1159411370754242
-1.8875632286071777
-0.3899363577365875
0.5387789607048035
0.44882819056510925
-0.53413987159729
-0.017277633771300316
0.014798974618315697
1.8951826095581055
0.8293206095695496
0.5396820902824402
0.03915674239397049
0.9414221048355103
-0.33171892166137695
0.018669772893190384
-0.47146469354629517
0.030027218163013458
0.45763611793518066
-1.5360344648361206
-1.0388460159301758
0.2844967544078827
-0.3947703242301941
-1.561257004737854
0.02798447757959366
-0.8012616634368896
0.9775208830833435
-0.04876895248889923
-0.04695644602179527
0.9627305269241333
0.7453665137290955
0.6524189710617065
1.8517839908599854
0.02499382756650448
0.46710196137428284
-0.3913629651069641
1.8312269449234009
1.4038777351379395
0.6913496255874634
0.9730761647224426
0.5569958686828613
0.3233759105205536
0.029086001217365265
1.6158840656280518
-1.5988130569458008
0.23309028148651123
-0.017564985901117325
1.740946650505066
0.47590452432632446
0.27985015511512756
0.39023688435554504
0.07114958018064499
0.010516420006752014
1.56676185131073
1.9843549728393555
0.021692827343940735
-0.37286806106567383
-0.005514964461326599
1.6770398616790771
-0.7020708918571472
0.2564781606197357
0.23743769526481628
0.045348502695560455
0.3042978346347809
-0.04840046167373657
0.3278072476387024
0.035904645919799805
0.5006559491157532
0.5748594999313354
-1.5580769777297974
0.6732492446899414
0.10297325998544693
-0.02639593929052353
0.822392463684082
0.4991037845611572
-1.9811718463897705
-1.1022838354110718
-0.7639124393463135
0.044355668127536774
-0.019418353214859962
0.06309360265731812
-1.4294065237045288
0.24907785654067993
-1.1444841623306274
0.4640750288963318
-0.012453675270080566
-0.8774627447128296
-0.9821268916130066
-0.41349950432777405
-0.4177493751049042
-0.8414762020111084
0.345225065946579
-1.1821708679199219
-0.4325382113456726
-0.013052006252110004
0.03476157784461975
-1.6299428939819336
1.1763253211975098
-0.8262099623680115
0.6014197468757629
-1.5456160306930542
0.9113123416900635
-1.4848636388778687
0.3495499789714813
0.32702764868736267
0.32999032735824585
-0.3701842129230499
-0.0177067369222641
0.7421878576278687
-0.2825790047645569
0.5808700919151306
0.016289666295051575
0.31775811314582825
0.11694294214248657
0.5402687191963196
0.002951189875602722
1.9779373407363892
-0.4796527028083801
-0.29219764471054077
0.1386992484331131
1.865972876548767
0.7594948410987854
1.1374179124832153
0.3104870915412903
-0.870546281337738
0.02251294255256653
0.7607291340827942
1.7641316652297974
1.4374315738677979
1.5202131271362305
0.10373329371213913
-0.18836598098278046
-0.01812434196472168
0.18016858398914337
-0.8131353855133057
0.16715162992477417
1.9833673238754272
1.326425552368164
-0.11463639885187149
0.014415949583053589
1.9522732496261597
1.927886962890625
0.026378052309155464
-0.007501609623432159
-0.27728867530822754
-0.830968976020813
-0.667050302028656
0.6323311924934387
-0.057059112936258316
1.9676226377487183
-0.5972257852554321
0.05173312872648239
-1.4415380954742432
1.5505108833312988
-0.05247947573661804
1.9765881299972534
0.2911418676376343
-0.022827710956335068
-0.05121452361345291
0.6397247314453125
0.0037419069558382034
0.011702857911586761
0.04546482861042023
0.0068242670968174934
-0.5118920207023621
0.36060184240341187
0.9347859621047974
-0.790229082107544
-0.015853747725486755
0.631252646446228
1.0753724575042725
-0.027454257011413574
0.37849774956703186
0.33060330152511597
0.028214499354362488
0.10874197632074356
0.47400322556495667
-0.1266411989927292
-0.26048973202705383
-0.3929610252380371
1.7839879989624023
-0.010732337832450867
0.0009177997708320618
0.44148749113082886
-0.14805206656455994
-0.4973025619983673
0.03245319426059723
0.3698745369911194
1.9800037145614624
1.4343302249908447
0.02007123827934265
1.3610177040100098
0.7719061970710754
0.7948494553565979
1.686046838760376
0.03933794051408768
-0.04282956197857857
-0.5840510725975037
0.37890300154685974
-0.0014109760522842407
-0.013412229716777802
0.5937955975532532
0.18725691735744476
1.2678582668304443
-0.6969498991966248
-0.5223541259765625
1.0020846128463745
0.792879581451416
-0.27860721945762634
-0.7240583300590515
0.018654491752386093
0.02426808327436447
-0.008462371304631233
1.40379798412323
-1.9822372198104858
-0.5452995896339417
-0.009179346263408661
-0.05239549279212952
-0.6631966829299927
-0.37343254685401917
-0.14396783709526062
-0.059448644518852234
0.8305425047874451
0.1957118660211563
-0.9657036066055298
0.058170877397060394
1.3323999643325806
0.010111480951309204
-0.5380712747573853
-0.38831597566604614
0.1119643822312355
1.7762482166290283
-0.2602540850639343
-0.05138261616230011
1.9837021827697754
0.15864792466163635
0.8302252888679504
-0.45006364583969116
-0.36016684770584106
-0.152561217546463
1.9789072275161743
-0.1033363938331604
1.4760445356369019
-0.040271446108818054
-0.7290840148925781
0.2278367280960083
0.06047237664461136
0.007517576217651367
-0.513080894947052
-0.04422547295689583
0.05947236716747284
-0.02554437518119812
-0.03997404873371124
-1.825266718864441
0.044173311442136765
-0.8892638683319092
-0.628078281879425
0.668906569480896
-1.1532307863235474
-0.1285320669412613
-0.9294727444648743
0.990385890007019
-0.1869857758283615
1.0817092657089233
0.03697236627340317
0.35898226499557495
0.06291725486516953
0.05297555774450302
0.028443006798624992
0.09608244895935059
0.9071009755134583
0.04365964233875275
-1.6021744012832642
0.021882906556129456
0.9998533725738525
0.03238552808761597
0.35521894693374634
1.1037050485610962
0.3963508605957031
-1.9825648069381714
-0.060666270554065704
0.2593202292919159
1.3387959003448486
-0.05741746723651886
-0.02345903217792511
-1.075079083442688
1.2796645164489746
-0.8331918120384216
-0.43647462129592896
0.02847747504711151
1.0037729740142822
1.5812301635742188
-0.45314404368400574
-0.4294984042644501
-0.16407251358032227
0.3572794497013092
1.1907823085784912
0.8267809152603149
0.04187662899494171
0.9964292049407959
-0.688481867313385
-0.07819636166095734
0.00011310959962429479
-0.21105118095874786
-1.9839180707931519
-0.6355465054512024
1.003756046295166
1.3334362506866455
-0.004091136157512665
-0.737975537776947
1.9531723260879517
-0.037441685795784
-0.14418858289718628
0.029596835374832153
-0.6738430261611938
-0.4684485197067261
1.2512898445129395
-0.010922699235379696
-0.005998507142066956
1.0092540979385376
-0.04768449068069458
0.18291667103767395
-0.01206594705581665
1.40476655960083
-0.4048793911933899
0.6123853921890259
1.1484605073928833
-0.024363884702324867
-0.03783922642469406
-0.12634114921092987
0.4052913188934326
0.49376043677330017
1.4866653680801392
-1.3101181983947754
1.3602328300476074
0.021103613078594208
0.02755136787891388
-0.5476327538490295
-0.043288007378578186
0.5894821882247925
-0.9885767102241516
0.00742841511964798
0.9082959294319153
-0.82281094789505
0.07104519009590149
0.34301578998565674
0.19714225828647614
0.8747614026069641
-0.8664722442626953
-1.1456965208053589
0.018215347081422806
-0.03580373525619507
-0.20498619973659515
1.599640130996704
-0.4465559720993042
1.8463947772979736
-0.917589545249939
-0.10053973644971848
-0.09054551273584366
1.1599236726760864
-0.3343738913536072
0.13345594704151154
-0.435817688703537
-0.05098142474889755
1.781256914138794
-0.34969380497932434
1.0881792306900024
0.01669609546661377
0.996803343296051
1.3800290822982788
1.3751633167266846
0.05626273900270462
-1.117160439491272
1.3207615613937378
-0.23849889636039734
0.20057334005832672
-1.9798160791397095
0.6085138320922852
-0.22030490636825562
0.13125236332416534
-0.2071509212255478
0.010761633515357971
1.76230788230896
-0.6480597853660583
-0.11994877457618713
-1.984375
-0.10157158225774765
-0.3518594205379486
0.04501759260892868
-0.600206196308136
-0.6186529397964478
0.6981977224349976
0.3532845675945282
-0.39326992630958557
0.15879425406455994
-0.05073646456003189
-0.4228476583957672
-0.39145439863204956
0.009757813066244125
-0.009546354413032532
0.37164807319641113
0.29062700271606445
0.16847431659698486
1.4917008876800537
-0.008962005376815796
-0.9633570313453674
0.41633591055870056
-0.03711584955453873
0.4585977792739868
-0.8660973906517029
-0.04492602497339249
1.6036689281463623
0.40561771392822266
0.11825592815876007
0.006584614515304565
-0.9655956029891968
0.0008095758385024965
0.022697322070598602
-0.022348828613758087
0.006686063017696142
0.2916092574596405
1.7869819402694702
-0.35123130679130554
0.4380280673503876
0.04965141415596008
-0.8075544238090515
-0.39045536518096924
0.057810381054878235
1.299049973487854
0.3744186460971832
0.05912967771291733
-0.3926646113395691
1.304214358329773
1.9829174280166626
0.30093181133270264
-0.1458919495344162
-0.3552868664264679
-0.009100072085857391
0.05497525632381439
0.027372324839234352
-0.4903917908668518
1.9803810119628906
0.045999929308891296
-1.055666446685791
-1.9843542575836182
-0.3427337110042572
-0.018788963556289673
-1.30442476272583
-0.34714454412460327
-0.8249300718307495
-0.43034136295318604
0.016907311975955963
-0.018685948103666306
0.7719184160232544
0.5749510526657104
0.04834073781967163
-0.049613386392593384
-0.562854528427124
-1.9839115142822266
0.11661313474178314
0.7424567341804504
0.04550563171505928
-0.6636444926261902
0.21597634255886078
1.9795185327529907
0.7882115244865417
0.4544715881347656
0.05447988212108612
-0.12715737521648407
-1.3502271175384521
0.13077840209007263
0.12064173817634583
0.0140460804104805
0.024765364825725555
0.5859870910644531
0.3682028353214264
-1.1709448099136353
-0.04343407601118088
-1.8704743385314941
-0.8174129128456116
-1.7718788385391235
-0.02381252497434616
-1.4441369771957397
0.0469096302986145
1.9408172369003296
0.9769861698150635
-0.7171795964241028
-0.28823086619377136
0.8153839707374573
0.05185159668326378
-1.7557621002197266
-1.1089305877685547
-0.8759057521820068
-1.9829071760177612
-1.9838781356811523
1.065590262413025
-1.984375
-0.3734673261642456
-0.40224334597587585
0.010927170515060425
0.9074387550354004
1.7063895463943481
-0.01996190845966339
-0.02536705881357193
0.8855191469192505
0.007672246545553207
-0.01036980003118515
0.0309019535779953
-0.03643515706062317
0.7241787314414978
-0.004768684506416321
-1.9842643737792969
0.7499747276306152
-1.427382230758667
-0.4527174234390259
-0.21904706954956055
1.9734565019607544
-0.8937089443206787
-0.5035746693611145
-1.2174161672592163
0.05504603683948517
-0.9960024356842041
-1.2888612747192383
1.0072197914123535
0.03299440070986748
0.24647195637226105
-1.0148108005523682
0.012144776992499828
0.34522539377212524
-0.010797828435897827
-0.7739682793617249
-1.9337294101715088
-0.693570077419281
-1.1384917497634888
-1.9819105863571167
-1.855493187904358
0.013792552053928375
-1.1853443384170532
1.2716001272201538
0.0066719651222229
0.002534774597734213
1.2929738759994507
-1.059232473373413
1.4710328578948975
0.6818850636482239
-0.039870548993349075
-0.9087711572647095
-0.4607008993625641
0.659225583076477
0.9804917573928833
0.6283007860183716
0.6846411824226379
-1.2096315622329712
0.24645978212356567
0.038643740117549896
0.9521665573120117
-0.028791239485144615
0.7336199283599854
0.021235479041934013
-0.470949649810791
1.9811856746673584
0.559820830821991
-0.501608669757843
-0.9311581254005432
-0.05406209081411362
1.06436026096344
1.8412573337554932
0.05445418506860733
-0.9860131740570068
-0.06052965670824051
0.9054574966430664
-0.8219861388206482
-1.183083415031433
-0.807865560054779
0.0032250061631202698
-0.6288606524467468
-0.015731893479824066
-0.4918491244316101
0.034063003957271576
-1.1389386653900146
-0.04733545705676079
-1.0409311056137085
-1.4479783773422241
0.9830352067947388
-0.034717679023742676
0.3681070804595947
0.28698837757110596
-0.22941014170646667
-1.9209115505218506
1.1192626953125
-1.9834351539611816
-0.050565205514431
-0.025612734258174896
-1.1499197483062744
0.5666024684906006
-1.1258338689804077
0.24166813492774963
0.04939092695713043
-1.1565747261047363
-1.3228979110717773
-0.020243624225258827
-0.3542237877845764
-1.0039899349212646
-0.7248491048812866
1.7473490238189697
-1.984251856803894
-0.046197645366191864
-0.019344665110111237
0.8166393041610718
-0.1923617124557495
0.3678550124168396
-0.6494810581207275
1.5837939977645874
0.7874404191970825
0.7373878955841064
-1.044925570487976
0.9513422846794128
0.10710824280977249
0.45371589064598083
0.04110296815633774
-1.861863374710083
0.5348372459411621
-0.9988378882408142
0.0394730418920517
-0.9212332963943481
-0.7287971377372742
-1.2540227174758911
0.009436257183551788
0.23606634140014648
-1.4411619901657104
1.9837820529937744
-0.4667193591594696
0.03341620787978172
-0.6828926801681519
0.452882319688797
-0.5826172232627869
1.1115460395812988
-0.007933683693408966
-1.2623125314712524
0.6869747638702393
-1.3573979139328003
1.172037959098816
1.2184544801712036
-0.15389901399612427
0.048805661499500275
0.23865635693073273
-0.8008503913879395
-1.313213586807251
1.9812816381454468
1.1429152488708496
0.3086332678794861
-0.036539897322654724
0.8923866748809814
0.691135048866272
-0.04803449660539627
0.04003971070051193
-0.9782015681266785
-0.4914655387401581
-0.347141295671463
-0.9085687398910522
-0.04446236044168472
1.1243678331375122
0.25237518548965454
0.03868018835783005
-1.5508302450180054
0.8435641527175903
-0.0015340298414230347
1.9283349514007568
-1.3075873851776123
-0.008822334930300713
-0.021555006504058838
-0.17413832247257233
0.03865015506744385
0.00821956992149353
0.050870731472969055
-0.06367447227239609
-0.2639780342578888
-1.980126976966858
0.7705129981040955
-0.654577910900116
0.015011325478553772
1.3584108352661133
0.7952883839607239
-0.022733889520168304
-1.9812813997268677
-0.48177799582481384
0.046334512531757355
1.5873876810073853
-1.0989686250686646
-1.9836945533752441
-0.7739162445068359
-0.5296102166175842
0.6323037147521973
0.04024839401245117
0.013987153768539429
0.4629613757133484
-0.07901734858751297
-0.7455201148986816
0.04522804915904999
0.011172043159604073
1.9838361740112305
0.5121426582336426
-0.04007061570882797
-0.09721142798662186
-1.8464183807373047
-0.3849606215953827
-1.0549960136413574
-0.031772010028362274
-0.049149755388498306
-0.021113408729434013
-0.09927605092525482
-0.06208357214927673
-0.027792736887931824
0.13449178636074066
-1.9841077327728271
0.6532906889915466
-0.46740591526031494
0.06452695280313492
0.4562329053878784
-0.7586955428123474
0.10189912468194962
0.3877316415309906
-0.3350934088230133
0.04283999651670456
0.3011869788169861
-0.16802828013896942
-0.45973169803619385
-0.7642996311187744
0.06183718889951706
-0.05830732733011246
0.5350496172904968
0.37706610560417175
1.3589115142822266
-0.011161379516124725
-0.5345129370689392
0.4398026764392853
0.5296551585197449
-0.0543670654296875
-1.5966689586639404
-0.028459109365940094
0.1222589984536171
-1.0051355361938477
-0.11561441421508789
1.981383204460144
-1.6141899824142456
-0.015858637169003487
1.8460830450057983
-1.0315982103347778
1.984375
-1.9836863279342651
-1.7063164710998535
-0.6225493550300598
1.984188437461853
0.6176257729530334
1.4521007537841797
-0.04525198042392731
0.44875991344451904
-1.302056908607483
0.013211093842983246
-0.0330820232629776
-0.7207584381103516
0.06714599579572678
-0.034289345145225525
0.020625583827495575
-0.053808555006980896
0.1900499016046524
0.04308704286813736
1.984256386756897
-0.46515876054763794
-0.37780576944351196
-1.9010189771652222
-0.11544596403837204
-0.07796573638916016
-0.4450635612010956
0.8985495567321777
-0.26768743991851807
0.05329509079456329
-1.9821815490722656
0.11368023604154587
0.28050482273101807
0.02871043235063553
0.6716954708099365
-0.7192655801773071
0.026087123900651932
-1.5273512601852417
0.05186738818883896
-0.23082156479358673
-0.5170055627822876
0.2961622178554535
-0.16819153726100922
-1.8713587522506714
1.8163667917251587
0.019367963075637817
-0.36469218134880066
0.05571264401078224
-0.007074587047100067
-0.0309281162917614
0.8679112792015076
-0.13854697346687317
1.659462809562683
-0.7945786118507385
-0.016098929569125175
-0.13984869420528412
-1.4272723197937012
-0.5798928141593933
-0.6552680730819702
-0.3212994337081909
0.41929563879966736
-0.036413371562957764
1.25969660282135
0.0010112300515174866
-0.2277044653892517
1.5071394443511963
-0.16618964076042175
0.06953977048397064
0.5100288987159729
-1.283795952796936
-0.6442545652389526
-0.054913852363824844
-1.017054796218872
0.015795975923538208
-0.45668768882751465
-1.7441842555999756
-0.035657912492752075
0.6072081327438354
0.058880195021629333
-1.027379035949707
0.9356144666671753
-0.2727191150188446
0.8417956829071045
-0.043309710919857025
-0.008798578754067421
-0.019821269437670708
0.028765590861439705
-0.018822021782398224
-0.02889423817396164
0.3620910942554474
-0.4659179151058197
-0.19171899557113647
0.25349563360214233
-0.02130787819623947
-0.5607437491416931
-0.18826623260974884
-1.1692041158676147
0.7253769636154175
1.3338053226470947
0.047816429287195206
0.059744127094745636
-0.04541981220245361
1.5236937999725342
0.14667193591594696
-1.0676683187484741
0.1280231475830078
0.01658695936203003
-1.9694926738739014
-0.6188910603523254
-0.1742798238992691
0.20359405875205994
-0.5325005650520325
-0.21813853085041046
1.9822620153427124
0.2727511525154114
0.04847577214241028
-0.03368835151195526
-1.5598015785217285
-0.20922519266605377
-0.816306471824646
0.5999495387077332
-0.5451420545578003
0.8730365037918091
-1.984231948852539
-0.10575894266366959
-1.0408082008361816
-0.5096566677093506
-0.3792664408683777
0.03866963088512421
-0.11632010340690613
-0.08188506960868835
-0.20362551510334015
-0.015421181917190552
-0.23142334818840027
-0.8423948287963867
-0.15302619338035583
0.0072651207447052
1.980937123298645
0.047963254153728485
0.2082294523715973
0.16564542055130005
1.953174114227295
0.3880544602870941
-0.43896210193634033
-0.2026049792766571
-0.9035588502883911
-0.025148876011371613
-0.3336193561553955
-0.7264763116836548
1.295168399810791
-1.9832314252853394
-0.3103393018245697
0.4681881368160248
-0.011846095323562622
-0.1957685351371765
1.2630950212478638
0.5001135468482971
1.3541136980056763
0.4760849177837372
-0.6485459804534912
-0.05586888641119003
-1.0118180513381958
-0.6093910336494446
-0.05289311334490776
0.020220577716827393
0.8378461599349976
0.4612027406692505
0.37580472230911255
-0.24840818345546722
-0.04221068322658539
-0.4525073766708374
-0.563368022441864
-0.011314958333969116
-0.7529010772705078
-0.6566501259803772
-0.005753710865974426
-1.9834554195404053
0.6191984415054321
0.07031414657831192
0.0074664875864982605
0.05319686233997345
0.04125687852501869
-0.0411439910531044
0.01890990138053894
0.05088093876838684
0.7474954724311829
-0.43784937262535095
-0.2906895875930786
0.9391700625419617
0.04256811738014221
0.689215362071991
-0.4777856469154358
0.02999790757894516
-0.023039810359477997
0.5566525459289551
0.061407335102558136
0.7824071049690247
-0.3234405219554901
0.182007297873497
1.0629063844680786
0.8200485706329346
-0.5090702772140503
0.0013888999819755554
0.0569344237446785
-0.2833265960216522
-0.9832015037536621
1.9843262434005737
-0.017094619572162628
0.19055667519569397
1.9751423597335815
-0.46209248900413513
0.05258868634700775
1.5730466842651367
0.6050540804862976
1.3377923965454102
1.723744511604309
-0.03920700401067734
-0.0007981553790159523
-0.32750606536865234
1.287905216217041
-0.047906361520290375
0.03922797739505768
0.7464283108711243
-1.9840190410614014
0.27650749683380127
-0.8115752935409546
-1.970546007156372
-0.13451285660266876
-0.8996305465698242
0.716890811920166
0.4532490372657776
-0.10750193148851395
0.005997858941555023
1.0053304433822632
1.9832713603973389
-0.19818001985549927
-1.983189344406128
-0.015856683254241943
0.02738943323493004
0.5791800618171692
-0.6492951512336731
0.8064677119255066
0.06022699177265167
-1.317367434501648
-0.011488759890198708
-1.8516374826431274
0.051521047949790955
-1.1656577587127686
-0.025486715137958527
0.3596186339855194
-0.14831455051898956
0.24021238088607788
1.984375
0.29805541038513184
0.018524661660194397
1.812247395515442
-1.6626431941986084
1.984375
-1.983475923538208
-1.7643040418624878
-0.900307834148407
1.984241247177124
-0.11143577098846436
1.2793817520141602
0.01780146360397339
0.7517770528793335
-1.0402692556381226
0.03633534163236618
-0.04996563494205475
-0.2971728444099426
-0.04213200509548187
-0.037524521350860596
-0.061318524181842804
0.049584776163101196
0.2275276929140091
0.0514492392539978
1.9841643571853638
-0.7920666337013245
-0.7275194525718689
-1.4103528261184692
0.5885512828826904
1.9832004308700562
1.2936606407165527
0.5600876808166504
1.578336238861084
-0.027562426403164864
-0.8354945182800293
-1.324508547782898
1.2066508531570435
0.005851165857166052
0.630017101764679
0.13831336796283722
-0.013794622384011745
-1.55161452293396
0.014162629842758179
1.3096932172775269
-1.9039644002914429
0.5156323313713074
1.5571155548095703
-1.9679869413375854
1.0054835081100464
-0.0013966187834739685
-0.047668248414993286
-0.5117210149765015
0.027630478143692017
-0.06273806840181351
-0.2598969340324402
1.1282081604003906
0.8021782636642456
0.02348431944847107
-0.01749459095299244
1.1272188425064087
1.129693865776062
-0.252032071352005
-0.2978583872318268
-0.09864924103021622
0.5752557516098022
1.615297555923462
1.6849199533462524
0.06053922325372696
-0.18516887724399567
-0.039710141718387604
-0.9457868933677673
0.016778187826275826
-0.3609331548213959
0.21902920305728912
-0.7501819133758545
-0.17091213166713715
-1.3402659893035889
-0.039802536368370056
-0.3847093880176544
1.9802018404006958
-0.02273251861333847
0.9512558579444885
-0.04960612207651138
-0.8572841882705688
0.4856325685977936
1.6794838905334473
0.06693601608276367
0.007492236793041229
1.5326521396636963
-0.008376624435186386
0.08071800321340561
-0.02949969470500946
1.593799114227295
0.11752224713563919
-0.7261394262313843
1.982071876525879
1.4040982723236084
-0.009312748908996582
-0.6319108009338379
-0.8957024812698364
0.20368771255016327
-1.6028108596801758
-0.16837652027606964
-0.539156973361969
0.04259069636464119
-0.007488985080271959
0.5684887766838074
-0.053963299840688705
-1.2270722389221191
-0.8641957640647888
-0.027858465909957886
-1.2730525732040405
0.749688446521759
0.43314114212989807
0.8972547054290771
0.2349981665611267
1.1446501016616821
1.419334888458252
-1.984334111213684
0.05407407879829407
-0.04984522610902786
-0.26203349232673645
-1.0413498878479004
0.8723480105400085
0.7851152420043945
-1.5571534633636475
0.46381446719169617
-0.08952639251947403
1.4167535305023193
-0.6192053556442261
-0.2608392834663391
-0.06538188457489014
-0.05862187594175339
1.982883334159851
-0.697854220867157
1.2917909622192383
0.0076391324400901794
1.0970184803009033
1.2121672630310059
1.6080588102340698
-0.03408633917570114
1.4685477018356323
-0.2051614671945572
1.903198480606079
1.176223635673523
1.3391848802566528
0.04803558066487312
-0.3157615065574646
0.34590449929237366
0.01653188094496727
0.0012912526726722717
1.982500433921814
-0.8289969563484192
0.7297742962837219
-1.981521487236023
0.23071162402629852
0.4313409924507141
0.04050471633672714
0.32071998715400696
0.6044831275939941
0.6693152785301208
1.8720166683197021
-0.09175849705934525
-0.33738118410110474
-0.0567469447851181
-0.08282113820314407
0.060316551476716995
-0.0365278497338295
-0.055296093225479126
0.7140176892280579
0.5201440453529358
1.983092188835144
1.6661344766616821
0.0026108326856046915
-0.9221580028533936
-1.2142537832260132
0.056839920580387115
-0.5266520977020264
-0.45170342922210693
-0.054521217942237854
-0.469209760427475
0.6621007919311523
0.055912841111421585
0.0398869588971138
-0.30667126178741455
-0.014002589508891106
0.05751359462738037
-0.06209736317396164
-0.06209148094058037
0.15406575798988342
1.9830659627914429
-0.1326126754283905
0.20077311992645264
-0.02583320438861847
1.983785629272461
-0.24479414522647858
-0.05486452579498291
1.4560974836349487
-0.12806616723537445
-0.023743994534015656
-0.2826092541217804
1.3386752605438232
1.9825752973556519
1.927119493484497
0.9965348243713379
0.19340218603610992
-0.03357219696044922
0.010051630437374115
0.0031852645333856344
-0.783430278301239
0.7942126393318176
-0.04202441871166229
-0.7296133637428284
1.9736236333847046
-0.18979795277118683
-0.03890836238861084
0.16672956943511963
-0.001596380490809679
0.0884937271475792
0.21729715168476105
0.0522405281662941
-0.0002487811434548348
0.3022249639034271
-0.569320559501648
-0.05261625349521637
0.0122922882437706
0.22918078303337097
-0.1900731772184372
0.329999715089798
1.8650453090667725
0.588779628276825
-0.21449773013591766
-0.007964431308209896
0.1995534598827362
0.21735866367816925
-0.16446810960769653
0.02998202294111252
0.06258317083120346
0.12301434576511383
-0.23770974576473236
-0.28811174631118774
-0.031709469854831696
-0.016654424369335175
0.024050690233707428
0.031073864549398422
0.49434077739715576
-0.05016621947288513
0.5566519498825073
0.10192454606294632
0.27535316348075867
-0.03710514307022095
-1.9842281341552734
0.010522797703742981
-0.430766761302948
1.983670711517334
0.02977687120437622
0.024553639814257622
0.03675522282719612
-0.0403088741004467
-1.9825103282928467
-1.9838697910308838
-1.9335755109786987
0.21313410997390747
0.07576175034046173
0.12670165300369263
-0.9214493632316589
0.061910178512334824
-0.10636450350284576
0.052893757820129395
0.3756188154220581
-0.734818696975708
-0.001389332115650177
0.003910720348358154
1.9169713258743286
0.04553478956222534
-0.05970188230276108
-0.049654699862003326
0.011675409972667694
0.09120570868253708
-0.06171790510416031
1.9838367700576782
1.6775246858596802
0.5651111006736755
-0.22054733335971832
0.0022273054346442223
-0.468033105134964
0.08703449368476868
-0.4123309254646301
0.10279196500778198
0.015971854329109192
0.9580669403076172
0.16737593710422516
0.520547091960907
0.03259008750319481
-1.7724182605743408
-1.9842193126678467
-0.04708275571465492
-0.6462141275405884
0.061318494379520416
0.09859997779130936
-0.8089267015457153
0.23540906608104706
0.08191818743944168
-0.05029277503490448
1.984336256980896
0.03789476305246353
0.5303173065185547
0.07168108969926834
-0.014169357717037201
-0.025468667969107628
-0.010476683266460896
0.14212900400161743
-1.2721233367919922
1.9178720712661743
-0.04594099521636963
0.10847509652376175
0.13274726271629333
1.654334545135498
1.4098740816116333
0.11825249344110489
-0.07019791007041931
0.13598956167697906
-0.7324110865592957
-0.03187207132577896
0.3893263638019562
0.17524343729019165
-0.060111694037914276
0.009403213858604431
-0.008015799336135387
1.412097692489624
0.10154260694980621
-1.0024718046188354
0.3281990885734558
0.03966549038887024
1.6239901781082153
0.21939897537231445
-0.05339420586824417
-0.07384394854307175
-0.03267880529165268
1.9840221405029297
1.0898362398147583
0.12244266271591187
0.1189836785197258
-0.017644278705120087
0.11485827714204788
0.02304326742887497
-0.14091306924819946
-0.04572257399559021
0.14316639304161072
-0.11221432685852051
-0.5125030875205994
0.19349835813045502
-0.3362443745136261
0.04472938925027847
0.014974655583500862
0.18911640346050262
-0.8051248788833618
-0.12217964231967926
0.8938046097755432
1.9839234352111816
-0.04947717487812042
0.0026176869869232178
0.3217600882053375
-1.984375
0.2955310344696045
1.9643363952636719
-0.060024864971637726
0.12738370895385742
-0.327488511800766
-0.02624177746474743
-0.10066830366849899
-0.03407551348209381
0.09619192779064178
-1.9835251569747925
-1.1874138116836548
-0.020706787705421448
0.055505894124507904
-0.0055188569240272045
-0.23121821880340576
0.4540494978427887
-0.6691969633102417
-0.2136080414056778
-0.007560009602457285
-0.035871826112270355
0.1219705268740654
-0.07517625391483307
-0.4255693554878235
0.06704827398061752
0.019505225121974945
0.16494683921337128
0.02834301069378853
0.10010657459497452
-0.060076914727687836
0.07025974243879318
0.1932665854692459
0.15087416768074036
-0.002613566815853119
-0.23915904760360718
-1.0228766202926636
-0.534695565700531
0.12496885657310486
0.39877283573150635
0.050007257610559464
0.9235630631446838
0.022944871336221695
0.046760257333517075
0.06054454296827316
0.18937741219997406
1.980128288269043
-0.32521915435791016
-0.2999832332134247
-0.24388228356838226
-0.08242938667535782
-0.008066542446613312
1.6491374969482422
1.1042460203170776
0.14939455687999725
-0.6389267444610596
-0.3628595471382141
1.4332815408706665
-0.01817983388900757
1.9801487922668457
1.6313225030899048
-0.0026090890169143677
0.04123278707265854
0.4730614721775055
-0.9081709980964661
-1.9242116212844849
0.12565508484840393
-0.015458466485142708
1.9840307235717773
-0.4052123725414276
0.01667347550392151
-1.875901222229004
1.9740151166915894
-0.036934442818164825
0.03486746922135353
0.08507611602544785
-0.0822451040148735
0.006753318011760712
1.984256386756897
-0.025312505662441254
0.014523148536682129
0.004281319677829742
0.004800121765583754
-0.8630133867263794
0.20086440443992615
1.2225998640060425
-0.7943652868270874
-0.006131917238235474
1.6797900199890137
1.3716386556625366
-0.04430237412452698
0.33973872661590576
-0.09031131118535995
0.05825632065534592
0.3913322985172272
0.11395115405321121
-0.2614099979400635
1.0303070545196533
-0.5112369060516357
1.2148149013519287
-0.057026468217372894
0.05514008551836014
-0.08357208222150803
-0.05002712458372116
-0.5042819976806641
-0.05575750768184662
1.9841721057891846
-0.5086103677749634
1.1666299104690552
-0.04614396393299103
0.28034865856170654
-1.7066396474838257
0.11402640491724014
-0.6115688681602478
-0.04556925594806671
0.0625166967511177
-0.42607787251472473
0.05976506322622299
0.05264484882354736
0.004631906747817993
0.18677391111850739
-1.7073347568511963
-0.17779070138931274
-0.12910468876361847
0.3717643618583679
0.590381383895874
-0.8375269174575806
-0.014792532660067081
-0.16243354976177216
0.08912355452775955
0.01721644401550293
0.13461638987064362
0.25979241728782654
-0.6357632875442505
-0.6660800576210022
0.007546663284301758
0.03375205397605896
0.050656259059906006
0.2168203443288803
1.0123522281646729
0.057197362184524536
1.063326358795166
0.37704792618751526
-0.8112505078315735
-0.04319041222333908
1.3776127099990845
0.051631420850753784
-0.9381444454193115
-0.22801770269870758
0.06977088749408722
0.1567533165216446
-1.6118971109390259
-0.03137815743684769
1.9795153141021729
0.14210925996303558
1.6491492986679077
-1.948022484779358
-0.15448497235774994
-0.9325482845306396
1.981781005859375
0.3009389340877533
1.9036386013031006
0.03872346878051758
-0.16625644266605377
-1.3681055307388306
0.05305536836385727
0.0421563982963562
-0.16802962124347687
0.03927849605679512
-0.03439788520336151
-0.007378540933132172
-0.018608927726745605
0.9075675010681152
0.04224787652492523
1.9833799600601196
-0.11669660359621048
0.05784684047102928
0.9608806371688843
-0.28854086995124817
-0.049612898379564285
0.1754389852285385
0.4617115259170532
0.2666178047657013
-0.008401282131671906
0.5279915928840637
0.8705041408538818
0.050505172461271286
0.03533755615353584
1.5550342798233032
0.05350961908698082
0.0012382350396364927
-1.9834283590316772
0.05604233592748642
0.19229581952095032
0.8609285354614258
0.47945091128349304
0.31973591446876526
1.9832197427749634
-0.6610741019248962
-0.03727264702320099
-0.8636466264724731
-0.10372225195169449
-0.03836451470851898
-0.0065184845589101315
-0.013085386715829372
0.14737555384635925
-0.48034051060676575
-0.057624269276857376
-0.04459109157323837
0.10028771311044693
-1.1593197584152222
-0.0994759052991867
-0.22815054655075073
-0.5872291922569275
0.5716787576675415
0.41090160608291626
1.1668380498886108
-0.017328999936580658
-0.1787124127149582
0.6516503691673279
-1.0540151596069336
-0.030451446771621704
0.6032217741012573
1.9837305545806885
-0.5663135051727295
0.3955303430557251
0.2032359093427658
0.05950324982404709
-0.43544456362724304
-0.6430454254150391
-0.05709565430879593
0.37580356001853943
-0.047092802822589874
-0.42709121108055115
0.7682802081108093
0.25883948802948
0.9149840474128723
-0.0031014159321784973
0.3070744276046753
-0.019928734749555588
0.06208856776356697
-0.04989703744649887
0.16661056876182556
0.2183118760585785
-0.47692403197288513
0.4176516532897949
0.008113140240311623
-0.030173100531101227
-0.21594266593456268
-0.1803758144378662
0.3369079828262329
0.26230984926223755
-0.5483865737915039
0.9730437397956848
0.00992536824196577
-0.06917072832584381
0.6573897004127502
0.15479321777820587
0.64400315284729
0.49584725499153137
0.005244828760623932
-0.6622906923294067
0.8637701869010925
-0.3506599962711334
0.2709590494632721
-0.05216692388057709
0.0628390833735466
0.7917134761810303
0.5444427132606506
-0.0038192637730389833
0.017429783940315247
-1.9769036769866943
-0.8588555455207825
-0.7591661810874939
0.908159077167511
-1.1487597227096558
-0.10974054038524628
-1.9836078882217407
0.0819535180926323
-0.6034058928489685
-0.42723187804222107
-0.3679294288158417
-0.033517345786094666
0.4976240396499634
-0.10688857734203339
0.039472538977861404
-0.026674196124076843
0.037638820707798004
-0.10510098189115524
0.19446595013141632
-0.038331687450408936
1.2599667310714722
0.502544641494751
-1.8632354736328125
0.08521312475204468
1.98289155960083
0.5530115365982056
-0.003159332787618041
0.14066380262374878
-1.2129994630813599
-0.008445702493190765
0.08863777667284012
0.04850534722208977
1.775686264038086
-1.0372182130813599
-0.622925341129303
0.3576640784740448
-0.0015742108225822449
0.033786237239837646
0.6303138136863708
1.3345584869384766
-0.4849894344806671
-0.04212122783064842
-0.5115152597427368
0.011408314108848572
-0.3365267217159271
0.24681241810321808
-0.040594473481178284
0.0033461004495620728
0.30329734086990356
0.17534402012825012
0.013959657400846481
0.08650656044483185
0.0015023228479549289
-0.2811092436313629
-0.7093662619590759
-0.00938907265663147
0.16856004297733307
0.03285916522145271
0.026128992438316345
-1.984375
0.8391715884208679
0.12894435226917267
-0.023132458329200745
0.5439751148223877
0.010268593207001686
0.029956094920635223
-0.05272820591926575
0.026986148208379745
0.47707194089889526
0.31914764642715454
-0.12158901989459991
0.36107125878334045
-0.04430686682462692
-0.9071630835533142
-0.005277320742607117
0.005514807999134064
1.6966323852539062
0.6352851390838623
0.0002610906958580017
-0.272892564535141
-0.06763293594121933
1.9841639995574951
1.9836944341659546
0.34223437309265137
0.007481128443032503
-0.05276817828416824
0.05180094391107559
-0.314118355512619
-0.8627526164054871
1.055425763130188
-0.014535519294440746
0.4591383934020996
-1.9814815521240234
0.17543809115886688
0.04990379512310028
0.3276462256908417
0.08841969072818756
0.3960105776786804
0.009070437401533127
-0.0007806867361068726
0.007641210686415434
-0.9124128818511963
-0.20351597666740417
-0.0011392384767532349
-0.02216041088104248
0.4228972792625427
1.9839625358581543
0.20182055234909058
-0.30097490549087524
-0.18278388679027557
0.029750371351838112
-0.28693434596061707
-0.019028058275580406
-0.09597818553447723
-0.35951393842697144
0.041700951755046844
0.12848412990570068
0.5163060426712036
-0.10895998775959015
0.042623236775398254
-0.04822588711977005
-0.03177196532487869
-0.439800500869751
-0.10430672019720078
0.3124855160713196
0.019474484026432037
0.46831756830215454
0.33251166343688965
-1.984306812286377
0.0011749118566513062
0.5329194068908691
0.054276011884212494
-0.773922324180603
-0.2934347689151764
0.14589378237724304
1.7785820960998535
-0.5798501372337341
-0.04187997430562973
-1.4647698402404785
0.1747879683971405
1.9765359163284302
1.9837393760681152
0.36695596575737
-0.11051750928163528
1.9843031167984009
0.24493873119354248
-0.5874315500259399
0.04222315549850464
-0.43539929389953613
-0.7710446715354919
0.04471384733915329
-0.04459603130817413
-0.27420762181282043
-0.07002744823694229
0.02776067703962326
-0.05568096786737442
0.037225380539894104
1.583727240562439
-0.015093620866537094
-1.9843024015426636
-0.25522202253341675
0.9065409302711487
0.652864933013916
0.0429963655769825
-1.4111311435699463
0.41073691844940186
0.19051262736320496
0.43998441100120544
-0.014680318534374237
-0.25540444254875183
-0.42061296105384827
-0.49270355701446533
0.06026311218738556
-1.972674012184143
0.9927462935447693
0.03581796586513519
0.7355799078941345
-0.04470956325531006
0.37076637148857117
0.681637704372406
0.8767608404159546
0.3797505497932434
-1.9842950105667114
1.9836621284484863
0.05825968086719513
0.6706380844116211
-0.49860575795173645
0.03891628235578537
0.0023602470755577087
-0.5841687321662903
0.21967174112796783
-0.9360867142677307
-0.3763062655925751
0.03508402407169342
0.22628630697727203
-0.013106984086334705
-0.29556262493133545
-0.3154132068157196
-0.5158538818359375
-0.579967200756073
0.4040566384792328
1.4120903015136719
0.0448407381772995
-1.284946084022522
-0.14777322113513947
-0.13524161279201508
-0.037053242325782776
0.5602967739105225
-1.5848925113677979
-0.57317715883255
0.09421882033348083
0.3834443986415863
-0.014101698994636536
-1.1770983934402466
0.634662926197052
0.054930053651332855
-0.08050650358200073
-0.04070914536714554
-0.26054003834724426
0.47656548023223877
0.41127121448516846
0.6019929051399231
-0.02303420752286911
0.3774922490119934
0.06060925871133804
0.4647126793861389
0.0514395534992218
0.3386129140853882
0.13586615025997162
0.13488148152828217
0.6656602025032043
-0.5090678930282593
0.0024676620960235596
0.008518179878592491
-0.3031846582889557
1.9615883827209473
-1.421529769897461
-0.5201046466827393
-0.012520159594714642
0.04300540313124657
0.05108603462576866
0.34175288677215576
0.04057956114411354
0.8193002343177795
-0.0516352578997612
0.04746481776237488
0.49957749247550964
0.8318524360656738
-0.12069449573755264
0.27474334836006165
0.5081139206886292
0.2969323694705963
1.9146686792373657
-1.98374605178833
-0.009089991450309753
0.029533691704273224
-0.4241306185722351
-0.22086332738399506
0.340856671333313
0.28041645884513855
-0.7863212823867798
-0.4616546928882599
-0.5225498676300049
0.29552674293518066
-0.858493447303772
0.10604114830493927
-0.24151059985160828
-0.04563741385936737
0.660698413848877
-0.2491787075996399
0.4092755615711212
0.02519223839044571
0.25911757349967957
0.1559710055589676
0.358959436416626
0.027367249131202698
1.323455810546875
0.5179605484008789
-0.8402676582336426
0.09955218434333801
1.983312726020813
0.575532853603363
-0.15056262910366058
0.2119515836238861
-0.6330876350402832
-0.012877054512500763
0.394303560256958
-0.1812634915113449
0.08096873760223389
-0.06374235451221466
-0.2496742308139801
0.40671002864837646
-0.0454251691699028
-0.05998077243566513
0.2879391312599182
0.45026472210884094
-0.5083580017089844
-0.5100938677787781
-0.5475075840950012
-0.031097494065761566
-0.14704003930091858
-0.263718843460083
-0.019304152578115463
0.05948393791913986
0.37735846638679504
0.0772295892238617
0.2279634326696396
0.40325865149497986
-0.03173542395234108
-0.46519213914871216
0.12329050898551941
-0.035257190465927124
1.2539756298065186
-0.3018721640110016
0.059413500130176544
-0.883853018283844
1.247520923614502
0.04310120642185211
-0.047484420239925385
-0.116192527115345
-0.04752052575349808
0.010120496153831482
-0.04554705321788788
0.05744953826069832
0.2743856608867645
0.5128054618835449
-0.19311882555484772
0.2995918095111847
-0.04891248047351837
-0.3874403238296509
-0.26214855909347534
0.03573371469974518
0.9982003569602966
0.2544877827167511
-0.02722983807325363
-0.8661755919456482
0.44403091073036194
1.98276686668396
-0.7673437595367432
-0.11850666999816895
-0.22590264678001404
0.010392874479293823
-0.00629878044128418
-0.16048888862133026
-0.07854146510362625
-0.4437400698661804
-0.04978994280099869
-0.14940904080867767
1.9842175245285034
-0.2107124924659729
0.012683548033237457
-0.004449056927114725
0.022836443036794662
-0.024303197860717773
-0.003984974697232246
0.02230466902256012
0.05392809957265854
-0.011283897794783115
-0.020362533628940582
-0.010170690715312958
0.012148477137088776
0.04785593971610069
-0.06831235438585281
-0.012989254668354988
-0.023398134857416153
-0.01213926076889038
-0.030442891642451286
0.04481285437941551
-0.03091309405863285
0.028064044192433357
-0.02755558118224144
-0.004360996186733246
-0.04940436780452728
0.025143466889858246
0.0028920313343405724
0.04265029728412628
0.026933029294013977
0.011576272547245026
-0.06737630814313889
-0.027481185272336006
-0.03764326497912407
0.008776776492595673
-0.041470833122730255
-0.048857104033231735
0.014158641919493675
-0.0557926744222641
-0.05160531774163246
-0.03616420179605484
0.01371195912361145
-0.01868431828916073
0.0010065786773338914
0.040358688682317734
0.04293804615736008
-0.018649660050868988
-0.06748311221599579
-0.041330017149448395
0.04108094796538353
-0.005016840994358063
-0.061295151710510254
0.04614076018333435
0.026618115603923798
0.0501767061650753
-0.0416787713766098
0.02621135115623474
-0.060507044196128845
0.05064868927001953
0.031276434659957886
-0.025678232312202454
-0.062113095074892044
-0.03358222544193268
-0.05432301014661789
0.026576735079288483
0.05707623064517975
-0.030237704515457153
0.037368059158325195
-0.03806452825665474
0.018978724256157875
0.0605044886469841
0.036982808262109756
0.025482147932052612
-0.03042004629969597
-0.06354175508022308
-0.0585705041885376
0.012421790510416031
-0.06027209013700485
-0.005137059837579727
0.0070905135944485664
0.003214462660253048
0.05191589891910553
-0.04866380989551544
0.04179169237613678
-0.0013882294297218323
-0.02569936215877533
-0.00919044017791748
-0.06919679790735245
-0.010188632644712925
-0.012632190249860287
-0.046596623957157135
0.017757056280970573
0.05457717180252075
0.024499058723449707
-0.016015956178307533
-0.027915766462683678
-0.05837476998567581
0.016634799540042877
-0.0065509784035384655
-0.058020468801259995
0.003817567601799965
-0.013412730768322945
-0.0008478611707687378
-0.023005081340670586
0.03286348655819893
0.001310860738158226
-0.04307490214705467
-0.012287371791899204
-0.017109574750065804
0.0044852085411548615
0.019776519387960434
-0.011231489479541779
-0.005490235984325409
0.001142731518484652
0.00023546814918518066
0.00023902952671051025
-0.032161157578229904
0.04632572829723358
0.0506436824798584
-0.06867709010839462
-0.05307411029934883
0.0277949720621109
-0.04102649539709091
0.04022723436355591
-0.044572874903678894
0.004208927508443594
0.06144506484270096
0.017758360132575035
-0.01914682425558567
-0.027448326349258423
-0.06619942933320999
-0.030708737671375275
0.027173440903425217
-0.06115064024925232
-0.00929294154047966
0.03896845132112503
0.01810767874121666
-0.06720348447561264
-0.0016445249784737825
0.007413819897919893
0.002855992177501321
-0.01476585865020752
-0.004612750839442015
-0.05322890356183052
0.048529673367738724
0.014751878567039967
-0.04665479063987732
-0.03833572939038277
-0.05397365987300873
-0.012014538049697876
-0.018013281747698784
-0.045346688479185104
-0.03571859747171402
0.03692596033215523
0.05570048838853836
-0.052299611270427704
-0.004527577664703131
-0.03908352553844452
-0.012177578173577785
-0.06057817488908768
-0.015339130535721779
-0.034854598343372345
-0.010211914777755737
0.021502047777175903
0.021449774503707886
-0.001633763313293457
-0.026096904650330544
-0.0028466132935136557
-0.03801671043038368
-0.043422043323516846
-0.02379901148378849
0.03473466634750366
0.04777619615197182
0.0244414284825325
-0.043181173503398895
-0.04920904338359833
0.01631292700767517
-0.028757577762007713
-0.0007735071703791618
0.013067947700619698
0.04659368097782135
0.02214791625738144
-0.05274702236056328
0.016394756734371185
-0.05325563997030258
-0.04152907431125641
-0.016834450885653496
-0.057429682463407516
-0.013709267601370811
-0.023376716300845146
-0.04090464115142822
-0.06837838888168335
-0.010536500252783298
-0.045949529856443405
-0.014615997672080994
-0.01500867959111929
-0.006717979907989502
-0.04205913469195366
0.04126930981874466
0.00015304739645216614
-0.006111317779868841
-0.0030427277088165283
-0.03917068615555763
0.04538127779960632
-0.05601034313440323
0.006595027633011341
0.029788760468363762
-0.02899158000946045
0.055464766919612885
-0.016731511801481247
0.01996491849422455
-0.03074520081281662
0.05356927216053009
0.028860805556178093
0.045842673629522324
0.009509432129561901
0.019103221595287323
-0.04631005972623825
-0.0025203467812389135
-0.018596209585666656
0.00853128731250763
-0.0450119785964489
0.0006398883415386081
0.007962852716445923
-0.009882998652756214
-0.062033332884311676
0.029110152274370193
0.03300022333860397
-0.061489854007959366
-0.01949670910835266
0.02684132754802704
-0.042164988815784454
0.02770320326089859
0.05210757628083229
0.04908410832285881
-0.04303732141852379
0.025566834956407547
-0.0138426274061203
-0.02595140039920807
-0.04651898890733719
0.04157637059688568
-0.023788534104824066
-0.04249963164329529
-0.055867984890937805
-0.015456625260412693
0.021916870027780533
0.02085745707154274
0.04952206835150719
-0.012703142128884792
0.031983062624931335
0.0623256117105484
-0.045235536992549896
0.04921228811144829
-0.005296269431710243
-0.03117458149790764
0.011571444571018219
-0.033092938363552094
-0.03934984281659126
0.0025691834744066
-0.011125579476356506
-1.4700373411178589
-0.7042872905731201
-1.161656141281128
-0.5833621025085449
0.0017604157328605652
0.0038360217586159706
0.7647973895072937
0.5375454425811768
0.05420800298452377
0.04202914237976074
-0.5759340524673462
-1.983852744102478
0.3017933666706085
1.1927404403686523
-0.0247440617531538
-0.7228233218193054
0.022734425961971283
1.9680238962173462
0.7715028524398804
0.30353641510009766
-0.008596770465373993
-0.23961450159549713
-1.5340180397033691
0.17738693952560425
0.32188692688941956
-0.01653168350458145
-0.019903317093849182
0.6988242864608765
0.39592254161834717
-1.0659019947052002
-0.012316808104515076
-1.8952935934066772
-0.6754422783851624
-1.97505784034729
0.053578831255435944
-1.4517531394958496
0.005688503384590149
1.9104418754577637
0.8629307746887207
-0.6894134283065796
-0.30353015661239624
0.8252742290496826
-0.06251010298728943
1.024111270904541
-1.0949549674987793
-1.5311883687973022
-1.9830571413040161
-1.983877182006836
0.9717689752578735
-1.984375
-0.5551618337631226
-0.3215690553188324
0.027447976171970367
1.0833104848861694
1.2530148029327393
0.03511801362037659
0.02229701727628708
0.9398300647735596
0.03831305727362633
0.03781867027282715
-0.048837728798389435
0.045888885855674744
0.7545414566993713
0.0012864843010902405
-1.9842551946640015
1.0655763149261475
-1.3736969232559204
-0.46133527159690857
-0.16369646787643433
1.9717931747436523
-0.9090927243232727
-0.5581436157226562
-1.3754807710647583
-0.006797980051487684
-0.38132137060165405
-1.391883373260498
1.0158339738845825
-0.031541574746370316
0.14319460093975067
-1.0617202520370483
-0.019132763147354126
0.27074113488197327
0.0009162947535514832
-0.9354510307312012
-1.9224443435668945
-0.7107609510421753
-1.209181785583496
-1.7260174751281738
-1.4894925355911255
0.0202178955078125
-1.2958310842514038
1.3353198766708374
-0.04771512746810913
-0.0632573738694191
1.2690753936767578
-1.198085069656372
1.530470371246338
0.7921447157859802
-0.042050208896398544
-1.0098322629928589
-0.4265553057193756
0.9018838405609131
0.9875784516334534
0.773893415927887
0.6084433197975159
-1.2329515218734741
0.032662466168403625
-0.011770576238632202
0.9480247497558594
0.22723723948001862
0.797296941280365
0.04692966490983963
-0.5113282799720764
1.9820327758789062
0.6503339409828186
-0.40599343180656433
-1.0348855257034302
0.05009552836418152
1.3638173341751099
-0.035120755434036255
-0.01917979121208191
-1.0149794816970825
0.05344068259000778
1.0834335088729858
-0.4349384605884552
-1.1376169919967651
-0.7983009815216064
0.05991440266370773
-0.804275631904602
-0.05417243391275406
-0.6969089508056641
-0.04423545300960541
-1.2165558338165283
-0.0997714176774025
-1.1441742181777954
-1.5541625022888184
1.0300184488296509
-0.005320847034454346
0.5063201189041138
0.30271071195602417
0.0724690780043602
-1.7880401611328125
0.6991314888000488
-1.9831327199935913
-0.04967309162020683
0.0038288235664367676
-0.8218466639518738
0.6230342984199524
-1.2849177122116089
0.12647691369056702
-0.0176662877202034
-1.2833137512207031
-1.3750803470611572
-0.09704737365245819
-0.1680537909269333
-0.9593636393547058
-1.3278898000717163
1.1701922416687012
-1.9842512607574463
0.00953905563801527
0.014671243727207184
0.856227457523346
-0.16738663613796234
0.2665111720561981
-0.6851097345352173
1.8698735237121582
0.8182685375213623
0.6595590710639954
-1.1175553798675537
1.0330253839492798
0.22959281504154205
0.45387744903564453
-0.02241550385951996
-1.9585002660751343
0.4902791678905487
-1.0712779760360718
-0.01876072585582733
-1.1525945663452148
-0.9794070720672607
-1.302542805671692
0.06065261363983154
0.18526291847229004
-1.4137637615203857
1.983852505683899
-0.5305982828140259
1.3781569004058838
-0.45590606331825256
0.8506453633308411
-0.576762855052948
1.0531339645385742
-0.039384059607982635
-1.244978904724121
1.0145708322525024
-1.44097101688385
0.5786538124084473
1.0670932531356812
-0.05465307459235191
-0.0013269782066345215
0.21049505472183228
-0.4066040515899658
-1.3236171007156372
1.9798638820648193
1.1787761449813843
0.1697898656129837
-0.04411531239748001
0.9311525821685791
0.7368288040161133
0.02053070068359375
-0.059630826115608215
-0.9795169830322266
-0.4792634844779968
-0.32731160521507263
-1.7602672576904297
0.014927588403224945
1.1557276248931885
0.32890772819519043
-0.01813921332359314
-1.6927592754364014
1.0292974710464478
0.05541177839040756
1.9776110649108887
-1.410387635231018
-0.11051905900239944
0.04413530230522156
0.2417317032814026
0.04737301543354988
-0.04234915226697922
0.042388319969177246
-0.021762795746326447
-0.6512372493743896
-1.9802740812301636
1.017735242843628
-0.7808741927146912
-0.037044525146484375
1.3903138637542725
0.8595428466796875
-0.008640192449092865
-1.9812588691711426
-0.009025251492857933
-0.04274667054414749
1.589866042137146
-1.297598123550415
-1.9836381673812866
-0.4446997046470642
-0.46862661838531494
0.713980495929718
-0.05677765607833862
-0.030458584427833557
0.6518585085868835
-0.10839205235242844
0.04073413833975792
0.0435851588845253
-0.21747659146785736
1.9838489294052124
0.6072586178779602
-0.04799284785985947
0.2111593782901764
-0.4938187599182129
0.08381387591362
-0.5429726839065552
0.03818772733211517
-0.033882446587085724
0.764411449432373
-0.26384657621383667
-0.009283512830734253
-0.060480572283267975
0.06550504267215729
-1.984052062034607
-0.02972039394080639
0.4657963812351227
-1.984375
-0.7511210441589355
0.20889995992183685
1.2555503845214844
0.6382045745849609
-0.012870509177446365
-0.040719471871852875
-0.3552682399749756
0.487861692905426
-0.10652792453765869
-0.40395328402519226
0.05215945094823837
0.057559654116630554
0.6838241219520569
0.23919788002967834
0.4100099503993988
0.03254324942827225
-1.1554131507873535
0.41894856095314026
-1.9826945066452026
-0.04744216799736023
-1.8558924198150635
0.013910248875617981
1.156455636024475
-0.24846725165843964
-0.295314759016037
1.983103632926941
0.26417824625968933
0.05082992836833
0.7342080473899841
-0.9860992431640625
1.9822975397109985
-1.9842954874038696
-1.983707308769226
-0.16126565635204315
-1.984375
-0.0846577063202858
-0.23987002670764923
0.05289967358112335
1.462223768234253
-1.2624675035476685
0.015224948525428772
0.054879747331142426
0.41758298873901367
0.008823677897453308
-0.040455155074596405
-0.016122445464134216
-0.010474994778633118
1.5286308526992798
-0.0298025980591774
-1.9840366840362549
0.5140673518180847
-0.2409573793411255
-0.7758952975273132
-0.20186743140220642
-0.023589519783854485
0.028458498418331146
-0.1536814570426941
-0.004188260994851589
-0.061128564178943634
1.9840853214263916
0.4084402918815613
1.3196783065795898
-0.0724082961678505
-0.10059583187103271
-0.6265519857406616
0.03955063223838806
0.24029390513896942
0.02850113809108734
0.13726681470870972
-0.8842759728431702
-1.0806324481964111
-0.05194518715143204
-1.9541294574737549
-1.9834486246109009
-0.04399288445711136
0.504915177822113
1.0478745698928833
-0.03328245133161545
-0.010389749892055988
0.6562308669090271
0.2627458870410919
1.9827299118041992
0.293838769197464
0.03408297151327133
-0.023706922307610512
-0.796156644821167
0.35375407338142395
0.4157012104988098
-0.09083188325166702
0.22245989739894867
-0.11103741824626923
0.2319542020559311
0.0051086172461509705
0.304157555103302
-1.0531890392303467
0.7697574496269226
0.041445378214120865
-0.8548953533172607
-0.2237413376569748
-0.7756921052932739
1.1667827367782593
-1.7950935363769531
-0.052009016275405884
-0.3736823797225952
0.5189360976219177
0.004091821610927582
-0.07750838249921799
0.03539314866065979
0.5816233158111572
0.8259775638580322
-0.05296090990304947
-0.8274283409118652
0.01627819985151291
-0.15040437877178192
0.01656714826822281
-0.7233477830886841
0.01949571818113327
0.14566268026828766
0.13915018737316132
-1.3310718536376953
0.4692395031452179
0.691967248916626
0.010326795279979706
-0.04909828305244446
-0.4396592676639557
-0.1826271414756775
-0.1465020626783371
-1.6472880840301514
-1.7959741353988647
-0.005431324243545532
0.03400912880897522
0.5491910576820374
0.17879155278205872
-1.4155688285827637
1.4411718845367432
0.04904557019472122
-1.4377131462097168
-1.6137025356292725
0.410746306180954
0.16171878576278687
-0.508213460445404
0.19174423813819885
1.5102736949920654
-1.9842826128005981
-0.019251907244324684
0.0038593336939811707
0.1741403341293335
-1.7899078130722046
-0.3799901008605957
-0.7269669771194458
-0.10439814627170563
0.9606096744537354
0.1264246702194214
0.09834226220846176
0.521539568901062
0.04742082953453064
0.11534925550222397
0.006964758038520813
0.2914223372936249
-0.13254785537719727
0.07816439867019653
-0.030807100236415863
-0.005550183821469545
-0.5901641249656677
-0.026267243549227715
-0.05705185979604721
-1.9817121028900146
-0.6237326264381409
1.9718586206436157
0.6309232711791992
-1.141270399093628
-0.7650941014289856
0.21236640214920044
-0.5309584736824036
-0.007421068847179413
-0.02637133002281189
0.17428937554359436
0.7035647630691528
1.1504862308502197
1.979156255722046
0.7012758255004883
-0.3763856291770935
0.04173676669597626
-0.05813576653599739
0.6983352303504944
-1.0460654497146606
1.9803361892700195
1.2561070919036865
0.42212480306625366
0.05257269740104675
0.4488842189311981
0.33926302194595337
0.030619986355304718
-0.00904209166765213
-0.07054721564054489
0.1611083596944809
0.02189830131828785
0.05634217709302902
-0.061277128756046295
0.41501832008361816
0.25429123640060425
-0.03311104327440262
-1.1085504293441772
0.6802637577056885
0.033428601920604706
0.5093352794647217
-0.8300908207893372
-0.021713264286518097
0.0045810118317604065
1.3428422212600708
0.009998001158237457
-0.019450724124908447
-0.028940483927726746
0.029996711760759354
-0.047640565782785416
0.19083906710147858
0.38016968965530396
0.14072367548942566
0.024999693036079407
0.8700277805328369
0.20297499001026154
-0.0126844123005867
-1.981663465499878
0.2635633945465088
0.05829159915447235
0.3720656633377075
0.10435198247432709
-1.7428934574127197
-0.8411217331886292
-0.4238876700401306
0.04631679505109787
-0.00709107518196106
0.04136234521865845
-0.18769465386867523
-0.8049989938735962
1.8585196733474731
0.022794783115386963
1.024680733680725
-1.9814077615737915
0.26031485199928284
-0.024319611489772797
-0.3451234698295593
-0.09655202925205231
-0.13225068151950836
-0.08432730287313461
-0.05729223042726517
0.04589654505252838
0.7708825469017029
-0.5337464809417725
-0.024989984929561615
0.031886935234069824
-0.07626624405384064
0.18442578613758087
0.9363251328468323
0.7465085387229919
1.42949378490448
0.7330241203308105
0.5643532872200012
-0.06083009019494057
0.08413740247488022
-0.6058779954910278
-0.04639865458011627
-0.28472796082496643
-0.5127824544906616
0.5225623250007629
1.9725381135940552
0.04183785617351532
0.009619764983654022
-0.3280058205127716
-0.08106114715337753
-0.5142593383789062
-0.038241758942604065
0.01835331693291664
0.04047071561217308
0.3353739380836487
0.04924769699573517
-0.8231464624404907
0.009736321866512299
0.4625340402126312
0.8393869400024414
-0.18159447610378265
-0.16269811987876892
-0.27767214179039
-0.06143142282962799
1.1305153369903564
-0.4177496135234833
-1.2401256561279297
-0.18939350545406342
-0.19407886266708374
0.07166896760463715
-1.9843652248382568
-0.6616802215576172
-0.8393666744232178
-0.02810964733362198
0.26381659507751465
1.9838405847549438
0.05505073815584183
-0.02381853759288788
0.5393896698951721
-0.025846540927886963
-0.016252659261226654
-0.04555593430995941
0.0455981120467186
0.3457649052143097
-0.0276385098695755
-1.9767144918441772
0.582852840423584
0.11291114240884781
0.5418640375137329
-0.41487789154052734
-0.33335617184638977
-0.16454440355300903
-1.1777724027633667
-0.5967223644256592
-0.001647479715757072
1.9672589302062988
1.3414180278778076
0.2243083119392395
0.0036679378245025873
-0.4266394078731537
0.3236468732357025
-0.016912732273340225
1.002392292022705
-0.021809794008731842
-0.16887611150741577
0.5552561283111572
-0.7036978006362915
-0.4038766026496887
1.2112711668014526
-1.119563102722168
-0.001109495759010315
-1.8088420629501343
0.24364590644836426
0.02758045494556427
-0.0601566880941391
0.7653915882110596
-0.16293881833553314
1.0390245914459229
0.6913211345672607
0.015876151621341705
-0.049120672047138214
0.11891426146030426
0.35406750440597534
0.5250305533409119
0.08619466423988342
0.300142765045166
-0.3957248628139496
0.5845850110054016
-0.005597822368144989
1.610201358795166
-0.4569278657436371
-0.08174481987953186
-0.041511647403240204
-0.8075247406959534
1.2380812168121338
0.795575737953186
-0.061895713210105896
0.44900450110435486
0.02151959389448166
0.39249324798583984
-0.405877947807312
0.059217579662799835
-0.6526921391487122
0.010800667107105255
0.7888852953910828
0.009679934941232204
-0.4377393424510956
-0.017341971397399902
0.03117169439792633
-0.2958158850669861
0.034606367349624634
-0.11757323145866394
-0.00433475524187088
-0.4472934901714325
-0.6485258340835571
-0.16790607571601868
-0.3783237338066101
-1.3525068759918213
-0.027388326823711395
0.5045850872993469
0.3346199095249176
-1.485719919204712
-1.984375
-1.9778844118118286
0.17986857891082764
0.05556454136967659
-0.060776486992836
-0.4915722906589508
-0.384736567735672
-0.08332441747188568
0.870689868927002
0.0518827959895134
0.4798623323440552
-0.5301798582077026
-0.21082264184951782
-0.8393616676330566
-0.18013136088848114
-0.15713360905647278
-1.9838171005249023
0.039667632430791855
-0.04708772152662277
-0.033940091729164124
-0.18384374678134918
0.3842470347881317
0.04817885905504227
-0.009834258817136288
-0.5326069593429565
0.7304761409759521
-0.3751366436481476
-0.3684364855289459
1.7318495512008667
0.12097527831792831
-0.39739224314689636
0.010124005377292633
-0.0006795822991989553
0.1580883413553238
-0.05108589306473732
-0.029119350016117096
-0.3091329038143158
0.1070074513554573
-0.27735939621925354
0.010701075196266174
0.5094937682151794
0.5890024900436401
-0.07622823864221573
0.11167944222688675
-1.1005610227584839
0.140341117978096
0.5701209306716919
-0.23062598705291748
0.04842915013432503
0.04476097226142883
-0.42427054047584534
0.9718413352966309
-0.7294093370437622
0.1951923370361328
0.21780727803707123
0.032679032534360886
0.05076012760400772
-0.6577335596084595
-0.17715643346309662
-0.2490367442369461
0.7584351301193237
0.5316564440727234
0.14954409003257751
0.05254743993282318
0.34354719519615173
0.786283016204834
-0.019146360456943512
0.031230799853801727
-1.5378059148788452
-0.6400180459022522
-1.6099473237991333
-0.3352680802345276
-0.05958320200443268
0.8347915410995483
0.5908817052841187
-0.027532637119293213
-1.7140439748764038
0.7782219648361206
-0.049996569752693176
1.4324132204055786
-1.7778085470199585
-0.03207828104496002
0.01544082909822464
0.8034018278121948
0.04566844552755356
-0.019119560718536377
-0.06133589148521423
0.031148474663496017
-0.44381964206695557
-0.5022417306900024
0.3596079647541046
-0.48514172434806824
-0.025156736373901367
0.21596422791481018
0.46613797545433044
0.05138038098812103
-0.5359578132629395
0.5393377542495728
0.021999351680278778
0.5645812153816223
-0.3714190721511841
-1.981602430343628
1.1933996677398682
-1.0047507286071777
0.22096604108810425
0.039753831923007965
0.03610534220933914
-0.2540053427219391
0.14569514989852905
-0.024056898429989815
-0.041575342416763306
0.9218807220458984
1.9843099117279053
0.6468870639801025
-0.019427567720413208
-0.008491238579154015
-0.03658008575439453
0.049447301775217056
-0.017772214487195015
-0.019101552665233612
0.04659125208854675
-0.0325099341571331
-0.03134865686297417
-0.016758203506469727
0.05260509252548218
-0.005584324710071087
-0.03636033833026886
0.012401177547872066
0.008303486742079258
0.04974471405148506
0.04975103959441185
-0.01284116506576538
-0.05595606192946434
0.02958819270133972
0.004794791340827942
0.0096830353140831
-0.053786393254995346
-0.02691333368420601
0.003679994959384203
0.010400152765214443
0.022348470985889435
-0.02561425417661667
-0.04325968772172928
0.04172806441783905
0.026140838861465454
0.04430638998746872
-0.05437450855970383
0.03947688266634941
0.03665938228368759
0.05318411439657211
-0.04630357772111893
0.01220540702342987
-0.02222026139497757
0.027132652699947357
-0.05925319343805313
-0.04649801179766655
-0.04989102482795715
-0.03436574339866638
0.0522129088640213
-0.035468388348817825
0.03898198530077934
0.05930346995592117
-0.04007143899798393
0.03234042599797249
0.04310736060142517
-0.05718579143285751
-0.018997780978679657
-0.006011202931404114
-0.0010330704972147942
-0.04052680730819702
0.06047151982784271
-0.025118179619312286
0.03795041888952255
-0.030566982924938202
0.011110059916973114
-0.03689798712730408
-0.014410659670829773
-0.03920923173427582
-0.0008125230669975281
-0.0009438065462745726
0.0274138655513525
0.01816747710108757
-0.00679589482024312
-0.029352886602282524
-0.00737941637635231
0.011525498703122139
-0.01236430462449789
0.04443168267607689
0.020124204456806183
0.019249675795435905
-0.04507282376289368
0.00970001332461834
-0.05346808582544327
0.037395820021629333
-0.019537029787898064
0.022979609668254852
-0.03524312376976013
-0.011447884142398834
-0.06949636340141296
-0.021571291610598564
-0.01002214103937149
0.01709878444671631
-0.02374466508626938
-0.05730044096708298
-4.229694604873657e-05
-0.013312595896422863
-0.06270171701908112
-0.043101489543914795
0.02934739738702774
-0.0301358662545681
-0.06250594556331635
-0.05909036844968796
0.046097882091999054
0.056068748235702515
-0.03128534182906151
0.03268088400363922
-0.028936507180333138
0.008132591843605042
0.029855601489543915
-0.044107064604759216
-0.0604429692029953
0.042629580944776535
0.06150858849287033
-0.009963740594685078
-0.023753799498081207
0.03733983635902405
-0.01886526495218277
0.014560071751475334
-0.023938501253724098
0.005235858261585236
-0.034146931022405624
-0.04838055744767189
-0.036049216985702515
-0.009712813422083855
0.014065861701965332
-0.060388095676898956
-0.01808926649391651
-0.03296323120594025
-0.01998443529009819
-0.014120503328740597
-0.0560523085296154
0.03420780599117279
0.04809148609638214
0.02957751788198948
0.014615558087825775
-0.048147596418857574
0.05218270421028137
-0.06192117556929588
0.06402433663606644
0.03263354301452637
-0.07100217789411545
-0.030569227412343025
-0.036559849977493286
0.04966273903846741
-0.052418455481529236
-0.029257580637931824
0.01873280107975006
0.050236597657203674
0.014929619617760181
0.022035375237464905
0.021162234246730804
-0.05847281590104103
-0.05880795419216156
-0.055729590356349945
-0.014378287829458714
0.056718580424785614
-0.057111956179142
0.049591973423957825
0.011201858520507812
-0.010415537282824516
-0.04494577273726463
0.015006140805780888
0.01509761530905962
-0.009645603597164154
-0.047910481691360474
0.011559799313545227
-0.042368073016405106
-0.02619711123406887
0.02605695277452469
0.027974002063274384
0.008958697319030762
-0.03103260137140751
-0.03344360366463661
-0.04686378687620163
-0.03622463345527649
0.038643401116132736
0.028139853850007057
-0.03829573094844818
-0.029692349955439568
-0.022451503202319145
-0.04937879368662834
-0.05316772311925888
-0.023324020206928253
-0.006787777412682772
0.024353232234716415
0.004487000405788422
0.00023386237444356084
-0.019143329933285713
-0.01922442950308323
-0.036604396998882294
-0.04038436710834503
-0.04038657993078232
-0.028767794370651245
0.021836815401911736
-0.023059122264385223
0.023412279784679413
0.01599930413067341
0.05100381374359131
0.00889163464307785
0.006437309086322784
0.007664605043828487
0.012600821442902088
-0.0496741458773613
0.04855214059352875
-0.011142493225634098
0.04353618249297142
0.010892055928707123
0.04733875021338463
0.016040662303566933
0.04639328271150589
-0.04461776092648506
-0.014809392392635345
-0.014737144112586975
-0.010183952748775482
-0.053295403718948364
-0.03336862474679947
-0.06431586295366287
0.05646149814128876
-0.03944774717092514
-0.030578048899769783
-0.04240487143397331
0.03306946903467178
0.029125263914465904
0.0053992499597370625
-0.06188763678073883
-0.021979916840791702
0.04102909192442894
0.042355068027973175
0.011536076664924622
-0.04494258388876915
0.03734505921602249
-0.008437961339950562
-0.03263265639543533
-0.03254477679729462
0.014679024927318096
-0.028085321187973022
-0.05989570543169975
0.054852720350027084
-0.05782018601894379
-0.02943313494324684
0.009549705311655998
0.0012077465653419495
0.04346328228712082
-0.04700605943799019
-0.0437617227435112
-0.021148040890693665
-0.055177126079797745
0.0009901293087750673
-0.05453427881002426
-0.012653031386435032
-0.014956541359424591
0.00041447579860687256
-0.02645682543516159
0.005194045603275299
-0.025155287235975266
-0.011674458160996437
-0.011409550905227661
0.03614718094468117
-0.03256312757730484
-0.029335185885429382
-0.04630693048238754
-0.04831331595778465
-0.038693930953741074
-0.024629389867186546
-0.06576491892337799
0.06191778928041458
-0.06215658783912659
0.016471557319164276
-0.05263357236981392
0.0345660075545311
0.006816402077674866
-0.010869547724723816
0.016175976023077965
0.03905129432678223
-0.04240534082055092
-0.04885651171207428
-0.010885320603847504
0.0031247639562934637
0.035580385476350784
-0.03150741010904312
-0.04123073071241379
-0.03464467078447342
-0.03371565043926239
-0.0306249987334013
-0.03562304750084877
0.06373509019613266
0.018177740275859833
-0.02741466462612152
-0.05508638173341751
-0.004537209868431091
-0.049084845930337906
-0.00892602652311325
-0.05452964827418327
-0.02362620271742344
-0.04773310571908951
0.060378558933734894
-0.017234457656741142
0.017888210713863373
0.0007919330964796245
0.012535248883068562
0.02382785454392433
-0.021360307931900024
-0.052272483706474304
0.0561167448759079
0.01646365039050579
-0.020606357604265213
-0.009878329932689667
0.005030957516282797
0.018395720049738884
0.06890082359313965
0.016121260821819305
-0.037237588316202164
-0.03739548102021217
0.010480739176273346
-0.026553234085440636
-0.03243006393313408
-0.05401550233364105
-0.003840513527393341
-0.04870257154107094
-0.02961384505033493
0.009932436048984528
-0.016347825527191162
0.054015256464481354
-0.03661685809493065
0.015592880547046661
-0.03611081838607788
-0.034970972687006
-0.00371147645637393
-0.044194482266902924
0.0052400934509932995
-0.01375510822981596
-0.04831913113594055
0.022331602871418
-0.059693217277526855
0.06009300798177719
-0.031791456043720245
-0.03753335773944855
-0.009447328746318817
-0.04291459172964096
-0.03699537366628647
0.054921895265579224
0.016319967806339264
0.021087555214762688
0.024129539728164673
0.03146335110068321
0.009478945285081863
0.035394445061683655
-0.06456281989812851
0.052007921040058136
-0.041128914803266525
-0.03999270498752594
0.008509923703968525
-0.012475406751036644
0.04864820837974548
0.009305804967880249
-0.0464014895260334
-0.03990507125854492
-0.033240195363759995
-0.052932560443878174
-0.0598231703042984
-0.02971629612147808
-0.050498075783252716
-0.04003559798002243
0.04494912922382355
0.01758788526058197
0.02877127379179001
-0.05608663707971573
-0.04044900834560394
0.03598399460315704
-0.029813140630722046
-0.006044280249625444
0.0484749861061573
-0.009135030210018158
0.05922431871294975
0.03035304695367813
-0.056816793978214264
-0.016011906787753105
-0.0036614835262298584
0.01312943547964096
-0.060273244976997375
-0.016604997217655182
-0.06090983748435974
0.05351961776614189
0.0011657997965812683
-0.04349594563245773
-0.04098319634795189
-0.027830349281430244
-0.0474858358502388
0.03269027918577194
0.0008866370772011578
-0.006395287811756134
-0.007037935312837362
-0.0026485174894332886
0.03760925307869911
-0.05979878082871437
0.007189217489212751
-0.0005245358333922923
0.034333232790231705
0.03729139268398285
-0.0399354062974453
0.06597517430782318
-0.02264043688774109
-0.03702179342508316
0.0053717270493507385
-0.03320944309234619
0.020802311599254608
-0.026139646768569946
0.010524826124310493
-0.034870412200689316
0.02699626423418522
-0.013109390623867512
-0.05182443559169769
0.024454345926642418
0.00884143728762865
0.0009446516633033752
-0.06384303420782089
-0.06680227816104889
-0.010542007163167
0.025646761059761047
-0.059781890362501144
0.033760301768779755
0.0399160161614418
-0.062461335211992264
-0.02746984176337719
-0.036056384444236755
-0.0030377721413969994
-0.02194424532353878
0.04565500468015671
-0.07656385004520416
-0.06330039352178574
0.012643064372241497
-0.03727943077683449
-0.036652568727731705
0.062442369759082794
0.01738649420440197
0.04853367805480957
-0.00941807497292757
-0.011839225888252258
-0.0036164470948278904
0.059545207768678665
-0.0387483611702919
-0.040974631905555725
0.018063822761178017
0.04125308245420456
-0.013453099876642227
0.03346061334013939
-0.055770859122276306
0.03744877502322197
-0.007746926974505186
-0.00861643347889185
0.054522156715393066
0.03613010793924332
0.043960120528936386
0.011102522723376751
0.009844756685197353
-0.03468737751245499
-0.008993043564260006
-0.020408466458320618
0.04412805289030075
0.03225996345281601
0.05187268927693367
0.026122568175196648
-0.004006981384009123
-0.05552943795919418
-0.054196011275053024
0.049607276916503906
0.028075270354747772
-0.008184787817299366
-0.019437439739704132
-0.03753121197223663
-0.014855735003948212
0.05042828246951103
0.04486703500151634
0.01622690260410309
0.021672561764717102
-0.022294169291853905
-0.013553500175476074
0.039295494556427
-0.03787975758314133
0.05209549516439438
0.0030023902654647827
-0.03617411479353905
0.014308322221040726
-0.05943451076745987
-0.01922798901796341
0.06874316930770874
0.05482342839241028
0.06189689785242081
0.00965806096792221
0.04832781106233597
-0.04871203005313873
-0.04575687646865845
0.03042895346879959
-0.0353781022131443
-0.009565785527229309
0.042569078505039215
-0.039448849856853485
0.024043716490268707
0.05707959458231926
0.0683835968375206
-0.010831750929355621
-0.03238433599472046
0.01250680722296238
-0.06118635833263397
0.058923110365867615
-0.009937658905982971
-0.05899367853999138
-0.039327286183834076
-0.041865162551403046
-0.011937609873712063
0.05909081548452377
-0.012462364509701729
-0.03866324573755264
-0.017611684277653694
0.03481403738260269
-0.03638703376054764
0.02668996900320053
-0.003317748662084341
-0.11345698684453964
-0.014231428503990173
-0.12669837474822998
0.06075655668973923
-0.0401034876704216
0.015466619282960892
0.017868829891085625
-0.02932477742433548
-0.008274033665657043
0.011822131462395191
-0.1857956200838089
0.15313762426376343
0.05512609705328941
-0.001241333200596273
0.10092177987098694
-0.023985113948583603
0.12662337720394135
0.09866468608379364
0.1337912380695343
-0.03912457078695297
0.03033357672393322
-0.03236802667379379
-0.01065918430685997
0.047645147889852524
-0.01291629672050476
-0.03439318388700485
0.042226944118738174
-0.025626931339502335
0.15343308448791504
0.024432644248008728
-0.08952930569648743
-0.010402618907392025
1.0608069896697998
-0.0004783421754837036
-0.32657283544540405
-0.05873493850231171
-0.00012722425162792206
0.028596730902791023
0.0012392960488796234
0.1700439155101776
-0.13159532845020294
0.029382534325122833
-1.983489990234375
-0.18729694187641144
-0.28483328223228455
-0.22255322337150574
-0.2704143524169922
-0.030401721596717834
-1.9843734502792358
0.04828094691038132
-1.9839366674423218
0.0359676331281662
0.08742649853229523
0.08032435923814774
-0.05808431655168533
-0.05909007042646408
0.04712307080626488
-0.05902962386608124
-0.019687503576278687
-0.03974488377571106
0.03180897980928421
0.04022033140063286
-0.035897307097911835
-1.9843124151229858
0.04472795128822327
-0.0767352283000946
-0.3007327914237976
-0.010609597899019718
-0.24274137616157532
-0.016005082055926323
0.002923268359154463
-0.028150511905550957
0.04405416548252106
1.9840041399002075
0.0018492209492251277
0.01631695218384266
-0.010441631078720093
0.05897802487015724
-0.07621391862630844
-0.03652473911643028
1.982108473777771
0.042446017265319824
0.0029678146820515394
-0.1961284577846527
-0.07019561529159546
-0.01662893407046795
0.8271958231925964
0.31129857897758484
0.062374651432037354
-0.11103235930204391
-0.03612442687153816
-0.005897335708141327
-0.05417092889547348
0.14729972183704376
-0.03258398175239563
0.0674770399928093
0.017672782763838768
-0.051323793828487396
-0.007913187146186829
-0.1029030978679657
0.044692449271678925
0.02119213342666626
0.10238248109817505
0.08563906699419022
-0.02884639985859394
-0.1303134560585022
-0.053708046674728394
0.05840543657541275
-0.007056634873151779
0.11648020893335342
-0.014098919928073883
0.08501686155796051
-1.982475996017456
0.04881804436445236
0.05319077521562576
-0.06740141659975052
-0.03059016913175583
0.15134413540363312
0.21199066936969757
0.04824554920196533
-0.0609053373336792
-0.03683120012283325
0.07846754789352417
0.14968189597129822
-0.046808045357465744
-0.2407829314470291
0.0438043475151062
0.010169979184865952
-0.06142384558916092
0.00019566270930226892
0.04826202243566513
-0.005476075690239668
0.05158860981464386
-0.13980478048324585
0.011328770779073238
0.01655961200594902
0.018489554524421692
0.036220889538526535
-0.016020316630601883
-0.42641788721084595
-0.11015519499778748
-1.9823156595230103
0.11657699197530746
0.03762993961572647
-0.0323755219578743
0.1612694412469864
0.04107535630464554
-0.1417863517999649
0.02234243042767048
0.05689152330160141
-0.16141346096992493
-0.13195626437664032
-0.253571093082428
0.0061040339060127735
-0.12064134329557419
-0.02111198566854
-0.351087749004364
-1.19663405418396
-0.017700649797916412
0.04542966187000275
-0.08359112590551376
-0.036166947335004807
-0.06711642444133759
0.06558282673358917
0.04433669522404671
0.13921169936656952
-0.0894526019692421
-0.015849808230996132
-0.045446544885635376
0.015435293316841125
0.04771269112825394
0.025303199887275696
-0.06616102904081345
-0.0507616251707077
-0.04569341614842415
-0.04060743749141693
-0.021009430289268494
-0.08514302968978882
0.0036779469810426235
-0.0190926194190979
0.22559987008571625
-0.03447221964597702
0.1643882691860199
0.02964015118777752
-1.9827944040298462
0.09528311342000961
0.039226025342941284
0.021282849833369255
-0.06326718628406525
-0.012368083000183105
-0.020581072196364403
0.0697498768568039
-0.02083732932806015
0.044721029698848724
-0.04031682386994362
-0.009154192171990871
0.05382145941257477
0.007602868601679802
0.1783210188150406
-0.056196488440036774
0.21559645235538483
0.02967716008424759
-0.03176669776439667
0.057726211845874786
0.041282154619693756
0.056595031172037125
-0.05127362906932831
-0.02863258868455887
0.015149078331887722
-0.043911732733249664
-0.01341887004673481
-0.01879904977977276
-0.021861344575881958
0.05809367448091507
-0.1239982396364212
0.009661376476287842
-0.12186423689126968
0.0581018291413784
0.04169175773859024
1.7827149629592896
0.0408124178647995
0.01150396279990673
0.02710818499326706
0.02996392734348774
0.03563316538929939
-0.030973248183727264
-0.013443998992443085
0.053535375744104385
-0.023456480354070663
-0.03240024670958519
0.034832000732421875
-0.05369226261973381
0.03405655920505524
0.15330561995506287
-0.008947952650487423
-0.003444984555244446
0.09698476642370224
-0.07563406974077225
0.004167661070823669
0.05145206302404404
-0.007593999151140451
-0.6830504536628723
-0.18662768602371216
-0.004876040853559971
0.0378614105284214
-0.034760721027851105
0.05312185734510422
0.020454835146665573
-0.0159059539437294
-0.025608673691749573
0.03208458423614502
0.03440480679273605
-1.9843742847442627
0.035852909088134766
0.05568438023328781
-0.02278469130396843
-0.013790960423648357
-0.07501659542322159
-0.03287686035037041
0.011196501553058624
-0.027748947963118553
-0.03749857097864151
0.01987549103796482
-0.008167624473571777
0.0399191752076149
-0.02226845920085907
-0.07415446639060974
0.014682264998555183
-0.0524446964263916
-0.017697954550385475
-0.08663849532604218
-0.07151275873184204
0.014692779630422592
-0.08920890092849731
0.05541873723268509
0.02454451471567154
-0.08250164240598679
-0.08177419006824493
-0.05287627503275871
-0.0573449544608593
0.05667852610349655
0.033290162682533264
0.01305249985307455
0.017971929162740707
0.01104551088064909
-0.013854555785655975
-0.01721770502626896
-0.054076824337244034
0.040711648762226105
0.055273838341236115
-0.09408798068761826
0.008131198585033417
0.009051886387169361
-0.06323219835758209
-0.04198126867413521
-0.002115989103913307
-0.010302900336682796
-0.057864345610141754
-0.018249869346618652
-0.0714811161160469
0.015076163224875927
0.045064687728881836
0.0050164880231022835
-0.031576406210660934
0.027302155271172523
0.021228428930044174
-0.0037827584892511368
0.06056027114391327
-0.012841269373893738
0.03422354534268379
0.014521390199661255
-0.05478415638208389
-0.06995886564254761
-0.04965714365243912
0.03209875524044037
-0.06081240624189377
-0.03598979860544205
-0.05840250104665756
0.009305432438850403
-0.09034430980682373
0.028873436152935028
0.0034602934028953314
-0.06634558737277985
-0.02375793643295765
0.015170085243880749
-0.060662515461444855
-0.009835521690547466
0.007244200445711613
-0.031115107238292694
-0.0069628627970814705
-0.05047678202390671
-0.002945396350696683
-0.033323317766189575
-0.0787937119603157
0.006622260436415672
-0.04802278056740761
-0.011328628286719322
0.05290839821100235
-0.021851491183042526
-0.0014530851040035486
-0.01662422902882099
0.0018269178690388799
-0.024122321978211403
0.019046615809202194
0.053930237889289856
0.05158628895878792
-0.07712335139513016
-0.04158450663089752
0.047889940440654755
-0.0404844731092453
-0.021906103938817978
-0.02949594147503376
-0.01292283833026886
-0.001419584616087377
-0.01835908554494381
-0.039737336337566376
-0.07849661260843277
-0.08646977692842484
0.004055289551615715
-0.04840729013085365
0.022936787456274033
-0.049547143280506134
-0.005675509572029114
-0.06230535730719566
-0.05442611873149872
0.008012227714061737
0.018124058842658997
-0.05521093308925629
-0.04440983012318611
0.012606672942638397
-0.05688425153493881
-0.05724716559052467
-0.016027048230171204
-0.008863928727805614
-0.04668579623103142
0.007652908563613892
0.010613175109028816
0.04285024106502533
-0.043869782239198685
0.009855653159320354
-0.01721295528113842
-0.025548402220010757
0.04384854435920715
-0.06013420596718788
-0.014561131596565247
-0.07801046967506409
0.036231592297554016
-0.08872348070144653
0.0023414818570017815
-0.03738199174404144
0.024527190253138542
-0.05543205887079239
0.04609636962413788
-0.006690284702926874
-0.056845780462026596
-0.060509227216243744
-0.043490391224622726
0.05491543188691139
-0.029722895473241806
0.06000618636608124
-0.004174165427684784
0.009993026033043861
0.0013039872283115983
-0.06805425882339478
-0.08991951495409012
0.010934725403785706
0.015498422086238861
-0.055912669748067856
0.05286071076989174
-0.05337115377187729
-0.0358646996319294
0.03228628635406494
-0.08093563467264175
0.01310440618544817
0.06237182766199112
0.00495496392250061
0.023159537464380264
0.03754672780632973
0.01566530577838421
0.0015624996740370989
-0.07297797501087189
-0.05459526181221008
-0.013493544422090054
0.0418468713760376
0.03904445469379425
-0.03163422644138336
-0.06745075434446335
-0.056610189378261566
-0.004265712108463049
-0.09042593091726303
-0.020433766767382622
-0.02973465621471405
0.014290569350123405
-0.039113808423280716
-0.028038794174790382
-0.014965154230594635
-0.08000970631837845
0.012713528238236904
-0.040011461824178696
-0.07389996200799942
-0.010828657075762749
-0.077066570520401
0.02322140894830227
0.029808195307850838
-0.02120176889002323
0.0488031804561615
-0.07891934365034103
-0.009637108072638512
0.020510468631982803
-0.03479606658220291
-0.005604884587228298
-0.020900020375847816
-0.018724776804447174
0.011983422562479973
-0.09863362461328506
-0.03601021692156792
0.0009077618014998734
-0.08952272683382034
-0.08095953613519669
-0.03209179639816284
-0.04189211502671242
0.009716480039060116
-0.03957007825374603
-0.011708609759807587
-0.044711049646139145
-0.028357407078146935
-0.04797275364398956
-0.023739786818623543
0.0063619790598750114
-0.056467097252607346
-0.050672199577093124
0.02835649996995926
0.019854718819260597
-0.051562368869781494
0.021427497267723083
0.015485268086194992
-0.01945100910961628
-0.029498783871531487
-0.03961949795484543
-0.00098240259103477
0.044573791325092316
0.03950652480125427
-0.05944238603115082
-0.00907288957387209
-0.05463799461722374
-0.017010582610964775
-0.0720730572938919
-0.08474765717983246
0.039879970252513885
0.018134664744138718
-0.028765283524990082
0.04746463894844055
-0.036855123937129974
-0.07231291383504868
0.042029790580272675
-0.06437347084283829
-0.014471867121756077
-0.08720286190509796
-0.03189278766512871
0.029190590605139732
0.017453087493777275
0.03812124580144882
-0.05090992897748947
-0.03664889931678772
0.017346424981951714
-0.041517242789268494
-0.05051499605178833
-0.03825388476252556
0.033746328204870224
-0.024890774860978127
-0.007024437189102173
-0.04529259353876114
0.021714992821216583
-0.011224578134715557
0.05096159130334854
-0.0005094707012176514
-0.062002964317798615
0.025549734011292458
0.056198522448539734
-0.0620524063706398
-0.05132433772087097
-0.05816939100623131
-0.041540149599313736
-0.01632496900856495
0.0429471954703331
-0.05424390360713005
0.04662445932626724
0.00292723486199975
-0.051609061658382416
-0.026789113879203796
-0.0038305073976516724
0.014505840837955475
-0.02831380069255829
-0.006280971225351095
0.028350727632641792
-0.009257664903998375
0.002977341413497925
-0.016350261867046356
0.0027761664241552353
0.009928718209266663
-0.009590758010745049
0.054799385368824005
-0.005812083370983601
0.004170356318354607
-0.008534178137779236
-0.03128907084465027
-0.0464383140206337
0.021644271910190582
-0.06219801306724548
-0.05273047834634781
0.01881485804915428
-0.03656614571809769
-0.056493427604436874
-0.047342993319034576
-0.04612847790122032
0.01968548260629177
0.0021909952629357576
0.03130382299423218
-0.04973473772406578
-0.03656533360481262
-0.034983500838279724
-0.01277877576649189
-0.008604079484939575
0.01282607764005661
0.004432923626154661
0.04791185259819031
0.01978977769613266
0.052978336811065674
0.013692466542124748
-0.02315397560596466
0.023059353232383728
-0.012028247117996216
0.04485116899013519
0.025067053735256195
-0.024739429354667664
-0.015166014432907104
-0.01872381940484047
0.039021678268909454
-0.051876481622457504
-0.01065041869878769
-0.018078576773405075
-0.021257096901535988
-0.040422700345516205
-0.0023467503488063812
0.05080138146877289
0.026549072936177254
-0.02280248887836933
0.00907398946583271
0.008692540228366852
0.052101053297519684
-0.030247995629906654
-0.01636204868555069
0.00036945194005966187
-0.05169844627380371
0.05656440183520317
-0.014430834911763668
-0.03716478869318962
-0.05331326648592949
-0.0015106648206710815
0.04210253059864044
-0.061040788888931274
-0.05755548179149628
0.04764193668961525
-0.056402355432510376
-0.03734218329191208
-0.02410336211323738
-0.028947683051228523
-0.012948332354426384
-0.04890906438231468
-0.040788233280181885
0.006086451932787895
-0.010336698964238167
-0.034580331295728683
-0.02301049791276455
-0.020453818142414093
-0.04580254852771759
0.0031314792577177286
-0.049093518406152725
-0.022635526955127716
-0.03345772624015808
0.044197119772434235
-0.009510663338005543
-0.0010355114936828613
0.02048734948039055
0.017076516523957253
-0.04992568865418434
0.023240920156240463
0.026603538542985916
0.04955499619245529
0.02128201723098755
-0.0008161867735907435
0.030158795416355133
0.013412723317742348
-0.038886912167072296
-0.01962992176413536
0.03171084076166153
-0.03162325173616409
0.014261657372117043
-0.038560330867767334
0.006119193509221077
-0.0348411425948143
-0.0475439615547657
0.034783728420734406
0.05518876761198044
0.04102275148034096
-0.060285784304142
0.049404144287109375
-0.0033421118278056383
-0.03592488169670105
-0.039990853518247604
-0.0030438974499702454
-0.048964180052280426
0.03488010913133621
-0.04052259773015976
0.04101477935910225
0.04621680825948715
-0.05708695948123932
-0.03854106366634369
-0.04337473586201668
0.04983596131205559
0.03156005218625069
-0.03281896561384201
0.004810288082808256
0.023900451138615608
0.061104848980903625
-0.010759546421468258
0.018932746723294258
0.03465575352311134
-0.017620231956243515
-0.03707345575094223
0.054195769131183624
0.05492165684700012
-0.050629373639822006
-0.01621081307530403
-0.028016850352287292
-0.027860917150974274
-0.06435047090053558
-0.03933866694569588
0.013826031237840652
-0.0480898953974247
-0.04722072184085846
0.02917931228876114
0.01626817137002945
0.04541286081075668
-0.017578868195414543
-0.05101387947797775
-0.019849039614200592
0.01164727658033371
0.03154376894235611
-0.03332186117768288
0.041873496025800705
-0.030634962022304535
-0.017237579450011253
-0.003493569791316986
0.01849707029759884
-0.009715738706290722
0.033434994518756866
0.016424335539340973
-0.018790436908602715
-0.0391637422144413
0.0599408894777298
0.023588158190250397
0.021523119881749153
0.05448472499847412
0.04503409564495087
0.03547248989343643
-0.02360483817756176
-0.006803958211094141
-0.013632625341415405
-0.041325122117996216
0.012392468750476837
0.03933773189783096
0.0053394087590277195
-0.06596831232309341
0.007322403602302074
0.04421582818031311
-0.03694804385304451
0.019291551783680916
-0.05109336972236633
-0.04093194752931595
0.010316628031432629
-0.051370732486248016
-0.06956609338521957
0.01625908724963665
-0.0255776047706604
0.023785872384905815
0.014168006367981434
-0.02265220880508423
-0.025560492649674416
-0.05389125645160675
0.0566992461681366
0.04932209849357605
-0.04621800035238266
0.04794109985232353
-0.03683201223611832
-0.0022027732338756323
0.054574787616729736
0.0424501895904541
0.010228857398033142
-0.053422413766384125
-0.049549080431461334
-0.022202424705028534
-0.04023318365216255
-0.043783970177173615
0.004923634231090546
-0.00013520264474209398
0.03147256001830101
-0.04134317487478256
0.0411907434463501
-0.0637582316994667
-0.053933024406433105
-0.06245923787355423
0.04649585857987404
0.04262671247124672
-0.051662370562553406
-0.02787199057638645
0.044110096991062164
0.001500934362411499
-0.0033704042434692383
-0.01998075656592846
-0.04830316826701164
-0.060993652790784836
0.031406328082084656
-0.026271596550941467
-0.005264870822429657
0.018610229715704918
0.01247800886631012
0.09647078812122345
0.10025454312562943
0.05223073810338974
0.20094405114650726
0.000880703330039978
0.002162718679755926
0.043340690433979034
-0.5038665533065796
-0.00963997095823288
0.037225186824798584
0.05894822999835014
-0.447208046913147
0.2664725184440613
1.8567063808441162
0.5910512208938599
-0.24090220034122467
-0.02996635250747204
0.22554172575473785
0.22951644659042358
-0.12946870923042297
-0.04803111404180527
0.023681404069066048
0.07157660275697708
-0.20388415455818176
-0.14732784032821655
-0.037647418677806854
0.040133003145456314
0.020616905763745308
0.006561181973665953
0.21287840604782104
0.011708415113389492
0.4642174541950226
0.05764089524745941
-0.34008079767227173
-0.013013623654842377
1.3670554161071777
0.0011787116527557373
-0.3570546805858612
1.9842935800552368
0.019897928461432457
0.0010937434853985906
0.11365776509046555
-0.059802789241075516
-1.9842143058776855
0.013002718798816204
-1.9841792583465576
-0.06289370357990265
0.25674644112586975
0.1406351625919342
-0.1294848769903183
0.04956166818737984
-0.1028720885515213
0.035255998373031616
0.36562585830688477
-1.1128634214401245
0.008431799709796906
0.0603119432926178
1.8946529626846313
-0.0014590546488761902
0.0028906837105751038
-0.020795568823814392
-0.006813935935497284
0.029804734513163567
0.04602666199207306
-0.8456023931503296
1.6757723093032837
0.5350271463394165
0.07587404549121857
-0.026908794417977333
-0.41658279299736023
0.05590549111366272
-0.443423867225647
0.07571521401405334
-0.01836569793522358
1.4864057302474976
0.1652543842792511
0.5098455548286438
-0.00020961856353096664
-0.6839072108268738
0.47640568017959595
-0.011732100509107113
-0.15633367002010345
-0.0028405189514160156
0.05043208226561546
-0.5612900257110596
0.14886973798274994
0.058537740260362625
1.829662799835205
1.105324387550354
0.002469070255756378
0.3811816871166229
0.17770244181156158
0.04346127808094025
0.012058442458510399
-0.16793368756771088
0.07217694818973541
-1.2027286291122437
1.9024041891098022
0.05642462894320488
0.05977054312825203
0.12508228421211243
1.636978268623352
1.4101033210754395
0.11560225486755371
-0.20489710569381714
0.0954199805855751
-0.7355747222900391
0.05079827457666397
0.20616860687732697
0.12641119956970215
0.015726031735539436
0.0005355150788091123
0.03518776223063469
1.982537865638733
0.14295890927314758
-1.0299321413040161
0.3693307340145111
0.022175297141075134
1.3188989162445068
0.11139915138483047
-0.03698154538869858
-0.23000186681747437
0.014033801853656769
1.9839226007461548
0.8929237127304077
0.09211648255586624
0.06287796050310135
-0.03617769479751587
0.08075214177370071
-0.02378610521554947
-0.12756912410259247
0.02100960910320282
0.07934313267469406
-0.11778329312801361
-0.7440404891967773
0.12526214122772217
-0.11904242634773254
-0.03245513141155243
0.050354912877082825
0.18542402982711792
0.39836299419403076
-0.0847809836268425
1.1192322969436646
1.5471090078353882
-0.025077493861317635
0.058505117893218994
0.05991322919726372
-1.9825339317321777
0.3742356300354004
1.9256879091262817
0.045501500368118286
0.2958108186721802
-0.20531313121318817
0.009134341031312943
-0.00732842180877924
-0.030926987528800964
0.06859812885522842
-1.5682569742202759
-1.984375
-0.021530717611312866
-0.016314998269081116
0.06337323039770126
0.08174028247594833
0.48177212476730347
-0.7583852410316467
-0.16923271119594574
-0.057659439742565155
0.05665815621614456
0.03984929248690605
-0.05580699443817139
-0.42174088954925537
0.10125655680894852
0.051068417727947235
0.09945687651634216
0.05830872058868408
0.0580865703523159
-0.03990425914525986
0.03168414533138275
0.1976814866065979
0.10796616226434708
0.013952195644378662
-0.05393679812550545
-0.5960827469825745
-0.6343095302581787
0.03811341151595116
-0.004898057319223881
0.010419714264571667
0.9279192090034485
0.019323386251926422
0.06998403370380402
0.028072841465473175
0.10484782606363297
1.9761353731155396
-0.31295275688171387
-1.2119529247283936
-0.11350508034229279
-0.08946114033460617
0.03182859718799591
1.6252166032791138
0.8223170042037964
0.12245548516511917
-0.5268185138702393
-0.39043375849723816
1.4255547523498535
0.036999866366386414
1.9802621603012085
1.62128746509552
-0.019769594073295593
-0.01611572504043579
0.4097178876399994
-0.9048292636871338
-1.4439243078231812
0.06030581146478653
-0.04165622964501381
1.9842725992202759
-0.22966593503952026
0.056432098150253296
-1.9840501546859741
1.9769821166992188
-0.02856871485710144
-0.20135751366615295
-0.011027433909475803
0.00572920823469758
0.0540226474404335
1.9767276048660278
-0.02605832740664482
0.001517951488494873
0.019638389348983765
-0.018916193395853043
-0.8988666534423828
0.14425688982009888
1.2124775648117065
-0.8180328607559204
-0.036502406001091
0.055331263691186905
1.3727195262908936
-0.00935208797454834
0.2812860906124115
0.059493500739336014
-0.00488019734621048
0.42553043365478516
0.06492696702480316
-0.23283682763576508
-0.12259054183959961
-0.47968804836273193
1.2107036113739014
0.019599594175815582
0.0030199065804481506
-0.06624295562505722
-0.023371679708361626
-0.16984742879867554
-0.048065610229969025
1.980577826499939
-0.11361533403396606
1.1623597145080566
0.02285410463809967
-0.13757266104221344
-1.412759780883789
-0.13927344977855682
-1.1759699583053589
-0.013518571853637695
0.04973677173256874
-0.29276132583618164
0.17903254926204681
-0.01941574364900589
-0.05287770926952362
0.02909473143517971
1.984161376953125
0.5499979853630066
0.5779600739479065
1.1605262756347656
-0.7863174080848694
-0.8635096549987793
1.429810643196106
1.3092516660690308
0.01935812644660473
-0.026163995265960693
0.03359409049153328
-0.34682732820510864
0.259255975484848
-0.24207164347171783
-0.023366332054138184
-0.05153697729110718
1.4491938352584839
0.13665583729743958
1.6586275100708008
-0.0038799941539764404
-1.4165288209915161
0.42024677991867065
1.9843153953552246
-0.05183011293411255
-1.1609106063842773
-0.00400736927986145
-0.42338672280311584
0.6946232914924622
0.14272280037403107
1.0431675910949707
-0.7615609169006348
0.044722672551870346
1.6104485988616943
0.08930350095033646
-1.984375
1.984096884727478
-1.741010069847107
0.43845444917678833
-1.9843580722808838
-0.6314651370048523
0.013477081432938576
-0.023228012025356293
0.9646053314208984
-1.9669171571731567
0.015850037336349487
-0.04017858952283859
0.6686068177223206
-0.05889742076396942
0.002044588327407837
-0.017626024782657623
0.04858303815126419
1.5699459314346313
0.015908539295196533
-1.984053611755371
0.7557523250579834
0.13012754917144775
0.8097971677780151
0.3020431101322174
-1.9816389083862305
-0.3294260501861572
0.31799039244651794
-0.2494831532239914
0.006415757350623608
-1.982133150100708
0.7399389147758484
-0.029015840962529182
-0.04084791615605354
-1.166114091873169
-1.9812324047088623
-0.013046693988144398
0.10735955834388733
0.01588062196969986
-0.19609986245632172
-1.9824824333190918
-0.3430314362049103
-0.36267274618148804
-1.9819599390029907
-0.6886482834815979
0.04017356038093567
0.2581799626350403
-0.3841384947299957
-0.033929839730262756
0.052752986550331116
0.7345904111862183
-0.1060115396976471
0.09138810634613037
0.8169974088668823
0.011863191612064838
-0.25090712308883667
-0.7855193614959717
0.6989413499832153
0.4275807738304138
-0.32095980644226074
0.10667922347784042
-0.2847597599029541
-0.09922316670417786
-0.041438497602939606
-0.16046811640262604
-0.44115784764289856
0.0342322401702404
-0.03555234521627426
0.924092710018158
0.6905129551887512
0.22995878756046295
-1.8046882152557373
-1.4586293697357178
0.001190774142742157
-0.7201271057128906
-1.9840197563171387
-0.013365976512432098
1.614028811454773
-0.02965729683637619
0.7092357277870178
1.2684916257858276
-0.36656856536865234
0.4261573851108551
-0.05025239288806915
-0.21485941112041473
0.017393484711647034
0.508447527885437
-0.0177481546998024
-0.2554382383823395
0.45962581038475037
-0.216594398021698
-0.507369875907898
1.1008158922195435
-0.056912899017333984
0.688766598701477
-0.09380923956632614
-0.009095930494368076
-1.5817745923995972
-1.9832336902618408
-1.3770989179611206
0.015272657386958599
0.06181657314300537
1.675039529800415
-0.07584722340106964
-1.1382060050964355
0.6305046677589417
0.05691967159509659
-1.4713693857192993
-0.8315417170524597
-0.16272595524787903
-0.5653237104415894
-0.33167168498039246
-0.22731253504753113
-1.8915379047393799
1.98435378074646
0.006888263393193483
-0.0025862380862236023
-0.8891482949256897
0.13799895346164703
-0.3610524535179138
0.36550575494766235
-0.041174259036779404
0.3120248019695282
-0.9632660746574402
0.105214923620224
-0.615826427936554
-0.22836576402187347
-0.2095838189125061
0.057934194803237915
-0.14563938975334167
-0.06281686574220657
0.05187877267599106
-0.008767679333686829
0.01182797271758318
-0.5421150922775269
-0.20978373289108276
0.03254719078540802
-1.132968783378601
-0.7498119473457336
1.7578290700912476
0.03345957770943642
-1.6725661754608154
0.448230504989624
0.3577826917171478
-0.01503706257790327
-0.12564970552921295
-0.004261098802089691
-0.21829178929328918
0.7039524912834167
1.976635217666626
1.903511643409729
-0.1394563466310501
-0.5787857174873352
-0.04653025418519974
0.22564184665679932
1.8767822980880737
-0.0024633591528981924
1.9830858707427979
0.6813480257987976
-0.17701132595539093
0.029353730380535126
0.6425140500068665
0.5457048416137695
-0.00944691151380539
0.009700678288936615
0.5549482703208923
-0.25383809208869934
-0.13370518386363983
-0.1779954582452774
-0.05337226390838623
0.830754280090332
-0.33907350897789
0.015620321035385132
-0.7026731967926025
0.6606712341308594
0.03790898621082306
-0.2769760191440582
0.44366592168807983
-0.0004142462566960603
-0.028646931052207947
0.7217404842376709
0.03308616206049919
-0.052135348320007324
-0.04910382628440857
0.054170798510313034
-0.23518335819244385
-0.31318023800849915
0.4613606929779053
0.11162503808736801
0.05209694057703018
1.60604727268219
0.5307928323745728
-0.002497449517250061
0.055985789746046066
0.28944405913352966
0.026844531297683716
1.2951692342758179
-0.15958575904369354
0.41235679388046265
0.46050626039505005
-0.19025945663452148
0.7303593158721924
-0.05092789977788925
-0.0288216695189476
-0.07196729630231857
0.40161702036857605
-1.5722246170043945
0.011489883065223694
0.9124253392219543
1.9839164018630981
0.5816460847854614
0.02811596542596817
1.833356261253357
0.5963612794876099
0.9081341028213501
1.9838534593582153
-0.02706092596054077
0.06349898874759674
-0.645066499710083
0.07471685856580734
0.014971360564231873
0.04455483704805374
0.9454543590545654
0.4496999680995941
0.618024468421936
-0.6254986524581909
-0.8079845309257507
0.2727693021297455
-0.3716546297073364
-0.4891919195652008
-0.6613808274269104
-0.4127364158630371
0.05611199140548706
-0.041045840829610825
1.7857816219329834
-0.047299064695835114
-0.0978122428059578
-0.02448134869337082
-0.005111031234264374
-0.5175374746322632
-1.1576719284057617
-0.07729598879814148
-0.01592719554901123
0.34400269389152527
-0.09693634510040283
1.8250924348831177
0.01902683824300766
1.2254958152770996
-0.049185484647750854
-0.17897135019302368
-0.5521022081375122
0.21000520884990692
1.9831702709197998
-0.8799664378166199
0.00038379128091037273
-1.1705169677734375
0.32211804389953613
0.4177306294441223
1.4871814250946045
0.034285757690668106
-0.3918840289115906
1.9843353033065796
-0.020960593596100807
-0.26346081495285034
-0.05294261872768402
-0.7426875829696655
0.37967589497566223
-0.05795504152774811
-0.05707773566246033
-0.685086727142334
-0.0759376585483551
0.00048247724771499634
-0.04594913870096207
0.013992860913276672
0.23342570662498474
0.0014428365975618362
-1.9843395948410034
-0.5565587282180786
0.3482532799243927
-1.136274814605713
-0.05317343771457672
0.4163260757923126
1.0664875507354736
0.3427641987800598
1.7262978553771973
0.020129099488258362
1.9839190244674683
0.7754278779029846
0.10006676614284515
0.05944981798529625
0.5878173112869263
0.9347623586654663
-0.04487725347280502
0.1256713718175888
-0.035350486636161804
1.286950707435608
0.4447867274284363
0.7523924112319946
1.6245180368423462
1.9364303350448608
-1.9770710468292236
0.03399244695901871
-0.11294575780630112
-0.4779602587223053
-0.02040117233991623
0.0455893836915493
-0.32624053955078125
1.4953628778457642
-0.7387704253196716
-0.3794768452644348
0.04399457946419716
1.4965025186538696
1.5534719228744507
-0.48244088888168335
-0.4236074388027191
0.006904579699039459
-0.39048197865486145
1.6855932474136353
0.028668824583292007
0.027042120695114136
-0.47401270270347595
0.31926384568214417
-0.4110632836818695
0.018205925822257996
0.34659701585769653
1.116167426109314
-0.16195690631866455
0.8973185420036316
0.5084303021430969
0.04371556639671326
0.40780436992645264
1.4546548128128052
0.04209090769290924
-0.3842026889324188
0.029398858547210693
-0.8344979286193848
-0.5103548765182495
1.801439642906189
0.21211373805999756
0.010030850768089294
1.6278586387634277
0.01745104044675827
0.1704941987991333
-0.055886685848236084
1.739712119102478
0.622187614440918
0.8452652096748352
1.9459623098373413
-0.4486812353134155
-0.05267535150051117
0.03173011541366577
-0.4639788269996643
0.4109545946121216
-0.40817439556121826
0.11220791190862656
1.976156234741211
0.012215863913297653
-0.06319616734981537
-0.3844485580921173
-0.15901045501232147
0.9587802886962891
-0.8886414170265198
-0.01832258701324463
0.14747920632362366
1.6163376569747925
0.7241560220718384
-0.07983558624982834
1.1243382692337036
0.9910867810249329
-0.20388837158679962
1.0491461753845215
-0.03171983361244202
0.032121650874614716
-0.8588982224464417
0.33146288990974426
-0.5314487218856812
0.5794915556907654
-1.9835710525512695
-0.6695783138275146
-1.0152173042297363
1.481488585472107
-0.24162131547927856
0.2484704703092575
-0.34739789366722107
-0.035196103155612946
1.9841302633285522
-0.09783867746591568
1.3254612684249878
-0.0077339038252830505
1.1365571022033691
1.9840140342712402
1.7861000299453735
0.028456807136535645
-0.0630205050110817
-0.3091014623641968
-1.3253529071807861
0.17773199081420898
1.9832520484924316
-0.39097246527671814
-0.14438194036483765
0.20030826330184937
-0.5237560868263245
-0.014335334300994873
1.9833455085754395
-0.8181909322738647
-1.9843517541885376
1.3797818422317505
-0.10673864930868149
0.2129296064376831
0.03917151689529419
-0.8530188798904419
-0.5133195519447327
1.596062421798706
-0.9593883156776428
-0.34270206093788147
-0.0885905772447586
-0.005737766623497009
-0.5896242260932922
-0.36712074279785156
-0.025783129036426544
0.03775910288095474
0.2343563586473465
0.16306805610656738
0.8576472997665405
1.6789029836654663
0.016623618081212044
-0.6287155151367188
0.5959276556968689
0.03229862451553345
0.01353162620216608
-0.5864300727844238
-0.029216177761554718
-1.980597972869873
0.3982257544994354
0.08755026757717133
0.03461430221796036
-0.7435628175735474
-0.06278957426548004
0.03283855319023132
0.0005618110299110413
0.028175368905067444
0.08366625756025314
1.9836262464523315
-0.26888740062713623
0.17367014288902283
0.03400639444589615
0.3848886489868164
-0.45684781670570374
-0.04357948154211044
0.97733473777771
1.6099745035171509
-0.013752251863479614
-0.7313981056213379
1.3579578399658203
1.2612608671188354
-0.18882840871810913
0.051544979214668274
-0.2729594111442566
-0.0106782466173172
-0.056791774928569794
0.25478678941726685
-0.21254444122314453
-0.2718137502670288
-0.00761431036517024
-0.724189817905426
1.2532438039779663
-0.23924681544303894
-0.03896244615316391
-0.0051207952201366425
0.007332759443670511
-0.03201467916369438
-0.012721426784992218
0.05075198411941528
0.014971253462135792
-0.9208993315696716
0.14318107068538666
0.039746060967445374
-0.016156062483787537
0.2335999459028244
-0.03791363164782524
-0.3017636239528656
-1.0349290370941162
-0.447325736284256
0.06535505503416061
-0.043357815593481064
-0.17262157797813416
-0.18044258654117584
-1.9831117391586304
0.001222752034664154
0.013088840991258621
-0.030705951154232025
-0.05140859633684158
0.0771278440952301
-0.050240471959114075
0.0036000683903694153
-0.10418720543384552
-0.004279743880033493
0.12000290304422379
-0.03176361322402954
0.32870301604270935
0.051847685128450394
-1.9839428663253784
-0.06130172312259674
-0.5449724197387695
-0.0528329461812973
-0.2291354238986969
-1.245867133140564
0.018448956310749054
-0.05085889995098114
-0.05541747435927391
-0.011010895483195782
-1.984283685684204
-0.7128413915634155
1.9735939502716064
0.23382791876792908
-0.06215304881334305
-0.01687425561249256
-0.8380974531173706
0.02365819551050663
0.5112453103065491
0.054042086005210876
-0.25131213665008545
0.9634370803833008
0.03530145436525345
0.04686193913221359
-1.0600275993347168
-0.01208680309355259
-0.04028870910406113
0.061596110463142395
-0.04194004833698273
-0.2940422296524048
-0.0022764347959309816
1.984375
-0.9388239979743958
-0.3083897531032562
0.8347302675247192
0.12376052886247635
-0.2023574560880661
-0.05162407457828522
0.3015560805797577
-0.022189470008015633
-0.014103658497333527
-1.9803739786148071
-0.2106063812971115
-0.530298113822937
0.03862284868955612
-0.14031879603862762
1.3712596893310547
0.01166894193738699
-0.11617215722799301
-0.04234255105257034
-0.0367623008787632
0.2721044719219208
0.29202282428741455
-0.0695924237370491
-1.9839015007019043
0.4764699935913086
0.006094731390476227
0.25615164637565613
-0.1885140836238861
-0.05894406884908676
0.06327023357152939
-0.24249108135700226
-0.023259237408638
-0.24300828576087952
-1.097424030303955
0.010989006608724594
-0.04940051957964897
0.022799717262387276
-0.8910094499588013
-0.7984331846237183
-0.11971795558929443
-0.1593737155199051
-0.02948226034641266
0.37074998021125793
0.022619232535362244
-0.23153898119926453
0.1115841418504715
-0.018592648208141327
-0.01676628738641739
-0.041341632604599
-1.9842950105667114
-0.29463785886764526
-0.2430458962917328
0.08911342918872833
-0.036611407995224
0.18831486999988556
-0.014714958146214485
-0.02842654287815094
0.02093886397778988
0.0008229389786720276
-1.1280568838119507
-0.34038156270980835
-0.03593328222632408
0.03150774538516998
-0.006791122257709503
-0.018593329936265945
-0.037167035043239594
0.017474720254540443
-0.05834054946899414
-0.030931886285543442
-0.013993958942592144
-0.08082494884729385
-0.049267880618572235
-0.1344747543334961
0.012181401252746582
0.012722368352115154
0.02381799928843975
0.3741189241409302
-0.2394898682832718
-0.5771298408508301
0.10364457219839096
-0.015268943272531033
0.03651394322514534
0.18198460340499878
0.23471316695213318
0.19408386945724487
-1.0920263528823853
-0.018322326242923737
0.042286425828933716
0.07171428948640823
0.0169668011367321
-0.01580370031297207
0.01924097165465355
-0.025016114115715027
0.15778174996376038
-1.984375
0.018032290041446686
-0.06054602563381195
-0.0216540340334177
-0.051305025815963745
-0.1382790505886078
0.08283524960279465
0.16756637394428253
-0.13097219169139862
-0.02685488387942314
-0.0014447786379605532
-0.09516482800245285
-0.17823383212089539
0.005770943593233824
-0.004503622651100159
0.0039320471696555614
-0.03941113501787186
-0.022337278351187706
0.022625327110290527
-0.021142372861504555
-0.014598042704164982
-0.06387373805046082
-0.017388202250003815
-0.14164240658283234
-0.33140185475349426
0.05727062374353409
-0.02400706335902214
1.0456361770629883
-0.08462361991405487
-0.5608204007148743
0.063451386988163
-0.041981372982263565
-0.03675244748592377
-0.04099321365356445
-1.1399418115615845
0.15196098387241364
0.20690591633319855
-0.22537556290626526
0.01390769798308611
-0.03617505729198456
-1.213229775428772
-0.20174294710159302
0.06876998394727707
-0.49909016489982605
-0.18241438269615173
-1.984375
-0.03125413507223129
-1.1379501819610596
-0.9456847906112671
0.0019165477715432644
-0.062270939350128174
-0.3346141576766968
0.3702033758163452
0.13177217543125153
-0.030892765149474144
0.05121544003486633
-1.322182059288025
-1.9828993082046509
0.01001497358083725
0.4234077036380768
-1.1585009098052979
0.04109734296798706
0.088453508913517
0.42873838543891907
-0.04877430200576782
0.01774638146162033
-1.2465282678604126
-0.006077075842767954
-0.06028535217046738
0.03862658888101578
0.01778402365744114
0.5476731657981873
-0.06612176448106766
-0.6968221664428711
0.4059264063835144
-0.014506764709949493
0.1904260367155075
-0.7944839596748352
-0.002628512680530548
0.3798814117908478
0.058672547340393066
-0.020839162170886993
-0.3119586706161499
-0.030131811276078224
-0.045527759939432144
-0.5532854199409485
0.06267482787370682
-0.687701940536499
-0.02622639387845993
-0.04381144791841507
0.005825845059007406
-0.004655646160244942
-0.11615172028541565
0.014568818733096123
-1.2591484785079956
0.3861255943775177
-0.6893377900123596
-0.026211820542812347
-0.03867542743682861
-0.06107090041041374
-0.0572626106441021
-0.052032072097063065
-0.0016386881470680237
0.05545511096715927
-0.013672198168933392
0.045711055397987366
-0.027515605092048645
0.015613287687301636
-0.029461845755577087
-0.053461574018001556
0.024629604071378708
0.03526342660188675
-0.03461281955242157
0.0016958379419520497
0.011455952189862728
-0.06570691615343094
-0.05322724208235741
0.0496792271733284
0.03889495134353638
-0.04420027509331703
0.021441126242280006
0.0334526002407074
-0.005112658720463514
-0.041764996945858
-0.00254029780626297
0.019571885466575623
0.03413953259587288
-0.014316447079181671
-0.004989206790924072
0.03377580642700195
-0.02056261897087097
0.001391503494232893
-0.05726595222949982
-0.0660974308848381
0.059701643884181976
-0.026065340265631676
-0.021095065400004387
-0.0602240189909935
0.037749890238046646
0.02348259836435318
-0.021975897252559662
0.038081418722867966
-0.00267986161634326
-0.006987967528402805
-0.048090506345033646
0.030263030901551247
-0.051265228539705276
-0.021122511476278305
-0.0023685304913669825
0.0013639852404594421
0.007122337818145752
-0.024353718385100365
0.03553235903382301
0.05526750534772873
-0.03582671284675598
-0.05573701858520508
0.05016232281923294
-0.015633948147296906
-0.052668094635009766
0.04845590144395828
0.0515214167535305
0.00972052663564682
-0.0009242719388566911
-0.0015786094591021538
0.043142303824424744
0.04295337572693825
-0.060036804527044296
-0.032847292721271515
0.011143164709210396
0.0373152494430542
-0.022139044478535652
0.027960605919361115
-0.023170294240117073
0.002353121293708682
-0.06510782241821289
-0.05744488537311554
0.04734787717461586
0.037960320711135864
0.012394696474075317
-0.020820505917072296
-0.0396827831864357
0.03394395858049393
-0.0526488833129406
-0.057351596653461456
-0.027340112254023552
-0.005275198258459568
-0.05331147462129593
0.03575022518634796
-0.028781510889530182
0.03631187975406647
0.05241641402244568
0.043251991271972656
-0.029829787090420723
6.139949982753024e-05
0.032962992787361145
-0.017697492614388466
-0.0021493881940841675
0.03963090479373932
-0.05479604750871658
0.03996416926383972
-0.06785285472869873
0.02922763116657734
0.026590051129460335
0.007159151136875153
-0.03528274595737457
0.029149964451789856
0.025649866089224815
0.05192533880472183
0.0030270363204181194
0.03266177326440811
-0.048059891909360886
-0.02635481208562851
-0.036210156977176666
-0.06340698897838593
0.032294489443302155
-0.05892699956893921
-0.06212545931339264
0.03556319698691368
-0.04003487527370453
-0.021495457738637924
-0.004082351922988892
-0.02606155164539814
0.01947859860956669
0.06338891386985779
-0.012927367351949215
-0.001947358250617981
0.0061691030859947205
0.0031876638531684875
-0.04936475306749344
-0.01081453263759613
-0.05298357456922531
-0.01539896335452795
-0.010840610601007938
0.044026412069797516
0.04699939861893654
-0.03630974143743515
0.03422285243868828
0.01887141726911068
-0.043413154780864716
-0.04167815297842026
0.04465099424123764
0.022879935801029205
0.023575760424137115
-0.024336613714694977
-0.008974271826446056
0.027098655700683594
-0.030551912263035774
-0.062263403087854385
-0.0022360682487487793
-0.06558259576559067
0.014997994527220726
-0.009414635598659515
-0.05398767441511154
0.015790829434990883
0.0002346880646655336
0.03953082114458084
0.010701845400035381
0.039960309863090515
-0.060001127421855927
-0.02904699370265007
-0.014690078794956207
0.042537786066532135
-0.00765259237959981
0.02478301152586937
-0.05091678723692894
-0.06490910053253174
-0.010668935254216194
-0.049716364592313766
-0.012506067752838135
-0.0427774116396904
0.04911462962627411
-0.025673499330878258
-0.02720838226377964
0.035281602293252945
0.0178195983171463
-0.03187745809555054
-0.004512176848948002
0.04460059106349945
-0.02321697771549225
0.011951647698879242
0.01405442226678133
-0.008821729570627213
0.020642351359128952
-0.010875128209590912
-0.011513248085975647
0.04340003430843353
-0.05667686089873314
0.004193499684333801
0.05647898465394974
-0.06523154675960541
0.0001992359757423401
-0.056422628462314606
0.017534688115119934
-0.032251887023448944
-0.04236949607729912
0.047245994210243225
-0.05026037245988846
-0.02404741942882538
-0.06502442061901093
0.003540840931236744
-0.045782074332237244
-0.03410490229725838
-0.04787921905517578
-0.06564632058143616
0.05226821452379227
0.023949742317199707
0.053000904619693756
-0.036475010216236115
0.0005194176337681711
-0.06089160591363907
-0.054443877190351486
0.02006823569536209
0.008031995967030525
-0.03310009092092514
-0.04483801871538162
-0.04174807295203209
0.039065614342689514
-0.01443789154291153
0.03822069615125656
0.015192562714219093
-0.054577458649873734
0.03836195170879364
-0.05188944190740585
-0.05718611925840378
-0.0007417052984237671
0.053371451795101166
-0.03870043158531189
0.04614639654755592
0.021553225815296173
0.035377368330955505
0.009739774279296398
0.05342899262905121
0.03390440717339516
0.04123694822192192
-0.02461405098438263
-0.03550860658288002
-0.045394476503133774
0.034087784588336945
0.048410460352897644
-0.05667953938245773
-0.004916789010167122
0.03340839967131615
-0.0037235096096992493
0.025354117155075073
0.05116317421197891
0.02426312118768692
-0.038544364273548126
0.05400737747550011
0.0030701695941388607
0.007839947938919067
-0.06067270785570145
0.03129729628562927
6.315800419542938e-05
-0.02542765438556671
0.5333098769187927
0.6874457597732544
0.3743339776992798
0.938628077507019
0.04073191434144974
-0.016476601362228394
-1.9837090969085693
-0.28873756527900696
0.022701941430568695
-0.03028968721628189
0.05979655310511589
1.9838000535964966
-0.2463718056678772
-1.4159319400787354
-0.424029141664505
0.10899471491575241
0.16936595737934113
-0.8369061946868896
-0.5605135560035706
-0.39998361468315125
-0.05303717404603958
-0.0879194363951683
0.5216345191001892
0.0202492643147707
0.1434331238269806
-0.009344957768917084
-0.034085437655448914
-0.4812408685684204
-0.05050789192318916
0.11503282189369202
0.06225564330816269
1.3927531242370605
0.24139922857284546
-0.37022408843040466
-0.013128012418746948
1.0313829183578491
0.009905010461807251
-0.28481385111808777
-1.720737099647522
0.051933251321315765
0.37645527720451355
0.08745574951171875
0.037137698382139206
1.9841262102127075
-0.6158092617988586
1.3392869234085083
1.9839813709259033
0.8619877099990845
0.21136754751205444
1.983843445777893
0.4791393280029297
-1.102368712425232
0.0106925368309021
-0.7680900692939758
-1.489912748336792
0.039650462567806244
0.05958085507154465
-1.5450952053070068
-0.04708094149827957
-0.023587055504322052
0.06170979142189026
0.032972127199172974
-0.2354414463043213
-0.014134004712104797
1.9839621782302856
-1.258723258972168
0.5376677513122559
-1.982112169265747
-0.016037672758102417
-0.08633799850940704
0.536891520023346
0.2029510885477066
0.687986433506012
-0.04397506266832352
1.9840117692947388
0.5244398713111877
-0.7189658880233765
0.031006593257188797
0.232317253947258
0.5060631632804871
0.038430437445640564
1.1470297574996948
0.030688859522342682
0.4838705360889435
1.6805686950683594
0.634124755859375
0.595609724521637
1.8878434896469116
0.08770649135112762
-0.04283878952264786
-0.13897676765918732
0.0038956881035119295
0.01567331701517105
0.04566516727209091
-0.6673701405525208
0.5777241587638855
-0.6755537390708923
-1.5674978494644165
0.03858410567045212
0.4922504425048828
1.0240298509597778
-1.2459012269973755
-1.240985631942749
-0.2356576919555664
-0.10569565743207932
0.6216171383857727
0.5088301301002502
0.0461370125412941
-1.0220502614974976
0.050735995173454285
0.16569413244724274
0.0462171733379364
-0.10723947733640671
0.8845260739326477
-0.38367989659309387
0.43662533164024353
0.7757121920585632
0.06167338043451309
0.11724597960710526
0.3197903633117676
-0.038735128939151764
-0.07756999880075455
-0.01993025839328766
-1.658847451210022
-0.3975090980529785
0.6927140355110168
0.18289457261562347
-0.03251466900110245
0.5270289182662964
-0.05676163733005524
0.26303455233573914
0.014522485435009003
0.6189643144607544
-0.9252389073371887
0.14630700647830963
0.688299834728241
-0.0828084871172905
0.05115204304456711
-0.06372939795255661
0.043660540133714676
0.27456289529800415
0.14963501691818237
1.9822750091552734
1.7153054475784302
0.0011480107204988599
0.006579644978046417
0.0933292806148529
0.15928493440151215
1.242103934288025
-1.739182710647583
0.006693847477436066
1.1979115009307861
-0.09414162486791611
0.1521144062280655
0.611328661441803
0.9427136778831482
0.33179646730422974
1.584425926208496
-1.2673100233078003
-0.0536545030772686
-0.03132051229476929
0.3003731369972229
0.11483019590377808
-0.43691277503967285
-0.28139668703079224
-0.19612881541252136
-0.5702853798866272
0.3950522541999817
0.38551241159439087
0.6390225887298584
0.1676923781633377
-0.01873490773141384
-0.061866484582424164
0.9517088532447815
-0.1256546676158905
0.5000544190406799
0.005451694130897522
0.4135785698890686
1.112140417098999
0.5783647894859314
0.062473393976688385
-1.241903305053711
0.772816002368927
-0.3889094293117523
-0.2626754939556122
1.9442781209945679
-0.10066477954387665
-0.8248007893562317
-0.030250901356339455
-0.07371392846107483
-0.04226486384868622
0.664955198764801
-1.6815972328186035
-1.4496797323226929
-1.9824178218841553
0.08976013213396072
0.030295295640826225
0.030719466507434845
-0.5007487535476685
-0.5822940468788147
0.22228577733039856
-1.5351080894470215
-0.20418931543827057
-0.6827585101127625
0.04609332233667374
-1.6530810594558716
-1.4167712926864624
0.030416302382946014
0.023562438786029816
-0.41435641050338745
0.7726866006851196
1.0049571990966797
0.586121141910553
-0.04470684006810188
-1.8502109050750732
-1.8001257181167603
0.05048278719186783
0.3214883804321289
-1.6852071285247803
0.04031885415315628
-1.512001872062683
-0.2821808457374573
-0.06088661029934883
0.02562640607357025
-1.9323680400848389
0.00279047223739326
-0.04480534791946411
0.024607613682746887
0.05726093798875809
0.8860666751861572
1.039565086364746
-1.0675607919692993
0.7053073048591614
-0.03337061405181885
0.2870994806289673
-1.1783536672592163
0.01510116457939148
-0.22323206067085266
0.44534844160079956
0.04185250401496887
-0.40947359800338745
0.45521020889282227
-0.3984578251838684
-1.9831254482269287
0.8313480019569397
-1.0165107250213623
-0.0004289299249649048
-0.046235643327236176
0.06509166210889816
0.290992796421051
-1.9828685522079468
0.016037333756685257
-1.9202176332473755
-1.984375
-1.0323904752731323
0.024242468178272247
-0.4704724848270416
-0.4081810712814331
-0.77080237865448
0.08469300717115402
-0.052780307829380035
0.014952494762837887
0.5591816902160645
0.8403298854827881
-0.008968688547611237
-0.0055582523345947266
0.4912787079811096
1.9805971384048462
0.7408210635185242
0.7496414184570312
1.980629801750183
-0.5185624361038208
0.6029883623123169
1.9835954904556274
1.410923957824707
-0.25163862109184265
-0.05399756878614426
-0.4708098769187927
-1.1952847242355347
0.7014784216880798
0.2946644425392151
0.039099082350730896
0.030864406377077103
1.182772159576416
0.06302197277545929
-0.638104259967804
-0.05639483779668808
-1.7836077213287354
1.1060727834701538
-0.8081981539726257
0.008937768638134003
-1.4541369676589966
-0.061486586928367615
1.406861424446106
1.2580602169036865
-0.5100069046020508
1.9835538864135742
0.5957164764404297
-0.011989684775471687
1.7661017179489136
-0.741233766078949
-0.0051755583845078945
1.4587785005569458
-1.1297041177749634
1.295514702796936
-1.760628342628479
-1.9838663339614868
-0.5532803535461426
0.028317756950855255
1.268128514289856
1.9831186532974243
-0.036276914179325104
0.016530781984329224
0.9725075960159302
-0.03294457122683525
-0.059154704213142395
0.04552929848432541
0.04689474403858185
1.9090356826782227
0.0030237436294555664
1.9843145608901978
1.457600474357605
-1.3808356523513794
1.7297600507736206
-0.5037075877189636
1.983610987663269
-0.9565888047218323
0.006084407214075327
-1.1382588148117065
0.04851139336824417
-0.5517491698265076
1.0575685501098633
1.7070329189300537
-0.0068154409527778625
0.6822539567947388
-0.030517248436808586
0.018974769860506058
0.18781200051307678
0.054830074310302734
-0.6727165579795837
-1.4348556995391846
-0.35997867584228516
-1.5191222429275513
-0.31393393874168396
1.9784804582595825
-0.0356326624751091
-1.8101372718811035
0.47106367349624634
0.0477953776717186
-0.016596011817455292
0.8449151515960693
-0.19740448892116547
0.30277183651924133
1.1632848978042603
0.04162542149424553
-0.4346228539943695
0.14731399714946747
0.49953657388687134
0.7031961679458618
0.31249192357063293
1.7168898582458496
-1.3738476037979126
-1.8564079999923706
-0.05755777657032013
0.16211505234241486
0.37636062502861023
0.059728190302848816
-0.014261274598538876
0.5168269276618958
1.9797823429107666
-1.10385262966156
-0.6597086787223816
-1.7984027862548828
-0.022187575697898865
1.982214093208313
1.6832424402236938
-0.013423226773738861
-0.20608319342136383
0.05362167954444885
0.9589258432388306
-0.44394931197166443
-0.6212779879570007
-1.0243462324142456
-0.05207972228527069
-0.8960632085800171
0.010117579251527786
-0.09635484963655472
0.02422582358121872
-1.1215476989746094
0.3141469955444336
-0.7902635931968689
-1.4274135828018188
1.2049171924591064
0.03145503252744675
1.203675627708435
0.714489221572876
1.9841625690460205
-1.9823874235153198
-1.983715295791626
-0.8140541911125183
-0.015029998496174812
0.0524798259139061
-1.1002246141433716
0.3934478461742401
0.06821825355291367
1.0735515356063843
-0.010063037276268005
-0.9631043076515198
-1.2061774730682373
0.16260208189487457
0.018182385712862015
-1.0664020776748657
-1.0202287435531616
0.6201897859573364
0.8174900412559509
-0.017569052055478096
0.04592648893594742
0.06254644691944122
-1.1192045211791992
1.159691333770752
-0.39492085576057434
1.0624786615371704
1.1139590740203857
-0.5723680257797241
0.14700834453105927
0.4857272207736969
-0.4290145933628082
0.7272489070892334
0.010106325149536133
-0.6799071431159973
0.12089351564645767
-0.524588942527771
0.008004903793334961
-0.17714761197566986
-0.26768064498901367
-1.2577892541885376
-0.002680934965610504
1.9820765256881714
-0.9380260705947876
0.8965875506401062
-0.021775146946310997
-1.9793777465820312
1.9805340766906738
1.523626685142517
-0.7716730237007141
0.35160842537879944
0.059235721826553345
-0.6326385736465454
1.3958327770233154
-0.5098524689674377
1.636120319366455
1.157623529434204
-0.5770875215530396
0.027977675199508667
0.4477347731590271
-0.7996529936790466
1.9662293195724487
1.4174416065216064
-0.1367977112531662
0.16157422959804535
-0.034707702696323395
1.132246494293213
1.113541841506958
-0.027582373470067978
0.058923833072185516
-1.176175832748413
-0.8753900527954102
-1.9829853773117065
-0.8667681217193604
-0.025976529344916344
0.998855710029602
0.49030205607414246
-0.013679206371307373
-1.609330654144287
1.2411839962005615
-0.016980431973934174
1.9803845882415771
-0.14161057770252228
0.04640638828277588
0.01849985122680664
1.120660662651062
-0.010992682538926601
-0.02155531942844391
-0.006607040762901306
0.013962334021925926
0.13698026537895203
-1.903952717781067
1.461604356765747
0.5170721411705017
-0.03645864129066467
1.5510324239730835
0.4843255579471588
-0.03878016024827957
-0.5446127653121948
0.5241972804069519
-0.03768245130777359
1.3153882026672363
-0.26834481954574585
0.6880300641059875
1.9821596145629883
-1.9821975231170654
0.7009376287460327
0.014984570443630219
-0.00014890730381011963
0.4338422119617462
-1.4146733283996582
0.4706108570098877
0.01831364817917347
1.287003993988037
1.9839074611663818
1.5011476278305054
0.01311221718788147
-0.04184512794017792
0.03585703670978546
0.037054069340229034
0.004672368057072163
0.02903367578983307
-0.026039883494377136
0.04970899969339371
0.012577598914504051
-0.0067074596881866455
0.04999557137489319
0.041024625301361084
-0.03404023498296738
-0.011913895606994629
-0.03864619508385658
-0.005459040869027376
-0.04315377026796341
-0.0067468308843672276
-0.06381575018167496
-0.010090053081512451
0.04497416317462921
0.04180470108985901
-0.022942282259464264
-0.0010947268456220627
0.025514164939522743
-0.008478996343910694
-0.006783939898014069
-0.04504614323377609
0.01699664443731308
-0.034026846289634705
0.02688501589000225
-0.03482929617166519
-0.04242910444736481
0.017835568636655807
-0.04148223251104355
0.033543720841407776
0.0009305889252573252
0.035413846373558044
-0.06195612996816635
0.013515714555978775
-0.06129486858844757
0.012542802840471268
0.009795929305255413
0.045111022889614105
0.023349478840827942
0.04575192928314209
-0.009014211595058441
-0.05745844542980194
-0.05518457293510437
-0.03454818204045296
-0.024077482521533966
-0.062080830335617065
-0.062147706747055054
-0.015847571194171906
-0.058407314121723175
0.009736718609929085
-0.04564449191093445
-0.01858111470937729
-0.03199267014861107
-0.03498446196317673
-0.027273260056972504
0.016795024275779724
0.04281974583864212
-0.020427286624908447
0.03446388989686966
0.03456846624612808
0.010610143654048443
-0.05744650214910507
-0.04112434387207031
-0.001494862139225006
0.03600325062870979
-0.00845395028591156
0.004143921192735434
0.0402803011238575
0.04445844143629074
-0.022115256637334824
-0.02632475644350052
0.00032670501968823373
0.04217752069234848
0.03244198113679886
0.003538304241374135
0.06070397049188614
0.023130260407924652
-0.03799384832382202
-0.05162067711353302
-0.032385021448135376
-0.023731529712677002
-0.04165760427713394
-0.05916530638933182
0.025692760944366455
-0.01097434014081955
0.050950534641742706
-0.023059584200382233
-0.054641030728816986
0.02438809722661972
0.03768704831600189
-0.06680671870708466
-0.001647137920372188
0.03444880247116089
-0.05020056664943695
0.00047210603952407837
-0.010875138454139233
-0.06021589785814285
-0.022177530452609062
-0.04928995296359062
-0.05614905059337616
0.005694486200809479
0.012341983616352081
-0.03837460279464722
-0.03779754042625427
0.0035032108426094055
-0.05480577051639557
-0.022426262497901917
-0.03780464455485344
-0.047987617552280426
0.007398694753646851
0.006721870973706245
-0.0691264346241951
-0.043243423104286194
-0.029696263372898102
0.046244874596595764
0.02305988222360611
0.023373596370220184
0.05384628474712372
-0.018318546935915947
-0.027119174599647522
0.02119637094438076
-0.05798327177762985
0.055653758347034454
0.030447879806160927
-0.011070579290390015
-0.005356907844543457
-0.05649193376302719
0.02180270478129387
0.013825573027133942
0.011885279789566994
-0.010967142879962921
-0.042756855487823486
-0.017631739377975464
-0.07179546356201172
-0.01239188015460968
-0.01810918003320694
0.05789928883314133
0.001113496720790863
0.053371939808130264
0.022515907883644104
-0.051855288445949554
0.04580267518758774
0.03657427430152893
-0.0001501080405432731
0.02648800052702427
0.00894436240196228
-0.06349801272153854
-0.03584674373269081
-0.042376063764095306
0.029035154730081558
0.04627293720841408
-0.03216010332107544
-0.03103281371295452
-0.0007046237587928772
-0.05444058030843735
-0.0620868057012558
0.037557508796453476
-0.03603997081518173
-0.055405713617801666
0.04173220321536064
-0.038995902985334396
0.0034073516726493835
-0.04810832440853119
-0.05035659670829773
-0.058459438383579254
-0.05758698284626007
0.03888121247291565
-0.04497498273849487
0.014575965702533722
-0.034706637263298035
-0.03943067044019699
0.009817741811275482
-0.026225842535495758
0.038259416818618774
-0.02151627652347088
-0.05201045423746109
-0.006419884506613016
0.01930817775428295
0.014926989562809467
-0.03891989216208458
0.02214546501636505
0.028988435864448547
-0.046096138656139374
0.055220648646354675
-0.010425770655274391
0.05996038019657135
-0.04283973574638367
0.010383307933807373
-0.0003088340163230896
-0.056063681840896606
-0.06120958924293518
0.022659800946712494
-0.007254444062709808
-0.022548049688339233
0.05373595654964447
-0.046035900712013245
-0.06378698348999023
0.04396337270736694
-0.01781550608575344
-0.05231919139623642
0.008069396018981934
0.024562058970332146
0.024463310837745667
0.05869051069021225
-0.03178798407316208
-0.013480514287948608
-0.06991641968488693
-0.05244200676679611
-0.004354842007160187
-0.002000962384045124
-0.022360030561685562
0.02350059151649475
-0.05975465476512909
0.042340315878391266
0.03188375383615494
0.04635252058506012
0.002404038794338703
0.020493194460868835
-0.05957236886024475
0.049620985984802246
-0.04780348390340805
0.021070390939712524
0.05217164754867554
0.0483781173825264
0.018338829278945923
-0.03653215989470482
-0.03402339667081833
-0.02278248965740204
-0.05659116059541702
0.0466163232922554
-0.06791547685861588
0.016714997589588165
0.039024122059345245
0.009031767956912518
0.05606531351804733
0.048908401280641556
-0.041588954627513885
-0.019257672131061554
-0.0020633116364479065
0.053157489746809006
-0.02427312545478344
0.023713134229183197
0.01231362670660019
0.008652624674141407
0.04299754276871681
-0.04269905015826225
0.02247493714094162
0.00389302521944046
0.015820153057575226
-0.04929175227880478
0.04135537147521973
-0.040531501173973083
-0.002179918112233281
-0.0021921966690570116
-0.05878397449851036
-0.019516080617904663
0.05982981249690056
0.02265607751905918
0.0009396612294949591
-0.04867957532405853
-0.02976275235414505
-0.038025863468647
-0.03605323284864426
-0.02679218351840973
0.04460625350475311
0.04414373263716698
-0.03197116032242775
-0.0030925136525183916
0.05306417867541313
-0.036367371678352356
0.059637390077114105
0.03107535094022751
-0.010609343647956848
-0.03711998835206032
0.029812071472406387
0.03944382071495056
-0.024788834154605865
-0.04364990442991257
-0.011306483298540115
0.041786111891269684
-0.04119616374373436
0.01218714565038681
-0.014343312941491604
0.047525789588689804
-0.034920476377010345
-0.04759787768125534
-0.03364231437444687
-0.023297682404518127
-0.08004236221313477
0.017915260046720505
-0.04006681218743324
0.012398012913763523
0.04577987268567085
-0.04355116933584213
0.05455239862203598
-0.05039949342608452
0.0410437248647213
0.026658127084374428
-0.021010110154747963
0.04357687383890152
0.043254438787698746
0.03145381808280945
-0.056978076696395874
-0.04173833131790161
0.021116679534316063
0.0005385685944929719
0.04491516202688217
-0.020297549664974213
-0.028016040101647377
0.03028726577758789
-0.05464049428701401
0.048210278153419495
0.05594935268163681
0.016809817403554916
-0.02005491405725479
-0.06459803879261017
-0.036362066864967346
0.003285473445430398
-0.01736540161073208
0.05165111646056175
-0.0261284951120615
-0.04164305701851845
0.0011345433304086328
0.022160783410072327
-0.03435593843460083
-0.019290855154395103
0.020004533231258392
-0.028296848759055138
0.03365025669336319
0.009508260525763035
-0.028149258345365524
0.03420088440179825
0.0019144192337989807
0.0422232449054718
-0.03441142290830612
-0.0450957715511322
0.01942388527095318
-0.01805630512535572
0.011369061656296253
-0.02823769301176071
0.03473357856273651
-0.031295184046030045
0.01911880634725094
-0.008552849292755127
-0.007339388132095337
0.008882456459105015
0.0025739893317222595
0.025356560945510864
-0.015054798685014248
-0.04912318289279938
0.032954201102256775
-0.000987093080766499
-0.011805239133536816
-0.054283611476421356
-0.0617828443646431
-0.02584546059370041
-0.0042203678749501705
0.005096716806292534
-0.027461163699626923
-0.04611754044890404
0.011791059747338295
-0.008379869163036346
-0.0215519517660141
-0.0019053863361477852
0.05202469602227211
-0.033330872654914856
0.0002689944813027978
-0.0019543147645890713
0.04382948577404022
-0.06268724054098129
-0.047366637736558914
0.04439505189657211
0.03402360528707504
-0.052818894386291504
-0.03500346466898918
-0.013256329111754894
0.053367044776678085
-0.012393842451274395
0.01716495305299759
0.03439118713140488
0.03290390223264694
0.041299279779195786
-0.055121906101703644
-0.03340877592563629
-0.05300083011388779
-0.043674927204847336
0.014128562994301319
-0.0321364551782608
-0.02433101087808609
0.040105484426021576
0.021212277933955193
0.026114998385310173
-0.04089682549238205
-0.03450797498226166
0.008727306500077248
0.04183562844991684
0.05477749556303024
0.037659287452697754
0.05382170528173447
-0.0493469312787056
-0.048238154500722885
-0.03899422287940979
0.012246312573552132
-0.05461227148771286
0.009396630339324474
0.02676451951265335
-0.0581769160926342
-0.006822450086474419
-0.02610081061720848
-0.05592115968465805
0.02641315758228302
-0.030599631369113922
0.0002717390307225287
0.02113463170826435
0.0020061281975358725
-0.0639934241771698
-0.0359884575009346
0.059844326227903366
0.0438610203564167
-0.048221655189991
0.010007561184465885
0.008310209028422832
0.04298432916402817
0.011760637164115906
0.015723811462521553
0.014162156730890274
0.014514337293803692
-0.06213533133268356
0.04233474284410477
-0.02947056107223034
-0.05685163661837578
-0.010843299329280853
0.04923946410417557
0.008901333436369896
0.0039901272393763065
-0.04702562093734741
0.006547334138303995
-0.012759573757648468
-0.012004486285150051
-0.05549899488687515
-0.02974286861717701
-0.01879267394542694
0.03174305707216263
-0.04516467824578285
-0.01238376833498478
0.004054374992847443
0.042009711265563965
0.04477304220199585
0.03321315348148346
0.013948964886367321
-0.0006409309571608901
-0.035623081028461456
-0.045565396547317505
-0.00721686240285635
0.045114144682884216
0.018637947738170624
-0.038737647235393524
0.0063241817988455296
-0.04644720256328583
0.01753312349319458
0.054735127836465836
0.007433769758790731
0.00935459602624178
-0.0350438728928566
-0.06238465756177902
0.00024413547362200916
-0.04718737304210663
0.028568364679813385
0.0045992606319487095
-0.04498177394270897
0.009392552077770233
-0.04411051422357559
0.0019363181199878454
-0.04259087145328522
-0.008121445775032043
-0.04137994721531868
-0.016873277723789215
0.047329939901828766
0.005188651382923126
-0.012652460485696793
0.021085146814584732
-0.02811281383037567
0.04768914356827736
0.0444624125957489
0.049547456204891205
-0.003714056918397546
0.0385446734726429
3.52710485458374e-05
0.04314760863780975
-0.026800701394677162
0.021396808326244354
0.04299214854836464
0.015409639105200768
0.020731009542942047
-0.046341199427843094
-0.030964437872171402
-0.023119386285543442
-0.048506349325180054
-0.005723416805267334
-0.043027184903621674
-0.003975587897002697
-0.014181280508637428
0.029426060616970062
-0.03486504778265953
-0.012498220428824425
-0.029586099088191986
-0.004482179880142212
-0.023877322673797607
0.016914062201976776
-0.028595902025699615
0.0018498109420761466
0.009617380797863007
-0.038392677903175354
-0.007100471295416355
0.041040584444999695
0.04005163162946701
-0.044617436826229095
0.04875832796096802
0.042575884610414505
-0.008657731115818024
0.011595502495765686
0.008604643866419792
-0.050418511033058167
0.019472068175673485
0.02655070461332798
-0.06083940342068672
-0.020735979080200195
-0.06097642332315445
-0.05645344406366348
-0.06019781529903412
0.05552878603339195
-0.04233890026807785
-0.0066411495208740234
0.05576257407665253
-0.033832453191280365
-0.05419054627418518
-0.055490270256996155
-0.009654797613620758
-0.05267617106437683
-0.03545984625816345
-0.02950664609670639
0.02446749061346054
-0.0404876172542572
-0.0568789541721344
-0.033021457493305206
0.057200752198696136
-0.060185015201568604
-0.02887667715549469
0.020099282264709473
-0.017881184816360474
-0.010421894490718842
-0.0133472615852952
0.03492675721645355
-0.061883095651865005
0.04584366828203201
0.05365452170372009
0.0314599834382534
-0.04234606772661209
-0.06101121008396149
-0.03464554250240326
0.03231426328420639
-0.06162915751338005
-0.053817592561244965
-0.05455857515335083
0.05886555463075638
-0.053894639015197754
-0.027601465582847595
-0.05457866191864014
-0.0041465237736701965
-0.028229236602783203
-0.0371709018945694
-0.04262566566467285
-0.03416912257671356
-0.04306889325380325
0.04193812608718872
0.04178880155086517
0.035417139530181885
0.06238885968923569
0.0012309476733207703
-0.0621333122253418
-0.012389913201332092
-0.0023082271218299866
0.032073020935058594
-0.0633174329996109
0.022193647921085358
-0.05990489572286606
-0.04003162682056427
0.03045348823070526
-0.02780550718307495
-0.04291526973247528
0.0567881241440773
0.011323544196784496
-0.05323013290762901
-0.032740674912929535
0.013847403228282928
0.05626651644706726
0.04982266575098038
-0.038928814232349396
0.02385440468788147
-0.01860751211643219
0.04669623821973801
-0.023817148059606552
-0.029925353825092316
0.02439064346253872
-0.017557311803102493
0.05403779447078705
0.034133173525333405
0.040662266314029694
-0.00359535263851285
0.004493360873311758
-0.03772875666618347
-0.001366195734590292
0.04349230229854584
-0.04665287584066391
-0.018332786858081818
-0.05212760716676712
-0.056156277656555176
0.022865094244480133
0.04902764409780502
-0.015661142766475677
-0.04427202790975571
-0.05230475962162018
-0.03287271037697792
-0.023023292422294617
0.006963394582271576
0.06025436520576477
-0.03846175968647003
0.0590972900390625
-0.04873001202940941
0.0424155667424202
0.013210580684244633
-0.060450438410043716
-0.0076852100901305676
-0.04966813325881958
-0.02618274837732315
-0.0013934484450146556
-0.04974178224802017
-0.010292932391166687
0.02551519125699997
0.0070945993065834045
-0.031016748398542404
-0.02243843674659729
0.03134395182132721
-0.010152466595172882
0.0348830446600914
0.05128520727157593
0.02391396462917328
0.041273169219493866
-0.059180647134780884
-0.005703344941139221
0.009170505218207836
-0.013471297919750214
0.006959088146686554
0.006004920229315758
0.03454041853547096
-0.05605025961995125
0.049000345170497894
-0.015813931822776794
0.010140329599380493
-0.04272885620594025
-0.022880256175994873
-0.027034716680645943
-0.01258814986795187
0.038604848086833954
0.005324162542819977
0.027117609977722168
0.046834856271743774
-0.006371252238750458
0.051165126264095306
0.0615982785820961
0.009736083447933197
0.035564638674259186
0.004976816941052675
0.05498475953936577
-0.04239051043987274
-0.02220611274242401
0.04371452331542969
0.027490725740790367
-0.05067753046751022
0.005868174135684967
-0.04917903244495392
-0.04358576983213425
0.03981400281190872
0.023220442235469818
0.02923152595758438
0.031111715361475945
0.022316493093967438
0.020357824862003326
-0.051419854164123535
0.03825515881180763
-0.01561275590211153
-0.01645088940858841
0.05005856603384018
0.006817705929279327
0.034926638007164
-0.04565788060426712
0.024250037968158722
0.012908436357975006
-0.05687724053859711
-0.026776282116770744
-0.049307435750961304
0.0007894411683082581
-0.014255114831030369
-0.04087969660758972
0.06142963469028473
-0.030388977378606796
-0.049193695187568665
-0.019295165315270424
-0.03674381226301193
-0.032173484563827515
0.03707282617688179
0.05321316421031952
-0.024849586188793182
-0.005059207323938608
-0.012309104204177856
-0.04140911251306534
-0.0005014985799789429
0.04151906818151474
-0.02954781800508499
-0.015021242201328278
-0.02875615656375885
0.01728563755750656
-0.018044471740722656
-0.00870097428560257
-0.038866572082042694
-0.01847061701118946
0.05079779028892517
0.05738126486539841
-0.026445358991622925
0.056941963732242584
-0.038546010851860046
-0.0008256508153863251
0.05943134427070618
-0.00428345799446106
0.052994079887866974
-0.025282688438892365
0.007491824217140675
0.029484407976269722
0.008159346878528595
0.04433227330446243
0.04566764831542969
0.0050666374154388905
-0.025953903794288635
0.04492684453725815
-0.06411837041378021
0.02810368686914444
-0.021853648126125336
0.036851443350315094
0.020020052790641785
-0.0029958710074424744
0.007807999849319458
0.04499969258904457
0.05551204830408096
-0.02657124400138855
0.025540746748447418
0.054764360189437866
-0.038515977561473846
0.0032656805124133825
-0.038684457540512085
0.052997928112745285
0.03273581713438034
0.03307350352406502
0.05178938806056976
-0.06269801408052444
-0.013148460537195206
-0.03592211380600929
-0.06675007939338684
-0.005014918744564056
0.061936356127262115
-0.031002243980765343
-0.01142824999988079
-0.01064997911453247
-0.001556098461151123
-0.017847009003162384
-0.06339068710803986
-0.038654226809740067
0.017564572393894196
-0.03137798234820366
0.0036051268689334393
-0.03460175171494484
-0.07743151485919952
0.028089048340916634
0.05216706544160843
-0.06006932258605957
0.0023312103003263474
-0.06257440894842148
-0.022476261481642723
-0.03921780362725258
0.0222807377576828
0.005929887294769287
-0.06366070359945297
-0.015395108610391617
0.03756153583526611
0.022776849567890167
-0.07123473286628723
0.022366231307387352
0.05385276675224304
0.04876941442489624
0.028159812092781067
-0.031696416437625885
-0.026046762242913246
-0.00749549875035882
-0.08060378581285477
0.012550396844744682
-0.05759146064519882
-0.04785642772912979
-0.014772956259548664
-0.018301399424672127
-0.05572367087006569
-0.057976335287094116
0.036222074180841446
0.0250819381326437
-0.036477118730545044
-0.010420979000627995
0.03677975386381149
-0.016784831881523132
-0.05389872193336487
-0.01361964363604784
0.060045063495635986
0.01937192678451538
-0.016161657869815826
-0.02295038104057312
0.060099199414253235
-0.038404569029808044
0.061959438025951385
-0.0469055138528347
-0.04227834194898605
-0.0319288931787014
-0.0773751363158226
-0.03559459373354912
-0.018094029277563095
0.01349865086376667
-0.020743772387504578
-0.05232783406972885
-0.04256970435380936
-0.021958591416478157
0.04588054120540619
0.027069034054875374
-0.019371971487998962
-0.05179759860038757
0.035922177135944366
-0.028246482834219933
0.0347224697470665
0.04007857292890549
0.008728116750717163
0.05787508934736252
-0.008052647113800049
-0.07562411576509476
-0.01851787231862545
0.015248611569404602
0.015685155987739563
-0.004130112007260323
0.05440082401037216
0.012973896227777004
0.011026168242096901
-0.062129907310009
-0.05646905303001404
-0.012858030386269093
-0.013422315008938313
-0.06644629687070847
-0.0145439263433218
0.04236464202404022
0.012364371679723263
-0.016559390351176262
0.028122536838054657
-0.011123908683657646
-0.07600122690200806
-0.0031612832099199295
0.02873864583671093
-0.003627411089837551
0.0436752513051033
-0.04204312711954117
0.02040332555770874
-0.022653937339782715
0.042385928332805634
0.030651390552520752
-0.02912350371479988
0.009030916728079319
-0.06588622182607651
0.0036632558330893517
-0.007905945181846619
0.049580007791519165
-0.06879504024982452
0.025097370147705078
-0.024833902716636658
0.00954342633485794
-0.024970773607492447
-0.060282133519649506
-0.02923743985593319
-0.044418565928936005
-0.0005641505122184753
-0.028911316767334938
0.012091636657714844
-0.027660617604851723
-0.05053459107875824
0.00823809765279293
-0.07056104391813278
-0.01536501944065094
0.04078053683042526
-0.082331582903862
-0.01689903438091278
-0.019228700548410416
-0.05622579902410507
0.03319358453154564
-0.035579003393650055
0.05552122741937637
0.021493524312973022
-0.009965994395315647
0.03176835924386978
0.035183656960725784
-0.03572176769375801
-0.003080739639699459
-0.010269245132803917
-0.06194060295820236
0.024480734020471573
0.0060876887291669846
0.03638158366084099
-0.022913716733455658
-0.02914433740079403
0.009665868245065212
-0.07268471270799637
0.05845548212528229
0.011414989829063416
-0.009031996130943298
-0.008733843453228474
-0.01453335676342249
-0.05438046157360077
0.02372221276164055
-0.0035052986349910498
-0.08515018224716187
-0.004155481234192848
-0.06662212312221527
-0.035474274307489395
-0.009214305318892002
0.0176957119256258
-0.004700981080532074
0.010417075827717781
-0.06825539469718933
-0.042067766189575195
-0.01773611456155777
-0.07706143707036972
-0.05424103885889053
-0.004493914544582367
0.03792458772659302
0.03464144095778465
0.040891487151384354
0.01251120213419199
0.011105351150035858
0.049334097653627396
-0.015335115604102612
-0.003943871706724167
0.03399623557925224
0.0024348723236471415
0.016808919608592987
-0.0509764589369297
-0.04712262377142906
0.008742598816752434
-0.05133333429694176
0.004295336082577705
-0.07891833037137985
0.01234763115644455
-0.04671671241521835
0.03243361786007881
-0.046577200293540955
-0.03921204060316086
-0.08154602348804474
-0.06263119727373123
0.03818777948617935
-0.010438981465995312
-0.04174184054136276
0.025129370391368866
0.05798874795436859
0.0003795070224441588
-0.004733012057840824
0.04346834495663643
-0.07456530630588531
0.06185782700777054
-0.00951199047267437
-0.011216017417609692
-0.012757420539855957
0.002731633372604847
-0.05045316740870476
0.034243665635585785
0.0005842605023644865
0.02862170897424221
0.03655823692679405
0.05605170130729675
-0.07951558381319046
0.05359369143843651
-0.037183597683906555
0.00623447448015213
0.03418830782175064
-0.05340677499771118
0.02197694592177868
-0.062276072800159454
0.04360634461045265
0.04657066613435745
-0.01020557526499033
0.02931465022265911
0.013265416026115417
-0.03027011640369892
-0.04118805378675461
0.03164847195148468
-0.050358761101961136
-0.021339667961001396
-0.04469556361436844
-0.02856733463704586
0.005082599353045225
0.03959713503718376
-0.01654837280511856
-0.011270478367805481
0.001317061367444694
0.021029997617006302
-0.030114255845546722
-0.009991317987442017
-0.02204974554479122
-0.06098539009690285
0.006515291053801775
0.03262510150671005
-0.1987358182668686
0.358668714761734
-0.2285260558128357
0.9240671992301941
-0.025505095720291138
0.023549549281597137
0.5026614665985107
-0.06672218441963196
0.005440860986709595
0.009894832968711853
0.1428026705980301
-1.1645513772964478
-0.4989325702190399
-0.3227355480194092
1.1163504123687744
-0.8423335552215576
0.40379637479782104
1.113450288772583
-0.01155906543135643
-1.4746079444885254
-0.04604107886552811
-0.34226205945014954
-0.10176613926887512
-0.288896381855011
-0.39025840163230896
0.0104617178440094
0.03744569420814514
0.18448825180530548
0.08139058947563171
-1.9841506481170654
-0.0037100890185683966
-0.41340863704681396
-0.0753597691655159
-0.4499972462654114
0.0530102401971817
-0.0041230651549994946
0.04876819998025894
0.925388753414154
-0.3760263919830322
-0.3201315402984619
-1.5049067735671997
1.4582135677337646
0.04752753674983978
0.9452465772628784
0.24846069514751434
1.984239101409912
-1.0486315488815308
-1.0939915180206299
-0.21859298646450043
-0.7876874804496765
-0.3101405203342438
-0.3780144453048706
0.003945067524909973
0.1630159467458725
1.9831163883209229
0.006317898631095886
-0.051473528146743774
-0.4836057126522064
-0.043280236423015594
0.013201288878917694
-0.04783015698194504
0.01051996648311615
-0.44759276509284973
-0.02401743084192276
1.98431396484375
-0.4155661463737488
0.070305734872818
1.056597113609314
0.22058498859405518
-1.3230208158493042
-0.37460845708847046
-0.19040995836257935
-0.5440816283226013
0.016363315284252167
0.5136034488677979
-1.072029948234558
0.698248565196991
0.02089865133166313
-1.2094281911849976
-1.9805294275283813
-0.007286411710083485
0.22930173575878143
-0.007716044783592224
-0.20352864265441895
-0.5109229683876038
-0.8081561923027039
-0.4257377088069916
-1.9335122108459473
-0.31120699644088745
0.008009687066078186
1.5936477184295654
1.1638591289520264
0.025155216455459595
0.02911807782948017
0.8846907019615173
-0.4073461592197418
1.2406803369522095
-0.31309017539024353
-0.044836077839136124
-0.3487990200519562
0.7229498028755188
-0.41683903336524963
-0.08995702862739563
0.6655396819114685
0.5766863822937012
-0.34584614634513855
1.9841195344924927
0.051817283034324646
0.5012439489364624
-0.8011106252670288
0.6522753238677979
-0.053201667964458466
0.03705472871661186
1.403733253479004
0.07921697944402695
0.6772898435592651
-0.9158093929290771
0.02717016637325287
-1.2357113361358643
1.9828976392745972
-0.037049680948257446
-0.6609914898872375
0.027272790670394897
-0.4509841203689575
-1.984230637550354
-0.33102062344551086
0.16408786177635193
0.02818850427865982
-0.6534593105316162
-0.05227458104491234
-1.077553391456604
-0.05648709088563919
-0.29242411255836487
-0.9817906618118286
-0.8411802649497986
-0.42023107409477234
-0.00477407593280077
-0.05959697067737579
0.3623778820037842
0.3841189742088318
-1.98104989528656
0.6624654531478882
1.9816616773605347
0.8559362888336182
-0.04697161167860031
-0.031133385375142097
-1.9040857553482056
0.16625307500362396
-1.1611835956573486
-1.2220919132232666
-0.0401296466588974
-0.19500677287578583
-1.1268221139907837
0.3574714958667755
-1.0370769500732422
-0.46882712841033936
-0.26406991481781006
1.1111046075820923
0.6644700765609741
-0.026600779965519905
-0.06046696752309799
0.9956106543540955
-0.14082178473472595
1.6408694982528687
-1.0331268310546875
0.7821630239486694
0.27741488814353943
1.38515043258667
-0.22467127442359924
1.5648252964019775
0.1948590874671936
-0.1395067274570465
0.024602949619293213
-0.01629735715687275
0.3937681019306183
-0.13746099174022675
-0.04132241755723953
-0.3717777729034424
0.2113327980041504
-0.30650144815444946
0.01867642253637314
0.8575928807258606
-0.8523512482643127
1.433948278427124
-0.6189213991165161
-1.9836896657943726
-1.541060447692871
-0.22718991339206696
-0.3318074941635132
1.044983983039856
0.042908549308776855
-0.5042412877082825
-0.36280009150505066
1.1821140050888062
1.9807815551757812
0.9705522060394287
-0.21500925719738007
-0.02917075902223587
-0.13163413107395172
-1.9833991527557373
-0.7129979133605957
0.5532662272453308
0.7538560628890991
0.6830474138259888
0.0015780255198478699
-0.18604902923107147
-0.23981395363807678
-0.048951830714941025
-0.020773977041244507
-1.7193470001220703
-0.20233522355556488
0.29592132568359375
-0.46298643946647644
-0.03644746169447899
-0.21971212327480316
0.3464330732822418
0.010032407939434052
-1.1229246854782104
-0.35769185423851013
-0.01796695590019226
-0.2310285121202469
-1.2559006214141846
0.06499465554952621
-0.031485266983509064
-1.4653173685073853
0.062193382531404495
-0.028331026434898376
-0.04354928433895111
-0.07215186953544617
-0.08044879138469696
-0.7358333468437195
-0.46527764201164246
-0.15063107013702393
-0.01744633913040161
0.7204573154449463
-0.019774161279201508
-0.05158141255378723
-1.9835103750228882
0.06957023590803146
0.021195895969867706
1.922156810760498
-0.724786102771759
-1.3364195823669434
0.5973804593086243
-0.5126994252204895
-0.12963363528251648
0.024535559117794037
0.00463443249464035
0.15840694308280945
-0.3359750509262085
-1.6823313236236572
-0.0031444330234080553
-1.241866946220398
-1.9837230443954468
-0.16400372982025146
-0.04747939854860306
-0.7700619697570801
-0.3039001226425171
-1.0764188766479492
0.6743490099906921
-0.05319921672344208
-0.012300512753427029
0.8739851117134094
0.44546714425086975
0.03255632519721985
-0.021735243499279022
0.16777081787586212
-1.9839547872543335
1.0816704034805298
0.37765541672706604
0.7795990109443665
-0.34707242250442505
0.8330457210540771
0.9521785974502563
0.8600665926933289
-0.6730439066886902
0.026644855737686157
0.11956668645143509
-1.6962807178497314
-0.0765276774764061
0.1361677199602127
-0.009421221911907196
-0.005692228674888611
0.6521899700164795
0.2514567971229553
-0.11202345788478851
0.04451969265937805
-1.7145377397537231
-0.3015004098415375
-1.980143666267395
-0.003035634756088257
-1.4786075353622437
0.05752591788768768
1.6594128608703613
1.3294529914855957
-0.6219337582588196
-1.4987101554870605
0.32506415247917175
0.014183630235493183
0.6188507676124573
-1.2468938827514648
-1.5578175783157349
-1.9838228225708008
-1.9833581447601318
0.5867542028427124
-1.984375
-1.9193974733352661
0.24088694155216217
-0.007357440888881683
1.1882621049880981
0.469925194978714
-0.04312567412853241
-0.03610491752624512
0.9726762771606445
0.010569903999567032
-0.050741106271743774
-0.015891991555690765
0.017179541289806366
1.409295678138733
-0.039028823375701904
-1.9843631982803345
0.7162232995033264
-0.6855111122131348
-0.3031170964241028
-0.3047362267971039
-0.7644451856613159
-0.9963540434837341
0.15008482336997986
-1.2456201314926147
0.0523044615983963
-1.8882566690444946
-1.05194091796875
0.5979012250900269
0.02577550709247589
-0.26065412163734436
-1.2696540355682373
-0.02676999382674694
-0.5459598302841187
-0.05533876270055771
-0.9778375029563904
-1.9648892879486084
-1.0963443517684937
-1.3596441745758057
-1.9836325645446777
-1.297563910484314
-0.021104872226715088
-1.9620206356048584
0.4694180190563202
-0.021484874188899994
-0.0011320299236103892
1.136612057685852
-0.8475856184959412
1.3348233699798584
1.409043788909912
-0.06428679823875427
-0.6395128965377808
-0.19185146689414978
0.9945098757743835
0.4758100211620331
0.35972630977630615
0.6974003911018372
-1.209208369255066
-0.07513770461082458
-0.0029021352529525757
0.9537719488143921
-0.43887102603912354
0.8820932507514954
-0.017714405432343483
-0.20706331729888916
-1.9803467988967896
0.46532341837882996
-0.5684474110603333
-1.1087805032730103
-0.060174062848091125
0.9421234130859375
0.2030295878648758
-0.029622837901115417
-0.10704255849123001
0.004803188145160675
0.9582303166389465
-0.07934954017400742
-1.262320876121521
-0.7210972905158997
-0.027904801070690155
-1.2560170888900757
-0.04022274166345596
-0.7256455421447754
0.014687202870845795
-1.0961706638336182
-1.3164739608764648
-1.0690163373947144
-1.714027762413025
-0.22369384765625
-0.03729136288166046
0.7629441022872925
0.13668185472488403
-0.612846851348877
-1.8240634202957153
1.2587467432022095
-1.982999324798584
0.008012838661670685
0.023709267377853394
-0.08008942753076553
0.05184178799390793
-1.4508916139602661
0.5480287075042725
-0.008805818855762482
-1.4533308744430542
-1.3478806018829346
-0.2274322360754013
-0.6385672688484192
-0.7074057459831238
-0.9991989731788635
0.6145873069763184
-1.9842900037765503
0.059779319912195206
-0.030229277908802032
1.0088680982589722
0.36133867502212524
0.39448150992393494
-0.6667026877403259
1.450931429862976
0.796480119228363
0.523313045501709
-0.29904305934906006
0.8608824014663696
-0.236111119389534
0.4500395357608795
-0.026623152196407318
-1.4556220769882202
0.5116532444953918
-0.8959370851516724
-0.0599667951464653
-0.6743494868278503
-1.081536054611206
-1.2660530805587769
0.02589476853609085
0.7558860778808594
-0.8928494453430176
1.9843294620513916
-0.1920185089111328
1.2366832494735718
-1.0838474035263062
0.7646254301071167
-0.729651689529419
1.4981460571289062
-0.006240054965019226
-1.1911364793777466
0.633476197719574
-0.4355320930480957
1.9680073261260986
0.9174583554267883
0.1955709159374237
-0.0331907793879509
0.5462736487388611
0.21964408457279205
-1.0270169973373413
1.935791015625
0.7824994921684265
0.3550533354282379
0.028682373464107513
1.1371411085128784
1.3337860107421875
0.016025826334953308
0.024465948343276978
-0.7799434661865234
-0.8446598649024963
-0.32256415486335754
-1.4579930305480957
0.04400039091706276
0.6477171778678894
-0.8668820858001709
0.029999487102031708
-1.2740272283554077
0.5357857346534729
0.0488743856549263
1.936159610748291
-0.830048680305481
-0.019693609327077866
-0.012087881565093994
0.2307722270488739
0.0487782321870327
-0.04134777933359146
-0.011685989797115326
0.058496102690696716
-0.8613346815109253
-1.8907127380371094
0.7565411925315857
-0.47316551208496094
-0.05813586711883545
1.3149312734603882
0.8314512968063354
0.04639840126037598
-1.9806151390075684
-0.39283648133277893
-0.03944811969995499
1.6564850807189941
-1.262526273727417
-1.9831138849258423
-1.813602328300476
0.1799105405807495
1.3917359113693237
-0.012200549244880676
0.027849651873111725
0.115252785384655
0.19623513519763947
-1.977374792098999
0.01720798760652542
0.6476389765739441
1.9838478565216064
1.1736037731170654
-5.777925252914429e-05
-0.05669109895825386
0.01364788319915533
0.019772978499531746
-0.0823538601398468
0.032620228826999664
-0.008606434799730778
-0.03463396430015564
-0.06610546261072159
-0.035097770392894745
-0.04756954312324524
-0.0073560685850679874
-0.034244365990161896
-0.04203508049249649
0.0030068885535001755
0.0193429347127676
-0.03157401829957962
-0.05802907422184944
0.03188289329409599
0.015443132258951664
-0.030551709234714508
-0.05691982060670853
-0.035305947065353394
-0.04660080745816231
-0.04454990476369858
-0.039599545300006866
-0.020185619592666626
0.030207276344299316
-0.057687390595674515
-0.008885927498340607
-0.037404097616672516
-0.006130591034889221
-0.008635494858026505
-0.023901624605059624
-0.008789394050836563
-0.007278122007846832
-0.025856660678982735
0.00894629955291748
-0.024042002856731415
-0.028318168595433235
-0.011556996032595634
-0.0008293403079733253
-0.025823837146162987
0.01915884017944336
-0.02224184386432171
-0.05066341161727905
-0.05254175513982773
0.050142768770456314
0.03689884766936302
0.004170260392129421
-0.014832992106676102
-0.001186136738397181
0.010301798582077026
-0.01543937623500824
0.03484910726547241
0.027250204235315323
0.014685109257698059
-0.05412512272596359
-0.011548781767487526
-0.0042294785380363464
0.012617677450180054
-0.00583629310131073
0.03500227630138397
0.05718480795621872
0.03958854824304581
-0.015792248770594597
-0.01598677597939968
-0.03891049697995186
-0.03355352580547333
-0.057250238955020905
-0.07860812544822693
0.02438260242342949
-0.06474669277667999
0.026197070255875587
-0.026431001722812653
-0.05581081658601761
-0.03768486529588699
-0.013928222469985485
0.0260932594537735
0.012515172362327576
-0.035809580236673355
-0.014167318120598793
-0.054865069687366486
-0.001102745532989502
-0.07512598484754562
-0.01584605872631073
-0.03353477641940117
-0.02176668681204319
-0.03340813145041466
0.023383205756545067
-0.03337572515010834
-0.050247352570295334
0.011434878222644329
-0.01616942137479782
0.016553953289985657
-0.04857013002038002
-0.06803636997938156
-0.025529222562909126
0.0037226369604468346
0.04712498188018799
-0.002627415582537651
0.014241696335375309
-0.021182024851441383
0.032122645527124405
-0.072987399995327
0.0326106995344162
0.03636506572365761
-0.03128880634903908
0.0470866933465004
-0.0029261852614581585
-0.04710458219051361
0.003994119353592396
0.06228985637426376
0.01588778756558895
0.016558345407247543
-0.028531499207019806
-0.01049694512039423
-0.021238381043076515
-0.028325937688350677
0.038912903517484665
0.03874130919575691
-0.05501402169466019
-0.047935668379068375
-0.0006577819585800171
-0.048673707991838455
0.019642621278762817
-0.04755491390824318
-0.009904311038553715
0.05080694705247879
0.004679120611399412
-0.051486000418663025
-0.021495196968317032
0.015573851764202118
0.020661672577261925
-0.0005021916003897786
-7.275381358340383e-05
0.04004427418112755
0.025982707738876343
0.016207538545131683
-0.05947510153055191
0.013686035759747028
-0.01667964830994606
0.02384617179632187
0.05794050544500351
0.01837998628616333
0.035084739327430725
-0.013495832681655884
-0.06910974532365799
0.03768061473965645
-0.033339325338602066
0.02460522949695587
-0.012584634125232697
-0.06088521331548691
-0.008306710980832577
0.021128438413143158
0.03165901079773903
-0.04288004711270332
0.04225454851984978
-0.07957407832145691
0.025706257671117783
0.04320564121007919
0.04026804119348526
0.030935335904359818
0.05826221778988838
-0.04363986477255821
0.042208340018987656
-0.0082939388230443
-0.01577777788043022
0.04015965387225151
0.006055206060409546
-0.05106431990861893
-0.021862145513296127
0.003204006003215909
0.04143919050693512
0.022959131747484207
0.006916386540979147
-0.05201968550682068
0.055188633501529694
-0.06644599139690399
0.038255058228969574
-0.0323210246860981
0.01896221935749054
0.027458256110548973
-0.02155723050236702
-0.016269056126475334
0.036226026713848114
-0.013584243133664131
-0.03417523577809334
-0.0527055598795414
-0.005051819607615471
0.04609246179461479
0.0006263032555580139
-0.012448172084987164
-0.04858765751123428
0.005499798338860273
0.027455341070890427
-0.04804736003279686
0.00595632242038846
0.04421507567167282
-0.05040470510721207
-0.039814263582229614
0.0026466769631952047
-0.0029292255640029907
-0.07243509590625763
-0.03727983683347702
0.01885238289833069
-0.024109838530421257
-0.03941316157579422
0.04858364164829254
0.01951015740633011
-0.06150515377521515
-0.0615137480199337
0.014659252017736435
0.03874792531132698
0.016413159668445587
0.01795974373817444
-0.044400397688150406
-0.029218092560768127
-0.060341976583004
-0.02749866433441639
0.023958124220371246
0.057819221168756485
-0.05752451717853546
0.0315064862370491
-0.04659619182348251
-0.04126940295100212
0.0377211719751358
0.04815056174993515
-0.028055518865585327
0.04438197985291481
-0.08081260323524475
-0.012888805940747261
-0.03313101455569267
-0.029279151931405067
0.055161252617836
-0.05427173152565956
0.022460149601101875
0.06070221960544586
0.0429568886756897
0.0457916222512722
-0.018060944974422455
-0.06336279958486557
-0.030714359134435654
0.023447804152965546
0.045288991183042526
-0.017685389146208763
-0.00798649713397026
-0.009382583200931549
-0.05450316518545151
-0.05951080843806267
0.04027212783694267
-0.04539866745471954
-0.05364736169576645
0.007987778633832932
0.0431419238448143
0.004676578100770712
0.005670271813869476
-1.4024773836135864
-0.9239278435707092
-0.8832011222839355
-1.7302464246749878
0.017952322959899902
0.07678917050361633
-1.9838629961013794
-0.19616158306598663
0.0574391707777977
0.038583412766456604
-0.29387474060058594
-0.15171264111995697
-1.6362906694412231
0.0827842652797699
0.03143281862139702
-0.1878758668899536
-0.05539076402783394
-0.19067786633968353
0.029441338032484055
-0.180006206035614
0.013335011899471283
-0.0043946849182248116
-1.394657850265503
0.005725346505641937
-0.14402517676353455
-0.005107946693897247
-0.047620560973882675
0.12918633222579956
1.1157370805740356
0.04481758177280426
-0.046392928808927536
-0.07439814507961273
-0.04505511000752449
-0.6211091876029968
0.020089149475097656
0.5183994174003601
-0.009944036602973938
0.009238600730895996
0.09164075553417206
-0.0011021897662431002
0.4593660235404968
0.1276770681142807
-0.055759496986866
-0.008843407034873962
-0.3886597156524658
-0.2899741232395172
0.07196875661611557
-0.11646289378404617
0.06537730991840363
1.4595613479614258
-0.04637916013598442
-1.3524707555770874
-0.014160022139549255
0.06797117739915848
0.5486367344856262
0.020554594695568085
-0.04527495801448822
0.09352181851863861
0.007227957248687744
0.014048874378204346
-0.01639009267091751
0.05623380094766617
0.2636736333370209
-0.024189196527004242
1.984375
0.07188824564218521
-0.130973219871521
-1.0410164594650269
0.044268425554037094
-0.053573209792375565
-0.9983505010604858
0.10169950872659683
-1.3182307481765747
0.003981876187026501
-1.9842280149459839
-0.24789924919605255
-0.20384669303894043
0.02587033063173294
-1.2713180780410767
0.1767808049917221
-0.03981966897845268
-1.5901068449020386
-0.059292376041412354
-0.9933274388313293
-0.02024218998849392
0.1502051055431366
-1.2222135066986084
-1.9839826822280884
-0.6610990762710571
0.005769610404968262
-0.24053135514259338
-0.289437860250473
0.04390571266412735
-0.03956647962331772
-0.1877405196428299
-1.1490637063980103
0.0008022458059713244
0.06464378535747528
0.031842973083257675
-1.0895675420761108
-1.5670356750488281
0.06753313541412354
0.06424878537654877
0.027983983978629112
-1.4193837642669678
-1.3853552341461182
0.18278414011001587
-0.02078656107187271
-0.1844482123851776
0.22454692423343658
-0.10020793974399567
-0.041222404688596725
0.04166708141565323
0.0050562964752316475
0.04968651756644249
0.1134619414806366
-0.2096291482448578
0.05191168934106827
0.16083122789859772
-0.9034119844436646
0.049259595572948456
0.04051847383379936
-0.035281650722026825
0.09812415391206741
0.08747271448373795
-1.420007348060608
-0.413373202085495
-0.014556191861629486
-1.2217341661453247
-0.03517725318670273
-0.009093156084418297
-0.050456926226615906
-1.402999758720398
-0.009686252102255821
-0.4169626832008362
-1.6218116283416748
0.3581150472164154
0.05027438700199127
0.006978197488933802
0.056545838713645935
0.6412995457649231
0.7532980442047119
0.8688676953315735
-1.9842153787612915
-0.008208616636693478
0.053130775690078735
0.03969457745552063
0.4000089168548584
-0.1753808856010437
0.09797722101211548
-0.02835024893283844
-0.279581218957901
0.10444797575473785
-0.9158981442451477
-0.19019247591495514
-1.1651248931884766
-0.8924047350883484
0.02947504073381424
0.3388955593109131
-0.041529580950737
-0.055468879640102386
-0.02770259790122509
0.40945878624916077
0.12943759560585022
-0.36145567893981934
1.4128367900848389
0.0437166728079319
-0.0480424240231514
-1.145529866218567
-0.009567588567733765
-0.12036723643541336
1.4182180166244507
0.00047004222869873047
-1.983886480331421
0.029336733743548393
-1.0676552057266235
0.03223253786563873
-0.841694712638855
-1.8451687097549438
-1.5515133142471313
-0.04294201731681824
0.22112135589122772
-0.035949792712926865
-0.05043119937181473
-0.03975855931639671
-1.6967164278030396
0.09381479024887085
0.03691254183650017
-0.000993637484498322
0.18345782160758972
0.012951306998729706
-1.636428713798523
0.08479291200637817
0.1527201533317566
-0.37918588519096375
-0.09996584057807922
0.12712500989437103
-0.034570492804050446
-0.0679527297616005
0.16008326411247253
-1.9843530654907227
0.634712278842926
0.04106062650680542
0.08783993124961853
-0.0434371680021286
0.10862098634243011
0.051499176770448685
-0.020932137966156006
0.04054369032382965
0.034834228456020355
-0.11079274863004684
-0.016559334471821785
-1.4392338991165161
-0.05486138164997101
0.10066146403551102
0.808681070804596
-0.03785128891468048
0.2173611968755722
0.057140130549669266
-0.013522587716579437
1.9843000173568726
0.07625437527894974
-0.10988260060548782
0.010599173605442047
0.11048861593008041
0.05456003546714783
0.01601482182741165
0.03437869995832443
-0.03571254387497902
0.012395678088068962
-1.9720741510391235
0.0662575289607048
0.01380175817757845
0.05805225670337677
-0.824486494064331
0.079707071185112
-0.04042118787765503
-0.019829897210001945
-0.2145298421382904
-0.04932153970003128
-0.3786982595920563
-1.1777873039245605
-0.6329483985900879
-0.5641716718673706
-0.06781753152608871
0.05364013463258743
-0.03795764595270157
0.04817948490381241
0.006397373974323273
0.03757650777697563
1.7069423198699951
-0.023859918117523193
0.06440578401088715
-0.976858913898468
0.04265271872282028
-0.04222548007965088
-0.43951141834259033
-0.39641231298446655
-0.18915653228759766
-1.0021339654922485
0.046201691031455994
-0.06116199493408203
0.10278613865375519
-0.14097285270690918
-0.03300202637910843
0.06097295880317688
-0.5181472897529602
0.14494991302490234
-0.11119729280471802
0.2931431233882904
0.2143266499042511
0.18847353756427765
-0.3237287700176239
1.586320400238037
0.34433916211128235
0.3056439161300659
-0.03437676280736923
0.13045771420001984
-0.2687489092350006
-0.7448327541351318
0.14274880290031433
-0.005420409142971039
-0.05160242319107056
0.23624414205551147
0.4975559711456299
-0.017285391688346863
-0.016902104020118713
0.4587216377258301
0.05862755700945854
1.7773723602294922
-0.011047646403312683
-0.8482375144958496
0.050577566027641296
0.2482241839170456
0.6026386618614197
0.022866470739245415
-1.3051671981811523
0.27933767437934875
-0.031486257910728455
1.8977524042129517
-0.4755561649799347
0.2749412953853607
0.2087632417678833
-1.6733592748641968
-0.20863837003707886
-1.984375
0.6741914749145508
1.3760414123535156
0.0067882239818573
0.7874761819839478
-0.22798578441143036
-0.02541802078485489
-0.014950238168239594
0.4084717631340027
0.026146121323108673
0.05999871343374252
-0.04833860695362091
-0.010919496417045593
0.47961536049842834
-0.035800859332084656
-1.98436439037323
0.3083881735801697
-0.1280529648065567
-0.8060870170593262
-0.05125521495938301
0.09906326979398727
-0.09042181074619293
-0.6588990688323975
-0.4378742575645447
0.018779955804347992
-1.9843599796295166
0.7614026665687561
-0.2770223915576935
0.04348461702466011
-1.3604196310043335
-1.1302847862243652
-0.03893650695681572
-1.2946521043777466
-0.011923275887966156
-0.24879351258277893
-0.5536888241767883
-1.312581181526184
-0.20245380699634552
-1.9843642711639404
-1.3253662586212158
-0.004752665758132935
-0.6024795770645142
0.9599842429161072
-0.010473579168319702
-0.0325346440076828
1.5021840333938599
-0.33284202218055725
0.0823533907532692
0.5610780715942383
-0.05368122458457947
-0.3514990508556366
-0.7686669826507568
0.3519813120365143
0.18227481842041016
0.2046409696340561
0.9818575978279114
-0.357588529586792
0.25887835025787354
-0.007713921368122101
1.3524523973464966
-0.5924333930015564
1.0821868181228638
-0.039586473256349564
0.20747919380664825
-0.010525991208851337
-0.35895708203315735
-0.42625004053115845
0.3821883201599121
-0.05193792283535004
-0.5971110463142395
0.42572417855262756
0.037791311740875244
0.481848806142807
0.04788021743297577
0.0980638787150383
0.07132219523191452
-0.43451857566833496
0.7174768447875977
0.053419508039951324
-0.27651551365852356
-0.017393551766872406
0.2127147614955902
0.002275414764881134
-0.4144698977470398
0.4389787018299103
-0.17852039635181427
-0.2560567557811737
0.1710445135831833
0.007279574871063232
-0.05954981967806816
0.8833460211753845
0.34178921580314636
-0.6659122109413147
-1.0382585525512695
-0.7695543766021729
-0.020218580961227417
0.02079438418149948
0.3375788927078247
0.09608837962150574
-0.7043591141700745
0.44797730445861816
-0.05648176372051239
-0.23497037589550018
-1.514523983001709
0.2649917006492615
-0.7094849348068237
-1.22709321975708
-0.1359630823135376
1.1329418420791626
1.5224002599716187
0.009117967449128628
-0.03791382163763046
0.0672285258769989
-0.008961145766079426
0.45418328046798706
-0.2597261667251587
0.640620231628418
1.1169097423553467
0.06617692112922668
-0.498073935508728
-0.26158273220062256
-0.3167751133441925
-0.36043792963027954
0.059656329452991486
-0.8907353281974792
0.05255011469125748
-0.43281325697898865
-0.026196002960205078
-0.11864966154098511
-1.0160870552062988
-0.34931522607803345
0.032791949808597565
1.932266354560852
-0.5397303700447083
0.8235524296760559
-0.09404893219470978
-1.4131145477294922
0.3165941834449768
0.05590033531188965
0.049151547253131866
0.39355844259262085
-0.029847458004951477
-0.37456613779067993
0.19451959431171417
0.8790026903152466
1.0744283199310303
0.0634913519024849
0.026316015049815178
-0.05529363453388214
0.41130322217941284
0.6135295033454895
-0.7360144853591919
0.39474719762802124
0.3725930154323578
0.2795039713382721
-0.0030395910143852234
0.19081951677799225
0.36588189005851746
-0.032682500779628754
-0.03104221075773239
0.31982338428497314
-0.19154661893844604
-0.23260140419006348
-0.2912813425064087
0.00043866498162969947
0.4848651885986328
-0.08255048841238022
0.053570665419101715
0.2848399877548218
0.5153006911277771
-0.030573956668376923
0.16775262355804443
0.0030465167947113514
-0.05076167359948158
0.049767009913921356
0.37225309014320374
0.05066681280732155
0.011183083057403564
0.014139175415039062
0.008104117587208748
-0.03981621563434601
-0.7885138392448425
0.2664681375026703
-0.02991541661322117
-0.009512633085250854
-0.4603877663612366
0.3897460699081421
-0.04975272715091705
-0.27178823947906494
-0.6722875237464905
0.057109177112579346
0.32354462146759033
-0.327030748128891
-1.5432828664779663
-0.3528255820274353
-0.09916374087333679
0.21980918943881989
0.004135847091674805
-0.02848082035779953
-0.02176404558122158
0.1256590187549591
0.9363791942596436
0.04784039407968521
0.27437418699264526
1.9839997291564941
0.23038265109062195
0.014991901814937592
-0.30333754420280457
0.08885976672172546
-0.33634260296821594
0.48372653126716614
-0.04661460220813751
-0.0033923881128430367
0.37164098024368286
0.8535672426223755
-0.0043159425258636475
0.04718072712421417
0.5113369226455688
-1.983583688735962
0.03252548351883888
1.5746582746505737
-1.8067114353179932
-0.9936410188674927
-0.6573496460914612
1.9097121953964233
0.873573362827301
-1.4572324752807617
-0.011700563132762909
-0.7224459052085876
-0.4499882459640503
-0.10360097885131836
1.353152871131897
-0.041703738272190094
-0.01179426908493042
0.7455345392227173
-0.052330128848552704
-1.9804643392562866
-0.03338773548603058
-0.809230387210846
-0.558674156665802
-1.9834963083267212
-0.04253660887479782
1.219604730606079
0.0013450086116790771
0.6250917911529541
1.3264172077178955
-0.3316366374492645
1.9723904132843018
0.43464329838752747
0.046916086226701736
1.9838154315948486
0.042385999113321304
-1.9819178581237793
-1.9834543466567993
-1.8640230894088745
0.14926700294017792
1.984375
-1.6380176544189453
-0.5696254968643188
-0.02737051248550415
1.684432029724121
1.983137845993042
0.05506537854671478
-0.04313497245311737
1.4020146131515503
-0.030483439564704895
0.04878462105989456
-0.0025528743863105774
0.036003075540065765
-0.2780282497406006
-0.03552187234163284
1.9841850996017456
1.6351505517959595
-1.1776286363601685
1.9063771963119507
-0.0019972962327301502
1.7068772315979004
-0.3264291286468506
-0.046964243054389954
-0.1603119671344757
-0.03879362344741821
-1.470486044883728
-1.3091399669647217
0.2861284017562866
-0.03552912548184395
0.089909628033638
-1.6025866270065308
0.005231491290032864
0.4702506959438324
0.017266802489757538
-0.289665162563324
-1.9829460382461548
-0.36680710315704346
-0.4619855582714081
-1.9837286472320557
-1.4652659893035889
0.05342478305101395
-0.9874092936515808
0.32302480936050415
0.04550601541996002
0.036418452858924866
0.6231648921966553
-0.18823319673538208
0.16183878481388092
1.3327522277832031
-0.028963590040802956
-0.29297176003456116
0.06020934507250786
1.490282416343689
1.6405880451202393
0.9701548218727112
-0.22269752621650696
-0.15357418358325958
1.9837124347686768
-0.035417936742305756
0.7514123320579529
-0.2647165358066559
0.7493520975112915
0.020860109478235245
-0.0008783036610111594
-1.3265103101730347
0.3980094790458679
0.07498621940612793
-0.29719191789627075
-0.023239754140377045
-1.0221656560897827
0.7345810532569885
0.03839608281850815
-0.9735881090164185
0.038848280906677246
1.9828993082046509
-1.164642333984375
-0.20460839569568634
-0.9027138948440552
0.018496505916118622
-0.3415747284889221
-0.0064373500645160675
-0.47306135296821594
0.05144214630126953
-0.3686460554599762
0.4748291075229645
-1.983784556388855
-0.21401315927505493
0.6702598333358765
-0.044691555202007294
0.3355458378791809
-0.3989047110080719
1.984375
1.0656793117523193
-1.6210790872573853
-1.9827561378479004
0.0017760992050170898
0.0185275599360466
-1.9833266735076904
1.3052653074264526
-1.1082853078842163
1.9560656547546387
0.013693287968635559
-0.7113421559333801
-0.6312189698219299
0.8327195644378662
-1.0715248584747314
-0.1036323755979538
-0.2291996031999588
1.4481395483016968
-1.7402509450912476
-0.06795936822891235
-0.04008030146360397
0.31158801913261414
0.828833818435669
1.983526587486267
-0.38029250502586365
-0.26996228098869324
0.4719792902469635
0.29315808415412903
-0.4841860830783844
1.1371630430221558
-0.3503006100654602
0.5043309926986694
0.014994114637374878
-0.33819353580474854
0.6281245946884155
-0.22931259870529175
-0.020875707268714905
-0.20885559916496277
-0.08679529279470444
-0.4004603326320648
-0.009661927819252014
-1.8632081747055054
-1.071601152420044
0.9393096566200256
-0.5869341492652893
-0.40276435017585754
-0.8760835528373718
1.0812078714370728
-0.3705989718437195
0.7059302926063538
0.013103634119033813
-0.4807473123073578
1.6196919679641724
-0.9122920632362366
1.9841443300247192
0.10247420519590378
-0.9201121926307678
-0.061583392322063446
0.9943705797195435
-1.3168134689331055
-0.7403132915496826
1.8719114065170288
0.25101083517074585
0.48614025115966797
-0.04722054302692413
1.7383437156677246
1.4023340940475464
-0.046051714569330215
-0.040627606213092804
-0.6772885322570801
-1.3182001113891602
0.29025399684906006
-0.6190553903579712
0.056132201105356216
1.9292947053909302
1.0161981582641602
0.042316026985645294
-1.0896525382995605
1.9836257696151733
-0.00613722950220108
-0.7607638239860535
-1.5858150720596313
0.035628508776426315
0.05974016338586807
1.9718945026397705
-0.023566044867038727
0.008444026112556458
0.00902249664068222
-0.038898032158613205
-0.8845769166946411
-0.37577545642852783
1.0668169260025024
-0.784617006778717
-0.02463393658399582
1.840051531791687
1.4798864126205444
-0.016471564769744873
-1.980620265007019
0.1321808397769928
-0.030301980674266815
1.1975674629211426
-0.15112462639808655
-0.8091960549354553
1.983602523803711
-0.5471318364143372
1.4801247119903564
-0.007457755506038666
-0.01474953442811966
-0.09186592698097229
0.2859523594379425
-1.77145516872406
0.07005685567855835
1.9842767715454102
1.9841934442520142
1.2994163036346436
-0.0263405442237854
-0.5439901947975159
-0.7608562111854553
-0.4623090326786041
-1.0735267400741577
-0.06177058070898056
-0.0026592984795570374
-0.2755773067474365
0.03638136014342308
-0.03913953900337219
0.03642632067203522
-1.4349504709243774
1.2763913869857788
-0.3323862552642822
1.2105108499526978
0.6668173670768738
-0.05224259942770004
-0.5586893558502197
-0.1763485074043274
0.391777902841568
0.4718826711177826
-0.022433407604694366
-0.027492616325616837
-0.6436900496482849
0.2836020588874817
-0.11683234572410583
-0.010987669229507446
-0.02701546996831894
0.4441244900226593
-0.004392670933157206
-0.6304798126220703
0.022256240248680115
-0.8424107432365417
0.13022315502166748
-1.9806451797485352
0.026833541691303253
-0.44152018427848816
0.008127517998218536
0.16050249338150024
1.3123359680175781
-0.031700946390628815
-1.1204239130020142
-0.4166001081466675
-0.04871685057878494
-1.740759253501892
-0.03769250214099884
-1.0417723655700684
1.5170567035675049
-1.0142322778701782
-0.1149524599313736
-1.982975721359253
-0.4362926781177521
0.21749575436115265
0.029180720448493958
0.7123426795005798
1.1369495391845703
0.06038474291563034
0.01644051820039749
1.1852827072143555
-0.0489303395152092
-0.011118508875370026
0.02030181884765625
0.04443465173244476
-0.23571379482746124
-0.02462824434041977
1.9840583801269531
1.0736464262008667
-0.401253342628479
-0.18144595623016357
0.020625950768589973
-0.46606242656707764
-0.5493773818016052
0.08243102580308914
-0.4852682054042816
-0.03471793979406357
1.9839686155319214
0.5640156865119934
0.1833079755306244
0.005107864737510681
-1.5994529724121094
-0.3186172842979431
0.015974223613739014
-0.1788824200630188
0.006250426173210144
-0.49796169996261597
-0.7170764803886414
0.12668369710445404
-0.4969918429851532
1.7936946153640747
-1.9832402467727661
0.018506623804569244
-0.6239701509475708
-0.8136187195777893
-0.024750038981437683
0.03644303232431412
0.730210542678833
-0.47036275267601013
0.22844810783863068
1.2222247123718262
-0.05661619454622269
-0.4703269302845001
-1.0138782262802124
1.0986312627792358
0.9876859188079834
0.42491066455841064
-0.2446548342704773
-0.7065970301628113
0.1295439600944519
0.025070495903491974
0.7711714506149292
-0.5674883127212524
0.1322825700044632
-0.0006189048290252686
0.7554534077644348
-0.43466877937316895
0.2619982361793518
-0.018439441919326782
-0.16458432376384735
0.05927093327045441
-0.14947660267353058
-0.49705806374549866
-0.025470837950706482
-0.12364237010478973
-0.04727800190448761
1.1550160646438599
-0.2950248420238495
-0.5135526061058044
0.098317451775074
-0.05814441293478012
-0.4746761918067932
-0.010320767760276794
-0.12048636376857758
0.04237084835767746
-0.5919824242591858
0.7001816630363464
-0.7864351272583008
-0.7864117622375488
0.08974979817867279
-0.03705381602048874
0.5054512023925781
0.33393174409866333
-0.7142256498336792
0.6394183039665222
-0.8853762149810791
1.5590407848358154
-0.03016650676727295
0.036401137709617615
-0.7980066537857056
0.21647977828979492
-0.6763116717338562
1.085661768913269
-0.0018923506140708923
-0.6765522360801697
0.3353564739227295
0.1218227967619896
-0.39709824323654175
-0.7266392111778259
-0.4682323932647705
0.1872749626636505
1.5611958503723145
-0.050856076180934906
-0.0435880646109581
-0.5362824201583862
0.20925100147724152
-0.30155327916145325
0.016704509034752846
-0.24668198823928833
0.5678203105926514
-0.6752782464027405
-0.4935143291950226
0.2393646538257599
0.05300110951066017
0.07162722945213318
0.02510868012905121
-1.2304387092590332
-0.20892147719860077
-0.513384997844696
-0.03903942555189133
-0.45952075719833374
-1.09602952003479
-0.5738210678100586
-0.023045070469379425
0.163431316614151
-0.6573809385299683
-0.610322117805481
-0.09323975443840027
1.199723482131958
0.23094937205314636
0.6134901642799377
0.06786990165710449
-0.2626855969429016
0.028444543480873108
-0.729788064956665
1.2404671907424927
1.4338202476501465
0.5762336254119873
0.13516348600387573
-0.04120197147130966
-0.021616414189338684
-0.07555743306875229
-0.33996620774269104
-0.008280795998871326
0.03841232508420944
0.6079422235488892
0.24947944283485413
0.05281970649957657
1.375348687171936
1.0094231367111206
0.0005088746547698975
0.030789554119110107
-0.19582504034042358
-0.641627848148346
-0.716830313205719
-0.6593499779701233
0.005203075706958771
1.6489125490188599
-0.20820777118206024
0.03911735862493515
0.0489034578204155
1.3776118755340576
-0.018940851092338562
-0.8241049647331238
-0.09161018580198288
-0.0384124256670475
0.04576805979013443
1.3752102851867676
-0.017565950751304626
-0.00021506845951080322
-0.01613388955593109
0.036766089498996735
-0.21530361473560333
-0.8705828189849854
0.7562318444252014
-0.3908531367778778
-0.038067154586315155
-0.4768705666065216
0.9458485245704651
-0.022305361926555634
-0.15626545250415802
0.062155745923519135
0.015390954911708832
0.39308157563209534
-0.4724840819835663
-1.3669837713241577
-1.984375
0.12644582986831665
0.9637622833251953
-0.032591067254543304
0.004064247012138367
0.12530116736888885
0.34389129281044006
-1.7056970596313477
0.030878916382789612
1.3342951536178589
1.984102487564087
0.7554412484169006
0.030302420258522034
0.08947072923183441
-0.04899837076663971
0.07835451513528824
0.061735689640045166
-0.04011856019496918
-0.03311683237552643
-1.1380259990692139
-0.10205458104610443
-0.06082597374916077
-0.03639987111091614
0.3081362843513489
0.44296228885650635
-1.9832159280776978
0.11510378122329712
0.1622900515794754
0.0032071901950985193
-0.031003810465335846
-0.06718365103006363
0.08771505951881409
3.176480095135048e-05
-0.017167523503303528
0.05230803042650223
0.12065964937210083
-0.09507407993078232
-0.032880641520023346
0.02603033185005188
0.01379404403269291
0.09871015697717667
-0.005840951111167669
0.23897816240787506
-0.06159993261098862
-0.057474035769701004
0.02392709068953991
0.28900134563446045
-0.019199825823307037
-0.19949454069137573
0.028297513723373413
0.023540277034044266
0.11467939615249634
0.012481367215514183
0.099797323346138
-0.06148788332939148
0.03120659478008747
1.802743911743164
-0.44918185472488403
-0.12963804602622986
0.4662744104862213
-0.1658298671245575
-0.07718154042959213
-1.9843721389770508
0.08497095853090286
-1.984375
0.015392489731311798
0.16756637394428253
-0.4689346253871918
-0.06204962730407715
-0.05758550763130188
0.10755199939012527
-0.0102338045835495
-0.0420074537396431
0.048981934785842896
-0.023740515112876892
0.033713389188051224
-0.009257540106773376
-1.9843610525131226
0.08531595766544342
0.08601988106966019
-0.4332968294620514
0.02622414007782936
0.07173584401607513
0.0877402201294899
0.06285940110683441
0.110042043030262
-0.04992184787988663
-0.10453531891107559
0.05477824807167053
0.14823667705059052
0.002929073991253972
-0.1356198787689209
0.23777803778648376
-0.05884917080402374
0.9363373517990112
-0.021685868501663208
0.0982145443558693
-0.29194971919059753
0.07470560818910599
0.09554318338632584
-1.982857346534729
-0.013170605525374413
0.05500105023384094
-0.37891533970832825
-0.04827955737709999
-0.05611463636159897
-0.020488284528255463
-0.03668542206287384
0.0926346555352211
0.06927745044231415
0.0878695473074913
0.021197069436311722
0.06937571614980698
0.02182612195611
0.06788529455661774
0.048946015536785126
-0.03005083277821541
-0.005133285187184811
0.12513966858386993
-0.11130669713020325
-0.043330296874046326
0.238583043217659
0.010738062672317028
0.013839022256433964
0.011365539394319057
0.06110788509249687
-0.12081201374530792
-0.037451740354299545
-1.1261085271835327
-0.111576147377491
-0.05980927497148514
0.03117564506828785
0.013770630583167076
-0.05619577318429947
0.10045289248228073
0.0385030061006546
0.07862750440835953
0.22743000090122223
0.0953102558851242
0.22286075353622437
0.0006139203906059265
0.08752372860908508
0.04665795713663101
0.019872497767210007
-0.021836400032043457
0.0989425852894783
-0.053798090666532516
-0.045514754951000214
0.14650782942771912
0.04023263603448868
-0.030385218560695648
-0.06231321021914482
-0.048295918852090836
-0.25528639554977417
0.015105893835425377
-0.8702375888824463
-0.45509928464889526
-0.03906293958425522
0.015555508434772491
0.21267499029636383
-0.46789494156837463
-0.1772167980670929
0.16892273724079132
-0.009485572576522827
-0.2050163894891739
-0.053389422595500946
-0.0034159673377871513
-0.03972876816987991
-0.004138562362641096
0.07741435617208481
-0.245921790599823
-0.6235079169273376
-0.046134889125823975
-0.015051200985908508
-0.056944359093904495
-0.16658765077590942
-0.10163203626871109
-0.19742047786712646
-0.14273321628570557
0.13223527371883392
-0.0689542219042778
0.07036709785461426
-0.07181649655103683
-0.0304891187697649
-0.029985575005412102
0.058305367827415466
0.0990520492196083
-0.015064993873238564
0.07127395272254944
0.046508826315402985
0.07297639548778534
0.06333787739276886
0.09635663777589798
-0.05253729224205017
-0.11288527399301529
-0.40010011196136475
0.14240609109401703
0.05721161887049675
0.8515827655792236
0.128067746758461
0.020397605374455452
0.015771538019180298
-0.03688822686672211
-0.03461335599422455
0.1214476227760315
0.08603881299495697
-0.022485831752419472
-0.012669481337070465
-0.03504544869065285
0.03028770722448826
-0.037346094846725464
-0.18751217424869537
0.24257434904575348
0.05083245038986206
-0.0865745097398758
0.02051559090614319
0.012209923937916756
-0.01707921177148819
0.10625600814819336
0.051564641296863556
0.04569190740585327
0.05796453356742859
0.12240459024906158
-0.0006502564647234976
-0.08467844873666763
0.10343942046165466
-0.036763738840818405
0.16142810881137848
-0.8887250423431396
4.3764710426330566e-05
0.01387341134250164
0.10014761984348297
0.03776928037405014
-0.13698698580265045
0.10237888246774673
-0.0965014174580574
0.032563306391239166
0.17382989823818207
-0.03946731984615326
-0.01733129471540451
-0.02959761768579483
0.007238417398184538
0.004490152467042208
0.14001543819904327
0.05236854776740074
0.046476904302835464
0.02072136104106903
0.20429563522338867
0.06220508739352226
0.002614617347717285
-0.008365352638065815
-0.026849161833524704
0.052519649267196655
-0.28621283173561096
0.11057579517364502
-0.34578222036361694
0.2029169648885727
0.042188141494989395
0.038615334779024124
0.020987361669540405
0.005053617060184479
-0.012192289344966412
-0.026996808126568794
0.8911135792732239
-0.056501179933547974
0.17637883126735687
1.984216570854187
0.03601949289441109
0.01812606304883957
0.3929888904094696
0.0066979555413126945
0.261748731136322
0.3390456438064575
0.0340605229139328
0.0049992152489721775
-0.5482073426246643
-0.1531694531440735
0.056690894067287445
0.005835346877574921
0.5309308767318726
1.7462174892425537
0.2693316340446472
-0.8208698630332947
-0.36264410614967346
-0.11873344331979752
-0.1530240923166275
-0.31305748224258423
-0.19583378732204437
1.3190083503723145
0.04199963063001633
0.045616742223501205
0.40635406970977783
0.00032945629209280014
-0.04165013134479523
0.03140364587306976
0.029249407351017
-0.11086989939212799
-0.06257724016904831
0.4505137801170349
0.05115465447306633
0.06746120750904083
0.26678162813186646
0.5125728249549866
0.02496808022260666
-1.558685302734375
-0.0581229105591774
-0.13287575542926788
-1.0314676761627197
0.06394413113594055
0.2392367571592331
-0.29325005412101746
-0.03237598389387131
-1.98424232006073
-1.346260666847229
1.9841610193252563
1.9807168245315552
-0.26655805110931396
-0.20611615478992462
-0.30063968896865845
0.13453525304794312
-0.019363967701792717
0.03338740020990372
-0.26130935549736023
-0.7689782977104187
0.04478488117456436
-0.054583653807640076
-0.8947773575782776
-0.06025145202875137
0.018782876431941986
-0.0005943998694419861
-0.014765739440917969
0.42716336250305176
-0.04185439646244049
0.9827954173088074
-0.7183342576026917
0.5766085386276245
-0.6100793480873108
0.038485147058963776
-0.3777998685836792
0.2963731288909912
0.16391345858573914
0.37929871678352356
0.049574121832847595
-0.2715294063091278
0.15705029666423798
-0.17393533885478973
0.01729857176542282
0.5618615746498108
1.9792916774749756
0.008883926086127758
-0.031847286969423294
0.02432648092508316
0.30760425329208374
0.3001634478569031
0.4383484721183777
0.27656009793281555
-1.133575439453125
1.9841245412826538
-0.025353752076625824
0.08414823561906815
-0.34408360719680786
0.011222071945667267
0.024959605187177658
-0.22240345180034637
0.33888334035873413
0.3833525776863098
-0.9060660600662231
0.032987330108881
0.29270267486572266
0.3012048602104187
-0.7534832954406738
-0.6376137733459473
-0.2745230793952942
-0.12367736548185349
0.39916080236434937
0.6843293905258179
-0.027090534567832947
-0.5859238505363464
0.2629516124725342
-0.16122479736804962
-0.022672856226563454
0.1321164220571518
-0.8867264986038208
-0.3661361634731293
0.29201197624206543
-0.13011617958545685
-0.04878384619951248
0.24722015857696533
0.1535368114709854
-0.033273689448833466
0.30365490913391113
0.04851425439119339
-0.971793532371521
0.07441680133342743
0.4027440547943115
0.28216108679771423
0.0419633686542511
0.28398317098617554
-0.054008834064006805
0.0741107165813446
-0.037284448742866516
0.3870534896850586
-0.011385660618543625
-0.1315501183271408
0.49813252687454224
-0.25111833214759827
0.01322329044342041
-0.126955047249794
-0.23680450022220612
1.0344772338867188
-1.0958008766174316
-1.7136038541793823
-0.08467927575111389
-0.024263476952910423
-0.02111779898405075
0.5353502631187439
-0.42320987582206726
0.04731927439570427
-0.7840763330459595
-0.04489125311374664
-0.06402236223220825
0.12857627868652344
0.11115916818380356
0.14150457084178925
0.3388136625289917
0.24695533514022827
0.6121671795845032
-1.1619012355804443
0.03594890981912613
0.055505283176898956
-0.20981205999851227
-0.42442581057548523
-0.30973920226097107
0.1104864850640297
-0.4465208351612091
-0.10621301829814911
-0.24572791159152985
0.2793741524219513
-0.21141135692596436
0.0023160416167229414
-0.10409202426671982
0.013858526945114136
0.653942346572876
-0.06319902092218399
0.3262306749820709
-0.04884161055088043
0.21750891208648682
0.3775174021720886
0.35124242305755615
0.0003649517893791199
0.059425611048936844
-0.39522409439086914
0.15889376401901245
0.0521150641143322
1.9843693971633911
0.005176153499633074
-0.4443400800228119
0.041926026344299316
-0.2159813791513443
-0.01553584635257721
0.41819027066230774
-0.9085611701011658
-0.010320378467440605
0.17784233391284943
-0.05899135023355484
0.17286111414432526
0.039618879556655884
-0.36703187227249146
0.1814713180065155
0.359541654586792
-0.2940179705619812
0.08589038997888565
-0.4410202205181122
-0.03406362980604172
-0.9174498915672302
-0.7760737538337708
0.009716123342514038
0.03839944303035736
0.17999815940856934
0.3733762204647064
0.14183878898620605
0.3514610826969147
0.0011620988370850682
-1.066370964050293
0.828102707862854
0.00010929256677627563
0.32737526297569275
-0.9069376587867737
0.05437552183866501
-0.8646916747093201
0.317513108253479
-0.016950173303484917
-0.0008755624294281006
-0.938959538936615
0.013919666409492493
0.035746894776821136
-0.05152564495801926
0.014079641550779343
0.43768832087516785
0.5586157441139221
-0.576632559299469
0.3427204191684723
0.024268485605716705
0.48465660214424133
-0.6310145854949951
0.027152739465236664
0.26702988147735596
0.018971210345625877
-0.007774360477924347
-1.9789928197860718
0.32378533482551575
0.4044003486633301
-1.0411622524261475
0.04074162617325783
-0.5704188346862793
0.017693236470222473
-0.05531494319438934
0.005634879693388939
-0.03845422714948654
-1.3652409315109253
-0.002886258065700531
-0.9146308898925781
1.984375
-0.5399441123008728
0.0452975332736969
-0.015123503282666206
-0.05822473391890526
0.04038324952125549
-0.0420878604054451
0.04757676273584366
0.05334876850247383
0.040117453783750534
-0.046380430459976196
-0.029742702841758728
-0.033397406339645386
-0.040245670825242996
-0.06607109308242798
-0.03099294938147068
-0.003407433396205306
-0.04258672147989273
0.04403836652636528
-0.05438540503382683
-0.05781560391187668
0.0412604846060276
0.0026748180389404297
-0.009242959320545197
-0.03763001412153244
0.0034625197295099497
-0.00749039463698864
-0.01747826673090458
0.011676207184791565
-0.051104091107845306
-0.06522233039140701
0.03927160054445267
-0.011169414967298508
0.042410045862197876
-0.029081663116812706
-0.0495891310274601
0.021867970004677773
-0.023223072290420532
0.01011679321527481
-0.03785444051027298
-0.07668989896774292
0.01495056040585041
-0.008304793387651443
-0.044821225106716156
-0.016659777611494064
0.02136671170592308
-0.06199558451771736
0.018834274262189865
0.04327084869146347
0.02717702090740204
0.030299397185444832
-0.0270382072776556
-0.06095036864280701
-0.011914421804249287
0.01883692294359207
0.054187044501304626
-0.007435711100697517
0.03445201739668846
0.04577364772558212
-0.03354120999574661
0.045471131801605225
-0.013575665652751923
-0.010954238474369049
-0.05547797679901123
0.03006509691476822
-0.039988528937101364
0.028162479400634766
-0.044676218181848526
-0.02229457162320614
-0.06107864901423454
-0.0653601661324501
0.0348922535777092
-0.04741160199046135
-0.03966377675533295
-0.043572064489126205
0.009928443469107151
0.0265389084815979
-0.04505780711770058
0.02370939776301384
0.007894120179116726
-0.04691922292113304
0.03213648125529289
0.010725350119173527
-0.011867892928421497
0.005191206932067871
-0.0599554106593132
0.006461508106440306
0.022068360820412636
0.002125008497387171
-0.04545674845576286
0.0013304919702932239
0.0028091520071029663
0.053363993763923645
-0.008466160856187344
-0.05639928951859474
0.044560953974723816
0.001003555953502655
0.01413368247449398
-0.05392656847834587
-0.02807513251900673
0.006556508596986532
-0.017254814505577087
-0.057981785386800766
0.0356767401099205
0.036121927201747894
0.02248978056013584
0.03168388083577156
0.002632699441164732
0.03322921693325043
-0.04157862439751625
-0.030512996017932892
-0.04822839796543121
-0.05464652180671692
-0.041474491357803345
0.04650004208087921
0.013744274154305458
-0.03775215893983841
0.019567979499697685
0.026117311790585518
-0.019355690106749535
0.05606304109096527
-0.03418545424938202
-0.06231565773487091
0.034105829894542694
-0.033109843730926514
-0.029072917997837067
-0.0076027484610676765
0.02079755999147892
-0.04222765192389488
0.02564598247408867
-0.016443416476249695
-0.05150481313467026
0.006966002285480499
0.011054595932364464
-0.002089656889438629
-0.0469248928129673
-0.035770077258348465
0.015540572814643383
0.03551457077264786
-0.024907752871513367
0.023750759661197662
-0.01783858798444271
0.031188463792204857
0.039378572255373
-0.06416182965040207
-0.018657440319657326
-0.06516062468290329
0.049791768193244934
-0.04735267162322998
-0.07585637271404266
-0.0038907823618501425
0.040168795734643936
-0.034424539655447006
0.04745268076658249
0.02723568305373192
0.03694522753357887
-0.02739706262946129
-0.05767039582133293
0.010097525082528591
-0.04776478186249733
0.005154547281563282
0.038279540836811066
0.01621587574481964
0.004306085407733917
-0.013730750419199467
-0.03251321241259575
-0.0748504176735878
0.01765552908182144
-0.057932913303375244
-0.060165125876665115
-0.05202852934598923
-0.03606070205569267
0.04542924836277962
0.023496102541685104
-0.05033425614237785
-0.05911833047866821
0.01803738810122013
0.0025297673419117928
-0.025447215884923935
0.016182050108909607
0.011722932569682598
-0.004554812330752611
0.03620515018701553
-0.02830352634191513
-0.02916589006781578
0.0472530722618103
0.003570430213585496
-0.04424436390399933
0.0067143128253519535
-0.03366883844137192
-0.012584039941430092
0.009468003176152706
0.03507082536816597
-0.047190479934215546
-0.06282930821180344
0.04483525827527046
0.03885555639863014
0.031750887632369995
-0.04815933480858803
0.0417528934776783
-0.054949112236499786
-0.05027052387595177
0.018149398267269135
-0.036490242928266525
-0.0479646697640419
0.01229096483439207
0.034770093858242035
0.030955694615840912
-0.011231185868382454
-0.05863364040851593
0.05172831565141678
0.030302412807941437
0.012592991814017296
-0.03198162466287613
0.019212547689676285
0.0019125932594761252
0.03721551224589348
1.5325176718761213e-05
-0.031806543469429016
0.018494583666324615
-0.003180303843691945
-0.034649208188056946
-0.05932709574699402
0.05457380414009094
-0.00896418746560812
0.022915037348866463
0.011788405478000641
-0.07823220640420914
-0.0419650562107563
-0.0011736899614334106
0.032593876123428345
0.03187122568488121
-0.076335608959198
0.02380719594657421
-0.03549911826848984
0.003275545546784997
0.022396832704544067
0.041648019105196
-0.05939813330769539
0.051597170531749725
0.008131861686706543
0.01753862388432026
-0.001906372606754303
-0.015075509436428547
0.04034210368990898
-0.03981877490878105
-0.021008489653468132
-0.005549734458327293
-0.012879905290901661
-0.008972756564617157
0.010741956532001495
-0.03749842941761017
0.013351821340620518
0.002439612289890647
0.00038005411624908447
-0.06411043554544449
0.04685400426387787
-0.039500731974840164
-0.04047433286905289
0.04658930376172066
-0.043906472623348236
-0.042804453521966934
-0.04969799146056175
-0.04653123766183853
-0.03869108855724335
-0.005739862564951181
-0.004098180215805769
0.05266968160867691
0.03985298424959183
0.037625670433044434
-0.03193198889493942
0.011675333604216576
-0.014344800263643265
0.04446065053343773
1.1259095117566176e-05
0.008379197679460049
-0.0029051853343844414
0.03034527413547039
0.04273466020822525
0.009134925901889801
-0.05777324363589287
0.008917189203202724
0.017936144024133682
-0.028325369581580162
-0.05889793485403061
-0.041181161999702454
0.017084438353776932
0.03219906985759735
0.03488121181726456
0.0009422674775123596
-0.05516151711344719
0.024994226172566414
-0.05081818252801895
0.04386497288942337
-0.02989930659532547
0.00010965019464492798
0.018374290317296982
-0.028250712901353836
0.036852892488241196
0.02986767515540123
-0.015339279547333717
0.005727663636207581
-0.04906497523188591
-0.02367926575243473
-0.05194905027747154
-0.004371198359876871
-0.008824335411190987
-0.020801333710551262
-0.06446175277233124
-0.03840979188680649
0.02716391533613205
-0.037422820925712585
-0.031074028462171555
-0.0627036765217781
-0.009111113846302032
-0.033218495547771454
-0.04977743700146675
-0.05497352033853531
-0.054581962525844574
-0.02358795702457428
-0.04829815775156021
0.0213208869099617
-0.05575887858867645
-0.04698536917567253
-0.034258950501680374
-0.022876037284731865
-0.024556515738368034
-0.010175637900829315
0.030219947919249535
0.008145265281200409
0.05315854772925377
0.016712993383407593
0.025552920997142792
0.010547802783548832
-0.028277471661567688
-0.015259906649589539
-0.009905524551868439
-0.04120112210512161
0.027369588613510132
0.007190622389316559
-0.03039725124835968
0.006328575313091278
-0.04869775101542473
-0.049888577312231064
-0.024565264582633972
-0.05730066075921059
0.047092217952013016
0.02479398250579834
-0.05730017274618149
0.01220443844795227
-0.055203504860401154
-0.025948800146579742
0.04181639850139618
-0.0011555571109056473
-0.018872004002332687
-0.012431500479578972
-0.015705587342381477
0.018918514251708984
-0.063387930393219
-0.010707341134548187
-0.051906611770391464
0.03227681666612625
-0.048500292003154755
0.047290436923503876
-0.047097090631723404
-0.05995655059814453
-0.004032805562019348
0.014593208208680153
6.866968760732561e-05
-0.011506471782922745
-0.05771365761756897
-0.022530226036906242
0.05545016750693321
0.023114725947380066
0.04957160726189613
-0.05410710349678993
-0.014761105179786682
-0.04546189680695534
0.053912751376628876
0.020087160170078278
0.00956572126597166
0.02899620682001114
0.029668720439076424
0.04741370305418968
0.048025503754615784
-0.022179068997502327
-0.04380138963460922
0.034130439162254333
-0.021351248025894165
-0.001742469728924334
-0.03895319253206253
-0.01772746816277504
-0.058099064975976944
-0.06081051751971245
0.02021375484764576
0.009449713863432407
0.01753220707178116
0.03908783942461014
-0.004251719918102026
-0.01021159440279007
-0.03609970957040787
0.059032030403614044
0.008207925595343113
-0.04641687870025635
-0.04494645446538925
0.043839339166879654
-0.006546391639858484
0.044000692665576935
-0.03763151913881302
-0.034629806876182556
0.04272130876779556
0.004813008476048708
-0.024906747043132782
0.02717922255396843
-0.004646110814064741
0.03390290215611458
-0.024030443280935287
0.00849684327840805
0.028621666133403778
0.004187196493148804
-0.05647965520620346
0.02163930982351303
0.023264678195118904
-0.053393278270959854
0.02479715459048748
-0.04010545089840889
0.01927391067147255
0.007083792705088854
-0.037569209933280945
0.015509361401200294
-0.03823999688029289
0.019297011196613312
0.03074275329709053
-0.018960673362016678
-0.015690771862864494
-0.037784427404403687
0.040531180799007416
-0.05953357741236687
0.0008205155609175563
0.0010649487376213074
-0.05326925590634346
0.04315834864974022
-0.0029706472996622324
-0.05390989035367966
0.04385928809642792
-0.060946665704250336
0.05149390175938606
-0.01028919406235218
-0.025966281071305275
0.003339610993862152
0.02813267521560192
0.031926169991493225
0.019127923995256424
-0.056623101234436035
-0.027303487062454224
-0.05021941289305687
-0.05438515543937683
-0.03317715600132942
-0.0009707064018584788
-0.027830680832266808
-0.008074590936303139
-0.05311848595738411
-0.02321518585085869
-0.015667296946048737
-0.020483076572418213
-0.0026376855093985796
-0.010575279593467712
0.051628053188323975
0.04462594911456108
0.005731311161071062
-0.011808471754193306
0.04007834196090698
0.018797054886817932
0.007086805067956448
0.0056231580674648285
0.0038954168558120728
0.05135659873485565
-0.046355877071619034
0.03944025933742523
0.012541510164737701
0.009446964599192142
0.04130645468831062
-0.012469649314880371
0.009817957878112793
0.05067291110754013
-0.022432781755924225
-0.027796201407909393
-0.03469400852918625
-0.048591259866952896
-0.027451274916529655
0.04363522678613663
-0.026524733752012253
-0.0459347665309906
-0.031786974519491196
-0.04703756421804428
0.0384579598903656
0.003830587724223733
-0.052769746631383896
-0.03528566658496857
0.0460384376347065
-0.014259697869420052
0.03205655515193939
0.007471501361578703
-0.024863561615347862
0.025064006447792053
-0.0037909671664237976
0.037378787994384766
-0.0510997548699379
-0.030130574479699135
-0.04030107334256172
-0.05567198246717453
-0.04462256282567978
-0.042266830801963806
-0.02350480668246746
-0.005966633558273315
-1.287123680114746
-0.4132394790649414
-0.6899641752243042
-1.4252395629882812
0.05047503858804703
-0.04061601683497429
-0.2322918325662613
-0.17699463665485382
0.013056017458438873
-0.0003237202763557434
-0.23733538389205933
0.4605325162410736
-1.9842582941055298
1.2396851778030396
0.5513755679130554
0.464994341135025
-0.44283804297447205
0.19225724041461945
0.26716259121894836
0.49466386437416077
-0.04271623492240906
0.02507990039885044
-1.2183268070220947
0.6462722420692444
0.00414749002084136
0.003928683698177338
0.005131093319505453
0.1042751893401146
0.29369497299194336
0.039779096841812134
-0.041986070573329926
1.5042756795883179
-0.14009790122509003
-0.9314725995063782
-0.021300412714481354
1.9841158390045166
0.05597072094678879
-0.5194455981254578
1.3919998407363892
-0.010093570686876774
-0.1911943107843399
0.2995046377182007
0.04275914654135704
1.982667088508606
1.160336971282959
-1.9825587272644043
0.6137085556983948
0.7011188864707947
-0.1614442616701126
-1.9822858572006226
-0.0063166809268295765
0.8571634292602539
-0.035781607031822205
0.5427336096763611
0.027340658009052277
0.027066625654697418
-0.02087373286485672
1.1831943988800049
0.03166593611240387
0.04251488298177719
-0.030055120587348938
0.056830622255802155
0.4905197322368622
0.0006660670042037964
-1.9840503931045532
1.078011155128479
-0.6339840888977051
1.4799178838729858
-0.02465948462486267
-0.8471486568450928
-0.8695852756500244
-0.09239930659532547
-1.0837368965148926
-0.009287158027291298
-1.3880109786987305
-0.28791093826293945
-0.7001627087593079
0.03220735862851143
-0.33669397234916687
-0.776205837726593
-0.047205809503793716
-0.7551150321960449
-0.04697877913713455
-0.9207020401954651
0.9325773119926453
0.21823127567768097
-0.9781007170677185
-1.9841874837875366
-0.8590718507766724
-0.04290475696325302
-0.29406216740608215
-0.6293025016784668
-0.04083043336868286
-0.018808385357260704
0.13813716173171997
-1.0463197231292725
-1.5387241840362549
1.2507935762405396
-0.02925674431025982
-0.9025138020515442
-1.3036515712738037
1.1081881523132324
0.8994303345680237
0.33751192688941956
-0.11436176300048828
-1.21256685256958
-0.4710974097251892
0.013648591935634613
0.22304464876651764
-0.2272133082151413
0.11171397566795349
0.0003495814453344792
0.24483248591423035
0.22576412558555603
0.35006949305534363
-0.5562081336975098
0.7548651099205017
-0.013272620737552643
0.05742589756846428
-1.9408252239227295
0.0554792582988739
0.10301465541124344
-0.007742173969745636
1.3301323652267456
0.6263186931610107
-1.2630441188812256
0.0257240179926157
-0.0527244433760643
-0.9846664071083069
-0.04527939110994339
-0.05214974284172058
-0.03835955262184143
-1.1697211265563965
0.09506963193416595
0.8068314790725708
-1.2917027473449707
0.03518177196383476
-0.05334096401929855
0.07505156844854355
0.4781776964664459
-0.1662425696849823
0.29363226890563965
0.30151817202568054
-0.2609715163707733
-0.04896225780248642
0.037640318274497986
0.07572809606790543
0.14082665741443634
0.5629447102546692
1.6282318830490112
-0.012427784502506256
0.5600244402885437
-0.20223598182201385
-0.12299822270870209
-0.5012632012367249
-0.41276222467422485
-0.7570975422859192
1.53726065158844
1.9778058528900146
-0.04713943600654602
-0.03368569165468216
0.17781543731689453
0.38497471809387207
-0.13556750118732452
-0.5461105108261108
1.0427824258804321
0.20295262336730957
0.03585382550954819
-0.9462358355522156
-0.10491187870502472
-0.08438390493392944
0.3061312735080719
0.04231233894824982
-1.952988624572754
0.025299064815044403
-0.9705813527107239
0.005776233971118927
-0.704261302947998
-1.5877749919891357
-1.2854574918746948
0.022028028964996338
-0.1714891940355301
-0.7727858424186707
-1.3620998859405518
-0.0028203141409903765
1.9822484254837036
0.31183773279190063
0.5199598670005798
0.04655367136001587
0.18233203887939453
-0.02115471661090851
-1.451622486114502
1.1794588565826416
1.8014287948608398
1.9815382957458496
-0.2259107083082199
0.0465276874601841
0.057649821043014526
0.6997250914573669
0.6017726063728333
-0.7844722867012024
-1.047585368156433
-0.48074278235435486
0.082576684653759
0.02524247020483017
1.3092092275619507
1.0085629224777222
0.05900322645902634
0.014790229499340057
0.08735529333353043
-0.5359721183776855
-0.49815595149993896
-1.2578243017196655
0.003525335341691971
1.6573091745376587
0.19635619223117828
0.06221238523721695
0.9358878135681152
1.5166312456130981
-0.029990561306476593
0.3839816451072693
0.29614660143852234
-0.10648656636476517
-0.052133671939373016
1.9114561080932617
-0.012476801872253418
-0.03552275151014328
-0.021642930805683136
-0.01903667487204075
-0.2629125714302063
-1.7234727144241333
0.6874701380729675
-0.2457915097475052
-0.03895626217126846
-1.1644953489303589
0.8864017724990845
0.018810033798217773
-0.0022359418217092752
-0.34322845935821533
-0.04152745008468628
0.7784013748168945
-1.0010539293289185
0.37678366899490356
-0.6153993606567383
0.11820529401302338
0.8519932627677917
0.03085571527481079
0.019184939563274384
-0.2634374797344208
0.17827892303466797
-1.4652676582336426
0.01967231184244156
1.8032852411270142
1.984375
0.6883878707885742
-0.056053973734378815
0.5448983311653137
0.6887109875679016
0.4560285210609436
0.49351632595062256
-0.011634491384029388
-0.004324792884290218
0.5550807118415833
0.29816874861717224
0.04058625549077988
0.03207144886255264
0.17781850695610046
0.5783636569976807
0.4572535455226898
-0.4762931168079376
0.023111995309591293
0.7026147246360779
0.4413371682167053
1.5943349599838257
-0.41316261887550354
0.08521217852830887
0.04818493127822876
-0.16771969199180603
0.717037558555603
-1.9827380180358887
0.09508916735649109
0.059283122420310974
-0.0316346175968647
-0.3034088611602783
0.5134755969047546
0.10597280412912369
-0.008958783932030201
0.5208021998405457
-0.04171020910143852
0.09341367334127426
-0.025262512266635895
-0.4610785245895386
0.05222596973180771
-0.10095784068107605
-0.5076914429664612
-0.05932607874274254
1.984375
0.4921399652957916
-0.051642585545778275
1.8178884983062744
-0.7504204511642456
1.0994986295700073
-0.09603744745254517
-1.9832435846328735
-0.21372109651565552
1.9843225479125977
0.9316909909248352
-0.9744017720222473
-0.055354759097099304
0.27587780356407166
0.9537538290023804
-0.01924898475408554
0.02122245728969574
-0.35381191968917847
-0.011512179858982563
0.03214508295059204
-0.007309138774871826
-0.04869907349348068
-1.0372177362442017
-0.053897254168987274
1.984314203262329
-0.3716389834880829
-0.38627439737319946
-1.5849522352218628
0.20440202951431274
0.8468551635742188
0.6120237112045288
-0.5963518023490906
0.5750746726989746
-0.0594896636903286
1.9814547300338745
0.3828712999820709
0.04412239044904709
-0.0015818099491298199
0.3878391683101654
-0.1508645862340927
-0.05112311244010925
0.9349817633628845
0.014504723250865936
0.5105160474777222
-1.3044472932815552
-0.48628997802734375
0.7003603577613831
-0.5079676508903503
-1.9813625812530518
0.018001839518547058
0.5428820252418518
1.9840588569641113
0.020476996898651123
0.04430609196424484
0.3757832944393158
0.4285946190357208
0.17479725182056427
-0.4112130105495453
0.05264052003622055
0.3431980609893799
0.4626973569393158
-0.3590549826622009
-0.2899029552936554
0.8652448654174805
1.1619008779525757
0.48019686341285706
-0.7750717401504517
0.03367318958044052
1.5721138715744019
0.20475532114505768
1.4226763248443604
-0.030230779200792313
-0.2783232033252716
0.474608451128006
-0.563773512840271
-0.08666287362575531
1.140805721282959
-0.022116608917713165
-0.3705079257488251
1.9843310117721558
0.003913812339305878
0.02440766990184784
-0.05138291418552399
-0.57500159740448
-0.22200080752372742
0.6666582822799683
0.35017767548561096
0.03980670124292374
0.5845834016799927
-0.015007130801677704
-0.07741500437259674
-0.0007863789796829224
0.5530900359153748
-0.9812897443771362
0.24696072936058044
0.6976001262664795
-0.9421088695526123
0.0018276572227478027
-0.6328954100608826
0.3845500349998474
1.750835657119751
-0.8669967651367188
1.3327878713607788
-0.3145195543766022
0.04031014069914818
-0.02219712734222412
0.05833146721124649
-0.24572046101093292
-0.8645812273025513
-0.23648327589035034
-0.01832272857427597
0.26009172201156616
-1.9836151599884033
-0.0861649364233017
-0.4588225483894348
-0.6077806353569031
0.5468299388885498
-0.2259398102760315
-1.9843257665634155
0.054668501019477844
0.046346187591552734
0.3220314681529999
-0.9353162050247192
0.8899445533752441
1.2285488843917847
0.37453535199165344
0.9530863761901855
0.7620208263397217
0.29170218110084534
-0.07301434129476547
-0.3224116563796997
-0.36318764090538025
-0.03521882742643356
0.6626615524291992
-0.08208172023296356
0.39543935656547546
-0.005033649504184723
0.3977336883544922
0.42834022641181946
0.6881608963012695
0.008789591491222382
-1.5879266262054443
-0.05382890999317169
1.8168220520019531
-0.023195527493953705
-1.9818861484527588
0.09323205798864365
-0.35105276107788086
-0.043753426522016525
0.37445130944252014
-0.04759620130062103
0.8827078342437744
-0.515357255935669
-1.1363823413848877
0.5772062540054321
-0.007905274629592896
-0.1835710108280182
0.03887995332479477
-0.4495042860507965
0.06333822011947632
-1.094405174255371
1.348920464515686
-0.02959001436829567
0.5156089663505554
0.02075818181037903
-0.5831555128097534
-0.5110944509506226
0.03342059627175331
0.032066889107227325
0.27762550115585327
0.2318033128976822
-0.09203103929758072
0.6057407855987549
-0.04310888797044754
-0.732435941696167
0.9810757040977478
-0.04051869362592697
-0.91743004322052
-0.40797966718673706
0.03006771206855774
1.9843153953552246
-0.8286992907524109
-0.022113986313343048
0.04188082367181778
-0.5023326277732849
-0.038913555443286896
-0.004256710410118103
-0.048002392053604126
0.022204214707016945
0.0018379257526248693
0.7014424204826355
-0.1895282119512558
-0.021793482825160027
0.025736860930919647
0.9901226162910461
-0.15299849212169647
-0.054269805550575256
0.14775341749191284
-0.3150016665458679
-0.03683976083993912
0.08621185272932053
0.45430082082748413
-1.425630807876587
0.27884846925735474
0.1431836038827896
-0.4321538209915161
0.04029911756515503
0.02499222755432129
0.095499187707901
0.03349288925528526
1.2962042093276978
0.003032711334526539
-0.525957465171814
1.983344554901123
-0.2935221791267395
0.043336592614650726
-0.05620122700929642
0.03672691434621811
-0.020006848499178886
-0.04997815936803818
-0.008258022367954254
-0.02901880256831646
-0.033015888184309006
-0.06425566226243973
-0.05836029350757599
0.008380867540836334
0.037810541689395905
0.04833056405186653
-0.0010554908076301217
-0.05205743759870529
0.007976789027452469
-0.042114757001399994
-0.0475645437836647
-0.0024743506219238043
0.034905701875686646
-0.035644739866256714
-0.04727482795715332
-0.02551627717912197
0.037148986011743546
-0.06131134554743767
-0.05651746690273285
0.030919790267944336
0.01242104172706604
0.020227909088134766
-0.007619732990860939
0.034451477229595184
-0.061364419758319855
-0.02947201021015644
-0.004043661057949066
-0.0371222048997879
0.015606477856636047
-0.02736097201704979
-0.002502746880054474
0.05334407463669777
0.05856980383396149
-0.00845232792198658
0.02955712378025055
-0.026003368198871613
-0.052074287086725235
-0.037137534469366074
-0.0664491131901741
-0.04630448669195175
0.004979576449841261
-0.06849020719528198
-0.03560341149568558
0.03311915323138237
-0.0032446531113237143
0.04996006563305855
0.06028883159160614
0.018106212839484215
0.0029591743368655443
-0.05391204357147217
0.01871570199728012
0.015358539298176765
0.027041271328926086
0.06239593029022217
0.041017547249794006
0.005589865148067474
-0.055141665041446686
0.017086640000343323
-0.02584725432097912
-0.02214587852358818
-0.037214647978544235
0.00669682864099741
-0.058873310685157776
-0.03340747207403183
-0.01950841024518013
-0.06871587038040161
-0.019550062716007233
-0.0032196491956710815
0.05109253153204918
-0.05936964601278305
-0.09778639674186707
-0.0011717508314177394
0.026495009660720825
-0.027936259284615517
0.005036268848925829
-0.0638461634516716
-0.0335632786154747
0.012545901350677013
0.019598878920078278
0.028767473995685577
-0.06795567274093628
-0.027111200615763664
0.04621221870183945
0.0436086505651474
-0.007342552300542593
0.0027511275839060545
0.03774341195821762
-0.05685430020093918
-0.059946294873952866
-0.06822025030851364
-0.06097723916172981
0.005135478917509317
0.027624579146504402
-0.0626666247844696
-0.007808349095284939
-0.06664297729730606
-0.04292350262403488
-0.014448088593780994
0.007635337300598621
-0.059599898755550385
0.026337409391999245
-0.015450425446033478
0.018657216802239418
0.020044397562742233
0.011978991329669952
-0.034389398992061615
0.019796689972281456
-0.03597603738307953
-0.027086392045021057
-0.04882746562361717
0.05097613111138344
0.06199958175420761
-0.022201940417289734
0.03047306463122368
0.016705431044101715
-0.060325782746076584
-0.05824914574623108
0.028058398514986038
-0.05661633238196373
-0.04289600998163223
0.005539283622056246
-0.018033653497695923
-0.0029929622542113066
0.019497103989124298
-0.05586237087845802
-0.045132339000701904
0.021989451721310616
-0.01996845193207264
0.03297446295619011
-0.024022554978728294
0.03030949831008911
0.03258799761533737
-0.004275457002222538
-0.05361095815896988
-0.035457003861665726
-0.011013522744178772
-0.04982961714267731
0.026567060500383377
-0.020767629146575928
0.03853058069944382
-0.06562221795320511
0.027451258152723312
-0.0781504288315773
-0.043006159365177155
-0.04473979026079178
-0.018407942727208138
0.008943385444581509
-0.01584487408399582
-0.01667107082903385
-0.040624748915433884
-0.028036493808031082
-0.04502824693918228
-0.021866125985980034
0.027627326548099518
-0.0373687744140625
0.037408534437417984
-0.0465262271463871
0.027733944356441498
0.027085978537797928
-0.05810815468430519
-0.08822356909513474
0.04317907616496086
-0.03781886026263237
-0.06895122677087784
0.016196202486753464
0.04679236561059952
-0.016922995448112488
0.016735408455133438
-0.019710300490260124
0.015193785540759563
0.037391550838947296
-0.028993772342801094
-0.026800837367773056
-0.057373762130737305
0.004227630794048309
-0.04370288550853729
-0.07677104324102402
-0.016879312694072723
-0.051509398967027664
0.014416737481951714
-0.005726972129195929
0.025289854034781456
-0.021613065153360367
0.021471107378602028
0.04414471983909607
-0.04067394882440567
-0.0225225780159235
-0.01011098362505436
-0.015736427158117294
-0.07610595226287842
-0.016120130196213722
0.06137154996395111
-0.06639359891414642
0.009007484652101994
0.03320769593119621
0.021758364513516426
-0.010110964067280293
-0.024942366406321526
0.04779977351427078
0.004609526600688696
0.025983404368162155
-0.004802174866199493
-0.03361080586910248
0.058146506547927856
-0.0343598909676075
-0.06540923565626144
-0.011172620579600334
-0.0012776298681274056
-0.009664586745202541
-0.02318643033504486
-0.0112009197473526
-0.021998343989253044
-0.03249179571866989
0.03241884708404541
0.023746121674776077
-0.07204656302928925
-0.05215101316571236
-0.030866824090480804
0.020969858393073082
0.00550127774477005
-0.009434416890144348
-0.020481973886489868
0.0036565635818988085
0.019343329593539238
-0.038844916969537735
-0.043310265988111496
-0.017814213410019875
0.011846497654914856
-0.0238689873367548
-0.009297125041484833
-0.010900251567363739
0.04530995339155197
0.025899620726704597
0.03675661236047745
0.039149653166532516
0.011708163656294346
0.03818391636013985
-0.01731206104159355
-0.002649580594152212
0.041428789496421814
0.02565712481737137
0.017339423298835754
-0.05800880864262581
0.00882007461041212
-0.005239234771579504
-0.05866815149784088
-0.06768794357776642
0.01637498289346695
0.03155389428138733
-0.04126898944377899
-0.46526163816452026
-0.5737035870552063
-0.5365622043609619
-0.2311730980873108
-0.022299274802207947
-0.019396817311644554
0.3047374188899994
0.7267501950263977
0.0459136888384819
-0.04382871091365814
0.6598959565162659
1.9800870418548584
0.5649358630180359
0.18018651008605957
-0.41143834590911865
0.13659024238586426
0.058488909155130386
0.6107193231582642
-0.025802507996559143
1.2786924839019775
0.04455021023750305
0.17888742685317993
-0.7974011898040771
0.8850507736206055
0.33687445521354675
0.027133770287036896
-0.03508687764406204
0.20562304556369781
0.24466316401958466
1.076119065284729
0.044295597821474075
-1.0622590780258179
-0.5126551985740662
1.5426464080810547
0.0006157532334327698
-1.7831449508666992
-0.05035149306058884
0.6982052326202393
0.1644427329301834
-0.1941474974155426
-1.9838902950286865
0.05843285471200943
0.051943182945251465
1.7946854829788208
-1.983522891998291
1.983888864517212
1.8631857633590698
-0.5661683082580566
0.11283013224601746
1.98405122756958
-0.25474321842193604
-0.63615882396698
-0.017784617841243744
0.15682514011859894
0.3389171063899994
-0.047391168773174286
0.06242567300796509
0.24281442165374756
0.04157169163227081
0.037301599979400635
-0.06027418375015259
0.05170194059610367
1.0808085203170776
0.010824479162693024
1.9842760562896729
0.172935351729393
-0.11570675671100616
-1.8307174444198608
-0.7881852388381958
1.1526440382003784
-0.39563459157943726
-0.3432013690471649
-0.5663814544677734
-0.055660430341959
-1.6060051918029785
-0.33989471197128296
0.2510432302951813
0.04701662063598633
1.7325870990753174
-0.6383251547813416
0.007894426584243774
0.7734789252281189
0.05755986273288727
-0.18388628959655762
-0.715714693069458
-0.29200756549835205
-0.4425526559352875
-1.9807450771331787
-1.9843473434448242
0.018519558012485504
-1.7098392248153687
1.1628153324127197
0.0438355877995491
-0.005100980866700411
0.6789453625679016
-0.31673645973205566
0.6499176621437073
0.4197758436203003
0.03368179500102997
-0.29722270369529724
-0.19034121930599213
0.30314353108406067
0.10406875610351562
0.5030864477157593
0.5674499869346619
-0.39890146255493164
1.2442537546157837
-0.03711698204278946
1.0264902114868164
0.6777663826942444
1.1523778438568115
0.06486810743808746
1.311421513557434
0.48883965611457825
0.46861013770103455
0.394916832447052
-0.5181745886802673
0.011911183595657349
0.5217412114143372
0.35827693343162537
0.000734470784664154
0.587784469127655
0.02151012420654297
0.6494767069816589
0.9209277033805847
-0.34116676449775696
-1.5993040800094604
0.007591970264911652
-0.4823959469795227
-0.007646929007023573
-0.08869840949773788
-0.025596745312213898
-0.4014897048473358
1.6385729312896729
-0.5870922207832336
-0.48314931988716125
0.27713415026664734
-0.056362785398960114
-0.733074426651001
-0.32872474193573
-1.9826624393463135
-0.893291711807251
1.983803391456604
-1.9827394485473633
0.028350265696644783
0.0006238574860617518
1.1565295457839966
0.24100682139396667
-0.723676323890686
0.14725086092948914
-0.05907546728849411
-1.0740760564804077
-0.07202661037445068
0.2281283140182495
-0.2783621549606323
0.39616501331329346
-0.4803383946418762
-1.8891533613204956
1.6709136962890625
0.03746553137898445
-0.04710736125707626
0.3072099983692169
-1.5848801136016846
-0.3669831156730652
0.14056512713432312
0.3512767553329468
0.013547674752771854
0.22672855854034424
-0.4033484160900116
0.4698617458343506
0.46882307529449463
0.29601091146469116
-0.05493774265050888
-0.9324988126754761
0.31032878160476685
-0.5129780769348145
0.0077356696128845215
-0.2668081521987915
-0.6791022419929504
-0.6113167405128479
-0.05389537662267685
-0.3978491425514221
-1.9838201999664307
1.0707868337631226
-0.1549665629863739
-1.983175277709961
0.524704098701477
0.12038663029670715
-0.3101167678833008
0.7288557887077332
0.0430910661816597
-0.4635606110095978
0.2175717055797577
-1.9828107357025146
-1.4543172121047974
-0.381141722202301
0.10463971644639969
0.033430106937885284
-0.813151478767395
1.2338231801986694
-1.5268462896347046
1.9590601921081543
1.274258017539978
0.541294276714325
-0.05521407723426819
0.031860750168561935
0.3406681716442108
0.008802107535302639
0.05002126842737198
-0.7117449045181274
0.050539497286081314
-0.6901701092720032
-0.3440747559070587
0.004727703053504229
0.15220743417739868
1.1909205913543701
-0.04844578355550766
-1.2696192264556885
0.15366201102733612
-0.03262551873922348
1.9834582805633545
-1.12079918384552
0.03785238042473793
-0.03951086848974228
-0.07967020571231842
-0.01817426271736622
-0.01970641314983368
-0.030629970133304596
0.010383029468357563
-0.6164021492004395
-0.7564249038696289
0.04285580292344093
-0.8473694324493408
-0.046154655516147614
1.1304831504821777
0.3307535946369171
-0.023467272520065308
-1.9835516214370728
1.4277178049087524
-0.014406099915504456
0.6868965029716492
-0.5160061717033386
-0.8148199915885925
1.9840867519378662
-0.07464577257633209
0.207192525267601
-0.03662322461605072
-0.05990432947874069
0.1932792216539383
-0.43967196345329285
-1.7989953756332397
-0.014162742532789707
-0.2203262597322464
-1.9839328527450562
0.18692360818386078
0.025351278483867645
-0.028332196176052094
0.056298889219760895
0.05283937230706215
-0.02117607742547989
-0.004467219114303589
-0.0038103722035884857
-0.021633576601743698
0.011299237608909607
0.001257583498954773
0.02236214280128479
-0.0070199198089540005
-0.037974849343299866
-0.02628432586789131
-0.03150311857461929
0.03335488215088844
0.011717140674591064
-0.006018013693392277
0.003867584513500333
-0.03697021305561066
0.03881651163101196
-0.019450105726718903
-0.013494918122887611
-0.03537752479314804
-0.038683947175741196
0.02115922048687935
-0.05153632164001465
-0.04154396057128906
0.04467984661459923
-0.0006020739674568176
0.01270181406289339
0.04085183143615723
0.03296714648604393
-0.003385823220014572
-0.056900959461927414
-0.045209117233753204
-0.036339979618787766
-0.0063077956438064575
0.05737053230404854
-0.025754675269126892
0.006869476288557053
-0.03704234957695007
-0.0088985376060009
0.05921473354101181
0.011154061183333397
-0.006338064558804035
-0.02092028595507145
-0.04624703899025917
-0.02560928463935852
0.042994629591703415
0.05286271497607231
-0.04499552771449089
-0.03176136314868927
0.06144676357507706
-0.0030508439522236586
-0.06311706453561783
0.03609679639339447
-0.015368036925792694
0.04752948507666588
-0.005331031978130341
-0.05966385453939438
-0.0018799826502799988
0.014273680746555328
0.03595775365829468
-0.045594796538352966
0.0420353077352047
0.01573367416858673
-0.01855323277413845
-0.05809368938207626
-0.025019580498337746
0.032160885632038116
-0.03374322131276131
-0.00837012380361557
-0.04536016657948494
-0.03238111734390259
0.023750178515911102
0.028584962710738182
0.039084870368242264
-0.024445127695798874
-0.01378687098622322
-0.012285012751817703
-0.051738440990448
0.04908909648656845
-0.037140823900699615
0.035613566637039185
-0.040519312024116516
-0.04598693922162056
0.004509453661739826
0.0038569020107388496
0.024573495611548424
-0.03438315540552139
-0.023505201563239098
-0.011629842221736908
-0.010982170701026917
0.031933970749378204
-0.02465028129518032
0.03756643459200859
-0.04353245347738266
-0.026000460609793663
0.022566838189959526
-0.03916861116886139
-0.02295232005417347
0.043213192373514175
-0.05219869315624237
-0.0141126848757267
0.04282718896865845
0.03439567983150482
0.006853293627500534
-0.010298669338226318
0.007229448761790991
0.04815555363893509
-0.04751424491405487
-0.031116977334022522
0.044525425881147385
-0.03509676456451416
0.008302532136440277
0.008019503206014633
-0.0422421395778656
0.01027890294790268
-0.04067321866750717
-0.00522015942260623
0.038427308201789856
-0.058646127581596375
0.05174342542886734
-0.018381934612989426
0.049438320100307465
0.017283543944358826
0.05250418186187744
-0.02864374965429306
0.0086426492780447
0.02305266261100769
-0.007853228598833084
0.049132414162158966
0.047062948346138
0.0021557810250669718
-0.02686995454132557
0.051270268857479095
0.053620629012584686
-0.009139135479927063
0.012828290462493896
0.005768952425569296
-0.008628495037555695
-0.05665728822350502
-0.010868899524211884
0.04592246934771538
-0.02646559476852417
0.029153816401958466
0.025053249672055244
-0.03249245136976242
-0.03042900376021862
0.02322622574865818
0.006700590252876282
-0.023853495717048645
0.05789570137858391
-0.0391857735812664
-0.011928273364901543
0.03922337666153908
0.0040326230227947235
-0.00844437163323164
0.04574829339981079
0.05656397342681885
0.04740314930677414
0.03810589760541916
0.020129555836319923
0.004217056091874838
-0.02256687358021736
0.02738531120121479
0.023767268285155296
-0.0531894713640213
0.04354039207100868
-0.04852190613746643
-0.008621100336313248
-0.01764557883143425
-0.01576807349920273
-0.05247388780117035
-0.02285052090883255
0.0032568189781159163
0.02337373048067093
-0.01106262393295765
0.019666023552417755
0.046251703053712845
0.019401565194129944
-0.060695406049489975
-0.003117632819339633
0.030211923643946648
0.01977282389998436
-0.016397498548030853
0.026503698900341988
-0.028769714757800102
0.0499340295791626
0.02094009518623352
0.052457354962825775
0.013733063824474812
-0.0244431272149086
-0.044913943856954575
0.046530015766620636
-0.06506356596946716
-0.00844813883304596
-0.01324114203453064
-0.04901186376810074
-0.022448154166340828
-0.016361519694328308
0.036126360297203064
-0.0628664568066597
-0.05624183639883995
-0.02389046549797058
-0.045702576637268066
-0.04435289651155472
0.007596470415592194
0.01608770340681076
-0.059460852295160294
0.05449806898832321
-0.06367632746696472
0.020160207524895668
-0.05129072815179825
-0.027226725593209267
-0.016179673373699188
0.027284733951091766
-0.015066437423229218
0.032484233379364014
-0.06181297451257706
0.03345632925629616
-0.012207056395709515
-0.0394761897623539
0.036853499710559845
0.025043480098247528
0.020501181483268738
0.06097296625375748
0.05224132537841797
0.021655919030308723
-0.04686855524778366
0.024453477934002876
-0.054809462279081345
0.024992099031805992
-0.04534856975078583
-0.016007691621780396
0.03457067906856537
-0.04452298581600189
-0.008482341654598713
0.031165024265646935
0.056278131902217865
0.04365114867687225
0.015836361795663834
0.02152358926832676
0.017175793647766113
0.022586403414607048
0.04932704567909241
0.03053721785545349
-0.043223828077316284
-0.027432668954133987
0.021143576130270958
-0.003242078935727477
0.060239993035793304
-0.03619691729545593
-0.023907460272312164
0.051592014729976654
-0.03055395931005478
0.2385854870080948
-0.6650684475898743
0.2962649464607239
-0.3099338710308075
0.01134692132472992
-0.02541002817451954
-0.2155255526304245
0.06327589601278305
-0.03485860675573349
-0.05937045067548752
0.20208951830863953
1.9842368364334106
0.9248201251029968
-0.07952764630317688
-0.18709877133369446
-0.6569635272026062
-0.29807454347610474
0.23683026432991028
0.8213579654693604
-0.16763733327388763
-0.04493638128042221
0.1225351020693779
0.4174659848213196
-0.0829085037112236
-0.035596709698438644
0.021508239209651947
-0.0008942780550569296
0.6472680568695068
0.010005426593124866
1.2806085348129272
-0.023087581619620323
-0.9206966757774353
0.220174640417099
1.9163334369659424
-0.05287058651447296
-0.6911451816558838
-0.048881806433200836
0.11744699627161026
-0.2841281294822693
-0.038491349667310715
0.4467170536518097
-0.6412467360496521
-0.03696358576416969
1.976502776145935
-0.30957457423210144
0.22046953439712524
1.9841337203979492
-1.2166023254394531
0.20613287389278412
1.984375
0.09528184682130814
-1.8277775049209595
-0.0312521755695343
0.6597450971603394
-1.4970817565917969
0.05475195497274399
0.056804366409778595
-0.049325793981552124
0.027865640819072723
-0.006485737860202789
-0.058286912739276886
-0.026709258556365967
0.422402948141098
-0.005298741161823273
1.9843143224716187
-0.02875540778040886
0.07157992571592331
0.3320467174053192
0.1591331511735916
-0.7108307480812073
0.45740973949432373
0.1988781839609146
0.371919721364975
0.028710005804896355
0.16529196500778198
0.6516285538673401
-0.03518637269735336
-0.015112790279090405
-0.729069173336029
-0.9352723360061646
-0.028991425409913063
1.9609780311584473
0.04831352084875107
0.3593393862247467
-0.9770048260688782
-0.16269125044345856
0.34378936886787415
-1.8268872499465942
-1.9832203388214111
0.01287839561700821
0.8880608677864075
-0.5736618638038635
0.05492264777421951
0.040566299110651016
0.009648974984884262
0.16531765460968018
0.3159753680229187
-0.14565657079219818
0.04766324907541275
0.17529968917369843
-0.3033045828342438
-0.10456568002700806
-0.2562792897224426
-0.353149950504303
-0.04631486162543297
0.5086911916732788
-0.11129936575889587
0.02826584130525589
-0.4631737768650055
0.13376286625862122
-0.05740724876523018
-0.05402691662311554
-0.2045617550611496
-1.398430347442627
-0.04049719497561455
-0.7441912889480591
-0.8301453590393066
0.05602823197841644
-0.5950550436973572
0.18210327625274658
0.06232879310846329
0.7141239643096924
0.05143968015909195
-0.29574161767959595
1.1406810283660889
0.23931984603405
0.6031543016433716
0.017657920718193054
0.4913140535354614
-0.004458732903003693
0.12437982112169266
-0.009190768003463745
0.2858533561229706
0.1938362419605255
-0.01388950552791357
0.6978814601898193
0.2128569632768631
-0.06209205836057663
0.24979323148727417
-0.24905553460121155
-1.9824713468551636
-0.19920936226844788
-1.4441418647766113
-0.5126408338546753
0.05230766534805298
0.014598838984966278
1.5232137441635132
-0.04389660432934761
-0.32888537645339966
0.24608063697814941
0.027608156204223633
-0.8970039486885071
-0.21419118344783783
0.0247346218675375
-0.052666228264570236
-0.0397021509706974
0.22923670709133148
0.9821805357933044
1.9842782020568848
-0.014771168120205402
-0.04490246623754501
-0.4912633001804352
-0.9742377996444702
0.05118439719080925
0.2795712649822235
-0.7050921320915222
0.38695311546325684
-0.772233784198761
0.15548303723335266
-0.41556304693222046
-0.09089089930057526
-0.161574587225914
0.03203858435153961
0.6199632287025452
-0.04191730171442032
0.28828951716423035
-0.03708707541227341
0.11523856967687607
-0.2133961319923401
0.34912189841270447
-0.05452234297990799
0.3879498839378357
-0.07520895451307297
0.9371747374534607
0.2011263221502304
-1.9838535785675049
-0.015294521115720272
-0.11434709280729294
0.04767707735300064
-0.2702949047088623
-0.04741692543029785
0.3566695749759674
-0.12381530553102493
0.5221237540245056
0.9134145975112915
0.08069624751806259
0.4718494415283203
0.04458935558795929
-0.04593849927186966
1.4741450548171997
0.01699969917535782
1.18500816822052
0.3114078640937805
-0.4073396325111389
-0.005247883498668671
-0.2269463986158371
-0.13117071986198425
-0.035742200911045074
-0.0024985000491142273
0.279605507850647
0.027084292843937874
0.062071047723293304
0.3578454256057739
0.022229474037885666
-0.22623783349990845
-0.0756465420126915
0.008784160017967224
-0.2271874099969864
-0.165083110332489
0.017510302364826202
-1.1694228649139404
0.5724072456359863
-0.1316530853509903
-0.03565024584531784
-0.041467923671007156
0.013201777823269367
0.042650461196899414
-0.002835579216480255
-0.0601198785007
0.13344761729240417
0.49382004141807556
-0.07710617780685425
0.18894468247890472
0.019024059176445007
0.9527620673179626
-0.09201698005199432
0.036440394818782806
-0.3047274947166443
0.3510541319847107
-0.0034334883093833923
0.6349504590034485
0.27902665734291077
-0.3584665358066559
1.7446266412734985
0.29876673221588135
-0.08699682354927063
-0.010813064873218536
-0.05993129312992096
-0.11990293115377426
0.21154554188251495
0.9101065397262573
-0.04758194088935852
-0.01699213869869709
-1.9842783212661743
-0.0892234742641449
-0.024251408874988556
-0.35380494594573975
-1.6911413669586182
-0.9577547311782837
-0.6828761696815491
0.005026459693908691
0.006899584550410509
0.32098573446273804
-0.6912240386009216
0.02242853492498398
-0.0287851020693779
-1.98404860496521
1.9800021648406982
1.9779024124145508
1.9840246438980103
1.9803485870361328
-0.15895532071590424
0.39971205592155457
1.898917555809021
1.9832744598388672
1.32627272605896
0.018848031759262085
-0.3446187674999237
-1.3358794450759888
-0.42645561695098877
-0.09214965999126434
0.058423832058906555
-0.03489144891500473
1.228607177734375
0.1237693503499031
-1.254443645477295
0.012726587243378162
-1.9805611371994019
-0.6560042500495911
0.3792058229446411
-0.04898866266012192
-1.778632640838623
0.01860462874174118
1.9826551675796509
1.9834867715835571
-0.3368525505065918
1.984375
-1.6404708623886108
0.058098457753658295
1.6801737546920776
-0.5168012380599976
-1.9834891557693481
1.896722674369812
-1.7571674585342407
1.3415601253509521
-1.8057804107666016
0.18466892838478088
0.1429540067911148
0.05736174434423447
1.3322097063064575
1.6617918014526367
0.003786154091358185
0.04893629252910614
1.9835124015808105
-0.04345455393195152
0.008805535733699799
0.03325314819812775
-0.02935517579317093
1.9245439767837524
0.029151499271392822
1.9843186140060425
1.9834774732589722
-0.8288865685462952
1.7665083408355713
0.5390819907188416
1.9835203886032104
-0.7035678029060364
-0.8095327019691467
-0.6319050788879395
0.04860715568065643
1.1016056537628174
0.49807581305503845
0.6551370024681091
-0.019330741837620735
0.41126537322998047
-1.8139349222183228
-0.06350424885749817
0.4451555609703064
0.0588323250412941
-0.5182740092277527
-1.23074209690094
0.08017513900995255
-0.7864483594894409
1.182746171951294
-1.982061505317688
0.053174540400505066
-0.6730319857597351
1.0508008003234863
-0.0585579052567482
0.030572956427931786
1.7787624597549438
-0.1566028743982315
1.983794093132019
1.9536945819854736
-0.02419555000960827
-0.3039238452911377
-0.7110806107521057
1.983285903930664
1.9835965633392334
-0.6483193039894104
1.9836277961730957
-1.033223271369934
1.5814231634140015
-0.04946987330913544
-0.24699148535728455
-0.8612716794013977
0.0216919407248497
-0.035368140786886215
0.9117900133132935
1.0641206502914429
0.49916523694992065
0.24380193650722504
-0.762415885925293
0.016285546123981476
1.9759206771850586
1.3468748331069946
0.03176240622997284
-1.0880823135375977
0.004083640873432159
1.983880877494812
-0.5540584325790405
-0.6986328363418579
-0.10107916593551636
0.023388400673866272
-0.41352829337120056
0.0467878133058548
-0.45896369218826294
0.004342563450336456
-0.4752122461795807
0.14778950810432434
0.5266727805137634
-1.434154748916626
1.107372760772705
-0.05162636935710907
1.982352375984192
0.005773428361862898
1.984375
-1.9834864139556885
-1.9793401956558228
-0.9514288306236267
-0.025232387706637383
-0.03671065345406532
-0.7530089020729065
0.14492124319076538
-0.4735347628593445
0.7600418925285339
-0.005766153335571289
-0.9873307347297668
-1.951959252357483
-0.3325600028038025
0.492992103099823
-1.4056880474090576
-1.007867455482483
0.7454059720039368
1.5428553819656372
-0.029477691277861595
0.02165786176919937
-1.2221887111663818
0.8110519051551819
-1.9836114645004272
-0.3587590456008911
1.352973461151123
1.1784559488296509
-1.1957775354385376
0.16660147905349731
0.783216655254364
0.4340135455131531
-0.6698833107948303
0.008230581879615784
-1.4300669431686401
0.25693264603614807
-0.4744338095188141
0.02892809361219406
-0.7065296769142151
0.5660425424575806
-0.7186902761459351
-0.02067599445581436
0.7952941060066223
-0.963168740272522
0.9081512093544006
-0.16948889195919037
1.984375
-0.25819841027259827
1.1634107828140259
0.1564388871192932
-0.5265394449234009
0.05455366522073746
-0.25303876399993896
1.983245849609375
1.681410312652588
1.6353435516357422
1.9697058200836182
0.0982343778014183
-0.028171755373477936
-0.46547725796699524
-0.2050306797027588
-0.3452978730201721
1.983295202255249
0.713141679763794
-0.03920945152640343
-0.010812342166900635
1.9821127653121948
1.982720971107483
0.011618115939199924
0.016745351254940033
-0.9680441617965698
-1.214909553527832
0.314384400844574
-1.1905280351638794
-0.05519259348511696
1.9843240976333618
-1.9817795753479004
-0.03197047859430313
-1.3948339223861694
1.983267068862915
0.03821226954460144
1.9813058376312256
-0.10496919602155685
0.046613797545433044
-0.00010275840759277344
0.5335206389427185
-0.049014586955308914
0.0020224377512931824
0.013364136219024658
-0.008121907711029053
-1.2583736181259155
-0.8577033281326294
1.9805949926376343
-1.4329769611358643
-0.018455147743225098
1.38898766040802
1.6698458194732666
0.06226429343223572
0.2648278772830963
-0.17396019399166107
-0.01491519808769226
0.5564428567886353
-0.8383561968803406
-1.9798961877822876
1.9843641519546509
-1.9803640842437744
1.983957052230835
-0.045644596219062805
0.01686624437570572
0.6536489129066467
0.49555182456970215
0.12012338638305664
0.06739646196365356
0.9545908570289612
1.9841365814208984
1.4636390209197998
0.024162091314792633
-0.26110780239105225
0.4203473627567291
-0.30269917845726013
0.6661602258682251
0.05304247885942459
-0.015883367508649826
0.3029395341873169
-0.01942308060824871
0.02194952219724655
0.006255224347114563
-0.10161087661981583
-1.984287142753601
-0.6601991057395935
-0.5118517279624939
-0.2243717610836029
0.364673912525177
0.4757160246372223
-0.2583506405353546
-0.06861139833927155
-0.1209409236907959
-0.04141362011432648
-0.20809929072856903
-0.5831579566001892
0.3210115134716034
-0.2554484009742737
-0.008646667003631592
0.059792034327983856
-0.12181238830089569
0.06296347826719284
-0.7686138153076172
0.039531782269477844
0.38612034916877747
-0.3894110918045044
0.22458821535110474
-0.05379949510097504
-0.9385212659835815
0.05147504806518555
0.6785219311714172
-0.5899068117141724
-0.13646996021270752
0.8615082502365112
0.8429707288742065
0.0039629098027944565
1.9838460683822632
-0.30567413568496704
-0.23742739856243134
-1.9843746423721313
-0.41975489258766174
0.12783731520175934
-1.984136700630188
-0.10309215635061264
-0.496568888425827
-0.010808013379573822
0.07449397444725037
1.8683325052261353
-0.04523365944623947
-0.0032133013010025024
-0.4315434396266937
-0.05542754381895065
-0.022207528352737427
0.05044204741716385
0.00844576209783554
-0.38786816596984863
-0.03165464848279953
-1.984285831451416
-0.46102550625801086
-0.532794713973999
0.4754859209060669
0.05373307690024376
1.3426644802093506
-0.4851955473423004
0.21566201746463776
-0.3712296187877655
-0.020373910665512085
-1.132436752319336
-1.5457267761230469
0.20315741002559662
0.030334217473864555
-0.8299866914749146
-0.6651896834373474
-0.0017574992962181568
0.7915263772010803
0.005594342947006226
-0.2719529867172241
-0.16847790777683258
-0.44120821356773376
-0.3617474138736725
-1.980237603187561
1.9756320714950562
0.021636225283145905
1.9057281017303467
0.3654423654079437
0.029442057013511658
0.04890110343694687
0.0920453891158104
-0.1785220503807068
0.5857082009315491
-0.47822824120521545
0.03460460528731346
-0.22634363174438477
0.6078316569328308
-0.42659980058670044
-0.4250108003616333
0.3158673644065857
0.24330857396125793
-0.5322887301445007
1.454240083694458
-0.04815513640642166
1.07309091091156
-1.32129967212677
0.6035739779472351
-0.06070411950349808
0.07265392690896988
1.9831420183181763
0.019067447632551193
0.2955530881881714
-0.04819885641336441
0.005766332149505615
1.361661434173584
0.4910038113594055
-0.060310617089271545
-0.4748702347278595
-0.03894256800413132
-0.25300371646881104
-0.7149967551231384
-0.3220859169960022
-0.39457079768180847
0.03441924601793289
-0.5455801486968994
0.04293937236070633
-0.40158647298812866
0.0015478208661079407
-0.41426268219947815
-0.44119468331336975
-0.02379676327109337
-0.5524313449859619
0.30461323261260986
-0.056757852435112
0.17444348335266113
0.16133296489715576
0.4829168915748596
0.9601110816001892
-0.32715433835983276
-0.059403806924819946
-0.0024930983781814575
-0.058156780898571014
-0.8036048412322998
-0.02997133694589138
-0.2446642816066742
-0.6380599141120911
0.03720075637102127
0.03587163984775543
-0.28797709941864014
0.06094514951109886
0.1453927755355835
-0.022022102028131485
-0.35500314831733704
-1.984033226966858
0.6594730615615845
-0.02984561398625374
-0.051584430038928986
0.611359179019928
0.5574841499328613
0.5895191431045532
-0.30132922530174255
0.7661744356155396
0.24809274077415466
0.8551115393638611
-0.1518082171678543
1.440310001373291
0.08059628307819366
0.09879602491855621
-0.01699865609407425
-0.5349771976470947
0.14902375638484955
-0.25973978638648987
-0.05011657625436783
-0.13827583193778992
0.34845659136772156
-0.5170513391494751
-0.05877966433763504
-0.600454568862915
-0.474846750497818
0.918890655040741
-0.17990757524967194
-1.9842008352279663
-0.645627498626709
-0.28845295310020447
-0.1867647022008896
0.5737237930297852
-0.05632995814085007
-0.4494186341762543
-0.43541377782821655
-0.09578507393598557
-1.9822274446487427
0.11427542567253113
-0.07725934684276581
0.01472529023885727
-0.02713761292397976
-0.9783144593238831
-0.4344038665294647
0.5405091047286987
0.24530170857906342
0.10947898030281067
-0.004332937300205231
-0.44201725721359253
-0.43373650312423706
-0.05592736601829529
-0.04797786474227905
-1.0955122709274292
0.07998315244913101
-0.2534802556037903
-0.4461421072483063
-0.012306156568229198
-0.608921468257904
-0.058322690427303314
0.006477810442447662
-0.6933896541595459
-0.5491688847541809
-0.004885219037532806
1.023334264755249
-1.220447063446045
-0.05111665278673172
-0.016885891556739807
-0.7817078828811646
0.03369932994246483
-0.03449741750955582
0.05300075560808182
0.0452866405248642
0.3176029324531555
-0.6488463878631592
-0.31013861298561096
0.2466937005519867
0.0304347425699234
1.084246277809143
-0.30397891998291016
-0.044249244034290314
-0.7683210968971252
0.09594276547431946
0.022706352174282074
0.632027268409729
-0.4224900007247925
-1.9800920486450195
-1.9843164682388306
-0.34653350710868835
-0.28993600606918335
0.018904991447925568
-0.05481567233800888
0.011724615469574928
-0.05206657946109772
0.6313429474830627
-0.019059866666793823
-0.7302002906799316
1.9842909574508667
-0.31634894013404846
-0.011114649474620819
-0.06360498070716858
0.025869660079479218
0.04075736179947853
0.04254169389605522
-0.010804623365402222
-0.040622517466545105
-0.05835381895303726
-0.012979294173419476
0.009748175740242004
-0.044680774211883545
0.054865166544914246
0.04990600049495697
-0.009152103215456009
0.013958869501948357
-0.009663308970630169
-0.03890654444694519
0.04289422556757927
-0.0026625690516084433
-0.005261858459562063
0.0450073704123497
-0.021085597574710846
-0.03392477706074715
-0.0037489852402359247
0.030483964830636978
0.018474869430065155
0.045278117060661316
0.01390240341424942
0.035480208694934845
-0.03139278292655945
-0.008981311693787575
0.047063447535037994
0.054478924721479416
0.05677223950624466
0.0240942370146513
-0.034241825342178345
0.006887253373861313
0.01726336032152176
-0.06533707678318024
0.012626366689801216
0.05123070627450943
-0.028591187670826912
-0.0331638865172863
-0.027499139308929443
0.0373556911945343
-0.030535025522112846
-0.06540223956108093
-0.015471194870769978
-0.05388129502534866
-0.05388139188289642
-0.002848207950592041
0.045459333807229996
-0.006033673882484436
0.015699945390224457
0.02637280337512493
-0.017170893028378487
-0.04454243928194046
0.0457463264465332
-0.029116738587617874
0.029436714947223663
0.05245256423950195
0.04742925614118576
-0.0533682256937027
0.023492641746997833
0.034931764006614685
0.03404335305094719
-0.013324701227247715
0.007547500543296337
0.014338108710944653
0.04588915407657623
0.04890800639986992
0.01139156986027956
0.02236935868859291
0.009317921474575996
0.0381123349070549
0.007288776803761721
-0.0029471588786691427
0.03502126783132553
0.017131926491856575
0.0019442342454567552
-0.06355423480272293
-0.029849164187908173
-0.03478987514972687
-0.038781940937042236
-0.029036452993750572
-0.04918869212269783
0.019208021461963654
0.022420478984713554
0.011890764348208904
-0.06282179057598114
0.050623148679733276
-0.04224136844277382
0.053370676934719086
0.030738502740859985
0.059353142976760864
-0.03013457916676998
0.025065716356039047
0.002316877944394946
0.043312542140483856
-0.052588820457458496
-0.02112962305545807
0.04306957870721817
0.026737835258245468
-0.009419943206012249
-0.0289350226521492
0.020238878205418587
-0.06301040202379227
-0.028421418741345406
-0.019413478672504425
0.008933007717132568
-0.05503799766302109
0.001971959136426449
-0.006749868392944336
-0.002934155985713005
0.05805491656064987
-0.03573521971702576
-0.004945692606270313
0.014929237775504589
-0.0273868590593338
0.04121711850166321
0.04013883322477341
-0.021988846361637115
0.004940076265484095
-0.005544498562812805
-0.03875238820910454
0.02582531049847603
-0.024390658363699913
0.04980912804603577
-0.03952598571777344
0.01229278277605772
-0.012908197939395905
-0.01790456660091877
-0.000779278576374054
-0.05972403660416603
-0.036400631070137024
0.028140783309936523
0.005940211936831474
-0.039000820368528366
0.02841830998659134
-0.03436267375946045
-0.05172285437583923
-0.006052330136299133
-0.0228665079921484
-0.05927463620901108
-0.04470762610435486
0.041485197842121124
0.052237823605537415
0.02617798186838627
-0.06084515154361725
-0.01591883972287178
0.026042113080620766
-0.043655142188072205
0.04298270493745804
-0.043798234313726425
0.011153026483952999
-0.029481979086995125
-0.03443848341703415
0.03545333445072174
-0.01368944626301527
0.04325643926858902
0.047275662422180176
-0.052770279347896576
-0.05206144228577614
-0.058551348745822906
-0.029878495261073112
-0.008709120564162731
-0.038011644035577774
0.014226237311959267
-0.06551625579595566
-0.014585336670279503
0.001032007741741836
0.0464739166200161
-0.059815794229507446
0.02084304392337799
0.049349989742040634
-0.036969587206840515
-0.024644222110509872
-0.010645441710948944
0.0041028838604688644
-0.01825902611017227
-0.023572077974677086
0.0007234364748001099
0.020616743713617325
0.04080352559685707
-0.06340179592370987
0.010590687394142151
-0.03143152594566345
0.008430133573710918
-0.05807214602828026
-0.06279216706752777
-0.002610154449939728
-0.012040972709655762
0.05113426223397255
0.044366538524627686
0.005768578499555588
0.013487182557582855
-0.06011639162898064
-0.004722560290247202
0.0044772326946258545
-0.009749810211360455
-0.03342138230800629
-0.032851044088602066
0.03187816962599754
0.033820271492004395
0.03616359084844589
0.0034070760011672974
-0.06561743468046188
0.015309224836528301
0.019121214747428894
0.0495443269610405
-0.016006648540496826
-0.05795164406299591
0.030940227210521698
0.03516361489892006
0.028002329170703888
0.054331883788108826
0.03424496203660965
-0.022540882229804993
-0.05592381954193115
-0.053090646862983704
0.04001515358686447
-0.010451939888298512
-0.02787618152797222
0.0005460370448417962
-0.05161041021347046
-0.03289402648806572
-0.04995671659708023
0.03263144940137863
0.023940205574035645
0.04793868213891983
-0.04675135016441345
-0.0434061735868454
-0.005669236648827791
-0.03390974923968315
0.02907761186361313
-0.0020363107323646545
-0.030829260125756264
0.017300836741924286
0.051132090389728546
-0.059549249708652496
0.031397223472595215
-0.0015621297061443329
0.05367787182331085
0.0230887271463871
0.05663006380200386
-0.0295305997133255
-0.03523433580994606
0.055093638598918915
0.007362991571426392
-0.0037260588724166155
-0.014293640851974487
-0.03796224296092987
0.01244036853313446
0.001720333006232977
0.04676377773284912
0.03772071748971939
-0.03770230710506439
-0.02290796861052513
-0.04994262009859085
-0.031753960996866226
-0.023730643093585968
0.008947275578975677
0.01802174001932144
0.01026027649641037
-0.06478532403707504
0.010344840586185455
-0.009658731520175934
0.02112346887588501
0.05823218822479248
-0.04259423166513443
-0.047508012503385544
0.0028923130594193935
-0.022580640390515327
-0.057990662753582
0.03850187733769417
0.017176352441310883
-0.056381575763225555
-0.047390565276145935
0.01682136207818985
-0.024910835549235344
-0.049844395369291306
0.05593830347061157
0.03629057854413986
0.02871137112379074
0.03279650956392288
-0.05794119834899902
-0.002115085953846574
-0.00014027953147888184
-0.049306076020002365
-0.05602654814720154
0.048656780272722244
-0.040590882301330566
-0.06612351536750793
-0.04409722238779068
0.02217978425323963
0.02274690568447113
-0.025951115414500237
-0.01401691883802414
-0.04965977370738983
0.014312691986560822
-0.059195682406425476
0.006369922775775194
-0.06035180389881134
-0.05927133932709694
-0.03273854777216911
-0.0500345416367054
-0.0008765807724557817
0.0062554217875003815
0.05808643996715546
-0.019325271248817444
-0.018725018948316574
-0.002039257436990738
-0.05177999287843704
-0.02783534675836563
-0.06385592371225357
-0.02728070318698883
0.036661192774772644
0.04943227767944336
-0.05296140909194946
-0.06016012281179428
-0.057479940354824066
-0.0248638316988945
-0.03320145979523659
-0.0455973744392395
0.06307400017976761
-0.001817069947719574
0.009421855211257935
-0.05067043378949165
-0.02395818568766117
-0.05595263093709946
0.002620913088321686
-0.02315865457057953
-0.007344238460063934
-0.016135836020112038
-0.03896874189376831
-0.040398210287094116
-0.06093260645866394
0.021680280566215515
0.007157719694077969
-0.008337020874023438
0.004820825066417456
0.02293062023818493
-0.07174602150917053
-0.0035110570024698973
0.047588102519512177
-0.04884098470211029
-0.026734985411167145
-0.0047281235456466675
-0.013521386310458183
0.041124336421489716
-0.037982277572155
-0.05137333646416664
-0.020163148641586304
0.007873780094087124
-0.05754873529076576
0.020232565701007843
-0.03346055746078491
0.01599748805165291
0.0019076510798186064
0.021467769518494606
-0.015803229063749313
-0.034843601286411285
0.003464622190222144
-0.05639620125293732
-0.004351697862148285
0.0006561428308486938
-0.013434603810310364
0.041436709463596344
-0.04953864961862564
0.0006568463868461549
-0.022144466638565063
0.03779193013906479
0.0441787987947464
-0.05817398428916931
-0.02107754349708557
-0.03822282701730728
0.007447585463523865
0.047254934906959534
-0.03748193383216858
-0.05676812678575516
0.014411547221243382
-0.025283949449658394
0.039266400039196014
-0.002941722748801112
-0.04358600825071335
-0.06724759936332703
0.0002739429473876953
-0.03740794211626053
-0.04444880038499832
-0.06518185883760452
0.010956753976643085
-0.006189151667058468
-0.047785814851522446
-0.025611475110054016
0.035122521221637726
-0.06037973612546921
0.011394508183002472
0.03410210460424423
-0.016703424975275993
0.05342460423707962
-0.010646539740264416
0.022259116172790527
0.001385703682899475
-0.051115863025188446
-0.0054609766229987144
-0.06712285429239273
-0.05893120542168617
0.024685479700565338
-0.014139236882328987
-0.05360051989555359
0.034560926258563995
-0.020451465621590614
0.030690673738718033
0.03735196217894554
-0.009319514036178589
-0.0659029632806778
0.026848040521144867
-0.027627266943454742
0.053759749978780746
0.011433910578489304
0.0003645792603492737
-0.017670296132564545
0.04887782782316208
-0.05064811557531357
-0.05124778673052788
0.04049741104245186
0.04650720953941345
-0.011028237640857697
-0.056316208094358444
-0.017912648618221283
0.008974862284958363
-0.038151029497385025
0.009168200194835663
0.04812609404325485
-0.04462040215730667
0.0217870082706213
0.041435133665800095
0.06223597377538681
0.030097343027591705
-0.02940591797232628
0.02113727480173111
0.02257368713617325
0.008679576218128204
-0.05009141191840172
-0.04692273959517479
0.011280523613095284
-0.06543286144733429
0.009321123361587524
-0.037155818194150925
0.04827852174639702
0.0059418827295303345
0.04206785559654236
-0.03579514101147652
-0.03664976730942726
-0.013015389442443848
0.0016818806761875749
0.014466003514826298
0.01487891748547554
0.012016617693006992
-0.024238290265202522
0.012188911437988281
-0.04677944630384445
0.002994277747347951
-0.021482739597558975
0.04490116983652115
0.05052782595157623
-0.03166641294956207
-0.06146123260259628
-0.031452834606170654
0.034189216792583466
-0.061331652104854584
0.022527065128087997
-0.033059876412153244
-0.005060665309429169
0.007369738072156906
-0.07316706329584122
-0.05653058737516403
0.029361894354224205
-0.05668575316667557
0.01635316014289856
0.028431542217731476
0.032892536371946335
-0.00277584046125412
-0.007924892008304596
-0.055742666125297546
0.01249106228351593
0.007632808294147253
-0.024600623175501823
0.037047840654850006
-0.037273991852998734
0.026056908071041107
-0.054621290415525436
0.028780058026313782
0.00012946873903274536
0.053971752524375916
0.025611072778701782
-0.01443856954574585
0.025402991101145744
-0.048861779272556305
0.025690648704767227
0.05281955003738403
-0.037434644997119904
-0.03450939804315567
0.016050897538661957
-0.019058793783187866
-0.05257890000939369
-0.007715187966823578
-0.02427506074309349
0.053976669907569885
-0.015878407284617424
-0.016387760639190674
-0.05167929083108902
-0.04696500301361084
-0.025509368628263474
0.024026747792959213
0.014985314570367336
-0.0012739469530060887
0.015445448458194733
0.00610748678445816
0.034248337149620056
-0.06325987726449966
0.052707888185977936
-0.02680492401123047
-0.003529374720528722
-0.02379509061574936
-0.008494734764099121
0.013439543545246124
-0.00502508832141757
0.05718601867556572
-0.003562208032235503
-0.051495734602212906
-0.057666946202516556
0.04345795512199402
-0.01908983290195465
0.020988745614886284
0.0017860842635855079
0.01149864960461855
0.009842355735599995
0.024503573775291443
-0.04019252210855484
-0.03438672423362732
-0.05572844296693802
0.031038658693432808
0.009289808571338654
0.04112920165061951
0.00356218870729208
0.010002451948821545
0.03786066174507141
-0.014217936433851719
-0.040290772914886475
0.019348228350281715
-0.003158190520480275
-0.040105823427438736
0.03654724359512329
-0.01678217016160488
-0.0036442577838897705
0.01755729876458645
-0.03752051293849945
-0.056249503046274185
0.05657979100942612
-0.010726161301136017
0.04673711583018303
0.02889091894030571
-0.05369016155600548
-0.06007392331957817
0.04438280314207077
0.027079179883003235
0.03426020219922066
0.0400339812040329
0.018081970512866974
-0.04738667979836464
-0.0497165322303772
0.045448482036590576
0.03152602165937424
0.02698802947998047
-0.06008751317858696
0.02558261901140213
-0.07405073940753937
0.01662708818912506
0.04807344451546669
-0.06236616522073746
0.01365528255701065
-0.05023770406842232
0.06298670917749405
-0.04749973863363266
-0.026594309136271477
0.014145612716674805
-0.0017583706649020314
0.05217442661523819
0.03578021004796028
-0.027027398347854614
-0.013960360549390316
0.042541708797216415
-0.04227641969919205
0.047596558928489685
-0.040386512875556946
0.015561292879283428
-0.032724834978580475
-0.040727194398641586
-0.015610252507030964
0.04870687052607536
-0.05723223090171814
0.04308953136205673
-0.006128844805061817
6.6965581027034204e-06
0.03374385088682175
0.041327789425849915
-0.035200852900743484
0.020078342407941818
-0.06645137816667557
-0.010132580064237118
-0.05266101658344269
0.012498528696596622
-0.017676834017038345
0.049281563609838486
0.02963928133249283
0.03583631291985512
-0.01930365338921547
0.047717176377773285
0.05193174630403519
-0.04354644566774368
0.01296740397810936
-0.0035053349565714598
0.02390255406498909
0.03083418309688568
0.028070596978068352
-0.0026630163192749023
0.0363030806183815
0.034228917211294174
-0.06594167649745941
-0.04229997843503952
0.054701656103134155
-0.033014848828315735
-0.03301806002855301
0.0015355325303971767
0.04660749435424805
-0.059953514486551285
-0.03155677765607834
-0.06273674219846725
0.014813251793384552
-0.047531455755233765
-0.0630098506808281
0.05254964530467987
0.06125473231077194
0.021559730172157288
0.04879259690642357
0.031934961676597595
-0.03125417232513428
0.02667388506233692
-0.06505092978477478
-0.050724513828754425
0.04497002810239792
-0.053237199783325195
0.05032164976000786
0.02710208296775818
0.008654586970806122
-0.034734249114990234
-0.061854712665081024
0.051357150077819824
-0.03303184360265732
0.021872656419873238
0.021963436156511307
0.014667441137135029
-0.015304967761039734
-0.04279596358537674
-0.05575679615139961
0.025738468393683434
-0.07116379588842392
0.017081374302506447
-0.004953415598720312
0.004947671201080084
-0.020949438214302063
0.04062740504741669
-0.01928958296775818
0.004833042621612549
-0.03047361597418785
-0.013164184987545013
-0.014217320829629898
-0.0042277611792087555
-0.007920397445559502
-0.0015659293858334422
-0.03177480027079582
0.0033409122843295336
0.026199212297797203
-0.05348695069551468
0.0385126918554306
-0.056256234645843506
-0.002293134108185768
0.06032663956284523
-0.031496621668338776
-0.0030389297753572464
-0.03597688302397728
-0.037542376667261124
0.01340802013874054
0.0038064331747591496
-0.03478255495429039
-0.084622323513031
-0.03085031546652317
-0.03869684040546417
-0.051894642412662506
-0.040088217705488205
0.008809941820800304
-0.0050154742784798145
-0.03326927870512009
0.04010782018303871
0.021357126533985138
0.022502996027469635
0.03554698824882507
0.012901246547698975
0.017371470108628273
-0.051576413214206696
0.02110164240002632
-0.06205630674958229
0.017824672162532806
0.02531987428665161
0.04304658994078636
0.0035343340132385492
6.051361560821533e-05
0.05153312906622887
-0.0298956036567688
-0.029562264680862427
-0.01514558494091034
0.011063806712627411
0.024395931512117386
-0.045035939663648605
-0.023583993315696716
-0.01344289630651474
0.049716345965862274
0.022422874346375465
-0.014132373034954071
0.028993036597967148
-0.0200128722935915
0.034431710839271545
-0.023189827799797058
-0.04464567080140114
0.037745095789432526
-0.006737872958183289
-0.0025403862819075584
-0.023371778428554535
0.019052885472774506
-0.004145622253417969
-0.012323841452598572
-0.00919522624462843
-0.06159012392163277
0.03393569216132164
-0.03750414773821831
-0.032037898898124695
-0.03898695856332779
-0.06314437836408615
0.00356997549533844
-0.007126312702894211
-0.05769310146570206
-0.05952433496713638
0.03684360533952713
-0.021699005737900734
-0.032096847891807556
0.04079260677099228
-0.03464774414896965
0.03741257265210152
-0.009767793118953705
0.05933167040348053
-0.056635063141584396
-0.04239196330308914
-0.06041273847222328
-0.012824095785617828
0.03795819357037544
-0.07023848593235016
0.002420454053208232
0.0614473819732666
-0.04695618525147438
0.04782671481370926
-0.011378148570656776
0.02678590640425682
0.014548413455486298
-0.04757019132375717
0.034654632210731506
-0.07230474799871445
0.03706738352775574
-0.029083475470542908
0.05227750912308693
-0.010395407676696777
-0.019969413056969643
-0.044194940477609634
-0.033413901925086975
0.01988387294113636
0.0521620437502861
0.020031055435538292
-0.008056359365582466
0.005969300866127014
0.01295626163482666
-0.006368416361510754
-0.05905769020318985
-0.06760044395923615
0.0404011569917202
-0.03667520731687546
0.03633858263492584
-0.004292141646146774
-0.057430997490882874
-0.01237910520285368
0.04308217018842697
-0.05867646634578705
0.018116692081093788
0.03632082790136337
-0.030792228877544403
-0.06013653799891472
-0.04648084193468094
-0.04814603179693222
-0.05383024364709854
-0.008316613733768463
0.022373279556632042
0.029042799025774002
-0.04667588323354721
-0.010397607460618019
0.008469920605421066
-0.02717498503625393
-0.0017702070763334632
-0.02222457155585289
0.06048751622438431
-0.06610570847988129
-0.024259192869067192
-0.03557252883911133
0.04191956669092178
-0.014143142849206924
-0.02863888628780842
0.031661175191402435
0.02398248016834259
-0.038299016654491425
-0.051389358937740326
0.004980750381946564
-0.05304419994354248
-0.01631786674261093
0.02372807078063488
-0.003350302577018738
-0.053849246352910995
0.005325817037373781
-0.03843535855412483
0.01660161092877388
0.03593083843588829
-0.04226813092827797
0.022664478048682213
-0.06237536668777466
-0.05799761414527893
0.05797624588012695
-0.041687656193971634
0.033567819744348526
-0.006370582617819309
-0.03047773241996765
-0.049303073436021805
-0.012013163417577744
-0.042325325310230255
-0.023259736597537994
-0.028581447899341583
0.04444282874464989
0.018744630739092827
-0.03393015265464783
-0.034313928335905075
-0.004527631215751171
-0.007536405231803656
0.05731363594532013
0.047491446137428284
-0.05277121439576149
-0.05165588855743408
-0.03779367357492447
-0.026721134781837463
-0.014730159193277359
-0.067247174680233
0.007680367212742567
0.047392912209033966
0.036806561052799225
-0.04589475318789482
0.029650922864675522
-0.054755304008722305
-0.03506994992494583
-0.011857601813971996
-0.05954828858375549
-0.011290200054645538
0.04828447848558426
0.014967657625675201
-0.04046064615249634
0.04528873413801193
0.03682548552751541
0.0029398342594504356
0.04186583310365677
-0.017733685672283173
-0.006857636384665966
0.0082870963960886
0.016623929142951965
-0.02207561582326889
-0.047165464609861374
-0.03597237914800644
-0.0269328523427248
0.00496402382850647
0.032022636383771896
0.016632838174700737
0.00216871639713645
-0.026311097666621208
0.0017172321677207947
0.034339506179094315
-0.04471045732498169
-0.04723279923200607
0.03241497278213501
-0.020832594484090805
-0.04673225060105324
-0.01460301224142313
0.01669539324939251
-0.006281257141381502
-0.012126095592975616
0.02115275152027607
-0.04362886771559715
-0.03213866800069809
0.057300813496112823
0.044484108686447144
0.033250849694013596
0.0567023828625679
-0.004872135818004608
-0.048414502292871475
0.0330377072095871
0.006669343449175358
-0.03191079571843147
-0.025490328669548035
0.003092637052759528
0.025452591478824615
0.04626302421092987
0.042401958256959915
0.040419988334178925
-0.060477450489997864
-0.06015106290578842
-0.038372814655303955
-0.04797220975160599
-0.02358788251876831
-0.03401584178209305
0.03817107900977135
-0.06735514104366302
-0.031882788985967636
-0.04286877065896988
-0.03375976160168648
0.04354080930352211
0.0015029213391244411
0.03617028519511223
-0.019890248775482178
-0.0646948367357254
0.034319572150707245
-0.02782111056149006
-0.034335263073444366
-0.0400334969162941
-0.04043221473693848
-0.07333537191152573
-0.03589237108826637
-0.06316139549016953
-0.025066405534744263
0.02624877355992794
-0.037573665380477905
-0.04941709339618683
-0.04320049658417702
-0.05978640168905258
-0.009615465067327023
-0.012920163571834564
0.02410612627863884
-0.05330939590930939
-0.005674034357070923
0.013814526610076427
0.01537468284368515
-0.06277317553758621
-0.031754910945892334
0.0042898752726614475
0.01762302778661251
-0.03627609461545944
0.026042276993393898
0.0482003279030323
-0.022770611569285393
-0.010295374318957329
-0.008047775365412235
0.034901056438684464
-0.05096433311700821
-0.011807634495198727
-0.015131773427128792
0.026823006570339203
-0.0478302463889122
-0.0608440525829792
0.016835128888487816
-0.06442224979400635
0.022644417360424995
0.05327256768941879
-0.0016083678929135203
0.003432623576372862
-0.06021974980831146
0.03203900530934334
-0.041133955121040344
-0.06055215746164322
0.04464764893054962
0.012658192776143551
0.020492257550358772
-0.04132925719022751
-0.0040589384734630585
0.043894894421100616
3.4749507904052734e-05
-0.02722024917602539
0.053839169442653656
-0.014213073998689651
-0.0760289654135704
-0.010852490551769733
0.014840279705822468
-0.03008853644132614
0.039133764803409576
-0.0305398628115654
0.043965138494968414
0.044216088950634
-0.0018465936882421374
-0.04444647580385208
-0.022627856582403183
-0.0019084176747128367
0.017239760607481003
-0.00038941382081247866
0.047931522130966187
-0.04587886855006218
-0.0075653791427612305
0.04267091304063797
0.0033013441134244204
-0.059166379272937775
0.031194746494293213
-0.024323448538780212
0.0446823313832283
-0.014369450509548187
-0.043572746217250824
-0.031619615852832794
0.2872784435749054
0.6650580763816833
0.022688446566462517
0.9957291483879089
-0.014346033334732056
0.01866152323782444
-0.3196507692337036
-0.4043697416782379
-0.040872201323509216
0.0605856254696846
0.5210016369819641
-1.4431147575378418
-1.1922048330307007
-1.8414499759674072
-0.5968746542930603
0.6560015082359314
0.45520901679992676
-1.2539434432983398
-0.8091678023338318
-0.3057403862476349
-0.03431643545627594
0.03795626387000084
0.05451385676860809
0.13397066295146942
0.006639573723077774
-0.052061229944229126
-0.02264915220439434
-0.5670650601387024
-0.04225804656744003
-0.24544081091880798
0.02715703472495079
1.9489868879318237
0.19968287646770477
-0.8253477811813354
-0.04322776943445206
1.4811100959777832
0.002894975244998932
-0.6222925782203674
-1.9831814765930176
-0.019026437774300575
-0.6908901929855347
0.13882888853549957
-0.016871878877282143
-1.9790399074554443
1.105677843093872
0.3604876399040222
-0.14478471875190735
1.293655276298523
0.13937804102897644
-1.9825516939163208
0.4212936758995056
0.437445729970932
-0.010492496192455292
-0.8994714617729187
-1.0260810852050781
0.05393806844949722
0.024231836199760437
-1.925309658050537
-0.01247179601341486
-0.02143063396215439
-0.029582224786281586
0.006939508020877838
-1.0084532499313354
0.007021799683570862
1.178728461265564
-1.7719168663024902
0.6199010014533997
0.8946497440338135
0.18739214539527893
-0.6247703433036804
0.06922287493944168
0.4004846513271332
0.3750259280204773
-0.02046838030219078
1.0666841268539429
-0.002284759422764182
-1.0270395278930664
0.028911108151078224
-0.18194124102592468
0.9156304001808167
0.005607438273727894
-0.5303658843040466
-0.027337759733200073
0.10538792610168457
1.9814214706420898
0.6801868081092834
0.28267547488212585
1.6144359111785889
-0.4800765812397003
-0.0015066936612129211
0.1627883017063141
0.08431887626647949
-0.03220804035663605
-0.003606735495850444
-1.1989214420318604
0.2508547604084015
-0.9232441782951355
-1.9833818674087524
0.02760608308017254
0.24532786011695862
1.0430915355682373
-1.7489674091339111
-1.6490955352783203
-0.2848014235496521
-0.6918039321899414
0.13961359858512878
0.5427724123001099
-0.007928960025310516
0.2636509835720062
-0.33315661549568176
0.07019149512052536
0.0523589663207531
-0.1873825639486313
-1.9837199449539185
0.05448983237147331
-0.3701743483543396
1.1586886644363403
-0.0073441192507743835
-0.061426784843206406
-0.07450710982084274
-0.03533954918384552
-0.32644909620285034
-0.05787980556488037
-1.9834831953048706
-0.893979012966156
0.40962034463882446
-0.06002407521009445
0.003542587161064148
0.10494933277368546
-0.028313860297203064
-0.15141214430332184
-0.031239047646522522
0.3509422242641449
-0.3703930079936981
1.186541199684143
0.19418036937713623
-0.1193842738866806
0.05799388885498047
-0.27382707595825195
0.1569124162197113
1.1385478973388672
0.09313827008008957
-0.33772480487823486
1.62176513671875
-0.015169204212725163
0.04128887504339218
-0.36261770129203796
-0.24494008719921112
1.4908925294876099
-1.8705520629882812
-0.04784846305847168
1.2934356927871704
0.3094727694988251
0.16542059183120728
0.5112460851669312
0.80638188123703
0.07560477405786514
0.9698521494865417
-1.9843083620071411
0.01245090365409851
-0.010204307734966278
0.35149526596069336
0.4642866253852844
0.19817079603672028
0.07796324789524078
0.2685773968696594
-0.6624694466590881
0.42946240305900574
0.16414758563041687
0.6980536580085754
0.09954044222831726
0.0909072607755661
-0.05651494860649109
0.2941369116306305
-0.05672428384423256
0.14339737594127655
-0.062177762389183044
0.1499883532524109
0.8852507472038269
0.22153492271900177
-0.062139056622982025
-0.5643404722213745
0.6534297466278076
-1.158449411392212
0.03891509771347046
-0.9874469637870789
-0.18076133728027344
-1.1378439664840698
-0.07563474774360657
0.12431316077709198
-0.020115286111831665
0.20913177728652954
-1.9840114116668701
-1.0396661758422852
1.9838576316833496
-0.5526010394096375
0.02689402550458908
-0.03852030634880066
-0.8066614866256714
-1.1202574968338013
0.16121961176395416
-1.9834144115447998
-0.19665327668190002
-0.6561064720153809
-0.030972786247730255
-1.9819073677062988
-1.9076470136642456
0.0083250030875206
0.01061924546957016
-0.7791029810905457
0.9016804099082947
0.34870514273643494
0.13807329535484314
-0.024871284142136574
-1.984292984008789
0.605672299861908
0.05504908412694931
0.6432519555091858
-1.984375
0.035739608108997345
-0.7646017074584961
0.16502586007118225
-0.03590768203139305
0.05309867858886719
-1.9801349639892578
-0.03915751352906227
-0.012817010283470154
-0.016484856605529785
0.019832709804177284
1.2685765027999878
0.5600448846817017
-1.4206346273422241
1.0923216342926025
0.0013026595115661621
-0.8505380153656006
-1.3856475353240967
0.03657110035419464
0.06859397143125534
0.5648719668388367
-0.005240306258201599
-0.5044158101081848
0.19726797938346863
0.7393951416015625
-0.3572004735469818
0.6488800644874573
-1.5308959484100342
0.0038512423634529114
0.03658193349838257
0.06442372500896454
0.07209920138120651
0.5676279067993164
0.0011204630136489868
-1.9823265075683594
-1.0609623193740845
-1.4547499418258667
-0.056914761662483215
-1.4182806015014648
-0.8798658847808838
-0.8788487911224365
-1.7324830293655396
-0.016564413905143738
0.05009835958480835
-1.083285927772522
-0.15085704624652863
-0.04569399356842041
0.032193779945373535
-0.28055551648139954
-0.34279879927635193
-1.9843635559082031
-0.005020007491111755
0.01342687662690878
-0.15102997422218323
-0.035988014191389084
-0.1335744708776474
-0.02138660103082657
-0.0712466761469841
0.030715860426425934
-0.0020556498784571886
-1.4119017124176025
0.0038681693840771914
-0.186039000749588
-0.014703914523124695
-0.05975350737571716
0.07394332438707352
1.1067888736724854
0.006654782686382532
0.04621895030140877
-0.06943503022193909
-0.042964957654476166
-0.6587280631065369
-0.05015726387500763
0.2228970229625702
0.04294191300868988
-0.09125309437513351
-0.025484653189778328
0.019455615431070328
-0.015494516119360924
0.15460683405399323
-0.048939868807792664
-0.26723042130470276
-0.6924170255661011
-0.2057792693376541
0.05214223265647888
-0.09727318584918976
-0.015321927145123482
1.9835296869277954
-0.02704867534339428
-1.984375
0.013162881135940552
0.012106870301067829
0.62549889087677
0.027420617640018463
-0.028670571744441986
0.002014565747231245
0.0492929071187973
0.02563217282295227
0.05982567369937897
-0.045640505850315094
0.08465173840522766
0.04092911630868912
1.1348334550857544
-0.011993943713605404
-0.12856850028038025
-1.0731507539749146
0.05160927027463913
-0.014419826678931713
-1.0119596719741821
0.15860669314861298
-1.3284646272659302
0.05838100612163544
-0.3608526587486267
-0.3599933981895447
-0.20966432988643646
0.04424434155225754
-1.9738600254058838
0.29730311036109924
0.030124353244900703
-1.2392141819000244
0.04624365270137787
-1.018146276473999
-0.0028467257507145405
0.28943321108818054
-1.2378606796264648
-0.9324923157691956
-0.17552435398101807
0.05931328237056732
0.054774560034275055
-0.2581283748149872
0.040166862308979034
-0.034091535955667496
-0.007640897762030363
-1.1678197383880615
-0.032396718859672546
-0.031757742166519165
-0.035806357860565186
-1.1161144971847534
-1.5647934675216675
-0.005431521218270063
-0.013287762179970741
0.0048264674842357635
-1.3525217771530151
-1.417542815208435
0.1470833718776703
0.0007441118359565735
-0.20112311840057373
0.24067877233028412
0.06745325773954391
-0.04061361774802208
-0.010619547218084335
0.010063305497169495
0.029347488656640053
0.24693265557289124
-0.18481919169425964
-0.05763348937034607
0.2801262438297272
-0.7773253917694092
-0.06007285416126251
-0.0010242087300866842
-0.048277005553245544
-0.006691130343824625
0.030621306970715523
-1.4461671113967896
-0.40044692158699036
-0.02572990208864212
-1.2475295066833496
0.01815929263830185
0.006639756262302399
-0.013311028480529785
-1.4260650873184204
0.022072046995162964
-0.3825429081916809
-1.6444525718688965
0.36108148097991943
-0.013336539268493652
-0.00851979199796915
0.038735922425985336
0.7475267648696899
0.5956060290336609
0.7450432777404785
0.47994348406791687
-0.005438342224806547
-0.04490689933300018
0.013129346072673798
0.3810086250305176
-0.1912270188331604
0.017219454050064087
-0.00477425754070282
-0.25656428933143616
0.06000659242272377
-0.9535146355628967
-0.20159535109996796
-1.1518988609313965
-0.8922474384307861
-0.008948900736868382
-0.9473360776901245
0.0005574002861976624
-0.054072387516498566
0.007336670532822609
0.38520127534866333
0.042108550667762756
-1.7679755687713623
1.4580280780792236
-0.01615116558969021
0.009479597210884094
-1.174954891204834
-0.036849480122327805
-0.12265898287296295
1.3863921165466309
-0.05788208544254303
-1.9843220710754395
0.03513393551111221
-1.0833948850631714
0.028939932584762573
-0.8585889935493469
-1.8478057384490967
-1.581426978111267
0.05040530860424042
0.15035001933574677
0.0921376645565033
-0.05262254178524017
-0.04389391094446182
0.6161612272262573
0.09939322620630264
-0.018814949318766594
0.025872550904750824
0.17795635759830475
0.01588139683008194
-1.6750906705856323
0.011367680504918098
0.02298317290842533
-0.5292325019836426
-0.15525603294372559
0.10980549454689026
0.005303278565406799
-0.06403565406799316
0.08329913020133972
-1.983177900314331
0.3977288007736206
0.012774019502103329
0.05330539494752884
0.036630094051361084
0.009998217225074768
-0.0267014242708683
0.048790670931339264
0.019398927688598633
0.03871018812060356
-0.0507870614528656
0.09881153702735901
-1.4569083452224731
0.050334539264440536
-0.017508573830127716
-1.9054198265075684
0.031040377914905548
0.20322655141353607
-0.044328875839710236
0.046521589159965515
1.9839774370193481
0.14458142220973969
-0.23537547886371613
-0.051490508019924164
0.00072103162528947
0.0070652891881763935
0.02893565595149994
0.015902534127235413
0.04875823110342026
0.0757485181093216
-1.9838542938232422
-0.00328367599286139
0.04727731645107269
0.03651183843612671
-0.6560707092285156
9.453648090129718e-06
-0.01635650545358658
0.09893504530191422
-0.5678685307502747
0.02720082551240921
-0.565403401851654
-1.1859095096588135
-0.5708542466163635
-1.7156946659088135
-0.041955359280109406
-0.0024843711871653795
0.01648128777742386
0.040236473083496094
-0.00942917913198471
0.046751152724027634
1.5756720304489136
0.04520752280950546
-0.052610646933317184
-1.2145453691482544
-0.01848250813782215
-0.02259773015975952
-0.0493939071893692
0.039093948900699615
-0.05099177360534668
0.04371430352330208
-0.015407577157020569
-0.059106193482875824
-0.05491122603416443
0.011746441945433617
-0.03837095946073532
0.022685803472995758
-0.0324854701757431
0.0031931325793266296
-0.030578533187508583
0.01926611363887787
-0.045389868319034576
-0.028914738446474075
0.04682784900069237
-0.07153046131134033
0.04125663638114929
0.008876272477209568
0.024600163102149963
0.040245506912469864
-0.022679172456264496
-0.026778556406497955
-0.05973803997039795
0.0065679848194122314
0.03954049199819565
0.04207061231136322
0.026659896597266197
-0.01892445981502533
0.042739368975162506
-0.035954445600509644
0.03164893761277199
0.015695899724960327
-0.031903885304927826
-0.06157606095075607
0.05530739575624466
-0.010173320770263672
0.04644976183772087
-0.04091881215572357
-0.0030461756978183985
-0.04907049611210823
0.008633874356746674
0.03751786798238754
-0.03723817318677902
-0.036172591149806976
-0.026166245341300964
0.014534331858158112
-0.04407238960266113
0.02691379003226757
-0.06741124391555786
-0.00882285088300705
-0.0069688186049461365
0.022899601608514786
-0.042194705456495285
0.00568506121635437
0.0239701047539711
-0.057312145829200745
0.017646461725234985
-0.055552490055561066
0.053783319890499115
-0.026105105876922607
0.00981101393699646
0.014369301497936249
0.01737774722278118
0.05686773359775543
-0.04738730192184448
0.000604084983933717
-0.033179622143507004
-0.033203162252902985
-0.05129803717136383
0.020971134305000305
0.020314650610089302
0.013610020279884338
0.04265671595931053
-0.01555944886058569
-0.009430177509784698
-0.028716586530208588
-0.011601760983467102
-0.05620846152305603
0.021643593907356262
0.034470200538635254
-0.013653948903083801
0.027056008577346802
0.015878118574619293
0.03829605504870415
0.04980247840285301
-0.0357288159430027
0.01604829728603363
-0.03212692588567734
0.006762094795703888
0.012839563190937042
-0.043609313666820526
-0.035916514694690704
-0.05857174098491669
-0.06488274037837982
-0.004609865136444569
0.012485668063163757
0.041449859738349915
-0.07049723714590073
0.050555597990751266
-0.01731051132082939
-0.049189187586307526
0.02850005216896534
0.03749917447566986
-0.03035569190979004
-0.05047674477100372
-0.001937583088874817
-0.0013009235262870789
-0.037047259509563446
-0.008656218647956848
0.036339275538921356
0.015324787236750126
0.029455579817295074
-0.00943049043416977
-0.015158209018409252
-0.014160249382257462
-0.02203318476676941
-0.05338059365749359
0.01918560080230236
0.004856571555137634
-0.04611562564969063
-0.027157656848430634
-0.04636842757463455
-0.013784886337816715
-0.03891417384147644
0.0013754069805145264
-0.024266168475151062
0.04943440854549408
-0.017078228294849396
-0.051748670637607574
0.005039572715759277
0.03665171563625336
-0.05459138751029968
-0.056520357728004456
-0.003819085657596588
-0.05464547127485275
0.013414166867733002
-0.022539770230650902
-0.05555207282304764
0.035123854875564575
0.05173235014081001
0.04504305124282837
-0.035733312368392944
-0.055818215012550354
-0.04610006511211395
0.044437967240810394
0.04648657515645027
0.02814282476902008
0.05761517584323883
0.034652262926101685
-0.03620820492506027
-0.0529174879193306
0.03475262224674225
0.01744265854358673
-0.061781346797943115
0.04648334160447121
-0.02928244322538376
-0.06229430437088013
-0.036514006555080414
-0.03988609462976456
-0.05532064288854599
0.04376520216464996
-0.04981585219502449
-0.052858419716358185
0.0481998436152935
-0.05581687390804291
-0.02946830540895462
0.004734352231025696
-0.04066925868391991
-0.04718482494354248
0.006132891867309809
-0.025512583553791046
0.060633622109889984
0.041072648018598557
0.05007503181695938
-0.04663735628128052
5.65946102142334e-05
-0.013907453045248985
-0.0018586590886116028
0.0022483617067337036
0.060440078377723694
-0.0009885802865028381
0.05078664794564247
0.02515600621700287
-0.0304795503616333
-0.06720603257417679
-0.06562037020921707
-0.005501455161720514
-0.023373033851385117
0.03802294284105301
-0.06595408171415329
0.05308778956532478
0.047337982803583145
0.02448054403066635
-0.037206828594207764
0.01116921752691269
0.03793353587388992
-0.031078113242983818
-0.059016741812229156
-0.04801010712981224
0.03485091030597687
0.022605620324611664
-0.03168470039963722
-0.03890234977006912
0.0033604081254452467
-0.0006225453689694405
0.05446995049715042
0.025067664682865143
0.011112555861473083
-0.058292679488658905
-0.03070203959941864
-0.05729313939809799
0.05406561493873596
-0.03791571408510208
-0.029202453792095184
-0.05268866568803787
0.027687299996614456
0.0273616760969162
0.01941068470478058
0.0033807307481765747
-0.06926609575748444
0.05868256092071533
0.04560612142086029
-0.05834142491221428
0.007299318909645081
0.015642553567886353
-0.038885630667209625
-0.02103600651025772
-0.0013224526774138212
0.014439668506383896
-0.06183440983295441
0.003376674372702837
-0.019923128187656403
0.0360259935259819
-0.04706249386072159
-0.0008535757660865784
0.044853758066892624
-0.07048429548740387
0.06213662028312683
0.03861285373568535
0.005570661276578903
-0.04930973798036575
0.030990255996584892
0.003078758716583252
-0.04537791386246681
-0.061667829751968384
0.0012080147862434387
0.009844869375228882
-0.013355731964111328
-0.03736921399831772
-0.004701972007751465
-0.015541170723736286
0.053374119102954865
-0.056417256593704224
0.027375347912311554
-0.03994284197688103
0.5512934923171997
0.03795741870999336
0.11416762322187424
-0.009778060019016266
0.0451711043715477
0.5303534865379333
0.5755982398986816
-0.05516234040260315
0.012733139097690582
-0.49190276861190796
-1.9841994047164917
-0.5045568943023682
0.8202753663063049
0.43873125314712524
0.4512968957424164
0.3876490890979767
0.7712817788124084
-0.13171805441379547
-0.12555229663848877
0.03634980320930481
-0.09063135832548141
-0.055826228111982346
-0.018786294385790825
0.2827051877975464
0.024896584451198578
0.04697281867265701
-0.3904035687446594
0.10663400590419769
-1.9842727184295654
0.009312734007835388
-0.5143426656723022
-0.07050583511590958
-1.9842344522476196
-0.002756774425506592
-1.3740111589431763
0.06040145456790924
0.5453696846961975
0.9443306922912598
0.11420430988073349
-0.8473260998725891
0.572281539440155
0.0033371266908943653
-1.9834991693496704
-1.0779120922088623
-1.5797700881958008
-1.9842551946640015
0.2582392990589142
-0.10981696099042892
0.9374142289161682
-0.5292370319366455
-0.11784066259860992
0.04896923899650574
-0.2244800478219986
1.9804911613464355
-0.031199268996715546
0.055135853588581085
0.678960382938385
0.047908127307891846
-0.009563036262989044
0.03680938482284546
-0.05097738653421402
-0.6122227311134338
-0.035489603877067566
1.9836097955703735
0.7777906656265259
-0.6123309135437012
0.32092952728271484
-0.20240844786167145
1.984375
-0.008643105626106262
-0.5695955753326416
-0.17143000662326813
0.023920416831970215
1.0504347085952759
0.8115493059158325
0.5679734945297241
-0.04551778733730316
1.079493761062622
0.5577496290206909
0.013747367076575756
0.008321010507643223
-0.04890262335538864
0.06282933801412582
0.035866737365722656
0.4853091537952423
-0.15617415308952332
-1.9479130506515503
1.637008547782898
0.02729424089193344
-1.9799906015396118
0.8818944096565247
-0.025204598903656006
0.04016576334834099
0.749623715877533
0.03097366727888584
0.938224732875824
0.8983847498893738
0.042476728558540344
-0.027835994958877563
0.22948473691940308
0.6165347099304199
0.7321283221244812
0.6023086905479431
0.6183231472969055
-0.18416135013103485
0.763602614402771
-0.06169363111257553
0.14884743094444275
1.2417725324630737
0.16969691216945648
-0.05430569872260094
0.1900434046983719
1.9840730428695679
0.8427920341491699
0.5657297372817993
-0.015139448456466198
-0.02485467493534088
0.0792282223701477
1.7238832712173462
0.010431483387947083
-0.39207741618156433
-0.03641495108604431
0.8966128826141357
-1.5960540771484375
-0.042969174683094025
-0.6788859963417053
-0.0019645988941192627
-0.2825760543346405
-0.032834284007549286
-0.1567733734846115
0.006486818194389343
-0.25559306144714355
0.34619176387786865
-0.4179225265979767
-0.20388628542423248
-0.20646925270557404
0.023892037570476532
-0.08051912486553192
0.16985924541950226
0.6005108952522278
0.29210835695266724
-1.9705498218536377
-0.2273121178150177
-0.0607072114944458
-0.026447981595993042
-1.9824950695037842
0.25700339674949646
-0.598913311958313
0.10845048725605011
-0.011521667242050171
0.31998440623283386
-0.8547170162200928
-0.03671424835920334
-0.2105722725391388
-0.5092282891273499
-0.018273113295435905
0.7026810050010681
-1.984236717224121
0.06235131993889809
0.003321833908557892
0.3177679479122162
-0.17727401852607727
0.41635212302207947
-0.4054408371448517
0.2686580419540405
0.13944587111473083
0.6046087741851807
-0.10390127450227737
1.3071521520614624
0.010252414271235466
0.15345250070095062
-0.03227159380912781
0.03076743893325329
0.05693134292960167
0.0882846936583519
-0.0335967019200325
0.05368822440505028
0.28038284182548523
-0.18376882374286652
0.026139572262763977
0.18847979605197906
-0.2584740221500397
0.2569929361343384
-0.22672446072101593
1.9839189052581787
1.2212990522384644
0.4601875841617584
0.02765684574842453
0.17283427715301514
0.0317334309220314
-0.05400336906313896
0.783711314201355
-0.7769941091537476
1.9832205772399902
0.27970707416534424
-0.7458130717277527
-0.0016871467232704163
0.18270491063594818
-1.8684760332107544
-0.18594282865524292
0.8766669631004333
-0.03055696003139019
0.7712629437446594
0.017723605036735535
0.7872475385665894
0.868000328540802
-0.009113006293773651
0.040574848651885986
-1.2932151556015015
-0.4013005793094635
0.11561936140060425
-0.13904398679733276
0.008158362470567226
1.0150080919265747
0.17852571606636047
-0.00200093537569046
-0.5721307396888733
0.8581503033638
0.03800748288631439
0.9341188669204712
-1.269567847251892
-0.032647859305143356
-0.019141674041748047
0.36056992411613464
0.030197640880942345
0.06082634627819061
-0.02876904606819153
-0.009909703396260738
-0.6268289089202881
-0.15567031502723694
0.4847835898399353
-0.4997667968273163
-0.0035465434193611145
0.6048140525817871
0.6117491126060486
-0.01118769496679306
-0.7035501599311829
-0.5118420720100403
-0.011064283549785614
-0.004484380595386028
0.05152859538793564
0.2816961109638214
0.5808089971542358
0.11318571865558624
0.772491455078125
0.010496385395526886
0.0435338169336319
0.26533037424087524
-0.4380910396575928
-1.229398488998413
-0.019936390221118927
0.5666322112083435
1.9827653169631958
0.6595739126205444
-0.0264442041516304
-0.048172447830438614
0.0358516089618206
0.016059624031186104
0.04962817579507828
-0.0005397498607635498
-0.05784650146961212
0.04801039770245552
0.026781953871250153
0.016783125698566437
0.003925837576389313
0.0008162340964190662
-0.008296321146190166
-0.004029300529509783
-0.05664893612265587
-0.012496834620833397
0.008012217469513416
0.04455557465553284
0.028176167979836464
0.027183089405298233
-0.058874983340501785
-0.01306549459695816
-0.04275420308113098
-0.00629449263215065
-0.054868824779987335
0.04361920803785324
-0.03231877088546753
0.02622620016336441
0.045638613402843475
0.004671850707381964
0.03757266700267792
-0.06009557098150253
0.034081898629665375
0.016752056777477264
-0.042623672634363174
0.01293288916349411
-0.025368843227624893
0.03193405270576477
-0.050940707325935364
0.029894407838582993
0.023443594574928284
0.01142028160393238
-0.06207825988531113
-0.025598697364330292
-0.018374931067228317
0.06103844940662384
0.015002386644482613
-0.06059899926185608
0.038047220557928085
0.05244089663028717
-0.033100008964538574
0.049472298473119736
-0.012996606528759003
0.03924915939569473
-0.04665851965546608
0.016758475452661514
-0.05886582285165787
-0.029075175523757935
-0.04808754101395607
-0.01750349998474121
-0.041991330683231354
-0.055552542209625244
0.03384055942296982
0.005096793174743652
0.027435004711151123
-0.050137314945459366
0.03861628472805023
0.001688542077317834
0.03280622884631157
-0.031580742448568344
0.01915016397833824
0.018939916044473648
0.013381525874137878
-0.0019363157916814089
0.061780452728271484
-0.03948846831917763
0.007614928297698498
0.001451454358175397
0.03516585752367973
-0.037651002407073975
0.006173075642436743
-0.04204818606376648
-0.011131636798381805
0.008388310670852661
-0.07113169133663177
0.030245942994952202
0.0009252425516024232
-0.03567924723029137
-0.007336099166423082
0.05668313801288605
0.05336882919073105
0.005843225866556168
-0.03584637492895126
-0.03273777663707733
0.021225109696388245
-0.048018645495176315
-0.017360035330057144
0.027216961607336998
0.04481411725282669
0.028784215450286865
-0.015470334328711033
-0.05797934904694557
-0.047105781733989716
0.034110814332962036
0.0012272646417841315
-0.014261825010180473
-0.007676268927752972
0.032332368195056915
-0.05417969077825546
-0.026918692514300346
0.03785867989063263
-0.058335673063993454
0.048211291432380676
0.05493167042732239
0.007861033082008362
-0.03861892223358154
-0.0417049378156662
-0.016665514558553696
-0.039264015853405
0.014767383225262165
-0.04903068393468857
0.0271705761551857
0.04992254450917244
0.019759349524974823
-0.0014428943395614624
0.059123072773218155
0.033150557428598404
0.03859781101346016
-0.02324984222650528
-0.01463914755731821
0.027647599577903748
0.0405501052737236
0.018178515136241913
0.010453029535710812
-0.025166627019643784
-0.035067033022642136
0.02867255173623562
-0.04682811349630356
0.02006269246339798
-0.038259800523519516
-0.03304659575223923
-0.015154504217207432
0.003470459720119834
0.04570756107568741
-0.043305542320013046
-0.005128718912601471
-0.023757338523864746
-0.038924917578697205
-0.017949044704437256
0.04619590565562248
0.03021199442446232
-0.039791449904441833
-0.05448048189282417
0.03910309448838234
-0.03793169558048248
-0.05980657786130905
-0.05770314112305641
0.05211962014436722
-0.02911846898496151
0.03141896426677704
0.014798104763031006
-0.058609120547771454
-0.0526118203997612
0.028192952275276184
-0.02568930760025978
-0.047664497047662735
0.009302482008934021
-0.015010186471045017
0.05984903872013092
-0.02502276748418808
0.007940910756587982
0.01529887318611145
0.004496438428759575
-0.018382973968982697
-0.02747187949717045
-0.003033730201423168
-0.03865597024559975
0.060037195682525635
-0.007296494673937559
0.022186532616615295
0.0530506931245327
0.019260980188846588
-0.06301725655794144
0.046319086104631424
0.0411023385822773
-0.03993009030818939
-0.022462967783212662
-0.029762284830212593
0.04671977460384369
0.01017001923173666
0.05028093233704567
-0.04446733742952347
0.04118404909968376
0.011248938739299774
-0.03808629885315895
0.00045608560321852565
0.03562586382031441
0.007843565195798874
0.01826518028974533
-0.0005467167356982827
0.03176883980631828
-0.021729841828346252
-0.02716776728630066
-0.058592505753040314
0.01853053830564022
0.009790301322937012
0.013815720565617085
0.04402220994234085
-0.03385765105485916
-0.02479812502861023
-0.02547304891049862
0.040069762617349625
-0.03702455759048462
-0.025653893128037453
0.04009801894426346
0.036279693245887756
-0.04423520714044571
-0.021968431770801544
-0.009576060809195042
-0.018179453909397125
0.031326740980148315
-0.02851797267794609
-0.026311922818422318
-0.04048631712794304
-0.011114925146102905
-0.01965385116636753
-0.0334010049700737
-0.03506194055080414
0.04362981766462326
-0.004943758249282837
0.039740972220897675
-0.019280441105365753
-0.051358576864004135
-0.06584593653678894
0.0219811350107193
-0.025848470628261566
-0.04722358658909798
-0.03409066051244736
-0.019972922280430794
-0.025824612006545067
0.0013211444020271301
-0.06982061266899109
-0.011909827589988708
-0.05829731747508049
-0.061587732285261154
-0.04956798255443573
-0.00917530432343483
0.02080347388982773
0.04872993379831314
-0.012791315093636513
0.04644658789038658
-0.0012040558503940701
0.015603393316268921
0.030203083530068398
0.043937645852565765
-0.03240276873111725
-0.032743774354457855
0.017250433564186096
-0.04759297892451286
-0.05433903634548187
0.025617728009819984
-0.05740779638290405
0.05387693643569946
-0.01430557481944561
-0.04270242899656296
0.024597980082035065
0.02856619656085968
-0.052925437688827515
0.02172006480395794
0.020543565973639488
-0.021771080791950226
-0.037220001220703125
0.042549289762973785
0.0347222276031971
-0.04113134369254112
-0.018057744950056076
-0.008437668904662132
-0.008467540144920349
-0.016940811648964882
0.008468788117170334
-0.01012018695473671
0.044239841401576996
0.044983893632888794
-0.013638623058795929
-0.019875960424542427
0.03801954165101051
0.029822152107954025
0.045678891241550446
-0.07785940915346146
-0.036690253764390945
-0.006667585112154484
0.004146277904510498
0.015050544403493404
-0.05653037130832672
-0.05389077588915825
0.017439978197216988
0.04611727595329285
-0.004687076900154352
0.05573203042149544
-0.009186699986457825
0.029531951993703842
-0.019870541989803314
-0.02019956335425377
-0.013070734217762947
-0.024084728211164474
0.010196383111178875
0.028937997296452522
0.0006181991193443537
-0.0382726714015007
-0.012748666107654572
-0.02175256237387657
-0.02325531467795372
-0.05290459841489792
0.012406319379806519
-0.055104296654462814
0.018608130514621735
0.012589648365974426
-0.05134890228509903
-0.0045205578207969666
-0.05163297802209854
0.035464152693748474
-0.005971316248178482
0.03323442116379738
-0.05425885319709778
0.016505228355526924
0.03897441551089287
-0.009731722064316273
-0.01371107716113329
-0.03466911241412163
-0.025988060981035233
-0.033719927072525024
0.008830223232507706
0.04916978254914284
0.0041759382002055645
-0.02147611230611801
-0.01756177470088005
-0.04177671670913696
0.016885235905647278
-0.024647653102874756
-0.03245384991168976
0.00696418434381485
0.01948012411594391
-0.0550852045416832
-0.06481581181287766
0.024632181972265244
-0.017347410321235657
-0.017609931528568268
-0.07226073741912842
0.008676365949213505
0.062147825956344604
-0.035341776907444
0.034133076667785645
-0.02549925446510315
-0.04172281175851822
-0.030771488323807716
-0.012869000434875488
0.03503107652068138
0.030338440090417862
-0.008435439318418503
-0.010209969244897366
-0.03334420546889305
0.04998290538787842
-0.049570512026548386
-0.02950895018875599
0.04719202220439911
0.012586981058120728
0.03169969469308853
-0.03604700416326523
0.024511009454727173
0.006610650569200516
-0.018269238993525505
0.03205863758921623
0.029302746057510376
-0.07019348442554474
-0.034827686846256256
0.029733605682849884
-0.05643046647310257
0.05230189114809036
-0.05281410738825798
-0.03366618603467941
0.004920384380966425
-0.0169904176145792
-0.010043404065072536
0.000612884177826345
0.03968808799982071
-0.0016482860082760453
0.010012522339820862
-0.02930924855172634
0.019553720951080322
-0.009280290454626083
-0.07235238701105118
-0.010841427370905876
0.03001374378800392
-0.05237213894724846
-0.05251948535442352
-0.04499860107898712
-0.04280504211783409
0.03591688722372055
-0.04806983843445778
0.041358914226293564
-0.05327852442860603
-0.00946027785539627
0.053407199680805206
-0.0432681143283844
-0.055663030594587326
0.043343838304281235
0.024018455296754837
-0.05632317066192627
-0.017336508259177208
-0.056314852088689804
-0.034687597304582596
0.039600059390068054
-0.019549060612916946
-0.06468904763460159
-0.061168771237134933
0.06802292168140411
0.05268010497093201
0.032625578343868256
-0.00992690771818161
-0.0655628964304924
0.04265447333455086
0.0360051691532135
0.01672065258026123
0.04197577014565468
0.031122874468564987
-0.044091906398534775
-0.021104075014591217
0.03693725913763046
-0.014851922169327736
0.004025012254714966
-0.0577339343726635
0.026009274646639824
-0.04171737655997276
-0.035613685846328735
-0.03595740348100662
0.04503783583641052
-0.04968301206827164
-0.04484183341264725
-0.007128288969397545
-0.02950056828558445
-0.007109444588422775
0.009621180593967438
0.011628693901002407
0.05284523591399193
-0.017476903274655342
-0.0013194478815421462
-0.028178958222270012
0.05765042454004288
0.007753071840852499
0.013804331421852112
-0.01918044313788414
0.04512465000152588
0.01381329633295536
0.010519267059862614
0.028617121279239655
-0.07137733697891235
-0.03417906165122986
-0.0314883291721344
-0.05314965546131134
-0.06469003856182098
-0.007272497750818729
-0.040054142475128174
-0.06445647776126862
0.05231926217675209
-0.047093890607357025
-0.017582543194293976
0.005868973210453987
-0.045855287462472916
-0.0017137384274974465
-0.021609917283058167
-0.05539710074663162
-0.07727280259132385
-0.024603547528386116
-0.04235278069972992
0.009690395556390285
-0.033853039145469666
0.05987829715013504
-0.06199030950665474
-0.0420026034116745
0.004550176206976175
0.03689953684806824
0.02426939457654953
0.049607329070568085
-0.03538264334201813
-0.03025078773498535
0.050399668514728546
-0.06346812099218369
-0.004850388038903475
0.006445420905947685
0.04787437245249748
0.039726950228214264
0.01975393481552601
0.007581471931189299
-0.007575973868370056
0.042147018015384674
0.05444999039173126
0.02586422860622406
0.0031276801601052284
0.020437100902199745
0.028625648468732834
0.03025379776954651
-0.04924483597278595
0.03128490969538689
0.030267201364040375
0.018613673746585846
-0.03646933659911156
0.026065737009048462
0.011830681934952736
0.010578878223896027
0.006980446167290211
0.01679650880396366
0.016179975122213364
0.028961509466171265
-0.054240211844444275
-0.022499188780784607
-0.03469788655638695
0.005595165304839611
-0.010571323335170746
0.05421142280101776
0.04497021436691284
-0.0799749568104744
-0.005035966634750366
-0.0029765069484710693
0.007387197110801935
0.038469746708869934
-0.03144823759794235
-0.010968598537147045
0.0061092376708984375
-0.031420543789863586
-0.06558438390493393
0.009881163947284222
-0.006793200504034758
0.03100830316543579
-0.060707926750183105
-0.04202241078019142
-0.04068315774202347
0.04239848628640175
-0.027782857418060303
-0.020235516130924225
-0.014069825410842896
0.04413045197725296
-0.015315301716327667
0.03655993938446045
0.03745425492525101
-0.006218711379915476
-0.002210122300311923
0.027256667613983154
-0.057177141308784485
-0.07588949799537659
-0.01908881962299347
-0.0037777796387672424
0.04671138525009155
-0.02516261301934719
-0.007377400994300842
-0.023878339678049088
0.032428063452243805
-0.04330463334918022
-0.025888187810778618
0.04995301365852356
-0.05763903632760048
-0.05850403010845184
-0.058065008372068405
-0.06329256296157837
0.05170386657118797
-0.04839009419083595
0.052097730338573456
-0.07350389659404755
0.02154594287276268
0.02378879487514496
0.05675404518842697
0.04653305187821388
0.0453919991850853
0.03892409801483154
0.005001239478588104
0.02186422049999237
-0.027207275852560997
-0.03198639303445816
0.03715747967362404
0.04756762832403183
0.02651280164718628
-0.04778650403022766
-0.056236714124679565
0.012874998152256012
0.03983147442340851
-0.03849296644330025
-0.05987577512860298
-0.022832080721855164
-0.04623521864414215
0.00642724335193634
0.03249329328536987
-0.03271910548210144
-0.05602995306253433
0.008295482955873013
-0.01729559153318405
-0.034576475620269775
0.004679292440414429
0.016697848215699196
-0.08110124617815018
-0.004529597237706184
0.053272247314453125
-0.01291123777627945
-0.05006355047225952
-0.026824690401554108
0.014416653662919998
0.021988406777381897
0.02121659368276596
0.06036149710416794
0.04318094998598099
-0.05117475986480713
0.026238078251481056
-0.019607054069638252
-0.04722023755311966
0.004431112203747034
-0.07562050968408585
-0.04087624326348305
-0.02577977068722248
-0.06440398842096329
-0.03451250493526459
0.060426149517297745
-0.05133800953626633
0.005832508206367493
-0.0622248500585556
0.03279520571231842
-0.06589118391275406
-0.006593763828277588
-0.023340793326497078
-0.03092842549085617
0.030733823776245117
0.0009593126596882939
-0.027076678350567818
0.034384846687316895
0.032966915518045425
-0.058528803288936615
0.028391413390636444
-0.022898629307746887
0.04176761209964752
-0.05437491834163666
0.0020338858012109995
-0.035201236605644226
-0.026661761105060577
-0.02975688874721527
-0.0021867870818823576
0.05362315475940704
0.02071414887905121
-0.03610546141862869
-0.07453016936779022
-0.03354667127132416
0.035495925694704056
-0.0443231537938118
-0.015180665999650955
-0.051414258778095245
-0.0361812487244606
0.02540292590856552
-0.020231716334819794
-0.015665404498577118
-0.013951189815998077
-0.005999001674354076
0.030761346220970154
-0.03184978663921356
-0.021666763350367546
0.05551177263259888
-0.03728044405579567
-0.02250947430729866
-0.011922776699066162
-0.07257122546434402
-0.08133911341428757
0.001625455915927887
0.04051407799124718
-0.04115499183535576
0.024378778412938118
-0.05931568145751953
-0.039787061512470245
-0.01607096940279007
-0.01332554966211319
0.020273583009839058
0.036787260323762894
-0.027577310800552368
-0.000738848524633795
-0.045855578035116196
0.0306486114859581
0.013539174571633339
-0.030075356364250183
-0.017363086342811584
-0.07162299752235413
-0.05793222784996033
-0.05342364311218262
0.02179652824997902
0.020564958453178406
-0.01802043430507183
0.007806241512298584
-0.029788479208946228
-0.022538531571626663
-0.0015025316970422864
0.011886663734912872
-0.0036538627464324236
-0.006473406217992306
0.021680982783436775
-0.0727945864200592
0.03316868096590042
-0.05364423245191574
0.05220199003815651
-0.06047762185335159
-0.023698173463344574
-0.025069288909435272
0.07515046745538712
-0.03079082816839218
-0.005710698664188385
0.03908228129148483
0.03721613436937332
-0.00037548455293290317
-0.05728419870138168
-0.02445809915661812
0.002797457156702876
0.022752512246370316
0.004364633467048407
-0.01687915436923504
-0.0020568370819091797
-0.05615115910768509
0.033165719360113144
0.05256793275475502
-0.015076793730258942
0.031110450625419617
0.04680629074573517
-0.055780570954084396
0.03584682196378708
-0.0186171755194664
-0.038890063762664795
0.05476224049925804
-0.04259825497865677
0.0017834901809692383
-0.08273817598819733
-0.05114513263106346
0.007185608148574829
-0.018831908702850342
-0.0521165207028389
-0.032858654856681824
0.013742610812187195
-0.06467119604349136
-0.05234295874834061
0.014179550111293793
0.003257371485233307
4.343688488006592e-05
-0.019684720784425735
-0.04898260533809662
0.017568441107869148
0.013680867850780487
0.018169492483139038
-0.06388391554355621
-0.05598239600658417
-0.01688303053379059
-0.028254013508558273
0.025664158165454865
0.046297237277030945
-0.011115760542452335
0.03058752976357937
-0.0059591857716441154
0.0353289395570755
0.05357123166322708
0.021184638142585754
-0.036020927131175995
0.006105639040470123
0.02071673423051834
-0.004557332489639521
-0.0786854699254036
-0.05489581078290939
0.05668732151389122
-0.0368102565407753
-0.025262579321861267
-0.052355438470840454
-0.058404311537742615
0.042419031262397766
-0.038397934287786484
0.00786584708839655
-0.039677031338214874
0.017306098714470863
-0.01967063546180725
-0.0746118426322937
0.0010436028242111206
0.060264840722084045
0.012610816396772861
0.04737602919340134
0.029934914782643318
0.04319901764392853
-0.06359075754880905
-0.030824823305010796
-0.021320199593901634
0.019523875787854195
-0.04703842103481293
0.0446726456284523
-0.0535459890961647
-0.05587347596883774
-0.05752743408083916
-0.0014675469137728214
0.026402847841382027
-0.00040400028228759766
0.03842226415872574
0.049773283302783966
-0.042518697679042816
-0.008643693290650845
-0.00558093935251236
0.012896793894469738
-0.020092640072107315
0.05493774637579918
-0.04551931470632553
-0.0649636834859848
0.03469683229923248
0.022875800728797913
-0.024576136842370033
-0.014627145603299141
-0.04600094258785248
-0.05462855100631714
-0.008258410729467869
0.03740767017006874
0.03740463778376579
0.042265430092811584
-0.01822766102850437
-0.01956595852971077
-0.06830650568008423
-0.05134270712733269
0.03993528336286545
0.03998271003365517
0.023763947188854218
0.03730091452598572
0.008637449704110622
-0.01734667271375656
-0.056359775364398956
-0.024972299113869667
0.05957017093896866
0.05173725634813309
0.05654840171337128
-0.0365426242351532
-0.055961232632398605
0.05819462239742279
-0.021270830184221268
0.0337061733007431
-0.02726791612803936
-0.006739158183336258
0.012370229698717594
0.008102789521217346
-0.045722465962171555
-0.015394909307360649
-0.001658606925047934
0.0597982332110405
0.02045820653438568
-0.0503709577023983
-0.022274499759078026
0.013681973330676556
-0.022509407252073288
0.03802173584699631
0.02119486592710018
-0.0006883404566906393
-0.05150710791349411
0.04016803205013275
0.010671129450201988
-0.0005565810133703053
-0.001820860430598259
0.00834211241453886
-0.04425444453954697
-0.059772029519081116
-0.053893160074949265
-0.018710056319832802
-0.05605355650186539
0.04404731094837189
0.04686854034662247
-0.07140560448169708
0.03894874081015587
0.008413889445364475
-0.006097093690186739
-0.04236002266407013
-0.021867310628294945
-0.03308228775858879
0.04560844227671623
0.01143613364547491
0.04536738246679306
-0.007403440307825804
-0.04638535901904106
-0.002860620617866516
0.06591080874204636
-9.92756467894651e-05
-0.05042921006679535
-0.0017682313919067383
-0.003622876713052392
0.04599496349692345
0.05714130774140358
-0.028761155903339386
-0.06437444686889648
0.04293793439865112
0.0284157432615757
-0.07515715807676315
0.04899545758962631
-0.04139123857021332
-0.04287916421890259
0.007892209105193615
0.000876263773534447
0.045556992292404175
-0.04250005632638931
0.03914982080459595
0.013695104978978634
-0.02993851900100708
0.005743858870118856
0.061683833599090576
-0.03228246048092842
-0.0582018718123436
-0.025474602356553078
-0.001162179745733738
-0.04808548465371132
0.0026502907276153564
0.030971786007285118
-0.05753371864557266
-0.041060686111450195
-0.06269626319408417
0.03901306539773941
0.00574231194332242
0.015137680806219578
-0.02740248292684555
0.03999769315123558
-0.015045849606394768
0.028131578117609024
0.0049619367346167564
0.04771559685468674
-0.04832252487540245
0.013237598352134228
0.035770826041698456
0.03207525983452797
0.005552105139940977
-0.041177645325660706
0.027570858597755432
-0.047460347414016724
0.040376536548137665
0.05402195453643799
-0.037911392748355865
-0.01748122274875641
-0.045396529138088226
-0.014847674407064915
0.046463482081890106
-0.060181546956300735
0.023138396441936493
-0.047888606786727905
0.007744269911199808
-0.024994632229208946
-0.004686096683144569
-0.05153723806142807
0.014551041647791862
-0.05825663357973099
0.021963609382510185
0.023529022932052612
-0.06997266411781311
0.008937951177358627
-0.06396451592445374
-0.026426322758197784
-0.010150623507797718
0.011383756063878536
-0.00829453207552433
0.05158429220318794
0.044527262449264526
-0.027926288545131683
-0.014754034578800201
-0.03923908248543739
0.017753437161445618
-0.002408228814601898
-0.030113503336906433
0.030797196552157402
-0.007462215144187212
-0.023046310991048813
-0.026734713464975357
0.015084147453308105
0.025073349475860596
-0.015866287052631378
-0.04716429486870766
0.040239207446575165
-0.01183299720287323
-0.004861962981522083
-0.01138934213668108
-0.02829165756702423
0.03223846107721329
0.04055563360452652
0.00033307820558547974
-0.010962560772895813
0.005767038557678461
0.03741474822163582
0.03305969759821892
0.018883435055613518
0.032934606075286865
0.03433755785226822
0.03163628652691841
-0.027578935027122498
-0.013057508505880833
0.0055585685186088085
0.052482813596725464
0.03327495604753494
-0.04275544360280037
-0.03783033788204193
0.012841366231441498
0.028998592868447304
-0.02523209899663925
-0.057711295783519745
0.057331256568431854
-0.015800582244992256
-0.06049644574522972
0.012908563949167728
-0.0070320009253919125
0.04314926266670227
-0.03240346163511276
0.027402086183428764
0.024779755622148514
0.05649310350418091
-0.011846765875816345
-0.06282485276460648
-0.05909997224807739
-0.02034055069088936
-0.048676203936338425
-0.016025735065340996
-0.02443922869861126
-0.04310758411884308
0.013785085640847683
-0.03255389630794525
-0.049525193870067596
0.041354451328516006
-0.030711021274328232
0.01809617131948471
-0.014293737709522247
-0.058338653296232224
-0.04637172445654869
-0.033480510115623474
0.008839279413223267
0.0280434750020504
-0.038672443479299545
-0.08170302212238312
0.011964777484536171
-0.02656751126050949
0.058245375752449036
-0.04715995863080025
-0.042750198394060135
0.0400809645652771
-0.04345419257879257
-0.02194281481206417
-0.04634353891015053
-0.05740132927894592
0.01539426390081644
0.03626888617873192
0.05847464129328728
-0.08061697334051132
-0.050489045679569244
-0.05398229882121086
-0.043583162128925323
0.05878578871488571
-0.013825969770550728
0.010085918940603733
0.03290601074695587
-0.046901967376470566
0.04761142283678055
-0.054502926766872406
-0.04199821129441261
-0.04247274249792099
-0.016393739730119705
-0.013235844671726227
-0.04366542026400566
-0.012572959065437317
-0.008182055316865444
-0.01588357239961624
0.002788060810416937
0.003315158188343048
0.008198748342692852
-0.021498417481780052
0.014421599917113781
-0.0391593836247921
0.03565598651766777
0.006109876558184624
-0.042274970561265945
-0.0274170134216547
-0.004375459626317024
0.04534431919455528
-0.009846800938248634
0.000995833077467978
0.026331819593906403
-0.026003384962677956
0.01105772890150547
0.0037307217717170715
-0.04142429307103157
-0.05509668588638306
-0.013844311237335205
0.022863276302814484
-0.05950772389769554
-0.02914980798959732
-0.0008325949311256409
0.055809684097766876
0.04424849897623062
0.011172294616699219
-0.03569512814283371
-0.02885252982378006
0.009996719658374786
0.038441624492406845
0.03462861478328705
-0.057079195976257324
0.020197078585624695
-0.02779640071094036
-0.0296181607991457
0.0028402581810951233
0.01707969605922699
0.006240520626306534
-0.0665174052119255
0.010260597802698612
0.03704594820737839
-0.005991901736706495
-0.014306479133665562
-0.037835679948329926
0.039671339094638824
-0.01802181452512741
0.04085176810622215
-0.040135737508535385
-0.02854602411389351
0.011465749703347683
-0.012872805818915367
-0.0017718123272061348
0.0298735573887825
-0.05590926110744476
0.002539871260523796
0.019405536353588104
-0.061131708323955536
-0.05687785521149635
-0.0137062082067132
-0.0011075332295149565
0.011736714281141758
0.017981618642807007
-0.004502724390476942
-0.012961986474692822
0.03240707889199257
-0.0655255913734436
-0.04200427979230881
-0.05157195404171944
-0.0769772008061409
-0.030037084594368935
-0.06008360534906387
-0.022914770990610123
0.017028555274009705
-0.04703575372695923
-0.027749888598918915
-0.01907014660537243
-0.010827656835317612
-0.03739491105079651
0.022358033806085587
-0.05376211181282997
0.03186366707086563
0.007608003914356232
0.021027909591794014
0.03659816086292267
0.05398371443152428
-0.007506802678108215
-0.034827422350645065
-0.04368112236261368
-0.032431699335575104
0.013713661581277847
0.05215241014957428
0.01462678611278534
-0.05834334343671799
0.014778222888708115
-0.00940500944852829
0.04093477874994278
0.033931683748960495
0.04290704429149628
-0.06916555017232895
-0.08626669645309448
0.010053560137748718
-0.03407139703631401
-0.03384626284241676
0.03006639890372753
-0.005893096327781677
-0.059768274426460266
0.026882493868470192
0.05067000538110733
-0.05824202299118042
0.002775289583951235
-0.07357966154813766
-0.02799420990049839
-0.022490736097097397
-0.028878815472126007
-0.06869996339082718
0.0012948994990438223
-0.0205741748213768
0.010602796450257301
-0.037131305783987045
-0.0576116219162941
-0.0400584414601326
0.039436809718608856
-0.06155237555503845
-0.007930658757686615
0.00023110341862775385
-0.031524982303380966
-0.0371052622795105
0.0002928028116002679
0.016417093575000763
-0.04461026191711426
-0.04741635173559189
0.010611364617943764
-0.047568485140800476
-0.04575968533754349
-0.0043816110119223595
-0.04527769982814789
0.0545802004635334
-0.0036393050104379654
-0.02292794920504093
-0.04785918444395065
-0.024472614750266075
0.049186188727617264
-0.05748562887310982
-0.062379635870456696
-0.01449887827038765
-0.025864215567708015
0.02514495886862278
-0.0024149268865585327
-0.039938732981681824
-0.07285968959331512
-0.02437390387058258
0.020141636952757835
-0.041949156671762466
-0.03571505844593048
-0.04729701951146126
0.010403268039226532
0.04812156409025192
0.023532923310995102
-0.052527643740177155
-0.05879276618361473
0.030666247010231018
-0.017891960218548775
-0.004763862118124962
-0.07435773313045502
-0.055078908801078796
0.019331462681293488
-0.05183366313576698
-0.005772031843662262
-0.05316278338432312
-0.08695830404758453
0.018536798655986786
0.054433077573776245
-0.0666176825761795
-0.007832842878997326
-0.06520652770996094
0.022129002958536148
-0.006228143814951181
-0.05465763062238693
-0.0159525778144598
0.013360008597373962
8.245225762948394e-05
-0.043489210307598114
-0.053939566016197205
-0.01782168820500374
-0.02016514725983143
0.027482526376843452
-0.0005657672882080078
-0.05208086594939232
-0.021331273019313812
-0.005780987441539764
-0.03898128122091293
0.0134590407833457
-0.0425761416554451
-0.043110910803079605
-0.058993417769670486
-0.0300926323980093
0.05960696190595627
0.03926318138837814
-0.04970262944698334
0.05119587481021881
-0.044006042182445526
-0.018688226118683815
0.043804362416267395
-0.01587211713194847
-0.08143769949674606
0.0037647162098437548
0.05679480731487274
-0.03227457031607628
-0.0649409145116806
-0.018175378441810608
-0.049763962626457214
0.00999122578650713
-0.08187147974967957
-0.07803571224212646
0.021465256810188293
-0.02020862326025963
0.040629979223012924
-0.011519667692482471
-0.017523765563964844
0.9414287209510803
1.1991103887557983
0.8340708613395691
0.824146568775177
-0.021356649696826935
-0.027266740798950195
-0.8100693821907043
-0.39721056818962097
-0.05349401384592056
0.038187600672245026
0.12872695922851562
-1.9836710691452026
-0.3981224000453949
0.10236069560050964
0.021995047107338905
0.8725432753562927
0.41068241000175476
-1.2585846185684204
-1.49048912525177
0.0748717188835144
-0.048821039497852325
-0.36546871066093445
1.2094943523406982
-0.49743953347206116
0.12724009156227112
0.054214224219322205
0.01708417572081089
-1.8186224699020386
-0.7048537135124207
-0.5418976545333862
-0.05242292582988739
1.8129758834838867
-0.215094193816185
-0.856907844543457
0.035279519855976105
1.8188856840133667
-0.031922996044158936
-1.0280115604400635
0.07148594409227371
0.32915616035461426
0.4078057110309601
-0.008908651769161224
-0.027657192200422287
-0.03908012807369232
0.7512806057929993
-1.756240963935852
-1.9835000038146973
1.9655500650405884
-0.3243993818759918
-1.984375
0.1058015450835228
-0.5316908359527588
0.009747132658958435
-1.9831900596618652
0.6915745735168457
-0.04253065586090088
-0.036815449595451355
0.10682142525911331
-0.04080668091773987
0.025675252079963684
-0.052053846418857574
0.0463118702173233
0.8941337466239929
-0.005713231861591339
1.9842729568481445
-0.05980255827307701
1.1528033018112183
0.3980311155319214
-0.4993501603603363
-0.9421776533126831
0.8788361549377441
-0.38376274704933167
1.107788324356079
0.017229024320840836
1.9842712879180908
0.39989739656448364
-0.19545716047286987
-0.024864105507731438
0.43731310963630676
1.9811053276062012
0.041914202272892
0.6524888277053833
-0.06120062619447708
0.8301886320114136
1.982145071029663
0.8764657974243164
1.1966221332550049
1.9842727184295654
1.5472944974899292
-0.02925650030374527
1.4267523288726807
-0.5021637678146362
0.050558336079120636
0.04182625561952591
-0.8459638953208923
0.7567318081855774
-1.9829113483428955
-0.016428520902991295
-0.05774587020277977
0.7787564396858215
0.7519181370735168
-0.028434084728360176
-0.16700968146324158
-0.4125151038169861
-0.9810230731964111
1.045117735862732
-0.19582509994506836
0.00822322815656662
-0.8436464667320251
-0.25778448581695557
-0.5137092471122742
0.043616022914648056
-0.4994983673095703
1.4418271780014038
0.15299451351165771
1.2383148670196533
1.9838521480560303
0.030577071011066437
0.2970406711101532
1.9840071201324463
-0.04616427421569824
-0.9004068374633789
0.017136454582214355
0.07631183415651321
-0.25747108459472656
0.9159491658210754
0.745714545249939
-0.025183573365211487
0.8884850740432739
-0.03794495761394501
0.49412915110588074
-0.055527426302433014
0.8419705033302307
-0.20814856886863708
0.8184738755226135
1.2410542964935303
-1.821731448173523
-0.008191324770450592
0.1293710172176361
0.09806588292121887
1.3317145109176636
0.49273061752319336
-1.8874996900558472
1.7213047742843628
0.0380219891667366
0.015416517853736877
-0.9676127433776855
-0.39415231347084045
1.9827821254730225
-0.10577987879514694
-0.032052189111709595
1.984344720840454
1.9833908081054688
-0.261522114276886
-0.04337099939584732
0.6992332935333252
0.7710184454917908
-1.147392749786377
-1.9842931032180786
0.024795539677143097
-0.05475769191980362
-0.15784263610839844
1.04689621925354
-1.1782076358795166
0.7099809646606445
-1.2647544145584106
-1.5021060705184937
0.17325063049793243
0.6591962575912476
0.09388457238674164
0.3420352041721344
-0.527726411819458
0.040384016931056976
1.2619025707244873
-0.09017158299684525
0.8538211584091187
0.04966752231121063
0.7977010011672974
1.304555892944336
1.1019070148468018
0.015841007232666016
-1.1144295930862427
1.299985647201538
-1.9836238622665405
-0.37107327580451965
1.4583569765090942
0.16401462256908417
-0.02974185347557068
0.24715161323547363
-0.7204779982566833
0.049315690994262695
1.0034890174865723
0.11575386673212051
-1.9803334474563599
-1.8538522720336914
-0.26026007533073425
-0.11864050477743149
-0.016793809831142426
-0.006686050444841385
-0.9574930667877197
1.1601622104644775
-1.9837123155593872
-0.8379411697387695
0.10941454023122787
0.013896286487579346
-0.021706597879529
0.0018480850849300623
-0.03363480418920517
0.005288384854793549
0.009267043322324753
0.0897846445441246
0.07071427255868912
1.2419416904449463
-0.005349855404347181
-0.19556543231010437
0.41699662804603577
-0.05493548512458801
1.6291112899780273
-0.13120140135288239
-0.026085324585437775
-0.6623762249946594
0.4351244568824768
0.21243205666542053
0.054727889597415924
-0.028923219069838524
0.012361813336610794
0.05933436006307602
-0.051337726414203644
0.03674493357539177
-0.12866301834583282
1.4186196327209473
-0.08719242364168167
0.007142614107578993
-0.020171307027339935
-1.854151964187622
-0.10455083847045898
0.005357503890991211
1.9831598997116089
0.16421781480312347
-0.042621761560440063
-1.8962221145629883
0.8923004269599915
1.9741936922073364
-1.9826292991638184
0.08734066784381866
-0.16863273084163666
-0.04048667103052139
0.04778655618429184
-0.16668474674224854
0.2899991571903229
-0.14587904512882233
-0.041374072432518005
0.048274703323841095
1.984375
-0.1048288568854332
0.054545365273952484
B
64
-0.08996794372797012
-0.050252798944711685
-0.05763121694326401
0.18181554973125458
-0.07316049188375473
0.06773514300584793
0.20291197299957275
-0.0278681218624115
-0.10410133749246597
0.14054077863693237
-0.0008153452072292566
-0.013175644911825657
0.0742371529340744
0.05226719751954079
-0.2197359949350357
-0.043459754437208176
-0.057419221848249435
0.004259126726537943
-0.001510442467406392
-0.0505736768245697
-0.12665992975234985
0.007212749216705561
0.08577883243560791
0.05704173073172569
-0.047754526138305664
-0.13383282721042633
0.17513637244701385
-0.0760369598865509
-0.06173189356923103
-0.05188292637467384
-0.007781562861055136
0.09945439547300339
0.08224771171808243
-0.023411298170685768
0.0433531329035759
-0.10388966649770737
0.1663723737001419
0.07993533462285995
-0.005564073100686073
0.024665236473083496
-0.042300909757614136
-0.023844126611948013
-0.1100068986415863
-0.06456440687179565
-0.01830427348613739
0.36735689640045166
-0.059621695429086685
-0.07802251726388931
0.2716965675354004
-0.04704566299915314
-0.039527446031570435
-0.036170512437820435
-0.05827731639146805
-0.04457063972949982
0.027981745079159737
0.0784304291009903
-0.06995563954114914
0.03511118143796921
-0.06553761661052704
-0.0348413847386837
-0.0512203685939312
-0.03497450426220894
-0.024813758209347725
-0.0643833577632904
W
1
64
-2.4779694080352783
-2.4932615756988525
-0.11533251404762268
1.9578219652175903
-2.331019163131714
-3.13545560836792
3.310541868209839
2.804929494857788
-29.34236717224121
-3.573809862136841
-6.545415878295898
0.049903735518455505
-3.215606689453125
-2.2863543033599854
-18.352275848388672
0.042979586869478226
-0.01817972958087921
-16.276540756225586
-0.00018780402024276555
0.10649212449789047
30.57476234436035
-2.644718647003174
-4.123142719268799
-49.756649017333984
-0.009957508184015751
-6.986392021179199
1.9107849597930908
0.08618178218603134
0.01637391187250614
0.11108130216598511
-0.05862650275230408
1.9567433595657349
-2.3577587604522705
-0.03368867561221123
-53.44057846069336
-3.806915283203125
2.40449857711792
-4.9478349685668945
-42.09292984008789
21.145235061645508
-0.10312449932098389
0.004808145109564066
6.464669227600098
2.166344165802002
-0.035792719572782516
2.403977155685425
0.11202896386384964
6.956695556640625
1.6089692115783691
-3.633100748062134
0.1101917028427124
0.045125532895326614
0.06252198666334152
0.02298966981470585
5.619839191436768
48.48767852783203
-0.0822722315788269
-3.6179168224334717
-0.10774675756692886
0.06628261506557465
-0.053525567054748535
-0.07902499288320541
-0.09892033040523529
9.659613609313965
B
1
-1.6864194869995117
